ISO-10303-21;
HEADER;
FILE_DESCRIPTION(('Open CASCADE Model'),'2;1');
FILE_NAME('Open CASCADE Shape Model','2026-09-27T11:32:10',('Author'),(
    'Open CASCADE'),'Open CASCADE STEP processor 7.9','Open CASCADE 7.9'
  ,'Unknown');
FILE_SCHEMA(('AUTOMOTIVE_DESIGN { 1 0 10303 214 1 1 1 1 }'));
ENDSEC;
DATA;
#1 = APPLICATION_PROTOCOL_DEFINITION('international standard',
  'automotive_design',2000,#2);
#2 = APPLICATION_CONTEXT(
  'core data for automotive mechanical design processes');
#3 = SHAPE_DEFINITION_REPRESENTATION(#4,#10);
#4 = PRODUCT_DEFINITION_SHAPE('','',#5);
#5 = PRODUCT_DEFINITION('design','',#6,#9);
#6 = PRODUCT_DEFINITION_FORMATION('','',#7);
#7 = PRODUCT('Open CASCADE STEP translator 7.9 2',
  'Open CASCADE STEP translator 7.9 2','',(#8));
#8 = PRODUCT_CONTEXT('',#2,'mechanical');
#9 = PRODUCT_DEFINITION_CONTEXT('part definition',#2,'design');
#10 = ADVANCED_BREP_SHAPE_REPRESENTATION('',(#11,#15),#16735);
#11 = AXIS2_PLACEMENT_3D('',#12,#13,#14);
#12 = CARTESIAN_POINT('',(0.,0.,0.));
#13 = DIRECTION('',(0.,0.,1.));
#14 = DIRECTION('',(1.,0.,-0.));
#15 = MANIFOLD_SOLID_BREP('',#16);
#16 = CLOSED_SHELL('',(#17,#137,#220,#299,#1308,#1358,#1416,#1465,#5611,
    #5637,#5686,#5736,#5786,#5813,#5889,#5936,#5985,#6085,#6132,#6232,
    #6259,#6314,#6369,#6424,#6479,#6604,#6653,#6702,#6749,#6798,#6898,
    #6925,#6952,#6979,#7006,#7033,#7060,#7087,#7114,#7140,#7166,#7192,
    #7218,#7225,#7280,#7356,#7405,#7454,#7503,#7552,#7601,#7650,#7699,
    #7748,#7797,#7824,#7900,#7949,#7998,#8047,#8096,#8145,#8194,#8243,
    #8270,#8346,#8395,#8444,#8493,#8542,#8591,#8640,#8667,#8743,#8792,
    #8841,#8868,#8944,#8993,#9042,#9069,#9145,#9194,#9243,#9292,#9341,
    #9390,#9417,#9493,#9542,#9591,#9618,#9694,#9743,#9792,#9841,#9890,
    #9939,#9988,#10037,#10086,#10135,#10184,#10233,#10282,#10331,#10380,
    #10429,#10478,#10527,#10576,#10625,#10674,#10723,#10772,#10821,
    #10870,#10897,#10973,#11022,#11071,#11120,#11169,#11218,#11267,
    #11316,#11365,#11414,#11463,#11512,#11561,#11610,#11659,#11708,
    #11757,#11806,#11855,#11904,#11953,#12002,#12051,#12100,#12149,
    #12198,#12247,#12296,#12345,#12372,#12448,#12497,#12546,#12595,
    #12644,#12693,#12742,#12769,#12845,#12894,#12943,#12992,#13041,
    #13090,#13139,#13188,#13237,#13286,#13313,#13368,#13418,#13468,
    #13523,#13578,#13588,#13623,#13658,#13665,#13672,#13676,#13680,
    #13715,#13725,#13760,#13790,#13804,#14022,#14275,#14282,#14289,
    #14299,#14306,#14335,#14638,#14891,#14905,#14935,#14965,#14995,
    #15022,#15049,#15076,#15103,#15179,#15228,#15277,#15326,#15375,
    #15424,#15451,#15527,#15576,#15625,#15674,#15723,#15772,#15821,
    #15848,#15924,#15973,#16022,#16071,#16120,#16169,#16218,#16267,
    #16294,#16370,#16419,#16468,#16517,#16566,#16615,#16664,#16691,
    #16701,#16712,#16724));
#17 = ADVANCED_FACE('',(#18),#32,.F.);
#18 = FACE_BOUND('',#19,.F.);
#19 = EDGE_LOOP('',(#20,#55,#83,#111));
#20 = ORIENTED_EDGE('',*,*,#21,.F.);
#21 = EDGE_CURVE('',#22,#24,#26,.T.);
#22 = VERTEX_POINT('',#23);
#23 = CARTESIAN_POINT('',(-2.,2.,18.3));
#24 = VERTEX_POINT('',#25);
#25 = CARTESIAN_POINT('',(-2.,2.,19.1));
#26 = SURFACE_CURVE('',#27,(#31,#43),.PCURVE_S1.);
#27 = LINE('',#28,#29);
#28 = CARTESIAN_POINT('',(-2.,2.,18.3));
#29 = VECTOR('',#30,1.);
#30 = DIRECTION('',(0.,0.,1.));
#31 = PCURVE('',#32,#37);
#32 = PLANE('',#33);
#33 = AXIS2_PLACEMENT_3D('',#34,#35,#36);
#34 = CARTESIAN_POINT('',(-2.,-2.,18.3));
#35 = DIRECTION('',(1.,0.,0.));
#36 = DIRECTION('',(0.,0.,1.));
#37 = DEFINITIONAL_REPRESENTATION('',(#38),#42);
#38 = LINE('',#39,#40);
#39 = CARTESIAN_POINT('',(0.,-4.));
#40 = VECTOR('',#41,1.);
#41 = DIRECTION('',(1.,0.));
#42 = ( GEOMETRIC_REPRESENTATION_CONTEXT(2) 
PARAMETRIC_REPRESENTATION_CONTEXT() REPRESENTATION_CONTEXT('2D SPACE',''
  ) );
#43 = PCURVE('',#44,#49);
#44 = CYLINDRICAL_SURFACE('',#45,4.);
#45 = AXIS2_PLACEMENT_3D('',#46,#47,#48);
#46 = CARTESIAN_POINT('',(2.,2.,18.3));
#47 = DIRECTION('',(0.,0.,1.));
#48 = DIRECTION('',(-1.,-0.,0.));
#49 = DEFINITIONAL_REPRESENTATION('',(#50),#54);
#50 = LINE('',#51,#52);
#51 = CARTESIAN_POINT('',(0.,0.));
#52 = VECTOR('',#53,1.);
#53 = DIRECTION('',(0.,1.));
#54 = ( GEOMETRIC_REPRESENTATION_CONTEXT(2) 
PARAMETRIC_REPRESENTATION_CONTEXT() REPRESENTATION_CONTEXT('2D SPACE',''
  ) );
#55 = ORIENTED_EDGE('',*,*,#56,.T.);
#56 = EDGE_CURVE('',#22,#57,#59,.T.);
#57 = VERTEX_POINT('',#58);
#58 = CARTESIAN_POINT('',(-2.,39.,18.3));
#59 = SURFACE_CURVE('',#60,(#64,#71),.PCURVE_S1.);
#60 = LINE('',#61,#62);
#61 = CARTESIAN_POINT('',(-2.,-2.,18.3));
#62 = VECTOR('',#63,1.);
#63 = DIRECTION('',(0.,1.,0.));
#64 = PCURVE('',#32,#65);
#65 = DEFINITIONAL_REPRESENTATION('',(#66),#70);
#66 = LINE('',#67,#68);
#67 = CARTESIAN_POINT('',(0.,0.));
#68 = VECTOR('',#69,1.);
#69 = DIRECTION('',(0.,-1.));
#70 = ( GEOMETRIC_REPRESENTATION_CONTEXT(2) 
PARAMETRIC_REPRESENTATION_CONTEXT() REPRESENTATION_CONTEXT('2D SPACE',''
  ) );
#71 = PCURVE('',#72,#77);
#72 = PLANE('',#73);
#73 = AXIS2_PLACEMENT_3D('',#74,#75,#76);
#74 = CARTESIAN_POINT('',(-2.,-2.,18.3));
#75 = DIRECTION('',(0.,0.,1.));
#76 = DIRECTION('',(1.,0.,0.));
#77 = DEFINITIONAL_REPRESENTATION('',(#78),#82);
#78 = LINE('',#79,#80);
#79 = CARTESIAN_POINT('',(0.,0.));
#80 = VECTOR('',#81,1.);
#81 = DIRECTION('',(0.,1.));
#82 = ( GEOMETRIC_REPRESENTATION_CONTEXT(2) 
PARAMETRIC_REPRESENTATION_CONTEXT() REPRESENTATION_CONTEXT('2D SPACE',''
  ) );
#83 = ORIENTED_EDGE('',*,*,#84,.T.);
#84 = EDGE_CURVE('',#57,#85,#87,.T.);
#85 = VERTEX_POINT('',#86);
#86 = CARTESIAN_POINT('',(-2.,39.,19.1));
#87 = SURFACE_CURVE('',#88,(#92,#99),.PCURVE_S1.);
#88 = LINE('',#89,#90);
#89 = CARTESIAN_POINT('',(-2.,39.,18.3));
#90 = VECTOR('',#91,1.);
#91 = DIRECTION('',(0.,0.,1.));
#92 = PCURVE('',#32,#93);
#93 = DEFINITIONAL_REPRESENTATION('',(#94),#98);
#94 = LINE('',#95,#96);
#95 = CARTESIAN_POINT('',(0.,-41.));
#96 = VECTOR('',#97,1.);
#97 = DIRECTION('',(1.,0.));
#98 = ( GEOMETRIC_REPRESENTATION_CONTEXT(2) 
PARAMETRIC_REPRESENTATION_CONTEXT() REPRESENTATION_CONTEXT('2D SPACE',''
  ) );
#99 = PCURVE('',#100,#105);
#100 = CYLINDRICAL_SURFACE('',#101,4.);
#101 = AXIS2_PLACEMENT_3D('',#102,#103,#104);
#102 = CARTESIAN_POINT('',(2.,39.,18.3));
#103 = DIRECTION('',(0.,0.,1.));
#104 = DIRECTION('',(-1.,-0.,0.));
#105 = DEFINITIONAL_REPRESENTATION('',(#106),#110);
#106 = LINE('',#107,#108);
#107 = CARTESIAN_POINT('',(-0.,0.));
#108 = VECTOR('',#109,1.);
#109 = DIRECTION('',(-0.,1.));
#110 = ( GEOMETRIC_REPRESENTATION_CONTEXT(2) 
PARAMETRIC_REPRESENTATION_CONTEXT() REPRESENTATION_CONTEXT('2D SPACE',''
  ) );
#111 = ORIENTED_EDGE('',*,*,#112,.F.);
#112 = EDGE_CURVE('',#24,#85,#113,.T.);
#113 = SURFACE_CURVE('',#114,(#118,#125),.PCURVE_S1.);
#114 = LINE('',#115,#116);
#115 = CARTESIAN_POINT('',(-2.,2.,19.1));
#116 = VECTOR('',#117,1.);
#117 = DIRECTION('',(0.,1.,0.));
#118 = PCURVE('',#32,#119);
#119 = DEFINITIONAL_REPRESENTATION('',(#120),#124);
#120 = LINE('',#121,#122);
#121 = CARTESIAN_POINT('',(0.8,-4.));
#122 = VECTOR('',#123,1.);
#123 = DIRECTION('',(0.,-1.));
#124 = ( GEOMETRIC_REPRESENTATION_CONTEXT(2) 
PARAMETRIC_REPRESENTATION_CONTEXT() REPRESENTATION_CONTEXT('2D SPACE',''
  ) );
#125 = PCURVE('',#126,#131);
#126 = CYLINDRICAL_SURFACE('',#127,1.2);
#127 = AXIS2_PLACEMENT_3D('',#128,#129,#130);
#128 = CARTESIAN_POINT('',(-0.8,2.,19.1));
#129 = DIRECTION('',(0.,1.,0.));
#130 = DIRECTION('',(-1.,0.,0.));
#131 = DEFINITIONAL_REPRESENTATION('',(#132),#136);
#132 = LINE('',#133,#134);
#133 = CARTESIAN_POINT('',(0.,0.));
#134 = VECTOR('',#135,1.);
#135 = DIRECTION('',(0.,1.));
#136 = ( GEOMETRIC_REPRESENTATION_CONTEXT(2) 
PARAMETRIC_REPRESENTATION_CONTEXT() REPRESENTATION_CONTEXT('2D SPACE',''
  ) );
#137 = ADVANCED_FACE('',(#138),#44,.T.);
#138 = FACE_BOUND('',#139,.T.);
#139 = EDGE_LOOP('',(#140,#141,#165,#193));
#140 = ORIENTED_EDGE('',*,*,#21,.F.);
#141 = ORIENTED_EDGE('',*,*,#142,.T.);
#142 = EDGE_CURVE('',#22,#143,#145,.T.);
#143 = VERTEX_POINT('',#144);
#144 = CARTESIAN_POINT('',(2.,-2.,18.3));
#145 = SURFACE_CURVE('',#146,(#151,#158),.PCURVE_S1.);
#146 = CIRCLE('',#147,4.);
#147 = AXIS2_PLACEMENT_3D('',#148,#149,#150);
#148 = CARTESIAN_POINT('',(2.,2.,18.3));
#149 = DIRECTION('',(0.,0.,1.));
#150 = DIRECTION('',(0.,-1.,0.));
#151 = PCURVE('',#44,#152);
#152 = DEFINITIONAL_REPRESENTATION('',(#153),#157);
#153 = LINE('',#154,#155);
#154 = CARTESIAN_POINT('',(-4.712388980385,0.));
#155 = VECTOR('',#156,1.);
#156 = DIRECTION('',(1.,0.));
#157 = ( GEOMETRIC_REPRESENTATION_CONTEXT(2) 
PARAMETRIC_REPRESENTATION_CONTEXT() REPRESENTATION_CONTEXT('2D SPACE',''
  ) );
#158 = PCURVE('',#72,#159);
#159 = DEFINITIONAL_REPRESENTATION('',(#160),#164);
#160 = CIRCLE('',#161,4.);
#161 = AXIS2_PLACEMENT_2D('',#162,#163);
#162 = CARTESIAN_POINT('',(4.,4.));
#163 = DIRECTION('',(0.,-1.));
#164 = ( GEOMETRIC_REPRESENTATION_CONTEXT(2) 
PARAMETRIC_REPRESENTATION_CONTEXT() REPRESENTATION_CONTEXT('2D SPACE',''
  ) );
#165 = ORIENTED_EDGE('',*,*,#166,.T.);
#166 = EDGE_CURVE('',#143,#167,#169,.T.);
#167 = VERTEX_POINT('',#168);
#168 = CARTESIAN_POINT('',(2.,-2.,19.1));
#169 = SURFACE_CURVE('',#170,(#174,#181),.PCURVE_S1.);
#170 = LINE('',#171,#172);
#171 = CARTESIAN_POINT('',(2.,-2.,18.3));
#172 = VECTOR('',#173,1.);
#173 = DIRECTION('',(0.,0.,1.));
#174 = PCURVE('',#44,#175);
#175 = DEFINITIONAL_REPRESENTATION('',(#176),#180);
#176 = LINE('',#177,#178);
#177 = CARTESIAN_POINT('',(1.570796326795,0.));
#178 = VECTOR('',#179,1.);
#179 = DIRECTION('',(0.,1.));
#180 = ( GEOMETRIC_REPRESENTATION_CONTEXT(2) 
PARAMETRIC_REPRESENTATION_CONTEXT() REPRESENTATION_CONTEXT('2D SPACE',''
  ) );
#181 = PCURVE('',#182,#187);
#182 = PLANE('',#183);
#183 = AXIS2_PLACEMENT_3D('',#184,#185,#186);
#184 = CARTESIAN_POINT('',(-2.,-2.,18.3));
#185 = DIRECTION('',(0.,1.,0.));
#186 = DIRECTION('',(0.,0.,1.));
#187 = DEFINITIONAL_REPRESENTATION('',(#188),#192);
#188 = LINE('',#189,#190);
#189 = CARTESIAN_POINT('',(0.,4.));
#190 = VECTOR('',#191,1.);
#191 = DIRECTION('',(1.,0.));
#192 = ( GEOMETRIC_REPRESENTATION_CONTEXT(2) 
PARAMETRIC_REPRESENTATION_CONTEXT() REPRESENTATION_CONTEXT('2D SPACE',''
  ) );
#193 = ORIENTED_EDGE('',*,*,#194,.T.);
#194 = EDGE_CURVE('',#167,#24,#195,.T.);
#195 = SURFACE_CURVE('',#196,(#201,#208),.PCURVE_S1.);
#196 = CIRCLE('',#197,4.);
#197 = AXIS2_PLACEMENT_3D('',#198,#199,#200);
#198 = CARTESIAN_POINT('',(2.,2.,19.1));
#199 = DIRECTION('',(-0.,0.,-1.));
#200 = DIRECTION('',(-2.22044604925E-16,-1.,0.));
#201 = PCURVE('',#44,#202);
#202 = DEFINITIONAL_REPRESENTATION('',(#203),#207);
#203 = LINE('',#204,#205);
#204 = CARTESIAN_POINT('',(1.570796326795,0.8));
#205 = VECTOR('',#206,1.);
#206 = DIRECTION('',(-1.,-0.));
#207 = ( GEOMETRIC_REPRESENTATION_CONTEXT(2) 
PARAMETRIC_REPRESENTATION_CONTEXT() REPRESENTATION_CONTEXT('2D SPACE',''
  ) );
#208 = PCURVE('',#209,#214);
#209 = TOROIDAL_SURFACE('',#210,2.8,1.2);
#210 = AXIS2_PLACEMENT_3D('',#211,#212,#213);
#211 = CARTESIAN_POINT('',(2.,2.,19.1));
#212 = DIRECTION('',(0.,0.,1.));
#213 = DIRECTION('',(-2.22044604925E-16,-1.,0.));
#214 = DEFINITIONAL_REPRESENTATION('',(#215),#219);
#215 = LINE('',#216,#217);
#216 = CARTESIAN_POINT('',(-0.,0.));
#217 = VECTOR('',#218,1.);
#218 = DIRECTION('',(-1.,0.));
#219 = ( GEOMETRIC_REPRESENTATION_CONTEXT(2) 
PARAMETRIC_REPRESENTATION_CONTEXT() REPRESENTATION_CONTEXT('2D SPACE',''
  ) );
#220 = ADVANCED_FACE('',(#221),#126,.T.);
#221 = FACE_BOUND('',#222,.T.);
#222 = EDGE_LOOP('',(#223,#245,#273,#298));
#223 = ORIENTED_EDGE('',*,*,#224,.T.);
#224 = EDGE_CURVE('',#24,#225,#227,.T.);
#225 = VERTEX_POINT('',#226);
#226 = CARTESIAN_POINT('',(-0.8,2.,20.3));
#227 = SURFACE_CURVE('',#228,(#233,#239),.PCURVE_S1.);
#228 = CIRCLE('',#229,1.2);
#229 = AXIS2_PLACEMENT_3D('',#230,#231,#232);
#230 = CARTESIAN_POINT('',(-0.8,2.,19.1));
#231 = DIRECTION('',(0.,1.,0.));
#232 = DIRECTION('',(-1.,0.,0.));
#233 = PCURVE('',#126,#234);
#234 = DEFINITIONAL_REPRESENTATION('',(#235),#238);
#235 = B_SPLINE_CURVE_WITH_KNOTS('',1,(#236,#237),.UNSPECIFIED.,.F.,.F.,
  (2,2),(0.,1.570796326795),.PIECEWISE_BEZIER_KNOTS.);
#236 = CARTESIAN_POINT('',(0.,0.));
#237 = CARTESIAN_POINT('',(1.570796326795,0.));
#238 = ( GEOMETRIC_REPRESENTATION_CONTEXT(2) 
PARAMETRIC_REPRESENTATION_CONTEXT() REPRESENTATION_CONTEXT('2D SPACE',''
  ) );
#239 = PCURVE('',#209,#240);
#240 = DEFINITIONAL_REPRESENTATION('',(#241),#244);
#241 = B_SPLINE_CURVE_WITH_KNOTS('',1,(#242,#243),.UNSPECIFIED.,.F.,.F.,
  (2,2),(0.,1.570796326795),.PIECEWISE_BEZIER_KNOTS.);
#242 = CARTESIAN_POINT('',(-1.570796326795,0.));
#243 = CARTESIAN_POINT('',(-1.570796326795,1.570796326795));
#244 = ( GEOMETRIC_REPRESENTATION_CONTEXT(2) 
PARAMETRIC_REPRESENTATION_CONTEXT() REPRESENTATION_CONTEXT('2D SPACE',''
  ) );
#245 = ORIENTED_EDGE('',*,*,#246,.T.);
#246 = EDGE_CURVE('',#225,#247,#249,.T.);
#247 = VERTEX_POINT('',#248);
#248 = CARTESIAN_POINT('',(-0.8,39.,20.3));
#249 = SURFACE_CURVE('',#250,(#254,#261),.PCURVE_S1.);
#250 = LINE('',#251,#252);
#251 = CARTESIAN_POINT('',(-0.8,2.,20.3));
#252 = VECTOR('',#253,1.);
#253 = DIRECTION('',(0.,1.,0.));
#254 = PCURVE('',#126,#255);
#255 = DEFINITIONAL_REPRESENTATION('',(#256),#260);
#256 = LINE('',#257,#258);
#257 = CARTESIAN_POINT('',(1.570796326795,0.));
#258 = VECTOR('',#259,1.);
#259 = DIRECTION('',(0.,1.));
#260 = ( GEOMETRIC_REPRESENTATION_CONTEXT(2) 
PARAMETRIC_REPRESENTATION_CONTEXT() REPRESENTATION_CONTEXT('2D SPACE',''
  ) );
#261 = PCURVE('',#262,#267);
#262 = PLANE('',#263);
#263 = AXIS2_PLACEMENT_3D('',#264,#265,#266);
#264 = CARTESIAN_POINT('',(-2.,-2.,20.3));
#265 = DIRECTION('',(0.,0.,1.));
#266 = DIRECTION('',(1.,0.,0.));
#267 = DEFINITIONAL_REPRESENTATION('',(#268),#272);
#268 = LINE('',#269,#270);
#269 = CARTESIAN_POINT('',(1.2,4.));
#270 = VECTOR('',#271,1.);
#271 = DIRECTION('',(0.,1.));
#272 = ( GEOMETRIC_REPRESENTATION_CONTEXT(2) 
PARAMETRIC_REPRESENTATION_CONTEXT() REPRESENTATION_CONTEXT('2D SPACE',''
  ) );
#273 = ORIENTED_EDGE('',*,*,#274,.F.);
#274 = EDGE_CURVE('',#85,#247,#275,.T.);
#275 = SURFACE_CURVE('',#276,(#281,#287),.PCURVE_S1.);
#276 = CIRCLE('',#277,1.2);
#277 = AXIS2_PLACEMENT_3D('',#278,#279,#280);
#278 = CARTESIAN_POINT('',(-0.8,39.,19.1));
#279 = DIRECTION('',(0.,1.,0.));
#280 = DIRECTION('',(-1.,0.,0.));
#281 = PCURVE('',#126,#282);
#282 = DEFINITIONAL_REPRESENTATION('',(#283),#286);
#283 = B_SPLINE_CURVE_WITH_KNOTS('',1,(#284,#285),.UNSPECIFIED.,.F.,.F.,
  (2,2),(0.,1.570796326795),.PIECEWISE_BEZIER_KNOTS.);
#284 = CARTESIAN_POINT('',(0.,37.));
#285 = CARTESIAN_POINT('',(1.570796326795,37.));
#286 = ( GEOMETRIC_REPRESENTATION_CONTEXT(2) 
PARAMETRIC_REPRESENTATION_CONTEXT() REPRESENTATION_CONTEXT('2D SPACE',''
  ) );
#287 = PCURVE('',#288,#293);
#288 = TOROIDAL_SURFACE('',#289,2.8,1.2);
#289 = AXIS2_PLACEMENT_3D('',#290,#291,#292);
#290 = CARTESIAN_POINT('',(2.,39.,19.1));
#291 = DIRECTION('',(0.,0.,1.));
#292 = DIRECTION('',(-1.,0.,0.));
#293 = DEFINITIONAL_REPRESENTATION('',(#294),#297);
#294 = B_SPLINE_CURVE_WITH_KNOTS('',1,(#295,#296),.UNSPECIFIED.,.F.,.F.,
  (2,2),(0.,1.570796326795),.PIECEWISE_BEZIER_KNOTS.);
#295 = CARTESIAN_POINT('',(0.,0.));
#296 = CARTESIAN_POINT('',(0.,1.570796326795));
#297 = ( GEOMETRIC_REPRESENTATION_CONTEXT(2) 
PARAMETRIC_REPRESENTATION_CONTEXT() REPRESENTATION_CONTEXT('2D SPACE',''
  ) );
#298 = ORIENTED_EDGE('',*,*,#112,.F.);
#299 = ADVANCED_FACE('',(#300,#471,#719,#750,#781,#812,#843,#1091,#1122,
    #1153,#1184,#1215,#1246,#1277),#72,.F.);
#300 = FACE_BOUND('',#301,.F.);
#301 = EDGE_LOOP('',(#302,#303,#304,#327,#360,#388,#417,#445));
#302 = ORIENTED_EDGE('',*,*,#56,.F.);
#303 = ORIENTED_EDGE('',*,*,#142,.T.);
#304 = ORIENTED_EDGE('',*,*,#305,.T.);
#305 = EDGE_CURVE('',#143,#306,#308,.T.);
#306 = VERTEX_POINT('',#307);
#307 = CARTESIAN_POINT('',(68.,-2.,18.3));
#308 = SURFACE_CURVE('',#309,(#313,#320),.PCURVE_S1.);
#309 = LINE('',#310,#311);
#310 = CARTESIAN_POINT('',(-2.,-2.,18.3));
#311 = VECTOR('',#312,1.);
#312 = DIRECTION('',(1.,0.,0.));
#313 = PCURVE('',#72,#314);
#314 = DEFINITIONAL_REPRESENTATION('',(#315),#319);
#315 = LINE('',#316,#317);
#316 = CARTESIAN_POINT('',(0.,0.));
#317 = VECTOR('',#318,1.);
#318 = DIRECTION('',(1.,0.));
#319 = ( GEOMETRIC_REPRESENTATION_CONTEXT(2) 
PARAMETRIC_REPRESENTATION_CONTEXT() REPRESENTATION_CONTEXT('2D SPACE',''
  ) );
#320 = PCURVE('',#182,#321);
#321 = DEFINITIONAL_REPRESENTATION('',(#322),#326);
#322 = LINE('',#323,#324);
#323 = CARTESIAN_POINT('',(0.,0.));
#324 = VECTOR('',#325,1.);
#325 = DIRECTION('',(0.,1.));
#326 = ( GEOMETRIC_REPRESENTATION_CONTEXT(2) 
PARAMETRIC_REPRESENTATION_CONTEXT() REPRESENTATION_CONTEXT('2D SPACE',''
  ) );
#327 = ORIENTED_EDGE('',*,*,#328,.F.);
#328 = EDGE_CURVE('',#329,#306,#331,.T.);
#329 = VERTEX_POINT('',#330);
#330 = CARTESIAN_POINT('',(72.,2.,18.3));
#331 = SURFACE_CURVE('',#332,(#337,#348),.PCURVE_S1.);
#332 = CIRCLE('',#333,4.);
#333 = AXIS2_PLACEMENT_3D('',#334,#335,#336);
#334 = CARTESIAN_POINT('',(68.,2.,18.3));
#335 = DIRECTION('',(-0.,-0.,-1.));
#336 = DIRECTION('',(0.,-1.,0.));
#337 = PCURVE('',#72,#338);
#338 = DEFINITIONAL_REPRESENTATION('',(#339),#347);
#339 = ( BOUNDED_CURVE() B_SPLINE_CURVE(2,(#340,#341,#342,#343,#344,#345
,#346),.UNSPECIFIED.,.T.,.F.) B_SPLINE_CURVE_WITH_KNOTS((1,2,2,2,2,1),(
    -2.094395102393,0.,2.094395102393,4.188790204786,6.28318530718,
8.377580409573),.UNSPECIFIED.) CURVE() GEOMETRIC_REPRESENTATION_ITEM() 
RATIONAL_B_SPLINE_CURVE((1.,0.5,1.,0.5,1.,0.5,1.)) REPRESENTATION_ITEM(
  '') );
#340 = CARTESIAN_POINT('',(70.,-8.881784197001E-16));
#341 = CARTESIAN_POINT('',(63.071796769724,-8.881784197001E-16));
#342 = CARTESIAN_POINT('',(66.535898384862,6.));
#343 = CARTESIAN_POINT('',(70.,12.));
#344 = CARTESIAN_POINT('',(73.464101615138,6.));
#345 = CARTESIAN_POINT('',(76.928203230276,5.329070518201E-15));
#346 = CARTESIAN_POINT('',(70.,-8.881784197001E-16));
#347 = ( GEOMETRIC_REPRESENTATION_CONTEXT(2) 
PARAMETRIC_REPRESENTATION_CONTEXT() REPRESENTATION_CONTEXT('2D SPACE',''
  ) );
#348 = PCURVE('',#349,#354);
#349 = CYLINDRICAL_SURFACE('',#350,4.);
#350 = AXIS2_PLACEMENT_3D('',#351,#352,#353);
#351 = CARTESIAN_POINT('',(68.,2.,18.3));
#352 = DIRECTION('',(0.,0.,1.));
#353 = DIRECTION('',(1.,0.,-0.));
#354 = DEFINITIONAL_REPRESENTATION('',(#355),#359);
#355 = LINE('',#356,#357);
#356 = CARTESIAN_POINT('',(4.712388980385,-0.));
#357 = VECTOR('',#358,1.);
#358 = DIRECTION('',(-1.,0.));
#359 = ( GEOMETRIC_REPRESENTATION_CONTEXT(2) 
PARAMETRIC_REPRESENTATION_CONTEXT() REPRESENTATION_CONTEXT('2D SPACE',''
  ) );
#360 = ORIENTED_EDGE('',*,*,#361,.T.);
#361 = EDGE_CURVE('',#329,#362,#364,.T.);
#362 = VERTEX_POINT('',#363);
#363 = CARTESIAN_POINT('',(72.,39.,18.3));
#364 = SURFACE_CURVE('',#365,(#369,#376),.PCURVE_S1.);
#365 = LINE('',#366,#367);
#366 = CARTESIAN_POINT('',(72.,-2.,18.3));
#367 = VECTOR('',#368,1.);
#368 = DIRECTION('',(0.,1.,0.));
#369 = PCURVE('',#72,#370);
#370 = DEFINITIONAL_REPRESENTATION('',(#371),#375);
#371 = LINE('',#372,#373);
#372 = CARTESIAN_POINT('',(74.,0.));
#373 = VECTOR('',#374,1.);
#374 = DIRECTION('',(0.,1.));
#375 = ( GEOMETRIC_REPRESENTATION_CONTEXT(2) 
PARAMETRIC_REPRESENTATION_CONTEXT() REPRESENTATION_CONTEXT('2D SPACE',''
  ) );
#376 = PCURVE('',#377,#382);
#377 = PLANE('',#378);
#378 = AXIS2_PLACEMENT_3D('',#379,#380,#381);
#379 = CARTESIAN_POINT('',(72.,-2.,18.3));
#380 = DIRECTION('',(1.,0.,0.));
#381 = DIRECTION('',(0.,0.,1.));
#382 = DEFINITIONAL_REPRESENTATION('',(#383),#387);
#383 = LINE('',#384,#385);
#384 = CARTESIAN_POINT('',(0.,0.));
#385 = VECTOR('',#386,1.);
#386 = DIRECTION('',(0.,-1.));
#387 = ( GEOMETRIC_REPRESENTATION_CONTEXT(2) 
PARAMETRIC_REPRESENTATION_CONTEXT() REPRESENTATION_CONTEXT('2D SPACE',''
  ) );
#388 = ORIENTED_EDGE('',*,*,#389,.T.);
#389 = EDGE_CURVE('',#362,#390,#392,.T.);
#390 = VERTEX_POINT('',#391);
#391 = CARTESIAN_POINT('',(68.,43.,18.3));
#392 = SURFACE_CURVE('',#393,(#398,#405),.PCURVE_S1.);
#393 = CIRCLE('',#394,4.);
#394 = AXIS2_PLACEMENT_3D('',#395,#396,#397);
#395 = CARTESIAN_POINT('',(68.,39.,18.3));
#396 = DIRECTION('',(0.,0.,1.));
#397 = DIRECTION('',(0.,-1.,0.));
#398 = PCURVE('',#72,#399);
#399 = DEFINITIONAL_REPRESENTATION('',(#400),#404);
#400 = CIRCLE('',#401,4.);
#401 = AXIS2_PLACEMENT_2D('',#402,#403);
#402 = CARTESIAN_POINT('',(70.,41.));
#403 = DIRECTION('',(0.,-1.));
#404 = ( GEOMETRIC_REPRESENTATION_CONTEXT(2) 
PARAMETRIC_REPRESENTATION_CONTEXT() REPRESENTATION_CONTEXT('2D SPACE',''
  ) );
#405 = PCURVE('',#406,#411);
#406 = CYLINDRICAL_SURFACE('',#407,4.);
#407 = AXIS2_PLACEMENT_3D('',#408,#409,#410);
#408 = CARTESIAN_POINT('',(68.,39.,18.3));
#409 = DIRECTION('',(0.,0.,1.));
#410 = DIRECTION('',(1.,0.,-0.));
#411 = DEFINITIONAL_REPRESENTATION('',(#412),#416);
#412 = LINE('',#413,#414);
#413 = CARTESIAN_POINT('',(-1.570796326795,0.));
#414 = VECTOR('',#415,1.);
#415 = DIRECTION('',(1.,0.));
#416 = ( GEOMETRIC_REPRESENTATION_CONTEXT(2) 
PARAMETRIC_REPRESENTATION_CONTEXT() REPRESENTATION_CONTEXT('2D SPACE',''
  ) );
#417 = ORIENTED_EDGE('',*,*,#418,.F.);
#418 = EDGE_CURVE('',#419,#390,#421,.T.);
#419 = VERTEX_POINT('',#420);
#420 = CARTESIAN_POINT('',(2.,43.,18.3));
#421 = SURFACE_CURVE('',#422,(#426,#433),.PCURVE_S1.);
#422 = LINE('',#423,#424);
#423 = CARTESIAN_POINT('',(-2.,43.,18.3));
#424 = VECTOR('',#425,1.);
#425 = DIRECTION('',(1.,0.,0.));
#426 = PCURVE('',#72,#427);
#427 = DEFINITIONAL_REPRESENTATION('',(#428),#432);
#428 = LINE('',#429,#430);
#429 = CARTESIAN_POINT('',(0.,45.));
#430 = VECTOR('',#431,1.);
#431 = DIRECTION('',(1.,0.));
#432 = ( GEOMETRIC_REPRESENTATION_CONTEXT(2) 
PARAMETRIC_REPRESENTATION_CONTEXT() REPRESENTATION_CONTEXT('2D SPACE',''
  ) );
#433 = PCURVE('',#434,#439);
#434 = PLANE('',#435);
#435 = AXIS2_PLACEMENT_3D('',#436,#437,#438);
#436 = CARTESIAN_POINT('',(-2.,43.,18.3));
#437 = DIRECTION('',(0.,1.,0.));
#438 = DIRECTION('',(0.,0.,1.));
#439 = DEFINITIONAL_REPRESENTATION('',(#440),#444);
#440 = LINE('',#441,#442);
#441 = CARTESIAN_POINT('',(0.,0.));
#442 = VECTOR('',#443,1.);
#443 = DIRECTION('',(0.,1.));
#444 = ( GEOMETRIC_REPRESENTATION_CONTEXT(2) 
PARAMETRIC_REPRESENTATION_CONTEXT() REPRESENTATION_CONTEXT('2D SPACE',''
  ) );
#445 = ORIENTED_EDGE('',*,*,#446,.F.);
#446 = EDGE_CURVE('',#57,#419,#447,.T.);
#447 = SURFACE_CURVE('',#448,(#453,#464),.PCURVE_S1.);
#448 = CIRCLE('',#449,4.);
#449 = AXIS2_PLACEMENT_3D('',#450,#451,#452);
#450 = CARTESIAN_POINT('',(2.,39.,18.3));
#451 = DIRECTION('',(-0.,-0.,-1.));
#452 = DIRECTION('',(0.,-1.,0.));
#453 = PCURVE('',#72,#454);
#454 = DEFINITIONAL_REPRESENTATION('',(#455),#463);
#455 = ( BOUNDED_CURVE() B_SPLINE_CURVE(2,(#456,#457,#458,#459,#460,#461
,#462),.UNSPECIFIED.,.T.,.F.) B_SPLINE_CURVE_WITH_KNOTS((1,2,2,2,2,1),(
    -2.094395102393,0.,2.094395102393,4.188790204786,6.28318530718,
8.377580409573),.UNSPECIFIED.) CURVE() GEOMETRIC_REPRESENTATION_ITEM() 
RATIONAL_B_SPLINE_CURVE((1.,0.5,1.,0.5,1.,0.5,1.)) REPRESENTATION_ITEM(
  '') );
#456 = CARTESIAN_POINT('',(4.,37.));
#457 = CARTESIAN_POINT('',(-2.928203230276,37.));
#458 = CARTESIAN_POINT('',(0.535898384862,43.));
#459 = CARTESIAN_POINT('',(4.,49.));
#460 = CARTESIAN_POINT('',(7.464101615138,43.));
#461 = CARTESIAN_POINT('',(10.928203230276,37.));
#462 = CARTESIAN_POINT('',(4.,37.));
#463 = ( GEOMETRIC_REPRESENTATION_CONTEXT(2) 
PARAMETRIC_REPRESENTATION_CONTEXT() REPRESENTATION_CONTEXT('2D SPACE',''
  ) );
#464 = PCURVE('',#100,#465);
#465 = DEFINITIONAL_REPRESENTATION('',(#466),#470);
#466 = LINE('',#467,#468);
#467 = CARTESIAN_POINT('',(1.570796326795,-0.));
#468 = VECTOR('',#469,1.);
#469 = DIRECTION('',(-1.,0.));
#470 = ( GEOMETRIC_REPRESENTATION_CONTEXT(2) 
PARAMETRIC_REPRESENTATION_CONTEXT() REPRESENTATION_CONTEXT('2D SPACE',''
  ) );
#471 = FACE_BOUND('',#472,.F.);
#472 = EDGE_LOOP('',(#473,#503,#531,#559,#588,#612,#640,#669,#693));
#473 = ORIENTED_EDGE('',*,*,#474,.F.);
#474 = EDGE_CURVE('',#475,#477,#479,.T.);
#475 = VERTEX_POINT('',#476);
#476 = CARTESIAN_POINT('',(66.,0.2,18.3));
#477 = VERTEX_POINT('',#478);
#478 = CARTESIAN_POINT('',(66.,1.,18.3));
#479 = SURFACE_CURVE('',#480,(#484,#491),.PCURVE_S1.);
#480 = LINE('',#481,#482);
#481 = CARTESIAN_POINT('',(66.,0.2,18.3));
#482 = VECTOR('',#483,1.);
#483 = DIRECTION('',(0.,1.,0.));
#484 = PCURVE('',#72,#485);
#485 = DEFINITIONAL_REPRESENTATION('',(#486),#490);
#486 = LINE('',#487,#488);
#487 = CARTESIAN_POINT('',(68.,2.2));
#488 = VECTOR('',#489,1.);
#489 = DIRECTION('',(0.,1.));
#490 = ( GEOMETRIC_REPRESENTATION_CONTEXT(2) 
PARAMETRIC_REPRESENTATION_CONTEXT() REPRESENTATION_CONTEXT('2D SPACE',''
  ) );
#491 = PCURVE('',#492,#497);
#492 = PLANE('',#493);
#493 = AXIS2_PLACEMENT_3D('',#494,#495,#496);
#494 = CARTESIAN_POINT('',(66.,0.2,15.8));
#495 = DIRECTION('',(1.,0.,0.));
#496 = DIRECTION('',(0.,0.,1.));
#497 = DEFINITIONAL_REPRESENTATION('',(#498),#502);
#498 = LINE('',#499,#500);
#499 = CARTESIAN_POINT('',(2.5,0.));
#500 = VECTOR('',#501,1.);
#501 = DIRECTION('',(0.,-1.));
#502 = ( GEOMETRIC_REPRESENTATION_CONTEXT(2) 
PARAMETRIC_REPRESENTATION_CONTEXT() REPRESENTATION_CONTEXT('2D SPACE',''
  ) );
#503 = ORIENTED_EDGE('',*,*,#504,.F.);
#504 = EDGE_CURVE('',#505,#475,#507,.T.);
#505 = VERTEX_POINT('',#506);
#506 = CARTESIAN_POINT('',(4.,0.2,18.3));
#507 = SURFACE_CURVE('',#508,(#512,#519),.PCURVE_S1.);
#508 = LINE('',#509,#510);
#509 = CARTESIAN_POINT('',(4.,0.2,18.3));
#510 = VECTOR('',#511,1.);
#511 = DIRECTION('',(1.,0.,0.));
#512 = PCURVE('',#72,#513);
#513 = DEFINITIONAL_REPRESENTATION('',(#514),#518);
#514 = LINE('',#515,#516);
#515 = CARTESIAN_POINT('',(6.,2.2));
#516 = VECTOR('',#517,1.);
#517 = DIRECTION('',(1.,0.));
#518 = ( GEOMETRIC_REPRESENTATION_CONTEXT(2) 
PARAMETRIC_REPRESENTATION_CONTEXT() REPRESENTATION_CONTEXT('2D SPACE',''
  ) );
#519 = PCURVE('',#520,#525);
#520 = PLANE('',#521);
#521 = AXIS2_PLACEMENT_3D('',#522,#523,#524);
#522 = CARTESIAN_POINT('',(4.,0.2,15.8));
#523 = DIRECTION('',(0.,1.,0.));
#524 = DIRECTION('',(0.,0.,1.));
#525 = DEFINITIONAL_REPRESENTATION('',(#526),#530);
#526 = LINE('',#527,#528);
#527 = CARTESIAN_POINT('',(2.5,0.));
#528 = VECTOR('',#529,1.);
#529 = DIRECTION('',(0.,1.));
#530 = ( GEOMETRIC_REPRESENTATION_CONTEXT(2) 
PARAMETRIC_REPRESENTATION_CONTEXT() REPRESENTATION_CONTEXT('2D SPACE',''
  ) );
#531 = ORIENTED_EDGE('',*,*,#532,.T.);
#532 = EDGE_CURVE('',#505,#533,#535,.T.);
#533 = VERTEX_POINT('',#534);
#534 = CARTESIAN_POINT('',(4.,0.708712152522,18.3));
#535 = SURFACE_CURVE('',#536,(#540,#547),.PCURVE_S1.);
#536 = LINE('',#537,#538);
#537 = CARTESIAN_POINT('',(4.,0.2,18.3));
#538 = VECTOR('',#539,1.);
#539 = DIRECTION('',(0.,1.,0.));
#540 = PCURVE('',#72,#541);
#541 = DEFINITIONAL_REPRESENTATION('',(#542),#546);
#542 = LINE('',#543,#544);
#543 = CARTESIAN_POINT('',(6.,2.2));
#544 = VECTOR('',#545,1.);
#545 = DIRECTION('',(0.,1.));
#546 = ( GEOMETRIC_REPRESENTATION_CONTEXT(2) 
PARAMETRIC_REPRESENTATION_CONTEXT() REPRESENTATION_CONTEXT('2D SPACE',''
  ) );
#547 = PCURVE('',#548,#553);
#548 = PLANE('',#549);
#549 = AXIS2_PLACEMENT_3D('',#550,#551,#552);
#550 = CARTESIAN_POINT('',(4.,0.2,15.8));
#551 = DIRECTION('',(1.,0.,0.));
#552 = DIRECTION('',(0.,0.,1.));
#553 = DEFINITIONAL_REPRESENTATION('',(#554),#558);
#554 = LINE('',#555,#556);
#555 = CARTESIAN_POINT('',(2.5,0.));
#556 = VECTOR('',#557,1.);
#557 = DIRECTION('',(0.,-1.));
#558 = ( GEOMETRIC_REPRESENTATION_CONTEXT(2) 
PARAMETRIC_REPRESENTATION_CONTEXT() REPRESENTATION_CONTEXT('2D SPACE',''
  ) );
#559 = ORIENTED_EDGE('',*,*,#560,.F.);
#560 = EDGE_CURVE('',#561,#533,#563,.T.);
#561 = VERTEX_POINT('',#562);
#562 = CARTESIAN_POINT('',(5.5,3.,18.3));
#563 = SURFACE_CURVE('',#564,(#569,#576),.PCURVE_S1.);
#564 = CIRCLE('',#565,2.5);
#565 = AXIS2_PLACEMENT_3D('',#566,#567,#568);
#566 = CARTESIAN_POINT('',(3.,3.,18.3));
#567 = DIRECTION('',(0.,0.,1.));
#568 = DIRECTION('',(1.,0.,-0.));
#569 = PCURVE('',#72,#570);
#570 = DEFINITIONAL_REPRESENTATION('',(#571),#575);
#571 = CIRCLE('',#572,2.5);
#572 = AXIS2_PLACEMENT_2D('',#573,#574);
#573 = CARTESIAN_POINT('',(5.,5.));
#574 = DIRECTION('',(1.,0.));
#575 = ( GEOMETRIC_REPRESENTATION_CONTEXT(2) 
PARAMETRIC_REPRESENTATION_CONTEXT() REPRESENTATION_CONTEXT('2D SPACE',''
  ) );
#576 = PCURVE('',#577,#582);
#577 = CYLINDRICAL_SURFACE('',#578,2.5);
#578 = AXIS2_PLACEMENT_3D('',#579,#580,#581);
#579 = CARTESIAN_POINT('',(3.,3.,4.6));
#580 = DIRECTION('',(0.,0.,1.));
#581 = DIRECTION('',(1.,0.,-0.));
#582 = DEFINITIONAL_REPRESENTATION('',(#583),#587);
#583 = LINE('',#584,#585);
#584 = CARTESIAN_POINT('',(0.,13.7));
#585 = VECTOR('',#586,1.);
#586 = DIRECTION('',(1.,0.));
#587 = ( GEOMETRIC_REPRESENTATION_CONTEXT(2) 
PARAMETRIC_REPRESENTATION_CONTEXT() REPRESENTATION_CONTEXT('2D SPACE',''
  ) );
#588 = ORIENTED_EDGE('',*,*,#589,.F.);
#589 = EDGE_CURVE('',#590,#561,#592,.T.);
#590 = VERTEX_POINT('',#591);
#591 = CARTESIAN_POINT('',(4.5,1.,18.3));
#592 = SURFACE_CURVE('',#593,(#598,#605),.PCURVE_S1.);
#593 = CIRCLE('',#594,2.5);
#594 = AXIS2_PLACEMENT_3D('',#595,#596,#597);
#595 = CARTESIAN_POINT('',(3.,3.,18.3));
#596 = DIRECTION('',(0.,0.,1.));
#597 = DIRECTION('',(1.,0.,-0.));
#598 = PCURVE('',#72,#599);
#599 = DEFINITIONAL_REPRESENTATION('',(#600),#604);
#600 = CIRCLE('',#601,2.5);
#601 = AXIS2_PLACEMENT_2D('',#602,#603);
#602 = CARTESIAN_POINT('',(5.,5.));
#603 = DIRECTION('',(1.,0.));
#604 = ( GEOMETRIC_REPRESENTATION_CONTEXT(2) 
PARAMETRIC_REPRESENTATION_CONTEXT() REPRESENTATION_CONTEXT('2D SPACE',''
  ) );
#605 = PCURVE('',#577,#606);
#606 = DEFINITIONAL_REPRESENTATION('',(#607),#611);
#607 = LINE('',#608,#609);
#608 = CARTESIAN_POINT('',(0.,13.7));
#609 = VECTOR('',#610,1.);
#610 = DIRECTION('',(1.,0.));
#611 = ( GEOMETRIC_REPRESENTATION_CONTEXT(2) 
PARAMETRIC_REPRESENTATION_CONTEXT() REPRESENTATION_CONTEXT('2D SPACE',''
  ) );
#612 = ORIENTED_EDGE('',*,*,#613,.T.);
#613 = EDGE_CURVE('',#590,#614,#616,.T.);
#614 = VERTEX_POINT('',#615);
#615 = CARTESIAN_POINT('',(46.5,1.,18.3));
#616 = SURFACE_CURVE('',#617,(#621,#628),.PCURVE_S1.);
#617 = LINE('',#618,#619);
#618 = CARTESIAN_POINT('',(4.,1.,18.3));
#619 = VECTOR('',#620,1.);
#620 = DIRECTION('',(1.,0.,0.));
#621 = PCURVE('',#72,#622);
#622 = DEFINITIONAL_REPRESENTATION('',(#623),#627);
#623 = LINE('',#624,#625);
#624 = CARTESIAN_POINT('',(6.,3.));
#625 = VECTOR('',#626,1.);
#626 = DIRECTION('',(1.,0.));
#627 = ( GEOMETRIC_REPRESENTATION_CONTEXT(2) 
PARAMETRIC_REPRESENTATION_CONTEXT() REPRESENTATION_CONTEXT('2D SPACE',''
  ) );
#628 = PCURVE('',#629,#634);
#629 = PLANE('',#630);
#630 = AXIS2_PLACEMENT_3D('',#631,#632,#633);
#631 = CARTESIAN_POINT('',(4.,1.,15.8));
#632 = DIRECTION('',(0.,1.,0.));
#633 = DIRECTION('',(0.,0.,1.));
#634 = DEFINITIONAL_REPRESENTATION('',(#635),#639);
#635 = LINE('',#636,#637);
#636 = CARTESIAN_POINT('',(2.5,0.));
#637 = VECTOR('',#638,1.);
#638 = DIRECTION('',(0.,1.));
#639 = ( GEOMETRIC_REPRESENTATION_CONTEXT(2) 
PARAMETRIC_REPRESENTATION_CONTEXT() REPRESENTATION_CONTEXT('2D SPACE',''
  ) );
#640 = ORIENTED_EDGE('',*,*,#641,.F.);
#641 = EDGE_CURVE('',#642,#614,#644,.T.);
#642 = VERTEX_POINT('',#643);
#643 = CARTESIAN_POINT('',(50.5,3.,18.3));
#644 = SURFACE_CURVE('',#645,(#650,#657),.PCURVE_S1.);
#645 = CIRCLE('',#646,2.5);
#646 = AXIS2_PLACEMENT_3D('',#647,#648,#649);
#647 = CARTESIAN_POINT('',(48.,3.,18.3));
#648 = DIRECTION('',(0.,0.,1.));
#649 = DIRECTION('',(1.,0.,-0.));
#650 = PCURVE('',#72,#651);
#651 = DEFINITIONAL_REPRESENTATION('',(#652),#656);
#652 = CIRCLE('',#653,2.5);
#653 = AXIS2_PLACEMENT_2D('',#654,#655);
#654 = CARTESIAN_POINT('',(50.,5.));
#655 = DIRECTION('',(1.,0.));
#656 = ( GEOMETRIC_REPRESENTATION_CONTEXT(2) 
PARAMETRIC_REPRESENTATION_CONTEXT() REPRESENTATION_CONTEXT('2D SPACE',''
  ) );
#657 = PCURVE('',#658,#663);
#658 = CYLINDRICAL_SURFACE('',#659,2.5);
#659 = AXIS2_PLACEMENT_3D('',#660,#661,#662);
#660 = CARTESIAN_POINT('',(48.,3.,4.6));
#661 = DIRECTION('',(0.,0.,1.));
#662 = DIRECTION('',(1.,0.,-0.));
#663 = DEFINITIONAL_REPRESENTATION('',(#664),#668);
#664 = LINE('',#665,#666);
#665 = CARTESIAN_POINT('',(0.,13.7));
#666 = VECTOR('',#667,1.);
#667 = DIRECTION('',(1.,0.));
#668 = ( GEOMETRIC_REPRESENTATION_CONTEXT(2) 
PARAMETRIC_REPRESENTATION_CONTEXT() REPRESENTATION_CONTEXT('2D SPACE',''
  ) );
#669 = ORIENTED_EDGE('',*,*,#670,.F.);
#670 = EDGE_CURVE('',#671,#642,#673,.T.);
#671 = VERTEX_POINT('',#672);
#672 = CARTESIAN_POINT('',(49.5,1.,18.3));
#673 = SURFACE_CURVE('',#674,(#679,#686),.PCURVE_S1.);
#674 = CIRCLE('',#675,2.5);
#675 = AXIS2_PLACEMENT_3D('',#676,#677,#678);
#676 = CARTESIAN_POINT('',(48.,3.,18.3));
#677 = DIRECTION('',(0.,0.,1.));
#678 = DIRECTION('',(1.,0.,-0.));
#679 = PCURVE('',#72,#680);
#680 = DEFINITIONAL_REPRESENTATION('',(#681),#685);
#681 = CIRCLE('',#682,2.5);
#682 = AXIS2_PLACEMENT_2D('',#683,#684);
#683 = CARTESIAN_POINT('',(50.,5.));
#684 = DIRECTION('',(1.,0.));
#685 = ( GEOMETRIC_REPRESENTATION_CONTEXT(2) 
PARAMETRIC_REPRESENTATION_CONTEXT() REPRESENTATION_CONTEXT('2D SPACE',''
  ) );
#686 = PCURVE('',#658,#687);
#687 = DEFINITIONAL_REPRESENTATION('',(#688),#692);
#688 = LINE('',#689,#690);
#689 = CARTESIAN_POINT('',(0.,13.7));
#690 = VECTOR('',#691,1.);
#691 = DIRECTION('',(1.,0.));
#692 = ( GEOMETRIC_REPRESENTATION_CONTEXT(2) 
PARAMETRIC_REPRESENTATION_CONTEXT() REPRESENTATION_CONTEXT('2D SPACE',''
  ) );
#693 = ORIENTED_EDGE('',*,*,#694,.T.);
#694 = EDGE_CURVE('',#671,#477,#695,.T.);
#695 = SURFACE_CURVE('',#696,(#700,#707),.PCURVE_S1.);
#696 = LINE('',#697,#698);
#697 = CARTESIAN_POINT('',(4.,1.,18.3));
#698 = VECTOR('',#699,1.);
#699 = DIRECTION('',(1.,0.,0.));
#700 = PCURVE('',#72,#701);
#701 = DEFINITIONAL_REPRESENTATION('',(#702),#706);
#702 = LINE('',#703,#704);
#703 = CARTESIAN_POINT('',(6.,3.));
#704 = VECTOR('',#705,1.);
#705 = DIRECTION('',(1.,0.));
#706 = ( GEOMETRIC_REPRESENTATION_CONTEXT(2) 
PARAMETRIC_REPRESENTATION_CONTEXT() REPRESENTATION_CONTEXT('2D SPACE',''
  ) );
#707 = PCURVE('',#708,#713);
#708 = PLANE('',#709);
#709 = AXIS2_PLACEMENT_3D('',#710,#711,#712);
#710 = CARTESIAN_POINT('',(4.,1.,15.8));
#711 = DIRECTION('',(0.,1.,0.));
#712 = DIRECTION('',(0.,0.,1.));
#713 = DEFINITIONAL_REPRESENTATION('',(#714),#718);
#714 = LINE('',#715,#716);
#715 = CARTESIAN_POINT('',(2.5,0.));
#716 = VECTOR('',#717,1.);
#717 = DIRECTION('',(0.,1.));
#718 = ( GEOMETRIC_REPRESENTATION_CONTEXT(2) 
PARAMETRIC_REPRESENTATION_CONTEXT() REPRESENTATION_CONTEXT('2D SPACE',''
  ) );
#719 = FACE_BOUND('',#720,.F.);
#720 = EDGE_LOOP('',(#721));
#721 = ORIENTED_EDGE('',*,*,#722,.F.);
#722 = EDGE_CURVE('',#723,#723,#725,.T.);
#723 = VERTEX_POINT('',#724);
#724 = CARTESIAN_POINT('',(60.7,12.,18.3));
#725 = SURFACE_CURVE('',#726,(#731,#738),.PCURVE_S1.);
#726 = CIRCLE('',#727,2.2);
#727 = AXIS2_PLACEMENT_3D('',#728,#729,#730);
#728 = CARTESIAN_POINT('',(58.5,12.,18.3));
#729 = DIRECTION('',(0.,0.,1.));
#730 = DIRECTION('',(1.,0.,-0.));
#731 = PCURVE('',#72,#732);
#732 = DEFINITIONAL_REPRESENTATION('',(#733),#737);
#733 = CIRCLE('',#734,2.2);
#734 = AXIS2_PLACEMENT_2D('',#735,#736);
#735 = CARTESIAN_POINT('',(60.5,14.));
#736 = DIRECTION('',(1.,0.));
#737 = ( GEOMETRIC_REPRESENTATION_CONTEXT(2) 
PARAMETRIC_REPRESENTATION_CONTEXT() REPRESENTATION_CONTEXT('2D SPACE',''
  ) );
#738 = PCURVE('',#739,#744);
#739 = CYLINDRICAL_SURFACE('',#740,2.2);
#740 = AXIS2_PLACEMENT_3D('',#741,#742,#743);
#741 = CARTESIAN_POINT('',(58.5,12.,3.7));
#742 = DIRECTION('',(0.,0.,1.));
#743 = DIRECTION('',(1.,0.,-0.));
#744 = DEFINITIONAL_REPRESENTATION('',(#745),#749);
#745 = LINE('',#746,#747);
#746 = CARTESIAN_POINT('',(0.,14.6));
#747 = VECTOR('',#748,1.);
#748 = DIRECTION('',(1.,0.));
#749 = ( GEOMETRIC_REPRESENTATION_CONTEXT(2) 
PARAMETRIC_REPRESENTATION_CONTEXT() REPRESENTATION_CONTEXT('2D SPACE',''
  ) );
#750 = FACE_BOUND('',#751,.F.);
#751 = EDGE_LOOP('',(#752));
#752 = ORIENTED_EDGE('',*,*,#753,.F.);
#753 = EDGE_CURVE('',#754,#754,#756,.T.);
#754 = VERTEX_POINT('',#755);
#755 = CARTESIAN_POINT('',(65.7,12.,18.3));
#756 = SURFACE_CURVE('',#757,(#762,#769),.PCURVE_S1.);
#757 = CIRCLE('',#758,2.2);
#758 = AXIS2_PLACEMENT_3D('',#759,#760,#761);
#759 = CARTESIAN_POINT('',(63.5,12.,18.3));
#760 = DIRECTION('',(0.,0.,1.));
#761 = DIRECTION('',(1.,0.,-0.));
#762 = PCURVE('',#72,#763);
#763 = DEFINITIONAL_REPRESENTATION('',(#764),#768);
#764 = CIRCLE('',#765,2.2);
#765 = AXIS2_PLACEMENT_2D('',#766,#767);
#766 = CARTESIAN_POINT('',(65.5,14.));
#767 = DIRECTION('',(1.,0.));
#768 = ( GEOMETRIC_REPRESENTATION_CONTEXT(2) 
PARAMETRIC_REPRESENTATION_CONTEXT() REPRESENTATION_CONTEXT('2D SPACE',''
  ) );
#769 = PCURVE('',#770,#775);
#770 = CYLINDRICAL_SURFACE('',#771,2.2);
#771 = AXIS2_PLACEMENT_3D('',#772,#773,#774);
#772 = CARTESIAN_POINT('',(63.5,12.,3.7));
#773 = DIRECTION('',(0.,0.,1.));
#774 = DIRECTION('',(1.,0.,-0.));
#775 = DEFINITIONAL_REPRESENTATION('',(#776),#780);
#776 = LINE('',#777,#778);
#777 = CARTESIAN_POINT('',(0.,14.6));
#778 = VECTOR('',#779,1.);
#779 = DIRECTION('',(1.,0.));
#780 = ( GEOMETRIC_REPRESENTATION_CONTEXT(2) 
PARAMETRIC_REPRESENTATION_CONTEXT() REPRESENTATION_CONTEXT('2D SPACE',''
  ) );
#781 = FACE_BOUND('',#782,.F.);
#782 = EDGE_LOOP('',(#783));
#783 = ORIENTED_EDGE('',*,*,#784,.F.);
#784 = EDGE_CURVE('',#785,#785,#787,.T.);
#785 = VERTEX_POINT('',#786);
#786 = CARTESIAN_POINT('',(54.95,20.,18.3));
#787 = SURFACE_CURVE('',#788,(#793,#800),.PCURVE_S1.);
#788 = CIRCLE('',#789,1.2);
#789 = AXIS2_PLACEMENT_3D('',#790,#791,#792);
#790 = CARTESIAN_POINT('',(53.75,20.,18.3));
#791 = DIRECTION('',(0.,0.,1.));
#792 = DIRECTION('',(1.,0.,-0.));
#793 = PCURVE('',#72,#794);
#794 = DEFINITIONAL_REPRESENTATION('',(#795),#799);
#795 = CIRCLE('',#796,1.2);
#796 = AXIS2_PLACEMENT_2D('',#797,#798);
#797 = CARTESIAN_POINT('',(55.75,22.));
#798 = DIRECTION('',(1.,0.));
#799 = ( GEOMETRIC_REPRESENTATION_CONTEXT(2) 
PARAMETRIC_REPRESENTATION_CONTEXT() REPRESENTATION_CONTEXT('2D SPACE',''
  ) );
#800 = PCURVE('',#801,#806);
#801 = CYLINDRICAL_SURFACE('',#802,1.2);
#802 = AXIS2_PLACEMENT_3D('',#803,#804,#805);
#803 = CARTESIAN_POINT('',(53.75,20.,2.9));
#804 = DIRECTION('',(0.,0.,1.));
#805 = DIRECTION('',(1.,0.,-0.));
#806 = DEFINITIONAL_REPRESENTATION('',(#807),#811);
#807 = LINE('',#808,#809);
#808 = CARTESIAN_POINT('',(0.,15.4));
#809 = VECTOR('',#810,1.);
#810 = DIRECTION('',(1.,0.));
#811 = ( GEOMETRIC_REPRESENTATION_CONTEXT(2) 
PARAMETRIC_REPRESENTATION_CONTEXT() REPRESENTATION_CONTEXT('2D SPACE',''
  ) );
#812 = FACE_BOUND('',#813,.F.);
#813 = EDGE_LOOP('',(#814));
#814 = ORIENTED_EDGE('',*,*,#815,.F.);
#815 = EDGE_CURVE('',#816,#816,#818,.T.);
#816 = VERTEX_POINT('',#817);
#817 = CARTESIAN_POINT('',(69.45,20.,18.3));
#818 = SURFACE_CURVE('',#819,(#824,#831),.PCURVE_S1.);
#819 = CIRCLE('',#820,1.2);
#820 = AXIS2_PLACEMENT_3D('',#821,#822,#823);
#821 = CARTESIAN_POINT('',(68.25,20.,18.3));
#822 = DIRECTION('',(0.,0.,1.));
#823 = DIRECTION('',(1.,0.,-0.));
#824 = PCURVE('',#72,#825);
#825 = DEFINITIONAL_REPRESENTATION('',(#826),#830);
#826 = CIRCLE('',#827,1.2);
#827 = AXIS2_PLACEMENT_2D('',#828,#829);
#828 = CARTESIAN_POINT('',(70.25,22.));
#829 = DIRECTION('',(1.,0.));
#830 = ( GEOMETRIC_REPRESENTATION_CONTEXT(2) 
PARAMETRIC_REPRESENTATION_CONTEXT() REPRESENTATION_CONTEXT('2D SPACE',''
  ) );
#831 = PCURVE('',#832,#837);
#832 = CYLINDRICAL_SURFACE('',#833,1.2);
#833 = AXIS2_PLACEMENT_3D('',#834,#835,#836);
#834 = CARTESIAN_POINT('',(68.25,20.,2.9));
#835 = DIRECTION('',(0.,0.,1.));
#836 = DIRECTION('',(1.,0.,-0.));
#837 = DEFINITIONAL_REPRESENTATION('',(#838),#842);
#838 = LINE('',#839,#840);
#839 = CARTESIAN_POINT('',(0.,15.4));
#840 = VECTOR('',#841,1.);
#841 = DIRECTION('',(1.,0.));
#842 = ( GEOMETRIC_REPRESENTATION_CONTEXT(2) 
PARAMETRIC_REPRESENTATION_CONTEXT() REPRESENTATION_CONTEXT('2D SPACE',''
  ) );
#843 = FACE_BOUND('',#844,.F.);
#844 = EDGE_LOOP('',(#845,#876,#904,#932,#960,#988,#1017,#1041,#1069));
#845 = ORIENTED_EDGE('',*,*,#846,.F.);
#846 = EDGE_CURVE('',#847,#849,#851,.T.);
#847 = VERTEX_POINT('',#848);
#848 = CARTESIAN_POINT('',(4.,40.291287847478,18.3));
#849 = VERTEX_POINT('',#850);
#850 = CARTESIAN_POINT('',(5.5,38.,18.3));
#851 = SURFACE_CURVE('',#852,(#857,#864),.PCURVE_S1.);
#852 = CIRCLE('',#853,2.5);
#853 = AXIS2_PLACEMENT_3D('',#854,#855,#856);
#854 = CARTESIAN_POINT('',(3.,38.,18.3));
#855 = DIRECTION('',(0.,0.,1.));
#856 = DIRECTION('',(1.,0.,-0.));
#857 = PCURVE('',#72,#858);
#858 = DEFINITIONAL_REPRESENTATION('',(#859),#863);
#859 = CIRCLE('',#860,2.5);
#860 = AXIS2_PLACEMENT_2D('',#861,#862);
#861 = CARTESIAN_POINT('',(5.,40.));
#862 = DIRECTION('',(1.,0.));
#863 = ( GEOMETRIC_REPRESENTATION_CONTEXT(2) 
PARAMETRIC_REPRESENTATION_CONTEXT() REPRESENTATION_CONTEXT('2D SPACE',''
  ) );
#864 = PCURVE('',#865,#870);
#865 = CYLINDRICAL_SURFACE('',#866,2.5);
#866 = AXIS2_PLACEMENT_3D('',#867,#868,#869);
#867 = CARTESIAN_POINT('',(3.,38.,4.6));
#868 = DIRECTION('',(0.,0.,1.));
#869 = DIRECTION('',(1.,0.,-0.));
#870 = DEFINITIONAL_REPRESENTATION('',(#871),#875);
#871 = LINE('',#872,#873);
#872 = CARTESIAN_POINT('',(0.,13.7));
#873 = VECTOR('',#874,1.);
#874 = DIRECTION('',(1.,0.));
#875 = ( GEOMETRIC_REPRESENTATION_CONTEXT(2) 
PARAMETRIC_REPRESENTATION_CONTEXT() REPRESENTATION_CONTEXT('2D SPACE',''
  ) );
#876 = ORIENTED_EDGE('',*,*,#877,.T.);
#877 = EDGE_CURVE('',#847,#878,#880,.T.);
#878 = VERTEX_POINT('',#879);
#879 = CARTESIAN_POINT('',(4.,40.8,18.3));
#880 = SURFACE_CURVE('',#881,(#885,#892),.PCURVE_S1.);
#881 = LINE('',#882,#883);
#882 = CARTESIAN_POINT('',(4.,40.,18.3));
#883 = VECTOR('',#884,1.);
#884 = DIRECTION('',(0.,1.,0.));
#885 = PCURVE('',#72,#886);
#886 = DEFINITIONAL_REPRESENTATION('',(#887),#891);
#887 = LINE('',#888,#889);
#888 = CARTESIAN_POINT('',(6.,42.));
#889 = VECTOR('',#890,1.);
#890 = DIRECTION('',(0.,1.));
#891 = ( GEOMETRIC_REPRESENTATION_CONTEXT(2) 
PARAMETRIC_REPRESENTATION_CONTEXT() REPRESENTATION_CONTEXT('2D SPACE',''
  ) );
#892 = PCURVE('',#893,#898);
#893 = PLANE('',#894);
#894 = AXIS2_PLACEMENT_3D('',#895,#896,#897);
#895 = CARTESIAN_POINT('',(4.,40.,15.8));
#896 = DIRECTION('',(1.,0.,0.));
#897 = DIRECTION('',(0.,0.,1.));
#898 = DEFINITIONAL_REPRESENTATION('',(#899),#903);
#899 = LINE('',#900,#901);
#900 = CARTESIAN_POINT('',(2.5,0.));
#901 = VECTOR('',#902,1.);
#902 = DIRECTION('',(0.,-1.));
#903 = ( GEOMETRIC_REPRESENTATION_CONTEXT(2) 
PARAMETRIC_REPRESENTATION_CONTEXT() REPRESENTATION_CONTEXT('2D SPACE',''
  ) );
#904 = ORIENTED_EDGE('',*,*,#905,.T.);
#905 = EDGE_CURVE('',#878,#906,#908,.T.);
#906 = VERTEX_POINT('',#907);
#907 = CARTESIAN_POINT('',(66.,40.8,18.3));
#908 = SURFACE_CURVE('',#909,(#913,#920),.PCURVE_S1.);
#909 = LINE('',#910,#911);
#910 = CARTESIAN_POINT('',(4.,40.8,18.3));
#911 = VECTOR('',#912,1.);
#912 = DIRECTION('',(1.,0.,0.));
#913 = PCURVE('',#72,#914);
#914 = DEFINITIONAL_REPRESENTATION('',(#915),#919);
#915 = LINE('',#916,#917);
#916 = CARTESIAN_POINT('',(6.,42.8));
#917 = VECTOR('',#918,1.);
#918 = DIRECTION('',(1.,0.));
#919 = ( GEOMETRIC_REPRESENTATION_CONTEXT(2) 
PARAMETRIC_REPRESENTATION_CONTEXT() REPRESENTATION_CONTEXT('2D SPACE',''
  ) );
#920 = PCURVE('',#921,#926);
#921 = PLANE('',#922);
#922 = AXIS2_PLACEMENT_3D('',#923,#924,#925);
#923 = CARTESIAN_POINT('',(4.,40.8,15.8));
#924 = DIRECTION('',(0.,1.,0.));
#925 = DIRECTION('',(0.,0.,1.));
#926 = DEFINITIONAL_REPRESENTATION('',(#927),#931);
#927 = LINE('',#928,#929);
#928 = CARTESIAN_POINT('',(2.5,0.));
#929 = VECTOR('',#930,1.);
#930 = DIRECTION('',(0.,1.));
#931 = ( GEOMETRIC_REPRESENTATION_CONTEXT(2) 
PARAMETRIC_REPRESENTATION_CONTEXT() REPRESENTATION_CONTEXT('2D SPACE',''
  ) );
#932 = ORIENTED_EDGE('',*,*,#933,.F.);
#933 = EDGE_CURVE('',#934,#906,#936,.T.);
#934 = VERTEX_POINT('',#935);
#935 = CARTESIAN_POINT('',(66.,40.,18.3));
#936 = SURFACE_CURVE('',#937,(#941,#948),.PCURVE_S1.);
#937 = LINE('',#938,#939);
#938 = CARTESIAN_POINT('',(66.,40.,18.3));
#939 = VECTOR('',#940,1.);
#940 = DIRECTION('',(0.,1.,0.));
#941 = PCURVE('',#72,#942);
#942 = DEFINITIONAL_REPRESENTATION('',(#943),#947);
#943 = LINE('',#944,#945);
#944 = CARTESIAN_POINT('',(68.,42.));
#945 = VECTOR('',#946,1.);
#946 = DIRECTION('',(0.,1.));
#947 = ( GEOMETRIC_REPRESENTATION_CONTEXT(2) 
PARAMETRIC_REPRESENTATION_CONTEXT() REPRESENTATION_CONTEXT('2D SPACE',''
  ) );
#948 = PCURVE('',#949,#954);
#949 = PLANE('',#950);
#950 = AXIS2_PLACEMENT_3D('',#951,#952,#953);
#951 = CARTESIAN_POINT('',(66.,40.,15.8));
#952 = DIRECTION('',(1.,0.,0.));
#953 = DIRECTION('',(0.,0.,1.));
#954 = DEFINITIONAL_REPRESENTATION('',(#955),#959);
#955 = LINE('',#956,#957);
#956 = CARTESIAN_POINT('',(2.5,0.));
#957 = VECTOR('',#958,1.);
#958 = DIRECTION('',(0.,-1.));
#959 = ( GEOMETRIC_REPRESENTATION_CONTEXT(2) 
PARAMETRIC_REPRESENTATION_CONTEXT() REPRESENTATION_CONTEXT('2D SPACE',''
  ) );
#960 = ORIENTED_EDGE('',*,*,#961,.F.);
#961 = EDGE_CURVE('',#962,#934,#964,.T.);
#962 = VERTEX_POINT('',#963);
#963 = CARTESIAN_POINT('',(49.5,40.,18.3));
#964 = SURFACE_CURVE('',#965,(#969,#976),.PCURVE_S1.);
#965 = LINE('',#966,#967);
#966 = CARTESIAN_POINT('',(4.,40.,18.3));
#967 = VECTOR('',#968,1.);
#968 = DIRECTION('',(1.,0.,0.));
#969 = PCURVE('',#72,#970);
#970 = DEFINITIONAL_REPRESENTATION('',(#971),#975);
#971 = LINE('',#972,#973);
#972 = CARTESIAN_POINT('',(6.,42.));
#973 = VECTOR('',#974,1.);
#974 = DIRECTION('',(1.,0.));
#975 = ( GEOMETRIC_REPRESENTATION_CONTEXT(2) 
PARAMETRIC_REPRESENTATION_CONTEXT() REPRESENTATION_CONTEXT('2D SPACE',''
  ) );
#976 = PCURVE('',#977,#982);
#977 = PLANE('',#978);
#978 = AXIS2_PLACEMENT_3D('',#979,#980,#981);
#979 = CARTESIAN_POINT('',(4.,40.,15.8));
#980 = DIRECTION('',(0.,1.,0.));
#981 = DIRECTION('',(0.,0.,1.));
#982 = DEFINITIONAL_REPRESENTATION('',(#983),#987);
#983 = LINE('',#984,#985);
#984 = CARTESIAN_POINT('',(2.5,0.));
#985 = VECTOR('',#986,1.);
#986 = DIRECTION('',(0.,1.));
#987 = ( GEOMETRIC_REPRESENTATION_CONTEXT(2) 
PARAMETRIC_REPRESENTATION_CONTEXT() REPRESENTATION_CONTEXT('2D SPACE',''
  ) );
#988 = ORIENTED_EDGE('',*,*,#989,.F.);
#989 = EDGE_CURVE('',#990,#962,#992,.T.);
#990 = VERTEX_POINT('',#991);
#991 = CARTESIAN_POINT('',(50.5,38.,18.3));
#992 = SURFACE_CURVE('',#993,(#998,#1005),.PCURVE_S1.);
#993 = CIRCLE('',#994,2.5);
#994 = AXIS2_PLACEMENT_3D('',#995,#996,#997);
#995 = CARTESIAN_POINT('',(48.,38.,18.3));
#996 = DIRECTION('',(0.,0.,1.));
#997 = DIRECTION('',(1.,0.,-0.));
#998 = PCURVE('',#72,#999);
#999 = DEFINITIONAL_REPRESENTATION('',(#1000),#1004);
#1000 = CIRCLE('',#1001,2.5);
#1001 = AXIS2_PLACEMENT_2D('',#1002,#1003);
#1002 = CARTESIAN_POINT('',(50.,40.));
#1003 = DIRECTION('',(1.,0.));
#1004 = ( GEOMETRIC_REPRESENTATION_CONTEXT(2) 
PARAMETRIC_REPRESENTATION_CONTEXT() REPRESENTATION_CONTEXT('2D SPACE',''
  ) );
#1005 = PCURVE('',#1006,#1011);
#1006 = CYLINDRICAL_SURFACE('',#1007,2.5);
#1007 = AXIS2_PLACEMENT_3D('',#1008,#1009,#1010);
#1008 = CARTESIAN_POINT('',(48.,38.,4.6));
#1009 = DIRECTION('',(0.,0.,1.));
#1010 = DIRECTION('',(1.,0.,-0.));
#1011 = DEFINITIONAL_REPRESENTATION('',(#1012),#1016);
#1012 = LINE('',#1013,#1014);
#1013 = CARTESIAN_POINT('',(0.,13.7));
#1014 = VECTOR('',#1015,1.);
#1015 = DIRECTION('',(1.,0.));
#1016 = ( GEOMETRIC_REPRESENTATION_CONTEXT(2) 
PARAMETRIC_REPRESENTATION_CONTEXT() REPRESENTATION_CONTEXT('2D SPACE',''
  ) );
#1017 = ORIENTED_EDGE('',*,*,#1018,.F.);
#1018 = EDGE_CURVE('',#1019,#990,#1021,.T.);
#1019 = VERTEX_POINT('',#1020);
#1020 = CARTESIAN_POINT('',(46.5,40.,18.3));
#1021 = SURFACE_CURVE('',#1022,(#1027,#1034),.PCURVE_S1.);
#1022 = CIRCLE('',#1023,2.5);
#1023 = AXIS2_PLACEMENT_3D('',#1024,#1025,#1026);
#1024 = CARTESIAN_POINT('',(48.,38.,18.3));
#1025 = DIRECTION('',(0.,0.,1.));
#1026 = DIRECTION('',(1.,0.,-0.));
#1027 = PCURVE('',#72,#1028);
#1028 = DEFINITIONAL_REPRESENTATION('',(#1029),#1033);
#1029 = CIRCLE('',#1030,2.5);
#1030 = AXIS2_PLACEMENT_2D('',#1031,#1032);
#1031 = CARTESIAN_POINT('',(50.,40.));
#1032 = DIRECTION('',(1.,0.));
#1033 = ( GEOMETRIC_REPRESENTATION_CONTEXT(2) 
PARAMETRIC_REPRESENTATION_CONTEXT() REPRESENTATION_CONTEXT('2D SPACE',''
  ) );
#1034 = PCURVE('',#1006,#1035);
#1035 = DEFINITIONAL_REPRESENTATION('',(#1036),#1040);
#1036 = LINE('',#1037,#1038);
#1037 = CARTESIAN_POINT('',(0.,13.7));
#1038 = VECTOR('',#1039,1.);
#1039 = DIRECTION('',(1.,0.));
#1040 = ( GEOMETRIC_REPRESENTATION_CONTEXT(2) 
PARAMETRIC_REPRESENTATION_CONTEXT() REPRESENTATION_CONTEXT('2D SPACE',''
  ) );
#1041 = ORIENTED_EDGE('',*,*,#1042,.F.);
#1042 = EDGE_CURVE('',#1043,#1019,#1045,.T.);
#1043 = VERTEX_POINT('',#1044);
#1044 = CARTESIAN_POINT('',(4.5,40.,18.3));
#1045 = SURFACE_CURVE('',#1046,(#1050,#1057),.PCURVE_S1.);
#1046 = LINE('',#1047,#1048);
#1047 = CARTESIAN_POINT('',(4.,40.,18.3));
#1048 = VECTOR('',#1049,1.);
#1049 = DIRECTION('',(1.,0.,0.));
#1050 = PCURVE('',#72,#1051);
#1051 = DEFINITIONAL_REPRESENTATION('',(#1052),#1056);
#1052 = LINE('',#1053,#1054);
#1053 = CARTESIAN_POINT('',(6.,42.));
#1054 = VECTOR('',#1055,1.);
#1055 = DIRECTION('',(1.,0.));
#1056 = ( GEOMETRIC_REPRESENTATION_CONTEXT(2) 
PARAMETRIC_REPRESENTATION_CONTEXT() REPRESENTATION_CONTEXT('2D SPACE',''
  ) );
#1057 = PCURVE('',#1058,#1063);
#1058 = PLANE('',#1059);
#1059 = AXIS2_PLACEMENT_3D('',#1060,#1061,#1062);
#1060 = CARTESIAN_POINT('',(4.,40.,15.8));
#1061 = DIRECTION('',(0.,1.,0.));
#1062 = DIRECTION('',(0.,0.,1.));
#1063 = DEFINITIONAL_REPRESENTATION('',(#1064),#1068);
#1064 = LINE('',#1065,#1066);
#1065 = CARTESIAN_POINT('',(2.5,0.));
#1066 = VECTOR('',#1067,1.);
#1067 = DIRECTION('',(0.,1.));
#1068 = ( GEOMETRIC_REPRESENTATION_CONTEXT(2) 
PARAMETRIC_REPRESENTATION_CONTEXT() REPRESENTATION_CONTEXT('2D SPACE',''
  ) );
#1069 = ORIENTED_EDGE('',*,*,#1070,.F.);
#1070 = EDGE_CURVE('',#849,#1043,#1071,.T.);
#1071 = SURFACE_CURVE('',#1072,(#1077,#1084),.PCURVE_S1.);
#1072 = CIRCLE('',#1073,2.5);
#1073 = AXIS2_PLACEMENT_3D('',#1074,#1075,#1076);
#1074 = CARTESIAN_POINT('',(3.,38.,18.3));
#1075 = DIRECTION('',(0.,0.,1.));
#1076 = DIRECTION('',(1.,0.,-0.));
#1077 = PCURVE('',#72,#1078);
#1078 = DEFINITIONAL_REPRESENTATION('',(#1079),#1083);
#1079 = CIRCLE('',#1080,2.5);
#1080 = AXIS2_PLACEMENT_2D('',#1081,#1082);
#1081 = CARTESIAN_POINT('',(5.,40.));
#1082 = DIRECTION('',(1.,0.));
#1083 = ( GEOMETRIC_REPRESENTATION_CONTEXT(2) 
PARAMETRIC_REPRESENTATION_CONTEXT() REPRESENTATION_CONTEXT('2D SPACE',''
  ) );
#1084 = PCURVE('',#865,#1085);
#1085 = DEFINITIONAL_REPRESENTATION('',(#1086),#1090);
#1086 = LINE('',#1087,#1088);
#1087 = CARTESIAN_POINT('',(0.,13.7));
#1088 = VECTOR('',#1089,1.);
#1089 = DIRECTION('',(1.,0.));
#1090 = ( GEOMETRIC_REPRESENTATION_CONTEXT(2) 
PARAMETRIC_REPRESENTATION_CONTEXT() REPRESENTATION_CONTEXT('2D SPACE',''
  ) );
#1091 = FACE_BOUND('',#1092,.F.);
#1092 = EDGE_LOOP('',(#1093));
#1093 = ORIENTED_EDGE('',*,*,#1094,.F.);
#1094 = EDGE_CURVE('',#1095,#1095,#1097,.T.);
#1095 = VERTEX_POINT('',#1096);
#1096 = CARTESIAN_POINT('',(39.55,27.469,18.3));
#1097 = SURFACE_CURVE('',#1098,(#1103,#1110),.PCURVE_S1.);
#1098 = CIRCLE('',#1099,0.8);
#1099 = AXIS2_PLACEMENT_3D('',#1100,#1101,#1102);
#1100 = CARTESIAN_POINT('',(38.75,27.469,18.3));
#1101 = DIRECTION('',(0.,0.,1.));
#1102 = DIRECTION('',(1.,0.,-0.));
#1103 = PCURVE('',#72,#1104);
#1104 = DEFINITIONAL_REPRESENTATION('',(#1105),#1109);
#1105 = CIRCLE('',#1106,0.8);
#1106 = AXIS2_PLACEMENT_2D('',#1107,#1108);
#1107 = CARTESIAN_POINT('',(40.75,29.469));
#1108 = DIRECTION('',(1.,0.));
#1109 = ( GEOMETRIC_REPRESENTATION_CONTEXT(2) 
PARAMETRIC_REPRESENTATION_CONTEXT() REPRESENTATION_CONTEXT('2D SPACE',''
  ) );
#1110 = PCURVE('',#1111,#1116);
#1111 = CYLINDRICAL_SURFACE('',#1112,0.8);
#1112 = AXIS2_PLACEMENT_3D('',#1113,#1114,#1115);
#1113 = CARTESIAN_POINT('',(38.75,27.469,17.3));
#1114 = DIRECTION('',(0.,0.,1.));
#1115 = DIRECTION('',(1.,0.,-0.));
#1116 = DEFINITIONAL_REPRESENTATION('',(#1117),#1121);
#1117 = LINE('',#1118,#1119);
#1118 = CARTESIAN_POINT('',(0.,1.));
#1119 = VECTOR('',#1120,1.);
#1120 = DIRECTION('',(1.,0.));
#1121 = ( GEOMETRIC_REPRESENTATION_CONTEXT(2) 
PARAMETRIC_REPRESENTATION_CONTEXT() REPRESENTATION_CONTEXT('2D SPACE',''
  ) );
#1122 = FACE_BOUND('',#1123,.F.);
#1123 = EDGE_LOOP('',(#1124));
#1124 = ORIENTED_EDGE('',*,*,#1125,.F.);
#1125 = EDGE_CURVE('',#1126,#1126,#1128,.T.);
#1126 = VERTEX_POINT('',#1127);
#1127 = CARTESIAN_POINT('',(43.05,27.469,18.3));
#1128 = SURFACE_CURVE('',#1129,(#1134,#1141),.PCURVE_S1.);
#1129 = CIRCLE('',#1130,0.8);
#1130 = AXIS2_PLACEMENT_3D('',#1131,#1132,#1133);
#1131 = CARTESIAN_POINT('',(42.25,27.469,18.3));
#1132 = DIRECTION('',(0.,0.,1.));
#1133 = DIRECTION('',(1.,0.,-0.));
#1134 = PCURVE('',#72,#1135);
#1135 = DEFINITIONAL_REPRESENTATION('',(#1136),#1140);
#1136 = CIRCLE('',#1137,0.8);
#1137 = AXIS2_PLACEMENT_2D('',#1138,#1139);
#1138 = CARTESIAN_POINT('',(44.25,29.469));
#1139 = DIRECTION('',(1.,0.));
#1140 = ( GEOMETRIC_REPRESENTATION_CONTEXT(2) 
PARAMETRIC_REPRESENTATION_CONTEXT() REPRESENTATION_CONTEXT('2D SPACE',''
  ) );
#1141 = PCURVE('',#1142,#1147);
#1142 = CYLINDRICAL_SURFACE('',#1143,0.8);
#1143 = AXIS2_PLACEMENT_3D('',#1144,#1145,#1146);
#1144 = CARTESIAN_POINT('',(42.25,27.469,17.3));
#1145 = DIRECTION('',(0.,0.,1.));
#1146 = DIRECTION('',(1.,0.,-0.));
#1147 = DEFINITIONAL_REPRESENTATION('',(#1148),#1152);
#1148 = LINE('',#1149,#1150);
#1149 = CARTESIAN_POINT('',(0.,1.));
#1150 = VECTOR('',#1151,1.);
#1151 = DIRECTION('',(1.,0.));
#1152 = ( GEOMETRIC_REPRESENTATION_CONTEXT(2) 
PARAMETRIC_REPRESENTATION_CONTEXT() REPRESENTATION_CONTEXT('2D SPACE',''
  ) );
#1153 = FACE_BOUND('',#1154,.F.);
#1154 = EDGE_LOOP('',(#1155));
#1155 = ORIENTED_EDGE('',*,*,#1156,.F.);
#1156 = EDGE_CURVE('',#1157,#1157,#1159,.T.);
#1157 = VERTEX_POINT('',#1158);
#1158 = CARTESIAN_POINT('',(37.8,30.5,18.3));
#1159 = SURFACE_CURVE('',#1160,(#1165,#1172),.PCURVE_S1.);
#1160 = CIRCLE('',#1161,0.8);
#1161 = AXIS2_PLACEMENT_3D('',#1162,#1163,#1164);
#1162 = CARTESIAN_POINT('',(37.,30.5,18.3));
#1163 = DIRECTION('',(0.,0.,1.));
#1164 = DIRECTION('',(1.,0.,-0.));
#1165 = PCURVE('',#72,#1166);
#1166 = DEFINITIONAL_REPRESENTATION('',(#1167),#1171);
#1167 = CIRCLE('',#1168,0.8);
#1168 = AXIS2_PLACEMENT_2D('',#1169,#1170);
#1169 = CARTESIAN_POINT('',(39.,32.5));
#1170 = DIRECTION('',(1.,0.));
#1171 = ( GEOMETRIC_REPRESENTATION_CONTEXT(2) 
PARAMETRIC_REPRESENTATION_CONTEXT() REPRESENTATION_CONTEXT('2D SPACE',''
  ) );
#1172 = PCURVE('',#1173,#1178);
#1173 = CYLINDRICAL_SURFACE('',#1174,0.8);
#1174 = AXIS2_PLACEMENT_3D('',#1175,#1176,#1177);
#1175 = CARTESIAN_POINT('',(37.,30.5,17.3));
#1176 = DIRECTION('',(0.,0.,1.));
#1177 = DIRECTION('',(1.,0.,-0.));
#1178 = DEFINITIONAL_REPRESENTATION('',(#1179),#1183);
#1179 = LINE('',#1180,#1181);
#1180 = CARTESIAN_POINT('',(0.,1.));
#1181 = VECTOR('',#1182,1.);
#1182 = DIRECTION('',(1.,0.));
#1183 = ( GEOMETRIC_REPRESENTATION_CONTEXT(2) 
PARAMETRIC_REPRESENTATION_CONTEXT() REPRESENTATION_CONTEXT('2D SPACE',''
  ) );
#1184 = FACE_BOUND('',#1185,.F.);
#1185 = EDGE_LOOP('',(#1186));
#1186 = ORIENTED_EDGE('',*,*,#1187,.F.);
#1187 = EDGE_CURVE('',#1188,#1188,#1190,.T.);
#1188 = VERTEX_POINT('',#1189);
#1189 = CARTESIAN_POINT('',(41.3,30.5,18.3));
#1190 = SURFACE_CURVE('',#1191,(#1196,#1203),.PCURVE_S1.);
#1191 = CIRCLE('',#1192,0.8);
#1192 = AXIS2_PLACEMENT_3D('',#1193,#1194,#1195);
#1193 = CARTESIAN_POINT('',(40.5,30.5,18.3));
#1194 = DIRECTION('',(0.,0.,1.));
#1195 = DIRECTION('',(1.,0.,-0.));
#1196 = PCURVE('',#72,#1197);
#1197 = DEFINITIONAL_REPRESENTATION('',(#1198),#1202);
#1198 = CIRCLE('',#1199,0.8);
#1199 = AXIS2_PLACEMENT_2D('',#1200,#1201);
#1200 = CARTESIAN_POINT('',(42.5,32.5));
#1201 = DIRECTION('',(1.,0.));
#1202 = ( GEOMETRIC_REPRESENTATION_CONTEXT(2) 
PARAMETRIC_REPRESENTATION_CONTEXT() REPRESENTATION_CONTEXT('2D SPACE',''
  ) );
#1203 = PCURVE('',#1204,#1209);
#1204 = CYLINDRICAL_SURFACE('',#1205,0.8);
#1205 = AXIS2_PLACEMENT_3D('',#1206,#1207,#1208);
#1206 = CARTESIAN_POINT('',(40.5,30.5,17.3));
#1207 = DIRECTION('',(0.,0.,1.));
#1208 = DIRECTION('',(1.,0.,-0.));
#1209 = DEFINITIONAL_REPRESENTATION('',(#1210),#1214);
#1210 = LINE('',#1211,#1212);
#1211 = CARTESIAN_POINT('',(0.,1.));
#1212 = VECTOR('',#1213,1.);
#1213 = DIRECTION('',(1.,0.));
#1214 = ( GEOMETRIC_REPRESENTATION_CONTEXT(2) 
PARAMETRIC_REPRESENTATION_CONTEXT() REPRESENTATION_CONTEXT('2D SPACE',''
  ) );
#1215 = FACE_BOUND('',#1216,.F.);
#1216 = EDGE_LOOP('',(#1217));
#1217 = ORIENTED_EDGE('',*,*,#1218,.F.);
#1218 = EDGE_CURVE('',#1219,#1219,#1221,.T.);
#1219 = VERTEX_POINT('',#1220);
#1220 = CARTESIAN_POINT('',(44.8,30.5,18.3));
#1221 = SURFACE_CURVE('',#1222,(#1227,#1234),.PCURVE_S1.);
#1222 = CIRCLE('',#1223,0.8);
#1223 = AXIS2_PLACEMENT_3D('',#1224,#1225,#1226);
#1224 = CARTESIAN_POINT('',(44.,30.5,18.3));
#1225 = DIRECTION('',(0.,0.,1.));
#1226 = DIRECTION('',(1.,0.,-0.));
#1227 = PCURVE('',#72,#1228);
#1228 = DEFINITIONAL_REPRESENTATION('',(#1229),#1233);
#1229 = CIRCLE('',#1230,0.8);
#1230 = AXIS2_PLACEMENT_2D('',#1231,#1232);
#1231 = CARTESIAN_POINT('',(46.,32.5));
#1232 = DIRECTION('',(1.,0.));
#1233 = ( GEOMETRIC_REPRESENTATION_CONTEXT(2) 
PARAMETRIC_REPRESENTATION_CONTEXT() REPRESENTATION_CONTEXT('2D SPACE',''
  ) );
#1234 = PCURVE('',#1235,#1240);
#1235 = CYLINDRICAL_SURFACE('',#1236,0.8);
#1236 = AXIS2_PLACEMENT_3D('',#1237,#1238,#1239);
#1237 = CARTESIAN_POINT('',(44.,30.5,17.3));
#1238 = DIRECTION('',(0.,0.,1.));
#1239 = DIRECTION('',(1.,0.,-0.));
#1240 = DEFINITIONAL_REPRESENTATION('',(#1241),#1245);
#1241 = LINE('',#1242,#1243);
#1242 = CARTESIAN_POINT('',(0.,1.));
#1243 = VECTOR('',#1244,1.);
#1244 = DIRECTION('',(1.,0.));
#1245 = ( GEOMETRIC_REPRESENTATION_CONTEXT(2) 
PARAMETRIC_REPRESENTATION_CONTEXT() REPRESENTATION_CONTEXT('2D SPACE',''
  ) );
#1246 = FACE_BOUND('',#1247,.F.);
#1247 = EDGE_LOOP('',(#1248));
#1248 = ORIENTED_EDGE('',*,*,#1249,.F.);
#1249 = EDGE_CURVE('',#1250,#1250,#1252,.T.);
#1250 = VERTEX_POINT('',#1251);
#1251 = CARTESIAN_POINT('',(39.55,33.531,18.3));
#1252 = SURFACE_CURVE('',#1253,(#1258,#1265),.PCURVE_S1.);
#1253 = CIRCLE('',#1254,0.8);
#1254 = AXIS2_PLACEMENT_3D('',#1255,#1256,#1257);
#1255 = CARTESIAN_POINT('',(38.75,33.531,18.3));
#1256 = DIRECTION('',(0.,0.,1.));
#1257 = DIRECTION('',(1.,0.,-0.));
#1258 = PCURVE('',#72,#1259);
#1259 = DEFINITIONAL_REPRESENTATION('',(#1260),#1264);
#1260 = CIRCLE('',#1261,0.8);
#1261 = AXIS2_PLACEMENT_2D('',#1262,#1263);
#1262 = CARTESIAN_POINT('',(40.75,35.531));
#1263 = DIRECTION('',(1.,0.));
#1264 = ( GEOMETRIC_REPRESENTATION_CONTEXT(2) 
PARAMETRIC_REPRESENTATION_CONTEXT() REPRESENTATION_CONTEXT('2D SPACE',''
  ) );
#1265 = PCURVE('',#1266,#1271);
#1266 = CYLINDRICAL_SURFACE('',#1267,0.8);
#1267 = AXIS2_PLACEMENT_3D('',#1268,#1269,#1270);
#1268 = CARTESIAN_POINT('',(38.75,33.531,17.3));
#1269 = DIRECTION('',(0.,0.,1.));
#1270 = DIRECTION('',(1.,0.,-0.));
#1271 = DEFINITIONAL_REPRESENTATION('',(#1272),#1276);
#1272 = LINE('',#1273,#1274);
#1273 = CARTESIAN_POINT('',(0.,1.));
#1274 = VECTOR('',#1275,1.);
#1275 = DIRECTION('',(1.,0.));
#1276 = ( GEOMETRIC_REPRESENTATION_CONTEXT(2) 
PARAMETRIC_REPRESENTATION_CONTEXT() REPRESENTATION_CONTEXT('2D SPACE',''
  ) );
#1277 = FACE_BOUND('',#1278,.F.);
#1278 = EDGE_LOOP('',(#1279));
#1279 = ORIENTED_EDGE('',*,*,#1280,.F.);
#1280 = EDGE_CURVE('',#1281,#1281,#1283,.T.);
#1281 = VERTEX_POINT('',#1282);
#1282 = CARTESIAN_POINT('',(43.05,33.531,18.3));
#1283 = SURFACE_CURVE('',#1284,(#1289,#1296),.PCURVE_S1.);
#1284 = CIRCLE('',#1285,0.8);
#1285 = AXIS2_PLACEMENT_3D('',#1286,#1287,#1288);
#1286 = CARTESIAN_POINT('',(42.25,33.531,18.3));
#1287 = DIRECTION('',(0.,0.,1.));
#1288 = DIRECTION('',(1.,0.,-0.));
#1289 = PCURVE('',#72,#1290);
#1290 = DEFINITIONAL_REPRESENTATION('',(#1291),#1295);
#1291 = CIRCLE('',#1292,0.8);
#1292 = AXIS2_PLACEMENT_2D('',#1293,#1294);
#1293 = CARTESIAN_POINT('',(44.25,35.531));
#1294 = DIRECTION('',(1.,0.));
#1295 = ( GEOMETRIC_REPRESENTATION_CONTEXT(2) 
PARAMETRIC_REPRESENTATION_CONTEXT() REPRESENTATION_CONTEXT('2D SPACE',''
  ) );
#1296 = PCURVE('',#1297,#1302);
#1297 = CYLINDRICAL_SURFACE('',#1298,0.8);
#1298 = AXIS2_PLACEMENT_3D('',#1299,#1300,#1301);
#1299 = CARTESIAN_POINT('',(42.25,33.531,17.3));
#1300 = DIRECTION('',(0.,0.,1.));
#1301 = DIRECTION('',(1.,0.,-0.));
#1302 = DEFINITIONAL_REPRESENTATION('',(#1303),#1307);
#1303 = LINE('',#1304,#1305);
#1304 = CARTESIAN_POINT('',(0.,1.));
#1305 = VECTOR('',#1306,1.);
#1306 = DIRECTION('',(1.,0.));
#1307 = ( GEOMETRIC_REPRESENTATION_CONTEXT(2) 
PARAMETRIC_REPRESENTATION_CONTEXT() REPRESENTATION_CONTEXT('2D SPACE',''
  ) );
#1308 = ADVANCED_FACE('',(#1309),#100,.T.);
#1309 = FACE_BOUND('',#1310,.F.);
#1310 = EDGE_LOOP('',(#1311,#1312,#1313,#1336));
#1311 = ORIENTED_EDGE('',*,*,#84,.F.);
#1312 = ORIENTED_EDGE('',*,*,#446,.T.);
#1313 = ORIENTED_EDGE('',*,*,#1314,.T.);
#1314 = EDGE_CURVE('',#419,#1315,#1317,.T.);
#1315 = VERTEX_POINT('',#1316);
#1316 = CARTESIAN_POINT('',(2.,43.,19.1));
#1317 = SURFACE_CURVE('',#1318,(#1322,#1329),.PCURVE_S1.);
#1318 = LINE('',#1319,#1320);
#1319 = CARTESIAN_POINT('',(2.,43.,18.3));
#1320 = VECTOR('',#1321,1.);
#1321 = DIRECTION('',(0.,0.,1.));
#1322 = PCURVE('',#100,#1323);
#1323 = DEFINITIONAL_REPRESENTATION('',(#1324),#1328);
#1324 = LINE('',#1325,#1326);
#1325 = CARTESIAN_POINT('',(-1.570796326795,0.));
#1326 = VECTOR('',#1327,1.);
#1327 = DIRECTION('',(-0.,1.));
#1328 = ( GEOMETRIC_REPRESENTATION_CONTEXT(2) 
PARAMETRIC_REPRESENTATION_CONTEXT() REPRESENTATION_CONTEXT('2D SPACE',''
  ) );
#1329 = PCURVE('',#434,#1330);
#1330 = DEFINITIONAL_REPRESENTATION('',(#1331),#1335);
#1331 = LINE('',#1332,#1333);
#1332 = CARTESIAN_POINT('',(0.,4.));
#1333 = VECTOR('',#1334,1.);
#1334 = DIRECTION('',(1.,0.));
#1335 = ( GEOMETRIC_REPRESENTATION_CONTEXT(2) 
PARAMETRIC_REPRESENTATION_CONTEXT() REPRESENTATION_CONTEXT('2D SPACE',''
  ) );
#1336 = ORIENTED_EDGE('',*,*,#1337,.F.);
#1337 = EDGE_CURVE('',#85,#1315,#1338,.T.);
#1338 = SURFACE_CURVE('',#1339,(#1344,#1351),.PCURVE_S1.);
#1339 = CIRCLE('',#1340,4.);
#1340 = AXIS2_PLACEMENT_3D('',#1341,#1342,#1343);
#1341 = CARTESIAN_POINT('',(2.,39.,19.1));
#1342 = DIRECTION('',(-0.,0.,-1.));
#1343 = DIRECTION('',(-1.,0.,0.));
#1344 = PCURVE('',#100,#1345);
#1345 = DEFINITIONAL_REPRESENTATION('',(#1346),#1350);
#1346 = LINE('',#1347,#1348);
#1347 = CARTESIAN_POINT('',(-0.,0.8));
#1348 = VECTOR('',#1349,1.);
#1349 = DIRECTION('',(-1.,0.));
#1350 = ( GEOMETRIC_REPRESENTATION_CONTEXT(2) 
PARAMETRIC_REPRESENTATION_CONTEXT() REPRESENTATION_CONTEXT('2D SPACE',''
  ) );
#1351 = PCURVE('',#288,#1352);
#1352 = DEFINITIONAL_REPRESENTATION('',(#1353),#1357);
#1353 = LINE('',#1354,#1355);
#1354 = CARTESIAN_POINT('',(-0.,0.));
#1355 = VECTOR('',#1356,1.);
#1356 = DIRECTION('',(-1.,0.));
#1357 = ( GEOMETRIC_REPRESENTATION_CONTEXT(2) 
PARAMETRIC_REPRESENTATION_CONTEXT() REPRESENTATION_CONTEXT('2D SPACE',''
  ) );
#1358 = ADVANCED_FACE('',(#1359),#209,.T.);
#1359 = FACE_BOUND('',#1360,.F.);
#1360 = EDGE_LOOP('',(#1361,#1388,#1389,#1390));
#1361 = ORIENTED_EDGE('',*,*,#1362,.F.);
#1362 = EDGE_CURVE('',#167,#1363,#1365,.T.);
#1363 = VERTEX_POINT('',#1364);
#1364 = CARTESIAN_POINT('',(2.,-0.8,20.3));
#1365 = SURFACE_CURVE('',#1366,(#1371,#1377),.PCURVE_S1.);
#1366 = CIRCLE('',#1367,1.2);
#1367 = AXIS2_PLACEMENT_3D('',#1368,#1369,#1370);
#1368 = CARTESIAN_POINT('',(2.,-0.8,19.1));
#1369 = DIRECTION('',(-1.,-0.,0.));
#1370 = DIRECTION('',(0.,-1.,0.));
#1371 = PCURVE('',#209,#1372);
#1372 = DEFINITIONAL_REPRESENTATION('',(#1373),#1376);
#1373 = B_SPLINE_CURVE_WITH_KNOTS('',1,(#1374,#1375),.UNSPECIFIED.,.F.,
  .F.,(2,2),(0.,1.570796326795),.PIECEWISE_BEZIER_KNOTS.);
#1374 = CARTESIAN_POINT('',(2.22044604925E-16,0.));
#1375 = CARTESIAN_POINT('',(2.22044604925E-16,1.570796326795));
#1376 = ( GEOMETRIC_REPRESENTATION_CONTEXT(2) 
PARAMETRIC_REPRESENTATION_CONTEXT() REPRESENTATION_CONTEXT('2D SPACE',''
  ) );
#1377 = PCURVE('',#1378,#1383);
#1378 = CYLINDRICAL_SURFACE('',#1379,1.2);
#1379 = AXIS2_PLACEMENT_3D('',#1380,#1381,#1382);
#1380 = CARTESIAN_POINT('',(68.,-0.8,19.1));
#1381 = DIRECTION('',(-1.,-0.,-0.));
#1382 = DIRECTION('',(0.,-1.,0.));
#1383 = DEFINITIONAL_REPRESENTATION('',(#1384),#1387);
#1384 = B_SPLINE_CURVE_WITH_KNOTS('',1,(#1385,#1386),.UNSPECIFIED.,.F.,
  .F.,(2,2),(0.,1.570796326795),.PIECEWISE_BEZIER_KNOTS.);
#1385 = CARTESIAN_POINT('',(0.,66.));
#1386 = CARTESIAN_POINT('',(1.570796326795,66.));
#1387 = ( GEOMETRIC_REPRESENTATION_CONTEXT(2) 
PARAMETRIC_REPRESENTATION_CONTEXT() REPRESENTATION_CONTEXT('2D SPACE',''
  ) );
#1388 = ORIENTED_EDGE('',*,*,#194,.T.);
#1389 = ORIENTED_EDGE('',*,*,#224,.T.);
#1390 = ORIENTED_EDGE('',*,*,#1391,.F.);
#1391 = EDGE_CURVE('',#1363,#225,#1392,.T.);
#1392 = SURFACE_CURVE('',#1393,(#1398,#1405),.PCURVE_S1.);
#1393 = CIRCLE('',#1394,2.8);
#1394 = AXIS2_PLACEMENT_3D('',#1395,#1396,#1397);
#1395 = CARTESIAN_POINT('',(2.,2.,20.3));
#1396 = DIRECTION('',(-0.,0.,-1.));
#1397 = DIRECTION('',(-2.22044604925E-16,-1.,0.));
#1398 = PCURVE('',#209,#1399);
#1399 = DEFINITIONAL_REPRESENTATION('',(#1400),#1404);
#1400 = LINE('',#1401,#1402);
#1401 = CARTESIAN_POINT('',(-0.,1.570796326795));
#1402 = VECTOR('',#1403,1.);
#1403 = DIRECTION('',(-1.,0.));
#1404 = ( GEOMETRIC_REPRESENTATION_CONTEXT(2) 
PARAMETRIC_REPRESENTATION_CONTEXT() REPRESENTATION_CONTEXT('2D SPACE',''
  ) );
#1405 = PCURVE('',#262,#1406);
#1406 = DEFINITIONAL_REPRESENTATION('',(#1407),#1415);
#1407 = ( BOUNDED_CURVE() B_SPLINE_CURVE(2,(#1408,#1409,#1410,#1411,
#1412,#1413,#1414),.UNSPECIFIED.,.T.,.F.) B_SPLINE_CURVE_WITH_KNOTS((1,2
    ,2,2,2,1),(-2.094395102393,0.,2.094395102393,4.188790204786,
6.28318530718,8.377580409573),.UNSPECIFIED.) CURVE() 
GEOMETRIC_REPRESENTATION_ITEM() RATIONAL_B_SPLINE_CURVE((1.,0.5,1.,0.5,
1.,0.5,1.)) REPRESENTATION_ITEM('') );
#1408 = CARTESIAN_POINT('',(4.,1.2));
#1409 = CARTESIAN_POINT('',(-0.849742261193,1.2));
#1410 = CARTESIAN_POINT('',(1.575128869404,5.4));
#1411 = CARTESIAN_POINT('',(4.,9.6));
#1412 = CARTESIAN_POINT('',(6.424871130596,5.4));
#1413 = CARTESIAN_POINT('',(8.849742261193,1.2));
#1414 = CARTESIAN_POINT('',(4.,1.2));
#1415 = ( GEOMETRIC_REPRESENTATION_CONTEXT(2) 
PARAMETRIC_REPRESENTATION_CONTEXT() REPRESENTATION_CONTEXT('2D SPACE',''
  ) );
#1416 = ADVANCED_FACE('',(#1417),#182,.F.);
#1417 = FACE_BOUND('',#1418,.F.);
#1418 = EDGE_LOOP('',(#1419,#1420,#1443,#1464));
#1419 = ORIENTED_EDGE('',*,*,#166,.T.);
#1420 = ORIENTED_EDGE('',*,*,#1421,.F.);
#1421 = EDGE_CURVE('',#1422,#167,#1424,.T.);
#1422 = VERTEX_POINT('',#1423);
#1423 = CARTESIAN_POINT('',(68.,-2.,19.1));
#1424 = SURFACE_CURVE('',#1425,(#1429,#1436),.PCURVE_S1.);
#1425 = LINE('',#1426,#1427);
#1426 = CARTESIAN_POINT('',(68.,-2.,19.1));
#1427 = VECTOR('',#1428,1.);
#1428 = DIRECTION('',(-1.,-0.,-0.));
#1429 = PCURVE('',#182,#1430);
#1430 = DEFINITIONAL_REPRESENTATION('',(#1431),#1435);
#1431 = LINE('',#1432,#1433);
#1432 = CARTESIAN_POINT('',(0.8,70.));
#1433 = VECTOR('',#1434,1.);
#1434 = DIRECTION('',(-0.,-1.));
#1435 = ( GEOMETRIC_REPRESENTATION_CONTEXT(2) 
PARAMETRIC_REPRESENTATION_CONTEXT() REPRESENTATION_CONTEXT('2D SPACE',''
  ) );
#1436 = PCURVE('',#1378,#1437);
#1437 = DEFINITIONAL_REPRESENTATION('',(#1438),#1442);
#1438 = LINE('',#1439,#1440);
#1439 = CARTESIAN_POINT('',(0.,0.));
#1440 = VECTOR('',#1441,1.);
#1441 = DIRECTION('',(0.,1.));
#1442 = ( GEOMETRIC_REPRESENTATION_CONTEXT(2) 
PARAMETRIC_REPRESENTATION_CONTEXT() REPRESENTATION_CONTEXT('2D SPACE',''
  ) );
#1443 = ORIENTED_EDGE('',*,*,#1444,.F.);
#1444 = EDGE_CURVE('',#306,#1422,#1445,.T.);
#1445 = SURFACE_CURVE('',#1446,(#1450,#1457),.PCURVE_S1.);
#1446 = LINE('',#1447,#1448);
#1447 = CARTESIAN_POINT('',(68.,-2.,18.3));
#1448 = VECTOR('',#1449,1.);
#1449 = DIRECTION('',(0.,0.,1.));
#1450 = PCURVE('',#182,#1451);
#1451 = DEFINITIONAL_REPRESENTATION('',(#1452),#1456);
#1452 = LINE('',#1453,#1454);
#1453 = CARTESIAN_POINT('',(0.,70.));
#1454 = VECTOR('',#1455,1.);
#1455 = DIRECTION('',(1.,0.));
#1456 = ( GEOMETRIC_REPRESENTATION_CONTEXT(2) 
PARAMETRIC_REPRESENTATION_CONTEXT() REPRESENTATION_CONTEXT('2D SPACE',''
  ) );
#1457 = PCURVE('',#349,#1458);
#1458 = DEFINITIONAL_REPRESENTATION('',(#1459),#1463);
#1459 = LINE('',#1460,#1461);
#1460 = CARTESIAN_POINT('',(-1.570796326795,0.));
#1461 = VECTOR('',#1462,1.);
#1462 = DIRECTION('',(-0.,1.));
#1463 = ( GEOMETRIC_REPRESENTATION_CONTEXT(2) 
PARAMETRIC_REPRESENTATION_CONTEXT() REPRESENTATION_CONTEXT('2D SPACE',''
  ) );
#1464 = ORIENTED_EDGE('',*,*,#305,.F.);
#1465 = ADVANCED_FACE('',(#1466,#1641,#1672,#1992,#2254,#2496,#2610,
    #2724,#2922,#3036,#3810,#4704,#4946,#5274,#5305,#5336,#5367,#5398,
    #5424,#5450,#5476,#5502,#5528,#5554,#5580),#262,.T.);
#1466 = FACE_BOUND('',#1467,.T.);
#1467 = EDGE_LOOP('',(#1468,#1469,#1470,#1493,#1526,#1554,#1587,#1615));
#1468 = ORIENTED_EDGE('',*,*,#246,.F.);
#1469 = ORIENTED_EDGE('',*,*,#1391,.F.);
#1470 = ORIENTED_EDGE('',*,*,#1471,.F.);
#1471 = EDGE_CURVE('',#1472,#1363,#1474,.T.);
#1472 = VERTEX_POINT('',#1473);
#1473 = CARTESIAN_POINT('',(68.,-0.8,20.3));
#1474 = SURFACE_CURVE('',#1475,(#1479,#1486),.PCURVE_S1.);
#1475 = LINE('',#1476,#1477);
#1476 = CARTESIAN_POINT('',(68.,-0.8,20.3));
#1477 = VECTOR('',#1478,1.);
#1478 = DIRECTION('',(-1.,-0.,-0.));
#1479 = PCURVE('',#262,#1480);
#1480 = DEFINITIONAL_REPRESENTATION('',(#1481),#1485);
#1481 = LINE('',#1482,#1483);
#1482 = CARTESIAN_POINT('',(70.,1.2));
#1483 = VECTOR('',#1484,1.);
#1484 = DIRECTION('',(-1.,-0.));
#1485 = ( GEOMETRIC_REPRESENTATION_CONTEXT(2) 
PARAMETRIC_REPRESENTATION_CONTEXT() REPRESENTATION_CONTEXT('2D SPACE',''
  ) );
#1486 = PCURVE('',#1378,#1487);
#1487 = DEFINITIONAL_REPRESENTATION('',(#1488),#1492);
#1488 = LINE('',#1489,#1490);
#1489 = CARTESIAN_POINT('',(1.570796326795,0.));
#1490 = VECTOR('',#1491,1.);
#1491 = DIRECTION('',(0.,1.));
#1492 = ( GEOMETRIC_REPRESENTATION_CONTEXT(2) 
PARAMETRIC_REPRESENTATION_CONTEXT() REPRESENTATION_CONTEXT('2D SPACE',''
  ) );
#1493 = ORIENTED_EDGE('',*,*,#1494,.F.);
#1494 = EDGE_CURVE('',#1495,#1472,#1497,.T.);
#1495 = VERTEX_POINT('',#1496);
#1496 = CARTESIAN_POINT('',(70.8,2.,20.3));
#1497 = SURFACE_CURVE('',#1498,(#1503,#1514),.PCURVE_S1.);
#1498 = CIRCLE('',#1499,2.8);
#1499 = AXIS2_PLACEMENT_3D('',#1500,#1501,#1502);
#1500 = CARTESIAN_POINT('',(68.,2.,20.3));
#1501 = DIRECTION('',(0.,-0.,-1.));
#1502 = DIRECTION('',(1.,0.,-0.));
#1503 = PCURVE('',#262,#1504);
#1504 = DEFINITIONAL_REPRESENTATION('',(#1505),#1513);
#1505 = ( BOUNDED_CURVE() B_SPLINE_CURVE(2,(#1506,#1507,#1508,#1509,
#1510,#1511,#1512),.UNSPECIFIED.,.T.,.F.) B_SPLINE_CURVE_WITH_KNOTS((1,2
    ,2,2,2,1),(-2.094395102393,0.,2.094395102393,4.188790204786,
6.28318530718,8.377580409573),.UNSPECIFIED.) CURVE() 
GEOMETRIC_REPRESENTATION_ITEM() RATIONAL_B_SPLINE_CURVE((1.,0.5,1.,0.5,
1.,0.5,1.)) REPRESENTATION_ITEM('') );
#1506 = CARTESIAN_POINT('',(72.8,4.));
#1507 = CARTESIAN_POINT('',(72.8,-0.849742261193));
#1508 = CARTESIAN_POINT('',(68.6,1.575128869404));
#1509 = CARTESIAN_POINT('',(64.4,4.));
#1510 = CARTESIAN_POINT('',(68.6,6.424871130596));
#1511 = CARTESIAN_POINT('',(72.8,8.849742261193));
#1512 = CARTESIAN_POINT('',(72.8,4.));
#1513 = ( GEOMETRIC_REPRESENTATION_CONTEXT(2) 
PARAMETRIC_REPRESENTATION_CONTEXT() REPRESENTATION_CONTEXT('2D SPACE',''
  ) );
#1514 = PCURVE('',#1515,#1520);
#1515 = TOROIDAL_SURFACE('',#1516,2.8,1.2);
#1516 = AXIS2_PLACEMENT_3D('',#1517,#1518,#1519);
#1517 = CARTESIAN_POINT('',(68.,2.,19.1));
#1518 = DIRECTION('',(0.,0.,1.));
#1519 = DIRECTION('',(1.,0.,-0.));
#1520 = DEFINITIONAL_REPRESENTATION('',(#1521),#1525);
#1521 = LINE('',#1522,#1523);
#1522 = CARTESIAN_POINT('',(-0.,1.570796326795));
#1523 = VECTOR('',#1524,1.);
#1524 = DIRECTION('',(-1.,0.));
#1525 = ( GEOMETRIC_REPRESENTATION_CONTEXT(2) 
PARAMETRIC_REPRESENTATION_CONTEXT() REPRESENTATION_CONTEXT('2D SPACE',''
  ) );
#1526 = ORIENTED_EDGE('',*,*,#1527,.F.);
#1527 = EDGE_CURVE('',#1528,#1495,#1530,.T.);
#1528 = VERTEX_POINT('',#1529);
#1529 = CARTESIAN_POINT('',(70.8,39.,20.3));
#1530 = SURFACE_CURVE('',#1531,(#1535,#1542),.PCURVE_S1.);
#1531 = LINE('',#1532,#1533);
#1532 = CARTESIAN_POINT('',(70.8,39.,20.3));
#1533 = VECTOR('',#1534,1.);
#1534 = DIRECTION('',(-0.,-1.,-0.));
#1535 = PCURVE('',#262,#1536);
#1536 = DEFINITIONAL_REPRESENTATION('',(#1537),#1541);
#1537 = LINE('',#1538,#1539);
#1538 = CARTESIAN_POINT('',(72.8,41.));
#1539 = VECTOR('',#1540,1.);
#1540 = DIRECTION('',(-0.,-1.));
#1541 = ( GEOMETRIC_REPRESENTATION_CONTEXT(2) 
PARAMETRIC_REPRESENTATION_CONTEXT() REPRESENTATION_CONTEXT('2D SPACE',''
  ) );
#1542 = PCURVE('',#1543,#1548);
#1543 = CYLINDRICAL_SURFACE('',#1544,1.2);
#1544 = AXIS2_PLACEMENT_3D('',#1545,#1546,#1547);
#1545 = CARTESIAN_POINT('',(70.8,39.,19.1));
#1546 = DIRECTION('',(-0.,-1.,-0.));
#1547 = DIRECTION('',(1.,0.,-0.));
#1548 = DEFINITIONAL_REPRESENTATION('',(#1549),#1553);
#1549 = LINE('',#1550,#1551);
#1550 = CARTESIAN_POINT('',(1.570796326795,0.));
#1551 = VECTOR('',#1552,1.);
#1552 = DIRECTION('',(0.,1.));
#1553 = ( GEOMETRIC_REPRESENTATION_CONTEXT(2) 
PARAMETRIC_REPRESENTATION_CONTEXT() REPRESENTATION_CONTEXT('2D SPACE',''
  ) );
#1554 = ORIENTED_EDGE('',*,*,#1555,.F.);
#1555 = EDGE_CURVE('',#1556,#1528,#1558,.T.);
#1556 = VERTEX_POINT('',#1557);
#1557 = CARTESIAN_POINT('',(68.,41.8,20.3));
#1558 = SURFACE_CURVE('',#1559,(#1564,#1575),.PCURVE_S1.);
#1559 = CIRCLE('',#1560,2.8);
#1560 = AXIS2_PLACEMENT_3D('',#1561,#1562,#1563);
#1561 = CARTESIAN_POINT('',(68.,39.,20.3));
#1562 = DIRECTION('',(0.,-0.,-1.));
#1563 = DIRECTION('',(0.,1.,-0.));
#1564 = PCURVE('',#262,#1565);
#1565 = DEFINITIONAL_REPRESENTATION('',(#1566),#1574);
#1566 = ( BOUNDED_CURVE() B_SPLINE_CURVE(2,(#1567,#1568,#1569,#1570,
#1571,#1572,#1573),.UNSPECIFIED.,.T.,.F.) B_SPLINE_CURVE_WITH_KNOTS((1,2
    ,2,2,2,1),(-2.094395102393,0.,2.094395102393,4.188790204786,
6.28318530718,8.377580409573),.UNSPECIFIED.) CURVE() 
GEOMETRIC_REPRESENTATION_ITEM() RATIONAL_B_SPLINE_CURVE((1.,0.5,1.,0.5,
1.,0.5,1.)) REPRESENTATION_ITEM('') );
#1567 = CARTESIAN_POINT('',(70.,43.8));
#1568 = CARTESIAN_POINT('',(74.849742261193,43.8));
#1569 = CARTESIAN_POINT('',(72.424871130596,39.6));
#1570 = CARTESIAN_POINT('',(70.,35.4));
#1571 = CARTESIAN_POINT('',(67.575128869404,39.6));
#1572 = CARTESIAN_POINT('',(65.150257738807,43.8));
#1573 = CARTESIAN_POINT('',(70.,43.8));
#1574 = ( GEOMETRIC_REPRESENTATION_CONTEXT(2) 
PARAMETRIC_REPRESENTATION_CONTEXT() REPRESENTATION_CONTEXT('2D SPACE',''
  ) );
#1575 = PCURVE('',#1576,#1581);
#1576 = TOROIDAL_SURFACE('',#1577,2.8,1.2);
#1577 = AXIS2_PLACEMENT_3D('',#1578,#1579,#1580);
#1578 = CARTESIAN_POINT('',(68.,39.,19.1));
#1579 = DIRECTION('',(0.,0.,1.));
#1580 = DIRECTION('',(0.,1.,-0.));
#1581 = DEFINITIONAL_REPRESENTATION('',(#1582),#1586);
#1582 = LINE('',#1583,#1584);
#1583 = CARTESIAN_POINT('',(-0.,1.570796326795));
#1584 = VECTOR('',#1585,1.);
#1585 = DIRECTION('',(-1.,0.));
#1586 = ( GEOMETRIC_REPRESENTATION_CONTEXT(2) 
PARAMETRIC_REPRESENTATION_CONTEXT() REPRESENTATION_CONTEXT('2D SPACE',''
  ) );
#1587 = ORIENTED_EDGE('',*,*,#1588,.F.);
#1588 = EDGE_CURVE('',#1589,#1556,#1591,.T.);
#1589 = VERTEX_POINT('',#1590);
#1590 = CARTESIAN_POINT('',(2.,41.8,20.3));
#1591 = SURFACE_CURVE('',#1592,(#1596,#1603),.PCURVE_S1.);
#1592 = LINE('',#1593,#1594);
#1593 = CARTESIAN_POINT('',(2.,41.8,20.3));
#1594 = VECTOR('',#1595,1.);
#1595 = DIRECTION('',(1.,0.,0.));
#1596 = PCURVE('',#262,#1597);
#1597 = DEFINITIONAL_REPRESENTATION('',(#1598),#1602);
#1598 = LINE('',#1599,#1600);
#1599 = CARTESIAN_POINT('',(4.,43.8));
#1600 = VECTOR('',#1601,1.);
#1601 = DIRECTION('',(1.,0.));
#1602 = ( GEOMETRIC_REPRESENTATION_CONTEXT(2) 
PARAMETRIC_REPRESENTATION_CONTEXT() REPRESENTATION_CONTEXT('2D SPACE',''
  ) );
#1603 = PCURVE('',#1604,#1609);
#1604 = CYLINDRICAL_SURFACE('',#1605,1.2);
#1605 = AXIS2_PLACEMENT_3D('',#1606,#1607,#1608);
#1606 = CARTESIAN_POINT('',(2.,41.8,19.1));
#1607 = DIRECTION('',(1.,0.,0.));
#1608 = DIRECTION('',(-0.,1.,0.));
#1609 = DEFINITIONAL_REPRESENTATION('',(#1610),#1614);
#1610 = LINE('',#1611,#1612);
#1611 = CARTESIAN_POINT('',(1.570796326795,0.));
#1612 = VECTOR('',#1613,1.);
#1613 = DIRECTION('',(0.,1.));
#1614 = ( GEOMETRIC_REPRESENTATION_CONTEXT(2) 
PARAMETRIC_REPRESENTATION_CONTEXT() REPRESENTATION_CONTEXT('2D SPACE',''
  ) );
#1615 = ORIENTED_EDGE('',*,*,#1616,.F.);
#1616 = EDGE_CURVE('',#247,#1589,#1617,.T.);
#1617 = SURFACE_CURVE('',#1618,(#1623,#1634),.PCURVE_S1.);
#1618 = CIRCLE('',#1619,2.8);
#1619 = AXIS2_PLACEMENT_3D('',#1620,#1621,#1622);
#1620 = CARTESIAN_POINT('',(2.,39.,20.3));
#1621 = DIRECTION('',(-0.,0.,-1.));
#1622 = DIRECTION('',(-1.,0.,0.));
#1623 = PCURVE('',#262,#1624);
#1624 = DEFINITIONAL_REPRESENTATION('',(#1625),#1633);
#1625 = ( BOUNDED_CURVE() B_SPLINE_CURVE(2,(#1626,#1627,#1628,#1629,
#1630,#1631,#1632),.UNSPECIFIED.,.T.,.F.) B_SPLINE_CURVE_WITH_KNOTS((1,2
    ,2,2,2,1),(-2.094395102393,0.,2.094395102393,4.188790204786,
6.28318530718,8.377580409573),.UNSPECIFIED.) CURVE() 
GEOMETRIC_REPRESENTATION_ITEM() RATIONAL_B_SPLINE_CURVE((1.,0.5,1.,0.5,
1.,0.5,1.)) REPRESENTATION_ITEM('') );
#1626 = CARTESIAN_POINT('',(1.2,41.));
#1627 = CARTESIAN_POINT('',(1.2,45.849742261193));
#1628 = CARTESIAN_POINT('',(5.4,43.424871130596));
#1629 = CARTESIAN_POINT('',(9.6,41.));
#1630 = CARTESIAN_POINT('',(5.4,38.575128869404));
#1631 = CARTESIAN_POINT('',(1.2,36.150257738807));
#1632 = CARTESIAN_POINT('',(1.2,41.));
#1633 = ( GEOMETRIC_REPRESENTATION_CONTEXT(2) 
PARAMETRIC_REPRESENTATION_CONTEXT() REPRESENTATION_CONTEXT('2D SPACE',''
  ) );
#1634 = PCURVE('',#288,#1635);
#1635 = DEFINITIONAL_REPRESENTATION('',(#1636),#1640);
#1636 = LINE('',#1637,#1638);
#1637 = CARTESIAN_POINT('',(-0.,1.570796326795));
#1638 = VECTOR('',#1639,1.);
#1639 = DIRECTION('',(-1.,0.));
#1640 = ( GEOMETRIC_REPRESENTATION_CONTEXT(2) 
PARAMETRIC_REPRESENTATION_CONTEXT() REPRESENTATION_CONTEXT('2D SPACE',''
  ) );
#1641 = FACE_BOUND('',#1642,.T.);
#1642 = EDGE_LOOP('',(#1643));
#1643 = ORIENTED_EDGE('',*,*,#1644,.F.);
#1644 = EDGE_CURVE('',#1645,#1645,#1647,.T.);
#1645 = VERTEX_POINT('',#1646);
#1646 = CARTESIAN_POINT('',(5.2,3.,20.3));
#1647 = SURFACE_CURVE('',#1648,(#1653,#1660),.PCURVE_S1.);
#1648 = CIRCLE('',#1649,2.2);
#1649 = AXIS2_PLACEMENT_3D('',#1650,#1651,#1652);
#1650 = CARTESIAN_POINT('',(3.,3.,20.3));
#1651 = DIRECTION('',(0.,0.,1.));
#1652 = DIRECTION('',(1.,0.,-0.));
#1653 = PCURVE('',#262,#1654);
#1654 = DEFINITIONAL_REPRESENTATION('',(#1655),#1659);
#1655 = CIRCLE('',#1656,2.2);
#1656 = AXIS2_PLACEMENT_2D('',#1657,#1658);
#1657 = CARTESIAN_POINT('',(5.,5.));
#1658 = DIRECTION('',(1.,0.));
#1659 = ( GEOMETRIC_REPRESENTATION_CONTEXT(2) 
PARAMETRIC_REPRESENTATION_CONTEXT() REPRESENTATION_CONTEXT('2D SPACE',''
  ) );
#1660 = PCURVE('',#1661,#1666);
#1661 = CYLINDRICAL_SURFACE('',#1662,2.2);
#1662 = AXIS2_PLACEMENT_3D('',#1663,#1664,#1665);
#1663 = CARTESIAN_POINT('',(3.,3.,18.7));
#1664 = DIRECTION('',(0.,0.,1.));
#1665 = DIRECTION('',(1.,0.,-0.));
#1666 = DEFINITIONAL_REPRESENTATION('',(#1667),#1671);
#1667 = LINE('',#1668,#1669);
#1668 = CARTESIAN_POINT('',(0.,1.6));
#1669 = VECTOR('',#1670,1.);
#1670 = DIRECTION('',(1.,0.));
#1671 = ( GEOMETRIC_REPRESENTATION_CONTEXT(2) 
PARAMETRIC_REPRESENTATION_CONTEXT() REPRESENTATION_CONTEXT('2D SPACE',''
  ) );
#1672 = FACE_BOUND('',#1673,.T.);
#1673 = EDGE_LOOP('',(#1674,#1706,#1734,#1764,#1794,#1822,#1850,#1878,
    #1906,#1934,#1964));
#1674 = ORIENTED_EDGE('',*,*,#1675,.T.);
#1675 = EDGE_CURVE('',#1676,#1678,#1680,.T.);
#1676 = VERTEX_POINT('',#1677);
#1677 = CARTESIAN_POINT('',(16.482498372396,9.345003000895,20.3));
#1678 = VERTEX_POINT('',#1679);
#1679 = CARTESIAN_POINT('',(16.642491861979,9.329996490479,20.3));
#1680 = SURFACE_CURVE('',#1681,(#1685,#1692),.PCURVE_S1.);
#1681 = B_SPLINE_CURVE_WITH_KNOTS('',2,(#1682,#1683,#1684),
  .UNSPECIFIED.,.F.,.F.,(3,3),(0.,1.),.PIECEWISE_BEZIER_KNOTS.);
#1682 = CARTESIAN_POINT('',(16.482498372396,9.345003000895,20.3));
#1683 = CARTESIAN_POINT('',(16.537495117188,9.345003000895,20.3));
#1684 = CARTESIAN_POINT('',(16.642491861979,9.329996490479,20.3));
#1685 = PCURVE('',#262,#1686);
#1686 = DEFINITIONAL_REPRESENTATION('',(#1687),#1691);
#1687 = B_SPLINE_CURVE_WITH_KNOTS('',2,(#1688,#1689,#1690),
  .UNSPECIFIED.,.F.,.F.,(3,3),(0.,1.),.PIECEWISE_BEZIER_KNOTS.);
#1688 = CARTESIAN_POINT('',(18.482498372396,11.345003000895));
#1689 = CARTESIAN_POINT('',(18.537495117188,11.345003000895));
#1690 = CARTESIAN_POINT('',(18.642491861979,11.329996490479));
#1691 = ( GEOMETRIC_REPRESENTATION_CONTEXT(2) 
PARAMETRIC_REPRESENTATION_CONTEXT() REPRESENTATION_CONTEXT('2D SPACE',''
  ) );
#1692 = PCURVE('',#1693,#1700);
#1693 = SURFACE_OF_LINEAR_EXTRUSION('',#1694,#1698);
#1694 = B_SPLINE_CURVE_WITH_KNOTS('',2,(#1695,#1696,#1697),
  .UNSPECIFIED.,.F.,.F.,(3,3),(0.,1.),.PIECEWISE_BEZIER_KNOTS.);
#1695 = CARTESIAN_POINT('',(16.482498372396,9.345003000895,20.3));
#1696 = CARTESIAN_POINT('',(16.537495117188,9.345003000895,20.3));
#1697 = CARTESIAN_POINT('',(16.642491861979,9.329996490479,20.3));
#1698 = VECTOR('',#1699,1.);
#1699 = DIRECTION('',(0.,0.,1.));
#1700 = DEFINITIONAL_REPRESENTATION('',(#1701),#1705);
#1701 = LINE('',#1702,#1703);
#1702 = CARTESIAN_POINT('',(0.,0.));
#1703 = VECTOR('',#1704,1.);
#1704 = DIRECTION('',(1.,0.));
#1705 = ( GEOMETRIC_REPRESENTATION_CONTEXT(2) 
PARAMETRIC_REPRESENTATION_CONTEXT() REPRESENTATION_CONTEXT('2D SPACE',''
  ) );
#1706 = ORIENTED_EDGE('',*,*,#1707,.T.);
#1707 = EDGE_CURVE('',#1678,#1708,#1710,.T.);
#1708 = VERTEX_POINT('',#1709);
#1709 = CARTESIAN_POINT('',(16.642491861979,8.904996490479,20.3));
#1710 = SURFACE_CURVE('',#1711,(#1715,#1722),.PCURVE_S1.);
#1711 = LINE('',#1712,#1713);
#1712 = CARTESIAN_POINT('',(16.642491861979,9.329996490479,20.3));
#1713 = VECTOR('',#1714,1.);
#1714 = DIRECTION('',(0.,-1.,0.));
#1715 = PCURVE('',#262,#1716);
#1716 = DEFINITIONAL_REPRESENTATION('',(#1717),#1721);
#1717 = LINE('',#1718,#1719);
#1718 = CARTESIAN_POINT('',(18.642491861979,11.329996490479));
#1719 = VECTOR('',#1720,1.);
#1720 = DIRECTION('',(0.,-1.));
#1721 = ( GEOMETRIC_REPRESENTATION_CONTEXT(2) 
PARAMETRIC_REPRESENTATION_CONTEXT() REPRESENTATION_CONTEXT('2D SPACE',''
  ) );
#1722 = PCURVE('',#1723,#1728);
#1723 = PLANE('',#1724);
#1724 = AXIS2_PLACEMENT_3D('',#1725,#1726,#1727);
#1725 = CARTESIAN_POINT('',(16.642491861979,9.329996490479,20.3));
#1726 = DIRECTION('',(-1.,0.,0.));
#1727 = DIRECTION('',(0.,-1.,0.));
#1728 = DEFINITIONAL_REPRESENTATION('',(#1729),#1733);
#1729 = LINE('',#1730,#1731);
#1730 = CARTESIAN_POINT('',(0.,0.));
#1731 = VECTOR('',#1732,1.);
#1732 = DIRECTION('',(1.,0.));
#1733 = ( GEOMETRIC_REPRESENTATION_CONTEXT(2) 
PARAMETRIC_REPRESENTATION_CONTEXT() REPRESENTATION_CONTEXT('2D SPACE',''
  ) );
#1734 = ORIENTED_EDGE('',*,*,#1735,.T.);
#1735 = EDGE_CURVE('',#1708,#1736,#1738,.T.);
#1736 = VERTEX_POINT('',#1737);
#1737 = CARTESIAN_POINT('',(16.012503255208,8.710001373291,20.3));
#1738 = SURFACE_CURVE('',#1739,(#1743,#1750),.PCURVE_S1.);
#1739 = B_SPLINE_CURVE_WITH_KNOTS('',2,(#1740,#1741,#1742),
  .UNSPECIFIED.,.F.,.F.,(3,3),(0.,1.),.PIECEWISE_BEZIER_KNOTS.);
#1740 = CARTESIAN_POINT('',(16.642491861979,8.904996490479,20.3));
#1741 = CARTESIAN_POINT('',(16.222504882812,8.895003000895,20.3));
#1742 = CARTESIAN_POINT('',(16.012503255208,8.710001373291,20.3));
#1743 = PCURVE('',#262,#1744);
#1744 = DEFINITIONAL_REPRESENTATION('',(#1745),#1749);
#1745 = B_SPLINE_CURVE_WITH_KNOTS('',2,(#1746,#1747,#1748),
  .UNSPECIFIED.,.F.,.F.,(3,3),(0.,1.),.PIECEWISE_BEZIER_KNOTS.);
#1746 = CARTESIAN_POINT('',(18.642491861979,10.904996490479));
#1747 = CARTESIAN_POINT('',(18.222504882812,10.895003000895));
#1748 = CARTESIAN_POINT('',(18.012503255208,10.710001373291));
#1749 = ( GEOMETRIC_REPRESENTATION_CONTEXT(2) 
PARAMETRIC_REPRESENTATION_CONTEXT() REPRESENTATION_CONTEXT('2D SPACE',''
  ) );
#1750 = PCURVE('',#1751,#1758);
#1751 = SURFACE_OF_LINEAR_EXTRUSION('',#1752,#1756);
#1752 = B_SPLINE_CURVE_WITH_KNOTS('',2,(#1753,#1754,#1755),
  .UNSPECIFIED.,.F.,.F.,(3,3),(0.,1.),.PIECEWISE_BEZIER_KNOTS.);
#1753 = CARTESIAN_POINT('',(16.642491861979,8.904996490479,20.3));
#1754 = CARTESIAN_POINT('',(16.222504882813,8.895003000895,20.3));
#1755 = CARTESIAN_POINT('',(16.012503255208,8.710001373291,20.3));
#1756 = VECTOR('',#1757,1.);
#1757 = DIRECTION('',(0.,0.,1.));
#1758 = DEFINITIONAL_REPRESENTATION('',(#1759),#1763);
#1759 = LINE('',#1760,#1761);
#1760 = CARTESIAN_POINT('',(0.,0.));
#1761 = VECTOR('',#1762,1.);
#1762 = DIRECTION('',(1.,0.));
#1763 = ( GEOMETRIC_REPRESENTATION_CONTEXT(2) 
PARAMETRIC_REPRESENTATION_CONTEXT() REPRESENTATION_CONTEXT('2D SPACE',''
  ) );
#1764 = ORIENTED_EDGE('',*,*,#1765,.T.);
#1765 = EDGE_CURVE('',#1736,#1766,#1768,.T.);
#1766 = VERTEX_POINT('',#1767);
#1767 = CARTESIAN_POINT('',(15.802501627604,8.00999323527,20.3));
#1768 = SURFACE_CURVE('',#1769,(#1773,#1780),.PCURVE_S1.);
#1769 = B_SPLINE_CURVE_WITH_KNOTS('',2,(#1770,#1771,#1772),
  .UNSPECIFIED.,.F.,.F.,(3,3),(0.,1.),.PIECEWISE_BEZIER_KNOTS.);
#1770 = CARTESIAN_POINT('',(16.012503255208,8.710001373291,20.3));
#1771 = CARTESIAN_POINT('',(15.802501627604,8.524999745687,20.3));
#1772 = CARTESIAN_POINT('',(15.802501627604,8.00999323527,20.3));
#1773 = PCURVE('',#262,#1774);
#1774 = DEFINITIONAL_REPRESENTATION('',(#1775),#1779);
#1775 = B_SPLINE_CURVE_WITH_KNOTS('',2,(#1776,#1777,#1778),
  .UNSPECIFIED.,.F.,.F.,(3,3),(0.,1.),.PIECEWISE_BEZIER_KNOTS.);
#1776 = CARTESIAN_POINT('',(18.012503255208,10.710001373291));
#1777 = CARTESIAN_POINT('',(17.802501627604,10.524999745687));
#1778 = CARTESIAN_POINT('',(17.802501627604,10.00999323527));
#1779 = ( GEOMETRIC_REPRESENTATION_CONTEXT(2) 
PARAMETRIC_REPRESENTATION_CONTEXT() REPRESENTATION_CONTEXT('2D SPACE',''
  ) );
#1780 = PCURVE('',#1781,#1788);
#1781 = SURFACE_OF_LINEAR_EXTRUSION('',#1782,#1786);
#1782 = B_SPLINE_CURVE_WITH_KNOTS('',2,(#1783,#1784,#1785),
  .UNSPECIFIED.,.F.,.F.,(3,3),(0.,1.),.PIECEWISE_BEZIER_KNOTS.);
#1783 = CARTESIAN_POINT('',(16.012503255208,8.710001373291,20.3));
#1784 = CARTESIAN_POINT('',(15.802501627604,8.524999745687,20.3));
#1785 = CARTESIAN_POINT('',(15.802501627604,8.00999323527,20.3));
#1786 = VECTOR('',#1787,1.);
#1787 = DIRECTION('',(0.,0.,1.));
#1788 = DEFINITIONAL_REPRESENTATION('',(#1789),#1793);
#1789 = LINE('',#1790,#1791);
#1790 = CARTESIAN_POINT('',(0.,0.));
#1791 = VECTOR('',#1792,1.);
#1792 = DIRECTION('',(1.,0.));
#1793 = ( GEOMETRIC_REPRESENTATION_CONTEXT(2) 
PARAMETRIC_REPRESENTATION_CONTEXT() REPRESENTATION_CONTEXT('2D SPACE',''
  ) );
#1794 = ORIENTED_EDGE('',*,*,#1795,.T.);
#1795 = EDGE_CURVE('',#1766,#1796,#1798,.T.);
#1796 = VERTEX_POINT('',#1797);
#1797 = CARTESIAN_POINT('',(15.802501627604,6.649999745687,20.3));
#1798 = SURFACE_CURVE('',#1799,(#1803,#1810),.PCURVE_S1.);
#1799 = LINE('',#1800,#1801);
#1800 = CARTESIAN_POINT('',(15.802501627604,8.00999323527,20.3));
#1801 = VECTOR('',#1802,1.);
#1802 = DIRECTION('',(0.,-1.,0.));
#1803 = PCURVE('',#262,#1804);
#1804 = DEFINITIONAL_REPRESENTATION('',(#1805),#1809);
#1805 = LINE('',#1806,#1807);
#1806 = CARTESIAN_POINT('',(17.802501627604,10.00999323527));
#1807 = VECTOR('',#1808,1.);
#1808 = DIRECTION('',(0.,-1.));
#1809 = ( GEOMETRIC_REPRESENTATION_CONTEXT(2) 
PARAMETRIC_REPRESENTATION_CONTEXT() REPRESENTATION_CONTEXT('2D SPACE',''
  ) );
#1810 = PCURVE('',#1811,#1816);
#1811 = PLANE('',#1812);
#1812 = AXIS2_PLACEMENT_3D('',#1813,#1814,#1815);
#1813 = CARTESIAN_POINT('',(15.802501627604,8.00999323527,20.3));
#1814 = DIRECTION('',(-1.,0.,0.));
#1815 = DIRECTION('',(0.,-1.,0.));
#1816 = DEFINITIONAL_REPRESENTATION('',(#1817),#1821);
#1817 = LINE('',#1818,#1819);
#1818 = CARTESIAN_POINT('',(0.,0.));
#1819 = VECTOR('',#1820,1.);
#1820 = DIRECTION('',(1.,0.));
#1821 = ( GEOMETRIC_REPRESENTATION_CONTEXT(2) 
PARAMETRIC_REPRESENTATION_CONTEXT() REPRESENTATION_CONTEXT('2D SPACE',''
  ) );
#1822 = ORIENTED_EDGE('',*,*,#1823,.T.);
#1823 = EDGE_CURVE('',#1796,#1824,#1826,.T.);
#1824 = VERTEX_POINT('',#1825);
#1825 = CARTESIAN_POINT('',(15.382498372396,6.649999745687,20.3));
#1826 = SURFACE_CURVE('',#1827,(#1831,#1838),.PCURVE_S1.);
#1827 = LINE('',#1828,#1829);
#1828 = CARTESIAN_POINT('',(15.802501627604,6.649999745687,20.3));
#1829 = VECTOR('',#1830,1.);
#1830 = DIRECTION('',(-1.,0.,0.));
#1831 = PCURVE('',#262,#1832);
#1832 = DEFINITIONAL_REPRESENTATION('',(#1833),#1837);
#1833 = LINE('',#1834,#1835);
#1834 = CARTESIAN_POINT('',(17.802501627604,8.649999745687));
#1835 = VECTOR('',#1836,1.);
#1836 = DIRECTION('',(-1.,0.));
#1837 = ( GEOMETRIC_REPRESENTATION_CONTEXT(2) 
PARAMETRIC_REPRESENTATION_CONTEXT() REPRESENTATION_CONTEXT('2D SPACE',''
  ) );
#1838 = PCURVE('',#1839,#1844);
#1839 = PLANE('',#1840);
#1840 = AXIS2_PLACEMENT_3D('',#1841,#1842,#1843);
#1841 = CARTESIAN_POINT('',(15.802501627604,6.649999745687,20.3));
#1842 = DIRECTION('',(0.,1.,0.));
#1843 = DIRECTION('',(-1.,0.,0.));
#1844 = DEFINITIONAL_REPRESENTATION('',(#1845),#1849);
#1845 = LINE('',#1846,#1847);
#1846 = CARTESIAN_POINT('',(0.,0.));
#1847 = VECTOR('',#1848,1.);
#1848 = DIRECTION('',(1.,0.));
#1849 = ( GEOMETRIC_REPRESENTATION_CONTEXT(2) 
PARAMETRIC_REPRESENTATION_CONTEXT() REPRESENTATION_CONTEXT('2D SPACE',''
  ) );
#1850 = ORIENTED_EDGE('',*,*,#1851,.T.);
#1851 = EDGE_CURVE('',#1824,#1852,#1854,.T.);
#1852 = VERTEX_POINT('',#1853);
#1853 = CARTESIAN_POINT('',(15.382498372396,9.270003000895,20.3));
#1854 = SURFACE_CURVE('',#1855,(#1859,#1866),.PCURVE_S1.);
#1855 = LINE('',#1856,#1857);
#1856 = CARTESIAN_POINT('',(15.382498372396,6.649999745687,20.3));
#1857 = VECTOR('',#1858,1.);
#1858 = DIRECTION('',(0.,1.,0.));
#1859 = PCURVE('',#262,#1860);
#1860 = DEFINITIONAL_REPRESENTATION('',(#1861),#1865);
#1861 = LINE('',#1862,#1863);
#1862 = CARTESIAN_POINT('',(17.382498372396,8.649999745687));
#1863 = VECTOR('',#1864,1.);
#1864 = DIRECTION('',(0.,1.));
#1865 = ( GEOMETRIC_REPRESENTATION_CONTEXT(2) 
PARAMETRIC_REPRESENTATION_CONTEXT() REPRESENTATION_CONTEXT('2D SPACE',''
  ) );
#1866 = PCURVE('',#1867,#1872);
#1867 = PLANE('',#1868);
#1868 = AXIS2_PLACEMENT_3D('',#1869,#1870,#1871);
#1869 = CARTESIAN_POINT('',(15.382498372396,6.649999745687,20.3));
#1870 = DIRECTION('',(1.,0.,0.));
#1871 = DIRECTION('',(0.,1.,0.));
#1872 = DEFINITIONAL_REPRESENTATION('',(#1873),#1877);
#1873 = LINE('',#1874,#1875);
#1874 = CARTESIAN_POINT('',(0.,0.));
#1875 = VECTOR('',#1876,1.);
#1876 = DIRECTION('',(1.,0.));
#1877 = ( GEOMETRIC_REPRESENTATION_CONTEXT(2) 
PARAMETRIC_REPRESENTATION_CONTEXT() REPRESENTATION_CONTEXT('2D SPACE',''
  ) );
#1878 = ORIENTED_EDGE('',*,*,#1879,.T.);
#1879 = EDGE_CURVE('',#1852,#1880,#1882,.T.);
#1880 = VERTEX_POINT('',#1881);
#1881 = CARTESIAN_POINT('',(15.767491861979,9.270003000895,20.3));
#1882 = SURFACE_CURVE('',#1883,(#1887,#1894),.PCURVE_S1.);
#1883 = LINE('',#1884,#1885);
#1884 = CARTESIAN_POINT('',(15.382498372396,9.270003000895,20.3));
#1885 = VECTOR('',#1886,1.);
#1886 = DIRECTION('',(1.,0.,0.));
#1887 = PCURVE('',#262,#1888);
#1888 = DEFINITIONAL_REPRESENTATION('',(#1889),#1893);
#1889 = LINE('',#1890,#1891);
#1890 = CARTESIAN_POINT('',(17.382498372396,11.270003000895));
#1891 = VECTOR('',#1892,1.);
#1892 = DIRECTION('',(1.,0.));
#1893 = ( GEOMETRIC_REPRESENTATION_CONTEXT(2) 
PARAMETRIC_REPRESENTATION_CONTEXT() REPRESENTATION_CONTEXT('2D SPACE',''
  ) );
#1894 = PCURVE('',#1895,#1900);
#1895 = PLANE('',#1896);
#1896 = AXIS2_PLACEMENT_3D('',#1897,#1898,#1899);
#1897 = CARTESIAN_POINT('',(15.382498372396,9.270003000895,20.3));
#1898 = DIRECTION('',(0.,-1.,0.));
#1899 = DIRECTION('',(1.,0.,0.));
#1900 = DEFINITIONAL_REPRESENTATION('',(#1901),#1905);
#1901 = LINE('',#1902,#1903);
#1902 = CARTESIAN_POINT('',(0.,0.));
#1903 = VECTOR('',#1904,1.);
#1904 = DIRECTION('',(1.,0.));
#1905 = ( GEOMETRIC_REPRESENTATION_CONTEXT(2) 
PARAMETRIC_REPRESENTATION_CONTEXT() REPRESENTATION_CONTEXT('2D SPACE',''
  ) );
#1906 = ORIENTED_EDGE('',*,*,#1907,.T.);
#1907 = EDGE_CURVE('',#1880,#1908,#1910,.T.);
#1908 = VERTEX_POINT('',#1909);
#1909 = CARTESIAN_POINT('',(15.767491861979,8.795003000895,20.3));
#1910 = SURFACE_CURVE('',#1911,(#1915,#1922),.PCURVE_S1.);
#1911 = LINE('',#1912,#1913);
#1912 = CARTESIAN_POINT('',(15.767491861979,9.270003000895,20.3));
#1913 = VECTOR('',#1914,1.);
#1914 = DIRECTION('',(0.,-1.,0.));
#1915 = PCURVE('',#262,#1916);
#1916 = DEFINITIONAL_REPRESENTATION('',(#1917),#1921);
#1917 = LINE('',#1918,#1919);
#1918 = CARTESIAN_POINT('',(17.767491861979,11.270003000895));
#1919 = VECTOR('',#1920,1.);
#1920 = DIRECTION('',(0.,-1.));
#1921 = ( GEOMETRIC_REPRESENTATION_CONTEXT(2) 
PARAMETRIC_REPRESENTATION_CONTEXT() REPRESENTATION_CONTEXT('2D SPACE',''
  ) );
#1922 = PCURVE('',#1923,#1928);
#1923 = PLANE('',#1924);
#1924 = AXIS2_PLACEMENT_3D('',#1925,#1926,#1927);
#1925 = CARTESIAN_POINT('',(15.767491861979,9.270003000895,20.3));
#1926 = DIRECTION('',(-1.,0.,0.));
#1927 = DIRECTION('',(0.,-1.,0.));
#1928 = DEFINITIONAL_REPRESENTATION('',(#1929),#1933);
#1929 = LINE('',#1930,#1931);
#1930 = CARTESIAN_POINT('',(0.,0.));
#1931 = VECTOR('',#1932,1.);
#1932 = DIRECTION('',(1.,0.));
#1933 = ( GEOMETRIC_REPRESENTATION_CONTEXT(2) 
PARAMETRIC_REPRESENTATION_CONTEXT() REPRESENTATION_CONTEXT('2D SPACE',''
  ) );
#1934 = ORIENTED_EDGE('',*,*,#1935,.T.);
#1935 = EDGE_CURVE('',#1908,#1936,#1938,.T.);
#1936 = VERTEX_POINT('',#1937);
#1937 = CARTESIAN_POINT('',(16.115001627604,9.217504628499,20.3));
#1938 = SURFACE_CURVE('',#1939,(#1943,#1950),.PCURVE_S1.);
#1939 = B_SPLINE_CURVE_WITH_KNOTS('',2,(#1940,#1941,#1942),
  .UNSPECIFIED.,.F.,.F.,(3,3),(0.,1.),.PIECEWISE_BEZIER_KNOTS.);
#1940 = CARTESIAN_POINT('',(15.767491861979,8.795003000895,20.3));
#1941 = CARTESIAN_POINT('',(15.947504882812,9.090006256104,20.3));
#1942 = CARTESIAN_POINT('',(16.115001627604,9.217504628499,20.3));
#1943 = PCURVE('',#262,#1944);
#1944 = DEFINITIONAL_REPRESENTATION('',(#1945),#1949);
#1945 = B_SPLINE_CURVE_WITH_KNOTS('',2,(#1946,#1947,#1948),
  .UNSPECIFIED.,.F.,.F.,(3,3),(0.,1.),.PIECEWISE_BEZIER_KNOTS.);
#1946 = CARTESIAN_POINT('',(17.767491861979,10.795003000895));
#1947 = CARTESIAN_POINT('',(17.947504882812,11.090006256104));
#1948 = CARTESIAN_POINT('',(18.115001627604,11.217504628499));
#1949 = ( GEOMETRIC_REPRESENTATION_CONTEXT(2) 
PARAMETRIC_REPRESENTATION_CONTEXT() REPRESENTATION_CONTEXT('2D SPACE',''
  ) );
#1950 = PCURVE('',#1951,#1958);
#1951 = SURFACE_OF_LINEAR_EXTRUSION('',#1952,#1956);
#1952 = B_SPLINE_CURVE_WITH_KNOTS('',2,(#1953,#1954,#1955),
  .UNSPECIFIED.,.F.,.F.,(3,3),(0.,1.),.PIECEWISE_BEZIER_KNOTS.);
#1953 = CARTESIAN_POINT('',(15.767491861979,8.795003000895,20.3));
#1954 = CARTESIAN_POINT('',(15.947504882812,9.090006256104,20.3));
#1955 = CARTESIAN_POINT('',(16.115001627604,9.217504628499,20.3));
#1956 = VECTOR('',#1957,1.);
#1957 = DIRECTION('',(0.,0.,1.));
#1958 = DEFINITIONAL_REPRESENTATION('',(#1959),#1963);
#1959 = LINE('',#1960,#1961);
#1960 = CARTESIAN_POINT('',(0.,0.));
#1961 = VECTOR('',#1962,1.);
#1962 = DIRECTION('',(1.,0.));
#1963 = ( GEOMETRIC_REPRESENTATION_CONTEXT(2) 
PARAMETRIC_REPRESENTATION_CONTEXT() REPRESENTATION_CONTEXT('2D SPACE',''
  ) );
#1964 = ORIENTED_EDGE('',*,*,#1965,.T.);
#1965 = EDGE_CURVE('',#1936,#1676,#1966,.T.);
#1966 = SURFACE_CURVE('',#1967,(#1971,#1978),.PCURVE_S1.);
#1967 = B_SPLINE_CURVE_WITH_KNOTS('',2,(#1968,#1969,#1970),
  .UNSPECIFIED.,.F.,.F.,(3,3),(0.,1.),.PIECEWISE_BEZIER_KNOTS.);
#1968 = CARTESIAN_POINT('',(16.115001627604,9.217504628499,20.3));
#1969 = CARTESIAN_POINT('',(16.282498372396,9.345003000895,20.3));
#1970 = CARTESIAN_POINT('',(16.482498372396,9.345003000895,20.3));
#1971 = PCURVE('',#262,#1972);
#1972 = DEFINITIONAL_REPRESENTATION('',(#1973),#1977);
#1973 = B_SPLINE_CURVE_WITH_KNOTS('',2,(#1974,#1975,#1976),
  .UNSPECIFIED.,.F.,.F.,(3,3),(0.,1.),.PIECEWISE_BEZIER_KNOTS.);
#1974 = CARTESIAN_POINT('',(18.115001627604,11.217504628499));
#1975 = CARTESIAN_POINT('',(18.282498372396,11.345003000895));
#1976 = CARTESIAN_POINT('',(18.482498372396,11.345003000895));
#1977 = ( GEOMETRIC_REPRESENTATION_CONTEXT(2) 
PARAMETRIC_REPRESENTATION_CONTEXT() REPRESENTATION_CONTEXT('2D SPACE',''
  ) );
#1978 = PCURVE('',#1979,#1986);
#1979 = SURFACE_OF_LINEAR_EXTRUSION('',#1980,#1984);
#1980 = B_SPLINE_CURVE_WITH_KNOTS('',2,(#1981,#1982,#1983),
  .UNSPECIFIED.,.F.,.F.,(3,3),(0.,1.),.PIECEWISE_BEZIER_KNOTS.);
#1981 = CARTESIAN_POINT('',(16.115001627604,9.217504628499,20.3));
#1982 = CARTESIAN_POINT('',(16.282498372396,9.345003000895,20.3));
#1983 = CARTESIAN_POINT('',(16.482498372396,9.345003000895,20.3));
#1984 = VECTOR('',#1985,1.);
#1985 = DIRECTION('',(0.,0.,1.));
#1986 = DEFINITIONAL_REPRESENTATION('',(#1987),#1991);
#1987 = LINE('',#1988,#1989);
#1988 = CARTESIAN_POINT('',(0.,0.));
#1989 = VECTOR('',#1990,1.);
#1990 = DIRECTION('',(1.,0.));
#1991 = ( GEOMETRIC_REPRESENTATION_CONTEXT(2) 
PARAMETRIC_REPRESENTATION_CONTEXT() REPRESENTATION_CONTEXT('2D SPACE',''
  ) );
#1992 = FACE_BOUND('',#1993,.T.);
#1993 = EDGE_LOOP('',(#1994,#2026,#2056,#2086,#2114,#2142,#2170,#2198,
    #2226));
#1994 = ORIENTED_EDGE('',*,*,#1995,.T.);
#1995 = EDGE_CURVE('',#1996,#1998,#2000,.T.);
#1996 = VERTEX_POINT('',#1997);
#1997 = CARTESIAN_POINT('',(14.615001627604,10.017504628499,20.3));
#1998 = VERTEX_POINT('',#1999);
#1999 = CARTESIAN_POINT('',(14.907498372396,9.224999745687,20.3));
#2000 = SURFACE_CURVE('',#2001,(#2005,#2012),.PCURVE_S1.);
#2001 = B_SPLINE_CURVE_WITH_KNOTS('',2,(#2002,#2003,#2004),
  .UNSPECIFIED.,.F.,.F.,(3,3),(0.,1.),.PIECEWISE_BEZIER_KNOTS.);
#2002 = CARTESIAN_POINT('',(14.615001627604,10.017504628499,20.3));
#2003 = CARTESIAN_POINT('',(14.907498372396,9.740006256104,20.3));
#2004 = CARTESIAN_POINT('',(14.907498372396,9.224999745687,20.3));
#2005 = PCURVE('',#262,#2006);
#2006 = DEFINITIONAL_REPRESENTATION('',(#2007),#2011);
#2007 = B_SPLINE_CURVE_WITH_KNOTS('',2,(#2008,#2009,#2010),
  .UNSPECIFIED.,.F.,.F.,(3,3),(0.,1.),.PIECEWISE_BEZIER_KNOTS.);
#2008 = CARTESIAN_POINT('',(16.615001627604,12.017504628499));
#2009 = CARTESIAN_POINT('',(16.907498372396,11.740006256104));
#2010 = CARTESIAN_POINT('',(16.907498372396,11.224999745687));
#2011 = ( GEOMETRIC_REPRESENTATION_CONTEXT(2) 
PARAMETRIC_REPRESENTATION_CONTEXT() REPRESENTATION_CONTEXT('2D SPACE',''
  ) );
#2012 = PCURVE('',#2013,#2020);
#2013 = SURFACE_OF_LINEAR_EXTRUSION('',#2014,#2018);
#2014 = B_SPLINE_CURVE_WITH_KNOTS('',2,(#2015,#2016,#2017),
  .UNSPECIFIED.,.F.,.F.,(3,3),(0.,1.),.PIECEWISE_BEZIER_KNOTS.);
#2015 = CARTESIAN_POINT('',(14.615001627604,10.017504628499,20.3));
#2016 = CARTESIAN_POINT('',(14.907498372396,9.740006256104,20.3));
#2017 = CARTESIAN_POINT('',(14.907498372396,9.224999745687,20.3));
#2018 = VECTOR('',#2019,1.);
#2019 = DIRECTION('',(0.,0.,1.));
#2020 = DEFINITIONAL_REPRESENTATION('',(#2021),#2025);
#2021 = LINE('',#2022,#2023);
#2022 = CARTESIAN_POINT('',(0.,0.));
#2023 = VECTOR('',#2024,1.);
#2024 = DIRECTION('',(1.,0.));
#2025 = ( GEOMETRIC_REPRESENTATION_CONTEXT(2) 
PARAMETRIC_REPRESENTATION_CONTEXT() REPRESENTATION_CONTEXT('2D SPACE',''
  ) );
#2026 = ORIENTED_EDGE('',*,*,#2027,.T.);
#2027 = EDGE_CURVE('',#1998,#2028,#2030,.T.);
#2028 = VERTEX_POINT('',#2029);
#2029 = CARTESIAN_POINT('',(14.625003255208,8.477498118083,20.3));
#2030 = SURFACE_CURVE('',#2031,(#2035,#2042),.PCURVE_S1.);
#2031 = B_SPLINE_CURVE_WITH_KNOTS('',2,(#2032,#2033,#2034),
  .UNSPECIFIED.,.F.,.F.,(3,3),(0.,1.),.PIECEWISE_BEZIER_KNOTS.);
#2032 = CARTESIAN_POINT('',(14.907498372396,9.224999745687,20.3));
#2033 = CARTESIAN_POINT('',(14.907498372396,8.75999323527,20.3));
#2034 = CARTESIAN_POINT('',(14.625003255208,8.477498118083,20.3));
#2035 = PCURVE('',#262,#2036);
#2036 = DEFINITIONAL_REPRESENTATION('',(#2037),#2041);
#2037 = B_SPLINE_CURVE_WITH_KNOTS('',2,(#2038,#2039,#2040),
  .UNSPECIFIED.,.F.,.F.,(3,3),(0.,1.),.PIECEWISE_BEZIER_KNOTS.);
#2038 = CARTESIAN_POINT('',(16.907498372396,11.224999745687));
#2039 = CARTESIAN_POINT('',(16.907498372396,10.75999323527));
#2040 = CARTESIAN_POINT('',(16.625003255208,10.477498118083));
#2041 = ( GEOMETRIC_REPRESENTATION_CONTEXT(2) 
PARAMETRIC_REPRESENTATION_CONTEXT() REPRESENTATION_CONTEXT('2D SPACE',''
  ) );
#2042 = PCURVE('',#2043,#2050);
#2043 = SURFACE_OF_LINEAR_EXTRUSION('',#2044,#2048);
#2044 = B_SPLINE_CURVE_WITH_KNOTS('',2,(#2045,#2046,#2047),
  .UNSPECIFIED.,.F.,.F.,(3,3),(0.,1.),.PIECEWISE_BEZIER_KNOTS.);
#2045 = CARTESIAN_POINT('',(14.907498372396,9.224999745687,20.3));
#2046 = CARTESIAN_POINT('',(14.907498372396,8.75999323527,20.3));
#2047 = CARTESIAN_POINT('',(14.625003255208,8.477498118083,20.3));
#2048 = VECTOR('',#2049,1.);
#2049 = DIRECTION('',(0.,0.,1.));
#2050 = DEFINITIONAL_REPRESENTATION('',(#2051),#2055);
#2051 = LINE('',#2052,#2053);
#2052 = CARTESIAN_POINT('',(0.,0.));
#2053 = VECTOR('',#2054,1.);
#2054 = DIRECTION('',(1.,0.));
#2055 = ( GEOMETRIC_REPRESENTATION_CONTEXT(2) 
PARAMETRIC_REPRESENTATION_CONTEXT() REPRESENTATION_CONTEXT('2D SPACE',''
  ) );
#2056 = ORIENTED_EDGE('',*,*,#2057,.T.);
#2057 = EDGE_CURVE('',#2028,#2058,#2060,.T.);
#2058 = VERTEX_POINT('',#2059);
#2059 = CARTESIAN_POINT('',(13.887495117188,8.195003000895,20.3));
#2060 = SURFACE_CURVE('',#2061,(#2065,#2072),.PCURVE_S1.);
#2061 = B_SPLINE_CURVE_WITH_KNOTS('',2,(#2062,#2063,#2064),
  .UNSPECIFIED.,.F.,.F.,(3,3),(0.,1.),.PIECEWISE_BEZIER_KNOTS.);
#2062 = CARTESIAN_POINT('',(14.625003255208,8.477498118083,20.3));
#2063 = CARTESIAN_POINT('',(14.342508138021,8.195003000895,20.3));
#2064 = CARTESIAN_POINT('',(13.887495117188,8.195003000895,20.3));
#2065 = PCURVE('',#262,#2066);
#2066 = DEFINITIONAL_REPRESENTATION('',(#2067),#2071);
#2067 = B_SPLINE_CURVE_WITH_KNOTS('',2,(#2068,#2069,#2070),
  .UNSPECIFIED.,.F.,.F.,(3,3),(0.,1.),.PIECEWISE_BEZIER_KNOTS.);
#2068 = CARTESIAN_POINT('',(16.625003255208,10.477498118083));
#2069 = CARTESIAN_POINT('',(16.342508138021,10.195003000895));
#2070 = CARTESIAN_POINT('',(15.887495117188,10.195003000895));
#2071 = ( GEOMETRIC_REPRESENTATION_CONTEXT(2) 
PARAMETRIC_REPRESENTATION_CONTEXT() REPRESENTATION_CONTEXT('2D SPACE',''
  ) );
#2072 = PCURVE('',#2073,#2080);
#2073 = SURFACE_OF_LINEAR_EXTRUSION('',#2074,#2078);
#2074 = B_SPLINE_CURVE_WITH_KNOTS('',2,(#2075,#2076,#2077),
  .UNSPECIFIED.,.F.,.F.,(3,3),(0.,1.),.PIECEWISE_BEZIER_KNOTS.);
#2075 = CARTESIAN_POINT('',(14.625003255208,8.477498118083,20.3));
#2076 = CARTESIAN_POINT('',(14.342508138021,8.195003000895,20.3));
#2077 = CARTESIAN_POINT('',(13.887495117188,8.195003000895,20.3));
#2078 = VECTOR('',#2079,1.);
#2079 = DIRECTION('',(0.,0.,1.));
#2080 = DEFINITIONAL_REPRESENTATION('',(#2081),#2085);
#2081 = LINE('',#2082,#2083);
#2082 = CARTESIAN_POINT('',(0.,0.));
#2083 = VECTOR('',#2084,1.);
#2084 = DIRECTION('',(1.,0.));
#2085 = ( GEOMETRIC_REPRESENTATION_CONTEXT(2) 
PARAMETRIC_REPRESENTATION_CONTEXT() REPRESENTATION_CONTEXT('2D SPACE',''
  ) );
#2086 = ORIENTED_EDGE('',*,*,#2087,.T.);
#2087 = EDGE_CURVE('',#2058,#2088,#2090,.T.);
#2088 = VERTEX_POINT('',#2089);
#2089 = CARTESIAN_POINT('',(12.742508138021,8.195003000895,20.3));
#2090 = SURFACE_CURVE('',#2091,(#2095,#2102),.PCURVE_S1.);
#2091 = LINE('',#2092,#2093);
#2092 = CARTESIAN_POINT('',(13.887495117188,8.195003000895,20.3));
#2093 = VECTOR('',#2094,1.);
#2094 = DIRECTION('',(-1.,0.,0.));
#2095 = PCURVE('',#262,#2096);
#2096 = DEFINITIONAL_REPRESENTATION('',(#2097),#2101);
#2097 = LINE('',#2098,#2099);
#2098 = CARTESIAN_POINT('',(15.887495117188,10.195003000895));
#2099 = VECTOR('',#2100,1.);
#2100 = DIRECTION('',(-1.,0.));
#2101 = ( GEOMETRIC_REPRESENTATION_CONTEXT(2) 
PARAMETRIC_REPRESENTATION_CONTEXT() REPRESENTATION_CONTEXT('2D SPACE',''
  ) );
#2102 = PCURVE('',#2103,#2108);
#2103 = PLANE('',#2104);
#2104 = AXIS2_PLACEMENT_3D('',#2105,#2106,#2107);
#2105 = CARTESIAN_POINT('',(13.887495117188,8.195003000895,20.3));
#2106 = DIRECTION('',(0.,1.,0.));
#2107 = DIRECTION('',(-1.,0.,0.));
#2108 = DEFINITIONAL_REPRESENTATION('',(#2109),#2113);
#2109 = LINE('',#2110,#2111);
#2110 = CARTESIAN_POINT('',(0.,0.));
#2111 = VECTOR('',#2112,1.);
#2112 = DIRECTION('',(1.,0.));
#2113 = ( GEOMETRIC_REPRESENTATION_CONTEXT(2) 
PARAMETRIC_REPRESENTATION_CONTEXT() REPRESENTATION_CONTEXT('2D SPACE',''
  ) );
#2114 = ORIENTED_EDGE('',*,*,#2115,.T.);
#2115 = EDGE_CURVE('',#2088,#2116,#2118,.T.);
#2116 = VERTEX_POINT('',#2117);
#2117 = CARTESIAN_POINT('',(12.742508138021,6.649999745687,20.3));
#2118 = SURFACE_CURVE('',#2119,(#2123,#2130),.PCURVE_S1.);
#2119 = LINE('',#2120,#2121);
#2120 = CARTESIAN_POINT('',(12.742508138021,8.195003000895,20.3));
#2121 = VECTOR('',#2122,1.);
#2122 = DIRECTION('',(0.,-1.,0.));
#2123 = PCURVE('',#262,#2124);
#2124 = DEFINITIONAL_REPRESENTATION('',(#2125),#2129);
#2125 = LINE('',#2126,#2127);
#2126 = CARTESIAN_POINT('',(14.742508138021,10.195003000895));
#2127 = VECTOR('',#2128,1.);
#2128 = DIRECTION('',(0.,-1.));
#2129 = ( GEOMETRIC_REPRESENTATION_CONTEXT(2) 
PARAMETRIC_REPRESENTATION_CONTEXT() REPRESENTATION_CONTEXT('2D SPACE',''
  ) );
#2130 = PCURVE('',#2131,#2136);
#2131 = PLANE('',#2132);
#2132 = AXIS2_PLACEMENT_3D('',#2133,#2134,#2135);
#2133 = CARTESIAN_POINT('',(12.742508138021,8.195003000895,20.3));
#2134 = DIRECTION('',(-1.,0.,0.));
#2135 = DIRECTION('',(0.,-1.,0.));
#2136 = DEFINITIONAL_REPRESENTATION('',(#2137),#2141);
#2137 = LINE('',#2138,#2139);
#2138 = CARTESIAN_POINT('',(0.,0.));
#2139 = VECTOR('',#2140,1.);
#2140 = DIRECTION('',(1.,0.));
#2141 = ( GEOMETRIC_REPRESENTATION_CONTEXT(2) 
PARAMETRIC_REPRESENTATION_CONTEXT() REPRESENTATION_CONTEXT('2D SPACE',''
  ) );
#2142 = ORIENTED_EDGE('',*,*,#2143,.T.);
#2143 = EDGE_CURVE('',#2116,#2144,#2146,.T.);
#2144 = VERTEX_POINT('',#2145);
#2145 = CARTESIAN_POINT('',(12.277501627604,6.649999745687,20.3));
#2146 = SURFACE_CURVE('',#2147,(#2151,#2158),.PCURVE_S1.);
#2147 = LINE('',#2148,#2149);
#2148 = CARTESIAN_POINT('',(12.742508138021,6.649999745687,20.3));
#2149 = VECTOR('',#2150,1.);
#2150 = DIRECTION('',(-1.,0.,0.));
#2151 = PCURVE('',#262,#2152);
#2152 = DEFINITIONAL_REPRESENTATION('',(#2153),#2157);
#2153 = LINE('',#2154,#2155);
#2154 = CARTESIAN_POINT('',(14.742508138021,8.649999745687));
#2155 = VECTOR('',#2156,1.);
#2156 = DIRECTION('',(-1.,0.));
#2157 = ( GEOMETRIC_REPRESENTATION_CONTEXT(2) 
PARAMETRIC_REPRESENTATION_CONTEXT() REPRESENTATION_CONTEXT('2D SPACE',''
  ) );
#2158 = PCURVE('',#2159,#2164);
#2159 = PLANE('',#2160);
#2160 = AXIS2_PLACEMENT_3D('',#2161,#2162,#2163);
#2161 = CARTESIAN_POINT('',(12.742508138021,6.649999745687,20.3));
#2162 = DIRECTION('',(0.,1.,0.));
#2163 = DIRECTION('',(-1.,0.,0.));
#2164 = DEFINITIONAL_REPRESENTATION('',(#2165),#2169);
#2165 = LINE('',#2166,#2167);
#2166 = CARTESIAN_POINT('',(0.,0.));
#2167 = VECTOR('',#2168,1.);
#2168 = DIRECTION('',(1.,0.));
#2169 = ( GEOMETRIC_REPRESENTATION_CONTEXT(2) 
PARAMETRIC_REPRESENTATION_CONTEXT() REPRESENTATION_CONTEXT('2D SPACE',''
  ) );
#2170 = ORIENTED_EDGE('',*,*,#2171,.T.);
#2171 = EDGE_CURVE('',#2144,#2172,#2174,.T.);
#2172 = VERTEX_POINT('',#2173);
#2173 = CARTESIAN_POINT('',(12.277501627604,10.295003000895,20.3));
#2174 = SURFACE_CURVE('',#2175,(#2179,#2186),.PCURVE_S1.);
#2175 = LINE('',#2176,#2177);
#2176 = CARTESIAN_POINT('',(12.277501627604,6.649999745687,20.3));
#2177 = VECTOR('',#2178,1.);
#2178 = DIRECTION('',(0.,1.,0.));
#2179 = PCURVE('',#262,#2180);
#2180 = DEFINITIONAL_REPRESENTATION('',(#2181),#2185);
#2181 = LINE('',#2182,#2183);
#2182 = CARTESIAN_POINT('',(14.277501627604,8.649999745687));
#2183 = VECTOR('',#2184,1.);
#2184 = DIRECTION('',(0.,1.));
#2185 = ( GEOMETRIC_REPRESENTATION_CONTEXT(2) 
PARAMETRIC_REPRESENTATION_CONTEXT() REPRESENTATION_CONTEXT('2D SPACE',''
  ) );
#2186 = PCURVE('',#2187,#2192);
#2187 = PLANE('',#2188);
#2188 = AXIS2_PLACEMENT_3D('',#2189,#2190,#2191);
#2189 = CARTESIAN_POINT('',(12.277501627604,6.649999745687,20.3));
#2190 = DIRECTION('',(1.,0.,0.));
#2191 = DIRECTION('',(0.,1.,0.));
#2192 = DEFINITIONAL_REPRESENTATION('',(#2193),#2197);
#2193 = LINE('',#2194,#2195);
#2194 = CARTESIAN_POINT('',(0.,0.));
#2195 = VECTOR('',#2196,1.);
#2196 = DIRECTION('',(1.,0.));
#2197 = ( GEOMETRIC_REPRESENTATION_CONTEXT(2) 
PARAMETRIC_REPRESENTATION_CONTEXT() REPRESENTATION_CONTEXT('2D SPACE',''
  ) );
#2198 = ORIENTED_EDGE('',*,*,#2199,.T.);
#2199 = EDGE_CURVE('',#2172,#2200,#2202,.T.);
#2200 = VERTEX_POINT('',#2201);
#2201 = CARTESIAN_POINT('',(13.782498372396,10.295003000895,20.3));
#2202 = SURFACE_CURVE('',#2203,(#2207,#2214),.PCURVE_S1.);
#2203 = LINE('',#2204,#2205);
#2204 = CARTESIAN_POINT('',(12.277501627604,10.295003000895,20.3));
#2205 = VECTOR('',#2206,1.);
#2206 = DIRECTION('',(1.,0.,0.));
#2207 = PCURVE('',#262,#2208);
#2208 = DEFINITIONAL_REPRESENTATION('',(#2209),#2213);
#2209 = LINE('',#2210,#2211);
#2210 = CARTESIAN_POINT('',(14.277501627604,12.295003000895));
#2211 = VECTOR('',#2212,1.);
#2212 = DIRECTION('',(1.,0.));
#2213 = ( GEOMETRIC_REPRESENTATION_CONTEXT(2) 
PARAMETRIC_REPRESENTATION_CONTEXT() REPRESENTATION_CONTEXT('2D SPACE',''
  ) );
#2214 = PCURVE('',#2215,#2220);
#2215 = PLANE('',#2216);
#2216 = AXIS2_PLACEMENT_3D('',#2217,#2218,#2219);
#2217 = CARTESIAN_POINT('',(12.277501627604,10.295003000895,20.3));
#2218 = DIRECTION('',(0.,-1.,0.));
#2219 = DIRECTION('',(1.,0.,0.));
#2220 = DEFINITIONAL_REPRESENTATION('',(#2221),#2225);
#2221 = LINE('',#2222,#2223);
#2222 = CARTESIAN_POINT('',(0.,0.));
#2223 = VECTOR('',#2224,1.);
#2224 = DIRECTION('',(1.,0.));
#2225 = ( GEOMETRIC_REPRESENTATION_CONTEXT(2) 
PARAMETRIC_REPRESENTATION_CONTEXT() REPRESENTATION_CONTEXT('2D SPACE',''
  ) );
#2226 = ORIENTED_EDGE('',*,*,#2227,.T.);
#2227 = EDGE_CURVE('',#2200,#1996,#2228,.T.);
#2228 = SURFACE_CURVE('',#2229,(#2233,#2240),.PCURVE_S1.);
#2229 = B_SPLINE_CURVE_WITH_KNOTS('',2,(#2230,#2231,#2232),
  .UNSPECIFIED.,.F.,.F.,(3,3),(0.,1.),.PIECEWISE_BEZIER_KNOTS.);
#2230 = CARTESIAN_POINT('',(13.782498372396,10.295003000895,20.3));
#2231 = CARTESIAN_POINT('',(14.322504882812,10.295003000895,20.3));
#2232 = CARTESIAN_POINT('',(14.615001627604,10.017504628499,20.3));
#2233 = PCURVE('',#262,#2234);
#2234 = DEFINITIONAL_REPRESENTATION('',(#2235),#2239);
#2235 = B_SPLINE_CURVE_WITH_KNOTS('',2,(#2236,#2237,#2238),
  .UNSPECIFIED.,.F.,.F.,(3,3),(0.,1.),.PIECEWISE_BEZIER_KNOTS.);
#2236 = CARTESIAN_POINT('',(15.782498372396,12.295003000895));
#2237 = CARTESIAN_POINT('',(16.322504882812,12.295003000895));
#2238 = CARTESIAN_POINT('',(16.615001627604,12.017504628499));
#2239 = ( GEOMETRIC_REPRESENTATION_CONTEXT(2) 
PARAMETRIC_REPRESENTATION_CONTEXT() REPRESENTATION_CONTEXT('2D SPACE',''
  ) );
#2240 = PCURVE('',#2241,#2248);
#2241 = SURFACE_OF_LINEAR_EXTRUSION('',#2242,#2246);
#2242 = B_SPLINE_CURVE_WITH_KNOTS('',2,(#2243,#2244,#2245),
  .UNSPECIFIED.,.F.,.F.,(3,3),(0.,1.),.PIECEWISE_BEZIER_KNOTS.);
#2243 = CARTESIAN_POINT('',(13.782498372396,10.295003000895,20.3));
#2244 = CARTESIAN_POINT('',(14.322504882812,10.295003000895,20.3));
#2245 = CARTESIAN_POINT('',(14.615001627604,10.017504628499,20.3));
#2246 = VECTOR('',#2247,1.);
#2247 = DIRECTION('',(0.,0.,1.));
#2248 = DEFINITIONAL_REPRESENTATION('',(#2249),#2253);
#2249 = LINE('',#2250,#2251);
#2250 = CARTESIAN_POINT('',(0.,0.));
#2251 = VECTOR('',#2252,1.);
#2252 = DIRECTION('',(1.,0.));
#2253 = ( GEOMETRIC_REPRESENTATION_CONTEXT(2) 
PARAMETRIC_REPRESENTATION_CONTEXT() REPRESENTATION_CONTEXT('2D SPACE',''
  ) );
#2254 = FACE_BOUND('',#2255,.T.);
#2255 = EDGE_LOOP('',(#2256,#2288,#2318,#2348,#2378,#2408,#2438,#2468));
#2256 = ORIENTED_EDGE('',*,*,#2257,.T.);
#2257 = EDGE_CURVE('',#2258,#2260,#2262,.T.);
#2258 = VERTEX_POINT('',#2259);
#2259 = CARTESIAN_POINT('',(17.167483723958,8.972501373291,20.3));
#2260 = VERTEX_POINT('',#2261);
#2261 = CARTESIAN_POINT('',(18.032482096354,9.345003000895,20.3));
#2262 = SURFACE_CURVE('',#2263,(#2267,#2274),.PCURVE_S1.);
#2263 = B_SPLINE_CURVE_WITH_KNOTS('',2,(#2264,#2265,#2266),
  .UNSPECIFIED.,.F.,.F.,(3,3),(0.,1.),.PIECEWISE_BEZIER_KNOTS.);
#2264 = CARTESIAN_POINT('',(17.167483723958,8.972501373291,20.3));
#2265 = CARTESIAN_POINT('',(17.482482096354,9.345003000895,20.3));
#2266 = CARTESIAN_POINT('',(18.032482096354,9.345003000895,20.3));
#2267 = PCURVE('',#262,#2268);
#2268 = DEFINITIONAL_REPRESENTATION('',(#2269),#2273);
#2269 = B_SPLINE_CURVE_WITH_KNOTS('',2,(#2270,#2271,#2272),
  .UNSPECIFIED.,.F.,.F.,(3,3),(0.,1.),.PIECEWISE_BEZIER_KNOTS.);
#2270 = CARTESIAN_POINT('',(19.167483723958,10.972501373291));
#2271 = CARTESIAN_POINT('',(19.482482096354,11.345003000895));
#2272 = CARTESIAN_POINT('',(20.032482096354,11.345003000895));
#2273 = ( GEOMETRIC_REPRESENTATION_CONTEXT(2) 
PARAMETRIC_REPRESENTATION_CONTEXT() REPRESENTATION_CONTEXT('2D SPACE',''
  ) );
#2274 = PCURVE('',#2275,#2282);
#2275 = SURFACE_OF_LINEAR_EXTRUSION('',#2276,#2280);
#2276 = B_SPLINE_CURVE_WITH_KNOTS('',2,(#2277,#2278,#2279),
  .UNSPECIFIED.,.F.,.F.,(3,3),(0.,1.),.PIECEWISE_BEZIER_KNOTS.);
#2277 = CARTESIAN_POINT('',(17.167483723958,8.972501373291,20.3));
#2278 = CARTESIAN_POINT('',(17.482482096354,9.345003000895,20.3));
#2279 = CARTESIAN_POINT('',(18.032482096354,9.345003000895,20.3));
#2280 = VECTOR('',#2281,1.);
#2281 = DIRECTION('',(0.,0.,1.));
#2282 = DEFINITIONAL_REPRESENTATION('',(#2283),#2287);
#2283 = LINE('',#2284,#2285);
#2284 = CARTESIAN_POINT('',(0.,0.));
#2285 = VECTOR('',#2286,1.);
#2286 = DIRECTION('',(1.,0.));
#2287 = ( GEOMETRIC_REPRESENTATION_CONTEXT(2) 
PARAMETRIC_REPRESENTATION_CONTEXT() REPRESENTATION_CONTEXT('2D SPACE',''
  ) );
#2288 = ORIENTED_EDGE('',*,*,#2289,.T.);
#2289 = EDGE_CURVE('',#2260,#2290,#2292,.T.);
#2290 = VERTEX_POINT('',#2291);
#2291 = CARTESIAN_POINT('',(18.909988606771,8.972501373291,20.3));
#2292 = SURFACE_CURVE('',#2293,(#2297,#2304),.PCURVE_S1.);
#2293 = B_SPLINE_CURVE_WITH_KNOTS('',2,(#2294,#2295,#2296),
  .UNSPECIFIED.,.F.,.F.,(3,3),(0.,1.),.PIECEWISE_BEZIER_KNOTS.);
#2294 = CARTESIAN_POINT('',(18.032482096354,9.345003000895,20.3));
#2295 = CARTESIAN_POINT('',(18.597488606771,9.345003000895,20.3));
#2296 = CARTESIAN_POINT('',(18.909988606771,8.972501373291,20.3));
#2297 = PCURVE('',#262,#2298);
#2298 = DEFINITIONAL_REPRESENTATION('',(#2299),#2303);
#2299 = B_SPLINE_CURVE_WITH_KNOTS('',2,(#2300,#2301,#2302),
  .UNSPECIFIED.,.F.,.F.,(3,3),(0.,1.),.PIECEWISE_BEZIER_KNOTS.);
#2300 = CARTESIAN_POINT('',(20.032482096354,11.345003000895));
#2301 = CARTESIAN_POINT('',(20.597488606771,11.345003000895));
#2302 = CARTESIAN_POINT('',(20.909988606771,10.972501373291));
#2303 = ( GEOMETRIC_REPRESENTATION_CONTEXT(2) 
PARAMETRIC_REPRESENTATION_CONTEXT() REPRESENTATION_CONTEXT('2D SPACE',''
  ) );
#2304 = PCURVE('',#2305,#2312);
#2305 = SURFACE_OF_LINEAR_EXTRUSION('',#2306,#2310);
#2306 = B_SPLINE_CURVE_WITH_KNOTS('',2,(#2307,#2308,#2309),
  .UNSPECIFIED.,.F.,.F.,(3,3),(0.,1.),.PIECEWISE_BEZIER_KNOTS.);
#2307 = CARTESIAN_POINT('',(18.032482096354,9.345003000895,20.3));
#2308 = CARTESIAN_POINT('',(18.597488606771,9.345003000895,20.3));
#2309 = CARTESIAN_POINT('',(18.909988606771,8.972501373291,20.3));
#2310 = VECTOR('',#2311,1.);
#2311 = DIRECTION('',(0.,0.,1.));
#2312 = DEFINITIONAL_REPRESENTATION('',(#2313),#2317);
#2313 = LINE('',#2314,#2315);
#2314 = CARTESIAN_POINT('',(0.,0.));
#2315 = VECTOR('',#2316,1.);
#2316 = DIRECTION('',(1.,0.));
#2317 = ( GEOMETRIC_REPRESENTATION_CONTEXT(2) 
PARAMETRIC_REPRESENTATION_CONTEXT() REPRESENTATION_CONTEXT('2D SPACE',''
  ) );
#2318 = ORIENTED_EDGE('',*,*,#2319,.T.);
#2319 = EDGE_CURVE('',#2290,#2320,#2322,.T.);
#2320 = VERTEX_POINT('',#2321);
#2321 = CARTESIAN_POINT('',(19.222488606771,7.920003000895,20.3));
#2322 = SURFACE_CURVE('',#2323,(#2327,#2334),.PCURVE_S1.);
#2323 = B_SPLINE_CURVE_WITH_KNOTS('',2,(#2324,#2325,#2326),
  .UNSPECIFIED.,.F.,.F.,(3,3),(0.,1.),.PIECEWISE_BEZIER_KNOTS.);
#2324 = CARTESIAN_POINT('',(18.909988606771,8.972501373291,20.3));
#2325 = CARTESIAN_POINT('',(19.222488606771,8.599999745687,20.3));
#2326 = CARTESIAN_POINT('',(19.222488606771,7.920003000895,20.3));
#2327 = PCURVE('',#262,#2328);
#2328 = DEFINITIONAL_REPRESENTATION('',(#2329),#2333);
#2329 = B_SPLINE_CURVE_WITH_KNOTS('',2,(#2330,#2331,#2332),
  .UNSPECIFIED.,.F.,.F.,(3,3),(0.,1.),.PIECEWISE_BEZIER_KNOTS.);
#2330 = CARTESIAN_POINT('',(20.909988606771,10.972501373291));
#2331 = CARTESIAN_POINT('',(21.222488606771,10.599999745687));
#2332 = CARTESIAN_POINT('',(21.222488606771,9.920003000895));
#2333 = ( GEOMETRIC_REPRESENTATION_CONTEXT(2) 
PARAMETRIC_REPRESENTATION_CONTEXT() REPRESENTATION_CONTEXT('2D SPACE',''
  ) );
#2334 = PCURVE('',#2335,#2342);
#2335 = SURFACE_OF_LINEAR_EXTRUSION('',#2336,#2340);
#2336 = B_SPLINE_CURVE_WITH_KNOTS('',2,(#2337,#2338,#2339),
  .UNSPECIFIED.,.F.,.F.,(3,3),(0.,1.),.PIECEWISE_BEZIER_KNOTS.);
#2337 = CARTESIAN_POINT('',(18.909988606771,8.972501373291,20.3));
#2338 = CARTESIAN_POINT('',(19.222488606771,8.599999745687,20.3));
#2339 = CARTESIAN_POINT('',(19.222488606771,7.920003000895,20.3));
#2340 = VECTOR('',#2341,1.);
#2341 = DIRECTION('',(0.,0.,1.));
#2342 = DEFINITIONAL_REPRESENTATION('',(#2343),#2347);
#2343 = LINE('',#2344,#2345);
#2344 = CARTESIAN_POINT('',(0.,0.));
#2345 = VECTOR('',#2346,1.);
#2346 = DIRECTION('',(1.,0.));
#2347 = ( GEOMETRIC_REPRESENTATION_CONTEXT(2) 
PARAMETRIC_REPRESENTATION_CONTEXT() REPRESENTATION_CONTEXT('2D SPACE',''
  ) );
#2348 = ORIENTED_EDGE('',*,*,#2349,.T.);
#2349 = EDGE_CURVE('',#2320,#2350,#2352,.T.);
#2350 = VERTEX_POINT('',#2351);
#2351 = CARTESIAN_POINT('',(18.904983723958,6.904996490479,20.3));
#2352 = SURFACE_CURVE('',#2353,(#2357,#2364),.PCURVE_S1.);
#2353 = B_SPLINE_CURVE_WITH_KNOTS('',2,(#2354,#2355,#2356),
  .UNSPECIFIED.,.F.,.F.,(3,3),(0.,1.),.PIECEWISE_BEZIER_KNOTS.);
#2354 = CARTESIAN_POINT('',(19.222488606771,7.920003000895,20.3));
#2355 = CARTESIAN_POINT('',(19.222488606771,7.274999745687,20.3));
#2356 = CARTESIAN_POINT('',(18.904983723958,6.904996490479,20.3));
#2357 = PCURVE('',#262,#2358);
#2358 = DEFINITIONAL_REPRESENTATION('',(#2359),#2363);
#2359 = B_SPLINE_CURVE_WITH_KNOTS('',2,(#2360,#2361,#2362),
  .UNSPECIFIED.,.F.,.F.,(3,3),(0.,1.),.PIECEWISE_BEZIER_KNOTS.);
#2360 = CARTESIAN_POINT('',(21.222488606771,9.920003000895));
#2361 = CARTESIAN_POINT('',(21.222488606771,9.274999745687));
#2362 = CARTESIAN_POINT('',(20.904983723958,8.904996490479));
#2363 = ( GEOMETRIC_REPRESENTATION_CONTEXT(2) 
PARAMETRIC_REPRESENTATION_CONTEXT() REPRESENTATION_CONTEXT('2D SPACE',''
  ) );
#2364 = PCURVE('',#2365,#2372);
#2365 = SURFACE_OF_LINEAR_EXTRUSION('',#2366,#2370);
#2366 = B_SPLINE_CURVE_WITH_KNOTS('',2,(#2367,#2368,#2369),
  .UNSPECIFIED.,.F.,.F.,(3,3),(0.,1.),.PIECEWISE_BEZIER_KNOTS.);
#2367 = CARTESIAN_POINT('',(19.222488606771,7.920003000895,20.3));
#2368 = CARTESIAN_POINT('',(19.222488606771,7.274999745687,20.3));
#2369 = CARTESIAN_POINT('',(18.904983723958,6.904996490479,20.3));
#2370 = VECTOR('',#2371,1.);
#2371 = DIRECTION('',(0.,0.,1.));
#2372 = DEFINITIONAL_REPRESENTATION('',(#2373),#2377);
#2373 = LINE('',#2374,#2375);
#2374 = CARTESIAN_POINT('',(0.,0.));
#2375 = VECTOR('',#2376,1.);
#2376 = DIRECTION('',(1.,0.));
#2377 = ( GEOMETRIC_REPRESENTATION_CONTEXT(2) 
PARAMETRIC_REPRESENTATION_CONTEXT() REPRESENTATION_CONTEXT('2D SPACE',''
  ) );
#2378 = ORIENTED_EDGE('',*,*,#2379,.T.);
#2379 = EDGE_CURVE('',#2350,#2380,#2382,.T.);
#2380 = VERTEX_POINT('',#2381);
#2381 = CARTESIAN_POINT('',(18.037478841146,6.53499323527,20.3));
#2382 = SURFACE_CURVE('',#2383,(#2387,#2394),.PCURVE_S1.);
#2383 = B_SPLINE_CURVE_WITH_KNOTS('',2,(#2384,#2385,#2386),
  .UNSPECIFIED.,.F.,.F.,(3,3),(0.,1.),.PIECEWISE_BEZIER_KNOTS.);
#2384 = CARTESIAN_POINT('',(18.904983723958,6.904996490479,20.3));
#2385 = CARTESIAN_POINT('',(18.587478841146,6.53499323527,20.3));
#2386 = CARTESIAN_POINT('',(18.037478841146,6.53499323527,20.3));
#2387 = PCURVE('',#262,#2388);
#2388 = DEFINITIONAL_REPRESENTATION('',(#2389),#2393);
#2389 = B_SPLINE_CURVE_WITH_KNOTS('',2,(#2390,#2391,#2392),
  .UNSPECIFIED.,.F.,.F.,(3,3),(0.,1.),.PIECEWISE_BEZIER_KNOTS.);
#2390 = CARTESIAN_POINT('',(20.904983723958,8.904996490479));
#2391 = CARTESIAN_POINT('',(20.587478841146,8.53499323527));
#2392 = CARTESIAN_POINT('',(20.037478841146,8.53499323527));
#2393 = ( GEOMETRIC_REPRESENTATION_CONTEXT(2) 
PARAMETRIC_REPRESENTATION_CONTEXT() REPRESENTATION_CONTEXT('2D SPACE',''
  ) );
#2394 = PCURVE('',#2395,#2402);
#2395 = SURFACE_OF_LINEAR_EXTRUSION('',#2396,#2400);
#2396 = B_SPLINE_CURVE_WITH_KNOTS('',2,(#2397,#2398,#2399),
  .UNSPECIFIED.,.F.,.F.,(3,3),(0.,1.),.PIECEWISE_BEZIER_KNOTS.);
#2397 = CARTESIAN_POINT('',(18.904983723958,6.904996490479,20.3));
#2398 = CARTESIAN_POINT('',(18.587478841146,6.53499323527,20.3));
#2399 = CARTESIAN_POINT('',(18.037478841146,6.53499323527,20.3));
#2400 = VECTOR('',#2401,1.);
#2401 = DIRECTION('',(0.,0.,1.));
#2402 = DEFINITIONAL_REPRESENTATION('',(#2403),#2407);
#2403 = LINE('',#2404,#2405);
#2404 = CARTESIAN_POINT('',(0.,0.));
#2405 = VECTOR('',#2406,1.);
#2406 = DIRECTION('',(1.,0.));
#2407 = ( GEOMETRIC_REPRESENTATION_CONTEXT(2) 
PARAMETRIC_REPRESENTATION_CONTEXT() REPRESENTATION_CONTEXT('2D SPACE',''
  ) );
#2408 = ORIENTED_EDGE('',*,*,#2409,.T.);
#2409 = EDGE_CURVE('',#2380,#2410,#2412,.T.);
#2410 = VERTEX_POINT('',#2411);
#2411 = CARTESIAN_POINT('',(17.164985351562,6.907494862874,20.3));
#2412 = SURFACE_CURVE('',#2413,(#2417,#2424),.PCURVE_S1.);
#2413 = B_SPLINE_CURVE_WITH_KNOTS('',2,(#2414,#2415,#2416),
  .UNSPECIFIED.,.F.,.F.,(3,3),(0.,1.),.PIECEWISE_BEZIER_KNOTS.);
#2414 = CARTESIAN_POINT('',(18.037478841146,6.53499323527,20.3));
#2415 = CARTESIAN_POINT('',(17.477485351562,6.53499323527,20.3));
#2416 = CARTESIAN_POINT('',(17.164985351562,6.907494862874,20.3));
#2417 = PCURVE('',#262,#2418);
#2418 = DEFINITIONAL_REPRESENTATION('',(#2419),#2423);
#2419 = B_SPLINE_CURVE_WITH_KNOTS('',2,(#2420,#2421,#2422),
  .UNSPECIFIED.,.F.,.F.,(3,3),(0.,1.),.PIECEWISE_BEZIER_KNOTS.);
#2420 = CARTESIAN_POINT('',(20.037478841146,8.53499323527));
#2421 = CARTESIAN_POINT('',(19.477485351562,8.53499323527));
#2422 = CARTESIAN_POINT('',(19.164985351562,8.907494862874));
#2423 = ( GEOMETRIC_REPRESENTATION_CONTEXT(2) 
PARAMETRIC_REPRESENTATION_CONTEXT() REPRESENTATION_CONTEXT('2D SPACE',''
  ) );
#2424 = PCURVE('',#2425,#2432);
#2425 = SURFACE_OF_LINEAR_EXTRUSION('',#2426,#2430);
#2426 = B_SPLINE_CURVE_WITH_KNOTS('',2,(#2427,#2428,#2429),
  .UNSPECIFIED.,.F.,.F.,(3,3),(0.,1.),.PIECEWISE_BEZIER_KNOTS.);
#2427 = CARTESIAN_POINT('',(18.037478841146,6.53499323527,20.3));
#2428 = CARTESIAN_POINT('',(17.477485351562,6.53499323527,20.3));
#2429 = CARTESIAN_POINT('',(17.164985351562,6.907494862874,20.3));
#2430 = VECTOR('',#2431,1.);
#2431 = DIRECTION('',(0.,0.,1.));
#2432 = DEFINITIONAL_REPRESENTATION('',(#2433),#2437);
#2433 = LINE('',#2434,#2435);
#2434 = CARTESIAN_POINT('',(0.,0.));
#2435 = VECTOR('',#2436,1.);
#2436 = DIRECTION('',(1.,0.));
#2437 = ( GEOMETRIC_REPRESENTATION_CONTEXT(2) 
PARAMETRIC_REPRESENTATION_CONTEXT() REPRESENTATION_CONTEXT('2D SPACE',''
  ) );
#2438 = ORIENTED_EDGE('',*,*,#2439,.T.);
#2439 = EDGE_CURVE('',#2410,#2440,#2442,.T.);
#2440 = VERTEX_POINT('',#2441);
#2441 = CARTESIAN_POINT('',(16.852485351562,7.939998118083,20.3));
#2442 = SURFACE_CURVE('',#2443,(#2447,#2454),.PCURVE_S1.);
#2443 = B_SPLINE_CURVE_WITH_KNOTS('',2,(#2444,#2445,#2446),
  .UNSPECIFIED.,.F.,.F.,(3,3),(0.,1.),.PIECEWISE_BEZIER_KNOTS.);
#2444 = CARTESIAN_POINT('',(17.164985351562,6.907494862874,20.3));
#2445 = CARTESIAN_POINT('',(16.852485351562,7.279996490479,20.3));
#2446 = CARTESIAN_POINT('',(16.852485351562,7.939998118083,20.3));
#2447 = PCURVE('',#262,#2448);
#2448 = DEFINITIONAL_REPRESENTATION('',(#2449),#2453);
#2449 = B_SPLINE_CURVE_WITH_KNOTS('',2,(#2450,#2451,#2452),
  .UNSPECIFIED.,.F.,.F.,(3,3),(0.,1.),.PIECEWISE_BEZIER_KNOTS.);
#2450 = CARTESIAN_POINT('',(19.164985351562,8.907494862874));
#2451 = CARTESIAN_POINT('',(18.852485351562,9.279996490479));
#2452 = CARTESIAN_POINT('',(18.852485351562,9.939998118083));
#2453 = ( GEOMETRIC_REPRESENTATION_CONTEXT(2) 
PARAMETRIC_REPRESENTATION_CONTEXT() REPRESENTATION_CONTEXT('2D SPACE',''
  ) );
#2454 = PCURVE('',#2455,#2462);
#2455 = SURFACE_OF_LINEAR_EXTRUSION('',#2456,#2460);
#2456 = B_SPLINE_CURVE_WITH_KNOTS('',2,(#2457,#2458,#2459),
  .UNSPECIFIED.,.F.,.F.,(3,3),(0.,1.),.PIECEWISE_BEZIER_KNOTS.);
#2457 = CARTESIAN_POINT('',(17.164985351562,6.907494862874,20.3));
#2458 = CARTESIAN_POINT('',(16.852485351562,7.279996490479,20.3));
#2459 = CARTESIAN_POINT('',(16.852485351562,7.939998118083,20.3));
#2460 = VECTOR('',#2461,1.);
#2461 = DIRECTION('',(0.,0.,1.));
#2462 = DEFINITIONAL_REPRESENTATION('',(#2463),#2467);
#2463 = LINE('',#2464,#2465);
#2464 = CARTESIAN_POINT('',(0.,0.));
#2465 = VECTOR('',#2466,1.);
#2466 = DIRECTION('',(1.,0.));
#2467 = ( GEOMETRIC_REPRESENTATION_CONTEXT(2) 
PARAMETRIC_REPRESENTATION_CONTEXT() REPRESENTATION_CONTEXT('2D SPACE',''
  ) );
#2468 = ORIENTED_EDGE('',*,*,#2469,.T.);
#2469 = EDGE_CURVE('',#2440,#2258,#2470,.T.);
#2470 = SURFACE_CURVE('',#2471,(#2475,#2482),.PCURVE_S1.);
#2471 = B_SPLINE_CURVE_WITH_KNOTS('',2,(#2472,#2473,#2474),
  .UNSPECIFIED.,.F.,.F.,(3,3),(0.,1.),.PIECEWISE_BEZIER_KNOTS.);
#2472 = CARTESIAN_POINT('',(16.852485351562,7.939998118083,20.3));
#2473 = CARTESIAN_POINT('',(16.852485351562,8.599999745687,20.3));
#2474 = CARTESIAN_POINT('',(17.167483723958,8.972501373291,20.3));
#2475 = PCURVE('',#262,#2476);
#2476 = DEFINITIONAL_REPRESENTATION('',(#2477),#2481);
#2477 = B_SPLINE_CURVE_WITH_KNOTS('',2,(#2478,#2479,#2480),
  .UNSPECIFIED.,.F.,.F.,(3,3),(0.,1.),.PIECEWISE_BEZIER_KNOTS.);
#2478 = CARTESIAN_POINT('',(18.852485351562,9.939998118083));
#2479 = CARTESIAN_POINT('',(18.852485351562,10.599999745687));
#2480 = CARTESIAN_POINT('',(19.167483723958,10.972501373291));
#2481 = ( GEOMETRIC_REPRESENTATION_CONTEXT(2) 
PARAMETRIC_REPRESENTATION_CONTEXT() REPRESENTATION_CONTEXT('2D SPACE',''
  ) );
#2482 = PCURVE('',#2483,#2490);
#2483 = SURFACE_OF_LINEAR_EXTRUSION('',#2484,#2488);
#2484 = B_SPLINE_CURVE_WITH_KNOTS('',2,(#2485,#2486,#2487),
  .UNSPECIFIED.,.F.,.F.,(3,3),(0.,1.),.PIECEWISE_BEZIER_KNOTS.);
#2485 = CARTESIAN_POINT('',(16.852485351562,7.939998118083,20.3));
#2486 = CARTESIAN_POINT('',(16.852485351562,8.599999745687,20.3));
#2487 = CARTESIAN_POINT('',(17.167483723958,8.972501373291,20.3));
#2488 = VECTOR('',#2489,1.);
#2489 = DIRECTION('',(0.,0.,1.));
#2490 = DEFINITIONAL_REPRESENTATION('',(#2491),#2495);
#2491 = LINE('',#2492,#2493);
#2492 = CARTESIAN_POINT('',(0.,0.));
#2493 = VECTOR('',#2494,1.);
#2494 = DIRECTION('',(1.,0.));
#2495 = ( GEOMETRIC_REPRESENTATION_CONTEXT(2) 
PARAMETRIC_REPRESENTATION_CONTEXT() REPRESENTATION_CONTEXT('2D SPACE',''
  ) );
#2496 = FACE_BOUND('',#2497,.T.);
#2497 = EDGE_LOOP('',(#2498,#2528,#2556,#2584));
#2498 = ORIENTED_EDGE('',*,*,#2499,.T.);
#2499 = EDGE_CURVE('',#2500,#2502,#2504,.T.);
#2500 = VERTEX_POINT('',#2501);
#2501 = CARTESIAN_POINT('',(22.932482096354,6.649999745687,20.3));
#2502 = VERTEX_POINT('',#2503);
#2503 = CARTESIAN_POINT('',(22.932482096354,9.270003000895,20.3));
#2504 = SURFACE_CURVE('',#2505,(#2509,#2516),.PCURVE_S1.);
#2505 = LINE('',#2506,#2507);
#2506 = CARTESIAN_POINT('',(22.932482096354,6.649999745687,20.3));
#2507 = VECTOR('',#2508,1.);
#2508 = DIRECTION('',(0.,1.,0.));
#2509 = PCURVE('',#262,#2510);
#2510 = DEFINITIONAL_REPRESENTATION('',(#2511),#2515);
#2511 = LINE('',#2512,#2513);
#2512 = CARTESIAN_POINT('',(24.932482096354,8.649999745687));
#2513 = VECTOR('',#2514,1.);
#2514 = DIRECTION('',(0.,1.));
#2515 = ( GEOMETRIC_REPRESENTATION_CONTEXT(2) 
PARAMETRIC_REPRESENTATION_CONTEXT() REPRESENTATION_CONTEXT('2D SPACE',''
  ) );
#2516 = PCURVE('',#2517,#2522);
#2517 = PLANE('',#2518);
#2518 = AXIS2_PLACEMENT_3D('',#2519,#2520,#2521);
#2519 = CARTESIAN_POINT('',(22.932482096354,6.649999745687,20.3));
#2520 = DIRECTION('',(1.,0.,0.));
#2521 = DIRECTION('',(0.,1.,0.));
#2522 = DEFINITIONAL_REPRESENTATION('',(#2523),#2527);
#2523 = LINE('',#2524,#2525);
#2524 = CARTESIAN_POINT('',(0.,0.));
#2525 = VECTOR('',#2526,1.);
#2526 = DIRECTION('',(1.,0.));
#2527 = ( GEOMETRIC_REPRESENTATION_CONTEXT(2) 
PARAMETRIC_REPRESENTATION_CONTEXT() REPRESENTATION_CONTEXT('2D SPACE',''
  ) );
#2528 = ORIENTED_EDGE('',*,*,#2529,.T.);
#2529 = EDGE_CURVE('',#2502,#2530,#2532,.T.);
#2530 = VERTEX_POINT('',#2531);
#2531 = CARTESIAN_POINT('',(23.347488606771,9.270003000895,20.3));
#2532 = SURFACE_CURVE('',#2533,(#2537,#2544),.PCURVE_S1.);
#2533 = LINE('',#2534,#2535);
#2534 = CARTESIAN_POINT('',(22.932482096354,9.270003000895,20.3));
#2535 = VECTOR('',#2536,1.);
#2536 = DIRECTION('',(1.,0.,0.));
#2537 = PCURVE('',#262,#2538);
#2538 = DEFINITIONAL_REPRESENTATION('',(#2539),#2543);
#2539 = LINE('',#2540,#2541);
#2540 = CARTESIAN_POINT('',(24.932482096354,11.270003000895));
#2541 = VECTOR('',#2542,1.);
#2542 = DIRECTION('',(1.,0.));
#2543 = ( GEOMETRIC_REPRESENTATION_CONTEXT(2) 
PARAMETRIC_REPRESENTATION_CONTEXT() REPRESENTATION_CONTEXT('2D SPACE',''
  ) );
#2544 = PCURVE('',#2545,#2550);
#2545 = PLANE('',#2546);
#2546 = AXIS2_PLACEMENT_3D('',#2547,#2548,#2549);
#2547 = CARTESIAN_POINT('',(22.932482096354,9.270003000895,20.3));
#2548 = DIRECTION('',(0.,-1.,0.));
#2549 = DIRECTION('',(1.,0.,0.));
#2550 = DEFINITIONAL_REPRESENTATION('',(#2551),#2555);
#2551 = LINE('',#2552,#2553);
#2552 = CARTESIAN_POINT('',(0.,0.));
#2553 = VECTOR('',#2554,1.);
#2554 = DIRECTION('',(1.,0.));
#2555 = ( GEOMETRIC_REPRESENTATION_CONTEXT(2) 
PARAMETRIC_REPRESENTATION_CONTEXT() REPRESENTATION_CONTEXT('2D SPACE',''
  ) );
#2556 = ORIENTED_EDGE('',*,*,#2557,.T.);
#2557 = EDGE_CURVE('',#2530,#2558,#2560,.T.);
#2558 = VERTEX_POINT('',#2559);
#2559 = CARTESIAN_POINT('',(23.347488606771,6.649999745687,20.3));
#2560 = SURFACE_CURVE('',#2561,(#2565,#2572),.PCURVE_S1.);
#2561 = LINE('',#2562,#2563);
#2562 = CARTESIAN_POINT('',(23.347488606771,9.270003000895,20.3));
#2563 = VECTOR('',#2564,1.);
#2564 = DIRECTION('',(0.,-1.,0.));
#2565 = PCURVE('',#262,#2566);
#2566 = DEFINITIONAL_REPRESENTATION('',(#2567),#2571);
#2567 = LINE('',#2568,#2569);
#2568 = CARTESIAN_POINT('',(25.347488606771,11.270003000895));
#2569 = VECTOR('',#2570,1.);
#2570 = DIRECTION('',(0.,-1.));
#2571 = ( GEOMETRIC_REPRESENTATION_CONTEXT(2) 
PARAMETRIC_REPRESENTATION_CONTEXT() REPRESENTATION_CONTEXT('2D SPACE',''
  ) );
#2572 = PCURVE('',#2573,#2578);
#2573 = PLANE('',#2574);
#2574 = AXIS2_PLACEMENT_3D('',#2575,#2576,#2577);
#2575 = CARTESIAN_POINT('',(23.347488606771,9.270003000895,20.3));
#2576 = DIRECTION('',(-1.,0.,0.));
#2577 = DIRECTION('',(0.,-1.,0.));
#2578 = DEFINITIONAL_REPRESENTATION('',(#2579),#2583);
#2579 = LINE('',#2580,#2581);
#2580 = CARTESIAN_POINT('',(0.,0.));
#2581 = VECTOR('',#2582,1.);
#2582 = DIRECTION('',(1.,0.));
#2583 = ( GEOMETRIC_REPRESENTATION_CONTEXT(2) 
PARAMETRIC_REPRESENTATION_CONTEXT() REPRESENTATION_CONTEXT('2D SPACE',''
  ) );
#2584 = ORIENTED_EDGE('',*,*,#2585,.T.);
#2585 = EDGE_CURVE('',#2558,#2500,#2586,.T.);
#2586 = SURFACE_CURVE('',#2587,(#2591,#2598),.PCURVE_S1.);
#2587 = LINE('',#2588,#2589);
#2588 = CARTESIAN_POINT('',(23.347488606771,6.649999745687,20.3));
#2589 = VECTOR('',#2590,1.);
#2590 = DIRECTION('',(-1.,0.,0.));
#2591 = PCURVE('',#262,#2592);
#2592 = DEFINITIONAL_REPRESENTATION('',(#2593),#2597);
#2593 = LINE('',#2594,#2595);
#2594 = CARTESIAN_POINT('',(25.347488606771,8.649999745687));
#2595 = VECTOR('',#2596,1.);
#2596 = DIRECTION('',(-1.,0.));
#2597 = ( GEOMETRIC_REPRESENTATION_CONTEXT(2) 
PARAMETRIC_REPRESENTATION_CONTEXT() REPRESENTATION_CONTEXT('2D SPACE',''
  ) );
#2598 = PCURVE('',#2599,#2604);
#2599 = PLANE('',#2600);
#2600 = AXIS2_PLACEMENT_3D('',#2601,#2602,#2603);
#2601 = CARTESIAN_POINT('',(23.347488606771,6.649999745687,20.3));
#2602 = DIRECTION('',(0.,1.,0.));
#2603 = DIRECTION('',(-1.,0.,0.));
#2604 = DEFINITIONAL_REPRESENTATION('',(#2605),#2609);
#2605 = LINE('',#2606,#2607);
#2606 = CARTESIAN_POINT('',(0.,0.));
#2607 = VECTOR('',#2608,1.);
#2608 = DIRECTION('',(1.,0.));
#2609 = ( GEOMETRIC_REPRESENTATION_CONTEXT(2) 
PARAMETRIC_REPRESENTATION_CONTEXT() REPRESENTATION_CONTEXT('2D SPACE',''
  ) );
#2610 = FACE_BOUND('',#2611,.T.);
#2611 = EDGE_LOOP('',(#2612,#2642,#2670,#2698));
#2612 = ORIENTED_EDGE('',*,*,#2613,.T.);
#2613 = EDGE_CURVE('',#2614,#2616,#2618,.T.);
#2614 = VERTEX_POINT('',#2615);
#2615 = CARTESIAN_POINT('',(17.952485351563,9.60999323527,20.3));
#2616 = VERTEX_POINT('',#2617);
#2617 = CARTESIAN_POINT('',(17.652485351563,9.60999323527,20.3));
#2618 = SURFACE_CURVE('',#2619,(#2623,#2630),.PCURVE_S1.);
#2619 = LINE('',#2620,#2621);
#2620 = CARTESIAN_POINT('',(17.952485351563,9.60999323527,20.3));
#2621 = VECTOR('',#2622,1.);
#2622 = DIRECTION('',(-1.,0.,0.));
#2623 = PCURVE('',#262,#2624);
#2624 = DEFINITIONAL_REPRESENTATION('',(#2625),#2629);
#2625 = LINE('',#2626,#2627);
#2626 = CARTESIAN_POINT('',(19.952485351563,11.60999323527));
#2627 = VECTOR('',#2628,1.);
#2628 = DIRECTION('',(-1.,0.));
#2629 = ( GEOMETRIC_REPRESENTATION_CONTEXT(2) 
PARAMETRIC_REPRESENTATION_CONTEXT() REPRESENTATION_CONTEXT('2D SPACE',''
  ) );
#2630 = PCURVE('',#2631,#2636);
#2631 = PLANE('',#2632);
#2632 = AXIS2_PLACEMENT_3D('',#2633,#2634,#2635);
#2633 = CARTESIAN_POINT('',(17.952485351563,9.60999323527,20.3));
#2634 = DIRECTION('',(0.,1.,0.));
#2635 = DIRECTION('',(-1.,0.,0.));
#2636 = DEFINITIONAL_REPRESENTATION('',(#2637),#2641);
#2637 = LINE('',#2638,#2639);
#2638 = CARTESIAN_POINT('',(0.,0.));
#2639 = VECTOR('',#2640,1.);
#2640 = DIRECTION('',(1.,0.));
#2641 = ( GEOMETRIC_REPRESENTATION_CONTEXT(2) 
PARAMETRIC_REPRESENTATION_CONTEXT() REPRESENTATION_CONTEXT('2D SPACE',''
  ) );
#2642 = ORIENTED_EDGE('',*,*,#2643,.T.);
#2643 = EDGE_CURVE('',#2616,#2644,#2646,.T.);
#2644 = VERTEX_POINT('',#2645);
#2645 = CARTESIAN_POINT('',(18.132498372396,10.349999745687,20.3));
#2646 = SURFACE_CURVE('',#2647,(#2651,#2658),.PCURVE_S1.);
#2647 = LINE('',#2648,#2649);
#2648 = CARTESIAN_POINT('',(17.652485351563,9.60999323527,20.3));
#2649 = VECTOR('',#2650,1.);
#2650 = DIRECTION('',(0.54419812553,0.838956733193,0.));
#2651 = PCURVE('',#262,#2652);
#2652 = DEFINITIONAL_REPRESENTATION('',(#2653),#2657);
#2653 = LINE('',#2654,#2655);
#2654 = CARTESIAN_POINT('',(19.652485351563,11.60999323527));
#2655 = VECTOR('',#2656,1.);
#2656 = DIRECTION('',(0.54419812553,0.838956733193));
#2657 = ( GEOMETRIC_REPRESENTATION_CONTEXT(2) 
PARAMETRIC_REPRESENTATION_CONTEXT() REPRESENTATION_CONTEXT('2D SPACE',''
  ) );
#2658 = PCURVE('',#2659,#2664);
#2659 = PLANE('',#2660);
#2660 = AXIS2_PLACEMENT_3D('',#2661,#2662,#2663);
#2661 = CARTESIAN_POINT('',(17.652485351563,9.60999323527,20.3));
#2662 = DIRECTION('',(0.838956733193,-0.54419812553,0.));
#2663 = DIRECTION('',(0.54419812553,0.838956733193,0.));
#2664 = DEFINITIONAL_REPRESENTATION('',(#2665),#2669);
#2665 = LINE('',#2666,#2667);
#2666 = CARTESIAN_POINT('',(0.,0.));
#2667 = VECTOR('',#2668,1.);
#2668 = DIRECTION('',(1.,0.));
#2669 = ( GEOMETRIC_REPRESENTATION_CONTEXT(2) 
PARAMETRIC_REPRESENTATION_CONTEXT() REPRESENTATION_CONTEXT('2D SPACE',''
  ) );
#2670 = ORIENTED_EDGE('',*,*,#2671,.T.);
#2671 = EDGE_CURVE('',#2644,#2672,#2674,.T.);
#2672 = VERTEX_POINT('',#2673);
#2673 = CARTESIAN_POINT('',(18.697488606771,10.349999745687,20.3));
#2674 = SURFACE_CURVE('',#2675,(#2679,#2686),.PCURVE_S1.);
#2675 = LINE('',#2676,#2677);
#2676 = CARTESIAN_POINT('',(18.132498372396,10.349999745687,20.3));
#2677 = VECTOR('',#2678,1.);
#2678 = DIRECTION('',(1.,0.,0.));
#2679 = PCURVE('',#262,#2680);
#2680 = DEFINITIONAL_REPRESENTATION('',(#2681),#2685);
#2681 = LINE('',#2682,#2683);
#2682 = CARTESIAN_POINT('',(20.132498372396,12.349999745687));
#2683 = VECTOR('',#2684,1.);
#2684 = DIRECTION('',(1.,0.));
#2685 = ( GEOMETRIC_REPRESENTATION_CONTEXT(2) 
PARAMETRIC_REPRESENTATION_CONTEXT() REPRESENTATION_CONTEXT('2D SPACE',''
  ) );
#2686 = PCURVE('',#2687,#2692);
#2687 = PLANE('',#2688);
#2688 = AXIS2_PLACEMENT_3D('',#2689,#2690,#2691);
#2689 = CARTESIAN_POINT('',(18.132498372396,10.349999745687,20.3));
#2690 = DIRECTION('',(0.,-1.,0.));
#2691 = DIRECTION('',(1.,0.,0.));
#2692 = DEFINITIONAL_REPRESENTATION('',(#2693),#2697);
#2693 = LINE('',#2694,#2695);
#2694 = CARTESIAN_POINT('',(0.,0.));
#2695 = VECTOR('',#2696,1.);
#2696 = DIRECTION('',(1.,0.));
#2697 = ( GEOMETRIC_REPRESENTATION_CONTEXT(2) 
PARAMETRIC_REPRESENTATION_CONTEXT() REPRESENTATION_CONTEXT('2D SPACE',''
  ) );
#2698 = ORIENTED_EDGE('',*,*,#2699,.T.);
#2699 = EDGE_CURVE('',#2672,#2614,#2700,.T.);
#2700 = SURFACE_CURVE('',#2701,(#2705,#2712),.PCURVE_S1.);
#2701 = LINE('',#2702,#2703);
#2702 = CARTESIAN_POINT('',(18.697488606771,10.349999745687,20.3));
#2703 = VECTOR('',#2704,1.);
#2704 = DIRECTION('',(-0.709482030135,-0.70472352658,0.));
#2705 = PCURVE('',#262,#2706);
#2706 = DEFINITIONAL_REPRESENTATION('',(#2707),#2711);
#2707 = LINE('',#2708,#2709);
#2708 = CARTESIAN_POINT('',(20.697488606771,12.349999745687));
#2709 = VECTOR('',#2710,1.);
#2710 = DIRECTION('',(-0.709482030135,-0.70472352658));
#2711 = ( GEOMETRIC_REPRESENTATION_CONTEXT(2) 
PARAMETRIC_REPRESENTATION_CONTEXT() REPRESENTATION_CONTEXT('2D SPACE',''
  ) );
#2712 = PCURVE('',#2713,#2718);
#2713 = PLANE('',#2714);
#2714 = AXIS2_PLACEMENT_3D('',#2715,#2716,#2717);
#2715 = CARTESIAN_POINT('',(18.697488606771,10.349999745687,20.3));
#2716 = DIRECTION('',(-0.70472352658,0.709482030135,0.));
#2717 = DIRECTION('',(-0.709482030135,-0.70472352658,0.));
#2718 = DEFINITIONAL_REPRESENTATION('',(#2719),#2723);
#2719 = LINE('',#2720,#2721);
#2720 = CARTESIAN_POINT('',(0.,0.));
#2721 = VECTOR('',#2722,1.);
#2722 = DIRECTION('',(1.,0.));
#2723 = ( GEOMETRIC_REPRESENTATION_CONTEXT(2) 
PARAMETRIC_REPRESENTATION_CONTEXT() REPRESENTATION_CONTEXT('2D SPACE',''
  ) );
#2724 = FACE_BOUND('',#2725,.T.);
#2725 = EDGE_LOOP('',(#2726,#2756,#2784,#2812,#2840,#2868,#2896));
#2726 = ORIENTED_EDGE('',*,*,#2727,.T.);
#2727 = EDGE_CURVE('',#2728,#2730,#2732,.T.);
#2728 = VERTEX_POINT('',#2729);
#2729 = CARTESIAN_POINT('',(22.027485351563,10.295003000895,20.3));
#2730 = VERTEX_POINT('',#2731);
#2731 = CARTESIAN_POINT('',(22.522488606771,10.295003000895,20.3));
#2732 = SURFACE_CURVE('',#2733,(#2737,#2744),.PCURVE_S1.);
#2733 = LINE('',#2734,#2735);
#2734 = CARTESIAN_POINT('',(22.027485351563,10.295003000895,20.3));
#2735 = VECTOR('',#2736,1.);
#2736 = DIRECTION('',(1.,0.,0.));
#2737 = PCURVE('',#262,#2738);
#2738 = DEFINITIONAL_REPRESENTATION('',(#2739),#2743);
#2739 = LINE('',#2740,#2741);
#2740 = CARTESIAN_POINT('',(24.027485351563,12.295003000895));
#2741 = VECTOR('',#2742,1.);
#2742 = DIRECTION('',(1.,0.));
#2743 = ( GEOMETRIC_REPRESENTATION_CONTEXT(2) 
PARAMETRIC_REPRESENTATION_CONTEXT() REPRESENTATION_CONTEXT('2D SPACE',''
  ) );
#2744 = PCURVE('',#2745,#2750);
#2745 = PLANE('',#2746);
#2746 = AXIS2_PLACEMENT_3D('',#2747,#2748,#2749);
#2747 = CARTESIAN_POINT('',(22.027485351563,10.295003000895,20.3));
#2748 = DIRECTION('',(0.,-1.,0.));
#2749 = DIRECTION('',(1.,0.,0.));
#2750 = DEFINITIONAL_REPRESENTATION('',(#2751),#2755);
#2751 = LINE('',#2752,#2753);
#2752 = CARTESIAN_POINT('',(0.,0.));
#2753 = VECTOR('',#2754,1.);
#2754 = DIRECTION('',(1.,0.));
#2755 = ( GEOMETRIC_REPRESENTATION_CONTEXT(2) 
PARAMETRIC_REPRESENTATION_CONTEXT() REPRESENTATION_CONTEXT('2D SPACE',''
  ) );
#2756 = ORIENTED_EDGE('',*,*,#2757,.T.);
#2757 = EDGE_CURVE('',#2730,#2758,#2760,.T.);
#2758 = VERTEX_POINT('',#2759);
#2759 = CARTESIAN_POINT('',(21.257482096354,6.649999745687,20.3));
#2760 = SURFACE_CURVE('',#2761,(#2765,#2772),.PCURVE_S1.);
#2761 = LINE('',#2762,#2763);
#2762 = CARTESIAN_POINT('',(22.522488606771,10.295003000895,20.3));
#2763 = VECTOR('',#2764,1.);
#2764 = DIRECTION('',(-0.327868368856,-0.944723415982,0.));
#2765 = PCURVE('',#262,#2766);
#2766 = DEFINITIONAL_REPRESENTATION('',(#2767),#2771);
#2767 = LINE('',#2768,#2769);
#2768 = CARTESIAN_POINT('',(24.522488606771,12.295003000895));
#2769 = VECTOR('',#2770,1.);
#2770 = DIRECTION('',(-0.327868368856,-0.944723415982));
#2771 = ( GEOMETRIC_REPRESENTATION_CONTEXT(2) 
PARAMETRIC_REPRESENTATION_CONTEXT() REPRESENTATION_CONTEXT('2D SPACE',''
  ) );
#2772 = PCURVE('',#2773,#2778);
#2773 = PLANE('',#2774);
#2774 = AXIS2_PLACEMENT_3D('',#2775,#2776,#2777);
#2775 = CARTESIAN_POINT('',(22.522488606771,10.295003000895,20.3));
#2776 = DIRECTION('',(-0.944723415982,0.327868368856,0.));
#2777 = DIRECTION('',(-0.327868368856,-0.944723415982,0.));
#2778 = DEFINITIONAL_REPRESENTATION('',(#2779),#2783);
#2779 = LINE('',#2780,#2781);
#2780 = CARTESIAN_POINT('',(0.,0.));
#2781 = VECTOR('',#2782,1.);
#2782 = DIRECTION('',(1.,0.));
#2783 = ( GEOMETRIC_REPRESENTATION_CONTEXT(2) 
PARAMETRIC_REPRESENTATION_CONTEXT() REPRESENTATION_CONTEXT('2D SPACE',''
  ) );
#2784 = ORIENTED_EDGE('',*,*,#2785,.T.);
#2785 = EDGE_CURVE('',#2758,#2786,#2788,.T.);
#2786 = VERTEX_POINT('',#2787);
#2787 = CARTESIAN_POINT('',(20.757482096354,6.649999745687,20.3));
#2788 = SURFACE_CURVE('',#2789,(#2793,#2800),.PCURVE_S1.);
#2789 = LINE('',#2790,#2791);
#2790 = CARTESIAN_POINT('',(21.257482096354,6.649999745687,20.3));
#2791 = VECTOR('',#2792,1.);
#2792 = DIRECTION('',(-1.,0.,0.));
#2793 = PCURVE('',#262,#2794);
#2794 = DEFINITIONAL_REPRESENTATION('',(#2795),#2799);
#2795 = LINE('',#2796,#2797);
#2796 = CARTESIAN_POINT('',(23.257482096354,8.649999745687));
#2797 = VECTOR('',#2798,1.);
#2798 = DIRECTION('',(-1.,0.));
#2799 = ( GEOMETRIC_REPRESENTATION_CONTEXT(2) 
PARAMETRIC_REPRESENTATION_CONTEXT() REPRESENTATION_CONTEXT('2D SPACE',''
  ) );
#2800 = PCURVE('',#2801,#2806);
#2801 = PLANE('',#2802);
#2802 = AXIS2_PLACEMENT_3D('',#2803,#2804,#2805);
#2803 = CARTESIAN_POINT('',(21.257482096354,6.649999745687,20.3));
#2804 = DIRECTION('',(0.,1.,0.));
#2805 = DIRECTION('',(-1.,0.,0.));
#2806 = DEFINITIONAL_REPRESENTATION('',(#2807),#2811);
#2807 = LINE('',#2808,#2809);
#2808 = CARTESIAN_POINT('',(0.,0.));
#2809 = VECTOR('',#2810,1.);
#2810 = DIRECTION('',(1.,0.));
#2811 = ( GEOMETRIC_REPRESENTATION_CONTEXT(2) 
PARAMETRIC_REPRESENTATION_CONTEXT() REPRESENTATION_CONTEXT('2D SPACE',''
  ) );
#2812 = ORIENTED_EDGE('',*,*,#2813,.T.);
#2813 = EDGE_CURVE('',#2786,#2814,#2816,.T.);
#2814 = VERTEX_POINT('',#2815);
#2815 = CARTESIAN_POINT('',(19.447488606771,10.295003000895,20.3));
#2816 = SURFACE_CURVE('',#2817,(#2821,#2828),.PCURVE_S1.);
#2817 = LINE('',#2818,#2819);
#2818 = CARTESIAN_POINT('',(20.757482096354,6.649999745687,20.3));
#2819 = VECTOR('',#2820,1.);
#2820 = DIRECTION('',(-0.338214833323,0.941068927614,0.));
#2821 = PCURVE('',#262,#2822);
#2822 = DEFINITIONAL_REPRESENTATION('',(#2823),#2827);
#2823 = LINE('',#2824,#2825);
#2824 = CARTESIAN_POINT('',(22.757482096354,8.649999745687));
#2825 = VECTOR('',#2826,1.);
#2826 = DIRECTION('',(-0.338214833323,0.941068927614));
#2827 = ( GEOMETRIC_REPRESENTATION_CONTEXT(2) 
PARAMETRIC_REPRESENTATION_CONTEXT() REPRESENTATION_CONTEXT('2D SPACE',''
  ) );
#2828 = PCURVE('',#2829,#2834);
#2829 = PLANE('',#2830);
#2830 = AXIS2_PLACEMENT_3D('',#2831,#2832,#2833);
#2831 = CARTESIAN_POINT('',(20.757482096354,6.649999745687,20.3));
#2832 = DIRECTION('',(0.941068927614,0.338214833323,0.));
#2833 = DIRECTION('',(-0.338214833323,0.941068927614,0.));
#2834 = DEFINITIONAL_REPRESENTATION('',(#2835),#2839);
#2835 = LINE('',#2836,#2837);
#2836 = CARTESIAN_POINT('',(0.,0.));
#2837 = VECTOR('',#2838,1.);
#2838 = DIRECTION('',(1.,0.));
#2839 = ( GEOMETRIC_REPRESENTATION_CONTEXT(2) 
PARAMETRIC_REPRESENTATION_CONTEXT() REPRESENTATION_CONTEXT('2D SPACE',''
  ) );
#2840 = ORIENTED_EDGE('',*,*,#2841,.T.);
#2841 = EDGE_CURVE('',#2814,#2842,#2844,.T.);
#2842 = VERTEX_POINT('',#2843);
#2843 = CARTESIAN_POINT('',(19.947488606771,10.295003000895,20.3));
#2844 = SURFACE_CURVE('',#2845,(#2849,#2856),.PCURVE_S1.);
#2845 = LINE('',#2846,#2847);
#2846 = CARTESIAN_POINT('',(19.447488606771,10.295003000895,20.3));
#2847 = VECTOR('',#2848,1.);
#2848 = DIRECTION('',(1.,0.,0.));
#2849 = PCURVE('',#262,#2850);
#2850 = DEFINITIONAL_REPRESENTATION('',(#2851),#2855);
#2851 = LINE('',#2852,#2853);
#2852 = CARTESIAN_POINT('',(21.447488606771,12.295003000895));
#2853 = VECTOR('',#2854,1.);
#2854 = DIRECTION('',(1.,0.));
#2855 = ( GEOMETRIC_REPRESENTATION_CONTEXT(2) 
PARAMETRIC_REPRESENTATION_CONTEXT() REPRESENTATION_CONTEXT('2D SPACE',''
  ) );
#2856 = PCURVE('',#2857,#2862);
#2857 = PLANE('',#2858);
#2858 = AXIS2_PLACEMENT_3D('',#2859,#2860,#2861);
#2859 = CARTESIAN_POINT('',(19.447488606771,10.295003000895,20.3));
#2860 = DIRECTION('',(0.,-1.,0.));
#2861 = DIRECTION('',(1.,0.,0.));
#2862 = DEFINITIONAL_REPRESENTATION('',(#2863),#2867);
#2863 = LINE('',#2864,#2865);
#2864 = CARTESIAN_POINT('',(0.,0.));
#2865 = VECTOR('',#2866,1.);
#2866 = DIRECTION('',(1.,0.));
#2867 = ( GEOMETRIC_REPRESENTATION_CONTEXT(2) 
PARAMETRIC_REPRESENTATION_CONTEXT() REPRESENTATION_CONTEXT('2D SPACE',''
  ) );
#2868 = ORIENTED_EDGE('',*,*,#2869,.T.);
#2869 = EDGE_CURVE('',#2842,#2870,#2872,.T.);
#2870 = VERTEX_POINT('',#2871);
#2871 = CARTESIAN_POINT('',(21.017491861979,7.20999323527,20.3));
#2872 = SURFACE_CURVE('',#2873,(#2877,#2884),.PCURVE_S1.);
#2873 = LINE('',#2874,#2875);
#2874 = CARTESIAN_POINT('',(19.947488606771,10.295003000895,20.3));
#2875 = VECTOR('',#2876,1.);
#2876 = DIRECTION('',(0.32768898639,-0.944785651986,0.));
#2877 = PCURVE('',#262,#2878);
#2878 = DEFINITIONAL_REPRESENTATION('',(#2879),#2883);
#2879 = LINE('',#2880,#2881);
#2880 = CARTESIAN_POINT('',(21.947488606771,12.295003000895));
#2881 = VECTOR('',#2882,1.);
#2882 = DIRECTION('',(0.32768898639,-0.944785651986));
#2883 = ( GEOMETRIC_REPRESENTATION_CONTEXT(2) 
PARAMETRIC_REPRESENTATION_CONTEXT() REPRESENTATION_CONTEXT('2D SPACE',''
  ) );
#2884 = PCURVE('',#2885,#2890);
#2885 = PLANE('',#2886);
#2886 = AXIS2_PLACEMENT_3D('',#2887,#2888,#2889);
#2887 = CARTESIAN_POINT('',(19.947488606771,10.295003000895,20.3));
#2888 = DIRECTION('',(-0.944785651986,-0.32768898639,0.));
#2889 = DIRECTION('',(0.32768898639,-0.944785651986,0.));
#2890 = DEFINITIONAL_REPRESENTATION('',(#2891),#2895);
#2891 = LINE('',#2892,#2893);
#2892 = CARTESIAN_POINT('',(0.,0.));
#2893 = VECTOR('',#2894,1.);
#2894 = DIRECTION('',(1.,0.));
#2895 = ( GEOMETRIC_REPRESENTATION_CONTEXT(2) 
PARAMETRIC_REPRESENTATION_CONTEXT() REPRESENTATION_CONTEXT('2D SPACE',''
  ) );
#2896 = ORIENTED_EDGE('',*,*,#2897,.T.);
#2897 = EDGE_CURVE('',#2870,#2728,#2898,.T.);
#2898 = SURFACE_CURVE('',#2899,(#2903,#2910),.PCURVE_S1.);
#2899 = LINE('',#2900,#2901);
#2900 = CARTESIAN_POINT('',(21.017491861979,7.20999323527,20.3));
#2901 = VECTOR('',#2902,1.);
#2902 = DIRECTION('',(0.311137541764,0.950364893136,0.));
#2903 = PCURVE('',#262,#2904);
#2904 = DEFINITIONAL_REPRESENTATION('',(#2905),#2909);
#2905 = LINE('',#2906,#2907);
#2906 = CARTESIAN_POINT('',(23.017491861979,9.20999323527));
#2907 = VECTOR('',#2908,1.);
#2908 = DIRECTION('',(0.311137541764,0.950364893136));
#2909 = ( GEOMETRIC_REPRESENTATION_CONTEXT(2) 
PARAMETRIC_REPRESENTATION_CONTEXT() REPRESENTATION_CONTEXT('2D SPACE',''
  ) );
#2910 = PCURVE('',#2911,#2916);
#2911 = PLANE('',#2912);
#2912 = AXIS2_PLACEMENT_3D('',#2913,#2914,#2915);
#2913 = CARTESIAN_POINT('',(21.017491861979,7.20999323527,20.3));
#2914 = DIRECTION('',(0.950364893136,-0.311137541764,0.));
#2915 = DIRECTION('',(0.311137541764,0.950364893136,0.));
#2916 = DEFINITIONAL_REPRESENTATION('',(#2917),#2921);
#2917 = LINE('',#2918,#2919);
#2918 = CARTESIAN_POINT('',(0.,0.));
#2919 = VECTOR('',#2920,1.);
#2920 = DIRECTION('',(1.,0.));
#2921 = ( GEOMETRIC_REPRESENTATION_CONTEXT(2) 
PARAMETRIC_REPRESENTATION_CONTEXT() REPRESENTATION_CONTEXT('2D SPACE',''
  ) );
#2922 = FACE_BOUND('',#2923,.T.);
#2923 = EDGE_LOOP('',(#2924,#2954,#2982,#3010));
#2924 = ORIENTED_EDGE('',*,*,#2925,.T.);
#2925 = EDGE_CURVE('',#2926,#2928,#2930,.T.);
#2926 = VERTEX_POINT('',#2927);
#2927 = CARTESIAN_POINT('',(22.927485351563,9.770003000895,20.3));
#2928 = VERTEX_POINT('',#2929);
#2929 = CARTESIAN_POINT('',(22.927485351563,10.295003000895,20.3));
#2930 = SURFACE_CURVE('',#2931,(#2935,#2942),.PCURVE_S1.);
#2931 = LINE('',#2932,#2933);
#2932 = CARTESIAN_POINT('',(22.927485351563,9.770003000895,20.3));
#2933 = VECTOR('',#2934,1.);
#2934 = DIRECTION('',(0.,1.,0.));
#2935 = PCURVE('',#262,#2936);
#2936 = DEFINITIONAL_REPRESENTATION('',(#2937),#2941);
#2937 = LINE('',#2938,#2939);
#2938 = CARTESIAN_POINT('',(24.927485351563,11.770003000895));
#2939 = VECTOR('',#2940,1.);
#2940 = DIRECTION('',(0.,1.));
#2941 = ( GEOMETRIC_REPRESENTATION_CONTEXT(2) 
PARAMETRIC_REPRESENTATION_CONTEXT() REPRESENTATION_CONTEXT('2D SPACE',''
  ) );
#2942 = PCURVE('',#2943,#2948);
#2943 = PLANE('',#2944);
#2944 = AXIS2_PLACEMENT_3D('',#2945,#2946,#2947);
#2945 = CARTESIAN_POINT('',(22.927485351562,9.770003000895,20.3));
#2946 = DIRECTION('',(1.,0.,0.));
#2947 = DIRECTION('',(0.,1.,0.));
#2948 = DEFINITIONAL_REPRESENTATION('',(#2949),#2953);
#2949 = LINE('',#2950,#2951);
#2950 = CARTESIAN_POINT('',(0.,0.));
#2951 = VECTOR('',#2952,1.);
#2952 = DIRECTION('',(1.,0.));
#2953 = ( GEOMETRIC_REPRESENTATION_CONTEXT(2) 
PARAMETRIC_REPRESENTATION_CONTEXT() REPRESENTATION_CONTEXT('2D SPACE',''
  ) );
#2954 = ORIENTED_EDGE('',*,*,#2955,.T.);
#2955 = EDGE_CURVE('',#2928,#2956,#2958,.T.);
#2956 = VERTEX_POINT('',#2957);
#2957 = CARTESIAN_POINT('',(23.347488606771,10.295003000895,20.3));
#2958 = SURFACE_CURVE('',#2959,(#2963,#2970),.PCURVE_S1.);
#2959 = LINE('',#2960,#2961);
#2960 = CARTESIAN_POINT('',(22.927485351563,10.295003000895,20.3));
#2961 = VECTOR('',#2962,1.);
#2962 = DIRECTION('',(1.,0.,0.));
#2963 = PCURVE('',#262,#2964);
#2964 = DEFINITIONAL_REPRESENTATION('',(#2965),#2969);
#2965 = LINE('',#2966,#2967);
#2966 = CARTESIAN_POINT('',(24.927485351563,12.295003000895));
#2967 = VECTOR('',#2968,1.);
#2968 = DIRECTION('',(1.,0.));
#2969 = ( GEOMETRIC_REPRESENTATION_CONTEXT(2) 
PARAMETRIC_REPRESENTATION_CONTEXT() REPRESENTATION_CONTEXT('2D SPACE',''
  ) );
#2970 = PCURVE('',#2971,#2976);
#2971 = PLANE('',#2972);
#2972 = AXIS2_PLACEMENT_3D('',#2973,#2974,#2975);
#2973 = CARTESIAN_POINT('',(22.927485351562,10.295003000895,20.3));
#2974 = DIRECTION('',(0.,-1.,0.));
#2975 = DIRECTION('',(1.,0.,0.));
#2976 = DEFINITIONAL_REPRESENTATION('',(#2977),#2981);
#2977 = LINE('',#2978,#2979);
#2978 = CARTESIAN_POINT('',(0.,0.));
#2979 = VECTOR('',#2980,1.);
#2980 = DIRECTION('',(1.,0.));
#2981 = ( GEOMETRIC_REPRESENTATION_CONTEXT(2) 
PARAMETRIC_REPRESENTATION_CONTEXT() REPRESENTATION_CONTEXT('2D SPACE',''
  ) );
#2982 = ORIENTED_EDGE('',*,*,#2983,.T.);
#2983 = EDGE_CURVE('',#2956,#2984,#2986,.T.);
#2984 = VERTEX_POINT('',#2985);
#2985 = CARTESIAN_POINT('',(23.347488606771,9.770003000895,20.3));
#2986 = SURFACE_CURVE('',#2987,(#2991,#2998),.PCURVE_S1.);
#2987 = LINE('',#2988,#2989);
#2988 = CARTESIAN_POINT('',(23.347488606771,10.295003000895,20.3));
#2989 = VECTOR('',#2990,1.);
#2990 = DIRECTION('',(0.,-1.,0.));
#2991 = PCURVE('',#262,#2992);
#2992 = DEFINITIONAL_REPRESENTATION('',(#2993),#2997);
#2993 = LINE('',#2994,#2995);
#2994 = CARTESIAN_POINT('',(25.347488606771,12.295003000895));
#2995 = VECTOR('',#2996,1.);
#2996 = DIRECTION('',(0.,-1.));
#2997 = ( GEOMETRIC_REPRESENTATION_CONTEXT(2) 
PARAMETRIC_REPRESENTATION_CONTEXT() REPRESENTATION_CONTEXT('2D SPACE',''
  ) );
#2998 = PCURVE('',#2999,#3004);
#2999 = PLANE('',#3000);
#3000 = AXIS2_PLACEMENT_3D('',#3001,#3002,#3003);
#3001 = CARTESIAN_POINT('',(23.347488606771,10.295003000895,20.3));
#3002 = DIRECTION('',(-1.,0.,0.));
#3003 = DIRECTION('',(0.,-1.,0.));
#3004 = DEFINITIONAL_REPRESENTATION('',(#3005),#3009);
#3005 = LINE('',#3006,#3007);
#3006 = CARTESIAN_POINT('',(0.,0.));
#3007 = VECTOR('',#3008,1.);
#3008 = DIRECTION('',(1.,0.));
#3009 = ( GEOMETRIC_REPRESENTATION_CONTEXT(2) 
PARAMETRIC_REPRESENTATION_CONTEXT() REPRESENTATION_CONTEXT('2D SPACE',''
  ) );
#3010 = ORIENTED_EDGE('',*,*,#3011,.T.);
#3011 = EDGE_CURVE('',#2984,#2926,#3012,.T.);
#3012 = SURFACE_CURVE('',#3013,(#3017,#3024),.PCURVE_S1.);
#3013 = LINE('',#3014,#3015);
#3014 = CARTESIAN_POINT('',(23.347488606771,9.770003000895,20.3));
#3015 = VECTOR('',#3016,1.);
#3016 = DIRECTION('',(-1.,0.,0.));
#3017 = PCURVE('',#262,#3018);
#3018 = DEFINITIONAL_REPRESENTATION('',(#3019),#3023);
#3019 = LINE('',#3020,#3021);
#3020 = CARTESIAN_POINT('',(25.347488606771,11.770003000895));
#3021 = VECTOR('',#3022,1.);
#3022 = DIRECTION('',(-1.,0.));
#3023 = ( GEOMETRIC_REPRESENTATION_CONTEXT(2) 
PARAMETRIC_REPRESENTATION_CONTEXT() REPRESENTATION_CONTEXT('2D SPACE',''
  ) );
#3024 = PCURVE('',#3025,#3030);
#3025 = PLANE('',#3026);
#3026 = AXIS2_PLACEMENT_3D('',#3027,#3028,#3029);
#3027 = CARTESIAN_POINT('',(23.347488606771,9.770003000895,20.3));
#3028 = DIRECTION('',(0.,1.,0.));
#3029 = DIRECTION('',(-1.,0.,0.));
#3030 = DEFINITIONAL_REPRESENTATION('',(#3031),#3035);
#3031 = LINE('',#3032,#3033);
#3032 = CARTESIAN_POINT('',(0.,0.));
#3033 = VECTOR('',#3034,1.);
#3034 = DIRECTION('',(1.,0.));
#3035 = ( GEOMETRIC_REPRESENTATION_CONTEXT(2) 
PARAMETRIC_REPRESENTATION_CONTEXT() REPRESENTATION_CONTEXT('2D SPACE',''
  ) );
#3036 = FACE_BOUND('',#3037,.T.);
#3037 = EDGE_LOOP('',(#3038,#3070,#3098,#3128,#3158,#3188,#3218,#3248,
    #3278,#3306,#3336,#3366,#3396,#3426,#3456,#3486,#3514,#3544,#3574,
    #3604,#3634,#3664,#3692,#3722,#3752,#3782));
#3038 = ORIENTED_EDGE('',*,*,#3039,.T.);
#3039 = EDGE_CURVE('',#3040,#3042,#3044,.T.);
#3040 = VERTEX_POINT('',#3041);
#3041 = CARTESIAN_POINT('',(24.897488606771,6.53499323527,20.3));
#3042 = VERTEX_POINT('',#3043);
#3043 = CARTESIAN_POINT('',(23.852485351562,7.429996490479,20.3));
#3044 = SURFACE_CURVE('',#3045,(#3049,#3056),.PCURVE_S1.);
#3045 = B_SPLINE_CURVE_WITH_KNOTS('',2,(#3046,#3047,#3048),
  .UNSPECIFIED.,.F.,.F.,(3,3),(0.,1.),.PIECEWISE_BEZIER_KNOTS.);
#3046 = CARTESIAN_POINT('',(24.897488606771,6.53499323527,20.3));
#3047 = CARTESIAN_POINT('',(23.882482096354,6.53499323527,20.3));
#3048 = CARTESIAN_POINT('',(23.852485351562,7.429996490479,20.3));
#3049 = PCURVE('',#262,#3050);
#3050 = DEFINITIONAL_REPRESENTATION('',(#3051),#3055);
#3051 = B_SPLINE_CURVE_WITH_KNOTS('',2,(#3052,#3053,#3054),
  .UNSPECIFIED.,.F.,.F.,(3,3),(0.,1.),.PIECEWISE_BEZIER_KNOTS.);
#3052 = CARTESIAN_POINT('',(26.897488606771,8.53499323527));
#3053 = CARTESIAN_POINT('',(25.882482096354,8.53499323527));
#3054 = CARTESIAN_POINT('',(25.852485351562,9.429996490479));
#3055 = ( GEOMETRIC_REPRESENTATION_CONTEXT(2) 
PARAMETRIC_REPRESENTATION_CONTEXT() REPRESENTATION_CONTEXT('2D SPACE',''
  ) );
#3056 = PCURVE('',#3057,#3064);
#3057 = SURFACE_OF_LINEAR_EXTRUSION('',#3058,#3062);
#3058 = B_SPLINE_CURVE_WITH_KNOTS('',2,(#3059,#3060,#3061),
  .UNSPECIFIED.,.F.,.F.,(3,3),(0.,1.),.PIECEWISE_BEZIER_KNOTS.);
#3059 = CARTESIAN_POINT('',(24.897488606771,6.53499323527,20.3));
#3060 = CARTESIAN_POINT('',(23.882482096354,6.53499323527,20.3));
#3061 = CARTESIAN_POINT('',(23.852485351562,7.429996490479,20.3));
#3062 = VECTOR('',#3063,1.);
#3063 = DIRECTION('',(0.,0.,1.));
#3064 = DEFINITIONAL_REPRESENTATION('',(#3065),#3069);
#3065 = LINE('',#3066,#3067);
#3066 = CARTESIAN_POINT('',(0.,0.));
#3067 = VECTOR('',#3068,1.);
#3068 = DIRECTION('',(1.,0.));
#3069 = ( GEOMETRIC_REPRESENTATION_CONTEXT(2) 
PARAMETRIC_REPRESENTATION_CONTEXT() REPRESENTATION_CONTEXT('2D SPACE',''
  ) );
#3070 = ORIENTED_EDGE('',*,*,#3071,.T.);
#3071 = EDGE_CURVE('',#3042,#3072,#3074,.T.);
#3072 = VERTEX_POINT('',#3073);
#3073 = CARTESIAN_POINT('',(24.292475585938,7.429996490479,20.3));
#3074 = SURFACE_CURVE('',#3075,(#3079,#3086),.PCURVE_S1.);
#3075 = LINE('',#3076,#3077);
#3076 = CARTESIAN_POINT('',(23.852485351562,7.429996490479,20.3));
#3077 = VECTOR('',#3078,1.);
#3078 = DIRECTION('',(1.,0.,0.));
#3079 = PCURVE('',#262,#3080);
#3080 = DEFINITIONAL_REPRESENTATION('',(#3081),#3085);
#3081 = LINE('',#3082,#3083);
#3082 = CARTESIAN_POINT('',(25.852485351562,9.429996490479));
#3083 = VECTOR('',#3084,1.);
#3084 = DIRECTION('',(1.,0.));
#3085 = ( GEOMETRIC_REPRESENTATION_CONTEXT(2) 
PARAMETRIC_REPRESENTATION_CONTEXT() REPRESENTATION_CONTEXT('2D SPACE',''
  ) );
#3086 = PCURVE('',#3087,#3092);
#3087 = PLANE('',#3088);
#3088 = AXIS2_PLACEMENT_3D('',#3089,#3090,#3091);
#3089 = CARTESIAN_POINT('',(23.852485351562,7.429996490479,20.3));
#3090 = DIRECTION('',(0.,-1.,0.));
#3091 = DIRECTION('',(1.,0.,0.));
#3092 = DEFINITIONAL_REPRESENTATION('',(#3093),#3097);
#3093 = LINE('',#3094,#3095);
#3094 = CARTESIAN_POINT('',(0.,0.));
#3095 = VECTOR('',#3096,1.);
#3096 = DIRECTION('',(1.,0.));
#3097 = ( GEOMETRIC_REPRESENTATION_CONTEXT(2) 
PARAMETRIC_REPRESENTATION_CONTEXT() REPRESENTATION_CONTEXT('2D SPACE',''
  ) );
#3098 = ORIENTED_EDGE('',*,*,#3099,.T.);
#3099 = EDGE_CURVE('',#3072,#3100,#3102,.T.);
#3100 = VERTEX_POINT('',#3101);
#3101 = CARTESIAN_POINT('',(24.454983723958,7.057503000895,20.3));
#3102 = SURFACE_CURVE('',#3103,(#3107,#3114),.PCURVE_S1.);
#3103 = B_SPLINE_CURVE_WITH_KNOTS('',2,(#3104,#3105,#3106),
  .UNSPECIFIED.,.F.,.F.,(3,3),(0.,1.),.PIECEWISE_BEZIER_KNOTS.);
#3104 = CARTESIAN_POINT('',(24.292475585938,7.429996490479,20.3));
#3105 = CARTESIAN_POINT('',(24.322488606771,7.195003000895,20.3));
#3106 = CARTESIAN_POINT('',(24.454983723958,7.057503000895,20.3));
#3107 = PCURVE('',#262,#3108);
#3108 = DEFINITIONAL_REPRESENTATION('',(#3109),#3113);
#3109 = B_SPLINE_CURVE_WITH_KNOTS('',2,(#3110,#3111,#3112),
  .UNSPECIFIED.,.F.,.F.,(3,3),(0.,1.),.PIECEWISE_BEZIER_KNOTS.);
#3110 = CARTESIAN_POINT('',(26.292475585938,9.429996490479));
#3111 = CARTESIAN_POINT('',(26.322488606771,9.195003000895));
#3112 = CARTESIAN_POINT('',(26.454983723958,9.057503000895));
#3113 = ( GEOMETRIC_REPRESENTATION_CONTEXT(2) 
PARAMETRIC_REPRESENTATION_CONTEXT() REPRESENTATION_CONTEXT('2D SPACE',''
  ) );
#3114 = PCURVE('',#3115,#3122);
#3115 = SURFACE_OF_LINEAR_EXTRUSION('',#3116,#3120);
#3116 = B_SPLINE_CURVE_WITH_KNOTS('',2,(#3117,#3118,#3119),
  .UNSPECIFIED.,.F.,.F.,(3,3),(0.,1.),.PIECEWISE_BEZIER_KNOTS.);
#3117 = CARTESIAN_POINT('',(24.292475585937,7.429996490479,20.3));
#3118 = CARTESIAN_POINT('',(24.322488606771,7.195003000895,20.3));
#3119 = CARTESIAN_POINT('',(24.454983723958,7.057503000895,20.3));
#3120 = VECTOR('',#3121,1.);
#3121 = DIRECTION('',(0.,0.,1.));
#3122 = DEFINITIONAL_REPRESENTATION('',(#3123),#3127);
#3123 = LINE('',#3124,#3125);
#3124 = CARTESIAN_POINT('',(0.,0.));
#3125 = VECTOR('',#3126,1.);
#3126 = DIRECTION('',(1.,0.));
#3127 = ( GEOMETRIC_REPRESENTATION_CONTEXT(2) 
PARAMETRIC_REPRESENTATION_CONTEXT() REPRESENTATION_CONTEXT('2D SPACE',''
  ) );
#3128 = ORIENTED_EDGE('',*,*,#3129,.T.);
#3129 = EDGE_CURVE('',#3100,#3130,#3132,.T.);
#3130 = VERTEX_POINT('',#3131);
#3131 = CARTESIAN_POINT('',(24.932482096354,6.920003000895,20.3));
#3132 = SURFACE_CURVE('',#3133,(#3137,#3144),.PCURVE_S1.);
#3133 = B_SPLINE_CURVE_WITH_KNOTS('',2,(#3134,#3135,#3136),
  .UNSPECIFIED.,.F.,.F.,(3,3),(0.,1.),.PIECEWISE_BEZIER_KNOTS.);
#3134 = CARTESIAN_POINT('',(24.454983723958,7.057503000895,20.3));
#3135 = CARTESIAN_POINT('',(24.587478841146,6.920003000895,20.3));
#3136 = CARTESIAN_POINT('',(24.932482096354,6.920003000895,20.3));
#3137 = PCURVE('',#262,#3138);
#3138 = DEFINITIONAL_REPRESENTATION('',(#3139),#3143);
#3139 = B_SPLINE_CURVE_WITH_KNOTS('',2,(#3140,#3141,#3142),
  .UNSPECIFIED.,.F.,.F.,(3,3),(0.,1.),.PIECEWISE_BEZIER_KNOTS.);
#3140 = CARTESIAN_POINT('',(26.454983723958,9.057503000895));
#3141 = CARTESIAN_POINT('',(26.587478841146,8.920003000895));
#3142 = CARTESIAN_POINT('',(26.932482096354,8.920003000895));
#3143 = ( GEOMETRIC_REPRESENTATION_CONTEXT(2) 
PARAMETRIC_REPRESENTATION_CONTEXT() REPRESENTATION_CONTEXT('2D SPACE',''
  ) );
#3144 = PCURVE('',#3145,#3152);
#3145 = SURFACE_OF_LINEAR_EXTRUSION('',#3146,#3150);
#3146 = B_SPLINE_CURVE_WITH_KNOTS('',2,(#3147,#3148,#3149),
  .UNSPECIFIED.,.F.,.F.,(3,3),(0.,1.),.PIECEWISE_BEZIER_KNOTS.);
#3147 = CARTESIAN_POINT('',(24.454983723958,7.057503000895,20.3));
#3148 = CARTESIAN_POINT('',(24.587478841146,6.920003000895,20.3));
#3149 = CARTESIAN_POINT('',(24.932482096354,6.920003000895,20.3));
#3150 = VECTOR('',#3151,1.);
#3151 = DIRECTION('',(0.,0.,1.));
#3152 = DEFINITIONAL_REPRESENTATION('',(#3153),#3157);
#3153 = LINE('',#3154,#3155);
#3154 = CARTESIAN_POINT('',(0.,0.));
#3155 = VECTOR('',#3156,1.);
#3156 = DIRECTION('',(1.,0.));
#3157 = ( GEOMETRIC_REPRESENTATION_CONTEXT(2) 
PARAMETRIC_REPRESENTATION_CONTEXT() REPRESENTATION_CONTEXT('2D SPACE',''
  ) );
#3158 = ORIENTED_EDGE('',*,*,#3159,.T.);
#3159 = EDGE_CURVE('',#3130,#3160,#3162,.T.);
#3160 = VERTEX_POINT('',#3161);
#3161 = CARTESIAN_POINT('',(25.374978841146,7.032503000895,20.3));
#3162 = SURFACE_CURVE('',#3163,(#3167,#3174),.PCURVE_S1.);
#3163 = B_SPLINE_CURVE_WITH_KNOTS('',2,(#3164,#3165,#3166),
  .UNSPECIFIED.,.F.,.F.,(3,3),(0.,1.),.PIECEWISE_BEZIER_KNOTS.);
#3164 = CARTESIAN_POINT('',(24.932482096354,6.920003000895,20.3));
#3165 = CARTESIAN_POINT('',(25.207482096354,6.920003000895,20.3));
#3166 = CARTESIAN_POINT('',(25.374978841146,7.032503000895,20.3));
#3167 = PCURVE('',#262,#3168);
#3168 = DEFINITIONAL_REPRESENTATION('',(#3169),#3173);
#3169 = B_SPLINE_CURVE_WITH_KNOTS('',2,(#3170,#3171,#3172),
  .UNSPECIFIED.,.F.,.F.,(3,3),(0.,1.),.PIECEWISE_BEZIER_KNOTS.);
#3170 = CARTESIAN_POINT('',(26.932482096354,8.920003000895));
#3171 = CARTESIAN_POINT('',(27.207482096354,8.920003000895));
#3172 = CARTESIAN_POINT('',(27.374978841146,9.032503000895));
#3173 = ( GEOMETRIC_REPRESENTATION_CONTEXT(2) 
PARAMETRIC_REPRESENTATION_CONTEXT() REPRESENTATION_CONTEXT('2D SPACE',''
  ) );
#3174 = PCURVE('',#3175,#3182);
#3175 = SURFACE_OF_LINEAR_EXTRUSION('',#3176,#3180);
#3176 = B_SPLINE_CURVE_WITH_KNOTS('',2,(#3177,#3178,#3179),
  .UNSPECIFIED.,.F.,.F.,(3,3),(0.,1.),.PIECEWISE_BEZIER_KNOTS.);
#3177 = CARTESIAN_POINT('',(24.932482096354,6.920003000895,20.3));
#3178 = CARTESIAN_POINT('',(25.207482096354,6.920003000895,20.3));
#3179 = CARTESIAN_POINT('',(25.374978841146,7.032503000895,20.3));
#3180 = VECTOR('',#3181,1.);
#3181 = DIRECTION('',(0.,0.,1.));
#3182 = DEFINITIONAL_REPRESENTATION('',(#3183),#3187);
#3183 = LINE('',#3184,#3185);
#3184 = CARTESIAN_POINT('',(0.,0.));
#3185 = VECTOR('',#3186,1.);
#3186 = DIRECTION('',(1.,0.));
#3187 = ( GEOMETRIC_REPRESENTATION_CONTEXT(2) 
PARAMETRIC_REPRESENTATION_CONTEXT() REPRESENTATION_CONTEXT('2D SPACE',''
  ) );
#3188 = ORIENTED_EDGE('',*,*,#3189,.T.);
#3189 = EDGE_CURVE('',#3160,#3190,#3192,.T.);
#3190 = VERTEX_POINT('',#3191);
#3191 = CARTESIAN_POINT('',(25.542475585938,7.329996490479,20.3));
#3192 = SURFACE_CURVE('',#3193,(#3197,#3204),.PCURVE_S1.);
#3193 = B_SPLINE_CURVE_WITH_KNOTS('',2,(#3194,#3195,#3196),
  .UNSPECIFIED.,.F.,.F.,(3,3),(0.,1.),.PIECEWISE_BEZIER_KNOTS.);
#3194 = CARTESIAN_POINT('',(25.374978841146,7.032503000895,20.3));
#3195 = CARTESIAN_POINT('',(25.542475585938,7.145003000895,20.3));
#3196 = CARTESIAN_POINT('',(25.542475585938,7.329996490479,20.3));
#3197 = PCURVE('',#262,#3198);
#3198 = DEFINITIONAL_REPRESENTATION('',(#3199),#3203);
#3199 = B_SPLINE_CURVE_WITH_KNOTS('',2,(#3200,#3201,#3202),
  .UNSPECIFIED.,.F.,.F.,(3,3),(0.,1.),.PIECEWISE_BEZIER_KNOTS.);
#3200 = CARTESIAN_POINT('',(27.374978841146,9.032503000895));
#3201 = CARTESIAN_POINT('',(27.542475585938,9.145003000895));
#3202 = CARTESIAN_POINT('',(27.542475585938,9.329996490479));
#3203 = ( GEOMETRIC_REPRESENTATION_CONTEXT(2) 
PARAMETRIC_REPRESENTATION_CONTEXT() REPRESENTATION_CONTEXT('2D SPACE',''
  ) );
#3204 = PCURVE('',#3205,#3212);
#3205 = SURFACE_OF_LINEAR_EXTRUSION('',#3206,#3210);
#3206 = B_SPLINE_CURVE_WITH_KNOTS('',2,(#3207,#3208,#3209),
  .UNSPECIFIED.,.F.,.F.,(3,3),(0.,1.),.PIECEWISE_BEZIER_KNOTS.);
#3207 = CARTESIAN_POINT('',(25.374978841146,7.032503000895,20.3));
#3208 = CARTESIAN_POINT('',(25.542475585937,7.145003000895,20.3));
#3209 = CARTESIAN_POINT('',(25.542475585937,7.329996490479,20.3));
#3210 = VECTOR('',#3211,1.);
#3211 = DIRECTION('',(0.,0.,1.));
#3212 = DEFINITIONAL_REPRESENTATION('',(#3213),#3217);
#3213 = LINE('',#3214,#3215);
#3214 = CARTESIAN_POINT('',(0.,0.));
#3215 = VECTOR('',#3216,1.);
#3216 = DIRECTION('',(1.,0.));
#3217 = ( GEOMETRIC_REPRESENTATION_CONTEXT(2) 
PARAMETRIC_REPRESENTATION_CONTEXT() REPRESENTATION_CONTEXT('2D SPACE',''
  ) );
#3218 = ORIENTED_EDGE('',*,*,#3219,.T.);
#3219 = EDGE_CURVE('',#3190,#3220,#3222,.T.);
#3220 = VERTEX_POINT('',#3221);
#3221 = CARTESIAN_POINT('',(25.44748046875,7.560001373291,20.3));
#3222 = SURFACE_CURVE('',#3223,(#3227,#3234),.PCURVE_S1.);
#3223 = B_SPLINE_CURVE_WITH_KNOTS('',2,(#3224,#3225,#3226),
  .UNSPECIFIED.,.F.,.F.,(3,3),(0.,1.),.PIECEWISE_BEZIER_KNOTS.);
#3224 = CARTESIAN_POINT('',(25.542475585938,7.329996490479,20.3));
#3225 = CARTESIAN_POINT('',(25.542475585938,7.474999745687,20.3));
#3226 = CARTESIAN_POINT('',(25.44748046875,7.560001373291,20.3));
#3227 = PCURVE('',#262,#3228);
#3228 = DEFINITIONAL_REPRESENTATION('',(#3229),#3233);
#3229 = B_SPLINE_CURVE_WITH_KNOTS('',2,(#3230,#3231,#3232),
  .UNSPECIFIED.,.F.,.F.,(3,3),(0.,1.),.PIECEWISE_BEZIER_KNOTS.);
#3230 = CARTESIAN_POINT('',(27.542475585938,9.329996490479));
#3231 = CARTESIAN_POINT('',(27.542475585938,9.474999745687));
#3232 = CARTESIAN_POINT('',(27.44748046875,9.560001373291));
#3233 = ( GEOMETRIC_REPRESENTATION_CONTEXT(2) 
PARAMETRIC_REPRESENTATION_CONTEXT() REPRESENTATION_CONTEXT('2D SPACE',''
  ) );
#3234 = PCURVE('',#3235,#3242);
#3235 = SURFACE_OF_LINEAR_EXTRUSION('',#3236,#3240);
#3236 = B_SPLINE_CURVE_WITH_KNOTS('',2,(#3237,#3238,#3239),
  .UNSPECIFIED.,.F.,.F.,(3,3),(0.,1.),.PIECEWISE_BEZIER_KNOTS.);
#3237 = CARTESIAN_POINT('',(25.542475585937,7.329996490479,20.3));
#3238 = CARTESIAN_POINT('',(25.542475585937,7.474999745687,20.3));
#3239 = CARTESIAN_POINT('',(25.44748046875,7.560001373291,20.3));
#3240 = VECTOR('',#3241,1.);
#3241 = DIRECTION('',(0.,0.,1.));
#3242 = DEFINITIONAL_REPRESENTATION('',(#3243),#3247);
#3243 = LINE('',#3244,#3245);
#3244 = CARTESIAN_POINT('',(0.,0.));
#3245 = VECTOR('',#3246,1.);
#3246 = DIRECTION('',(1.,0.));
#3247 = ( GEOMETRIC_REPRESENTATION_CONTEXT(2) 
PARAMETRIC_REPRESENTATION_CONTEXT() REPRESENTATION_CONTEXT('2D SPACE',''
  ) );
#3248 = ORIENTED_EDGE('',*,*,#3249,.T.);
#3249 = EDGE_CURVE('',#3220,#3250,#3252,.T.);
#3250 = VERTEX_POINT('',#3251);
#3251 = CARTESIAN_POINT('',(25.137478841146,7.695003000895,20.3));
#3252 = SURFACE_CURVE('',#3253,(#3257,#3264),.PCURVE_S1.);
#3253 = B_SPLINE_CURVE_WITH_KNOTS('',2,(#3254,#3255,#3256),
  .UNSPECIFIED.,.F.,.F.,(3,3),(0.,1.),.PIECEWISE_BEZIER_KNOTS.);
#3254 = CARTESIAN_POINT('',(25.44748046875,7.560001373291,20.3));
#3255 = CARTESIAN_POINT('',(25.352485351562,7.645003000895,20.3));
#3256 = CARTESIAN_POINT('',(25.137478841146,7.695003000895,20.3));
#3257 = PCURVE('',#262,#3258);
#3258 = DEFINITIONAL_REPRESENTATION('',(#3259),#3263);
#3259 = B_SPLINE_CURVE_WITH_KNOTS('',2,(#3260,#3261,#3262),
  .UNSPECIFIED.,.F.,.F.,(3,3),(0.,1.),.PIECEWISE_BEZIER_KNOTS.);
#3260 = CARTESIAN_POINT('',(27.44748046875,9.560001373291));
#3261 = CARTESIAN_POINT('',(27.352485351562,9.645003000895));
#3262 = CARTESIAN_POINT('',(27.137478841146,9.695003000895));
#3263 = ( GEOMETRIC_REPRESENTATION_CONTEXT(2) 
PARAMETRIC_REPRESENTATION_CONTEXT() REPRESENTATION_CONTEXT('2D SPACE',''
  ) );
#3264 = PCURVE('',#3265,#3272);
#3265 = SURFACE_OF_LINEAR_EXTRUSION('',#3266,#3270);
#3266 = B_SPLINE_CURVE_WITH_KNOTS('',2,(#3267,#3268,#3269),
  .UNSPECIFIED.,.F.,.F.,(3,3),(0.,1.),.PIECEWISE_BEZIER_KNOTS.);
#3267 = CARTESIAN_POINT('',(25.44748046875,7.560001373291,20.3));
#3268 = CARTESIAN_POINT('',(25.352485351562,7.645003000895,20.3));
#3269 = CARTESIAN_POINT('',(25.137478841146,7.695003000895,20.3));
#3270 = VECTOR('',#3271,1.);
#3271 = DIRECTION('',(0.,0.,1.));
#3272 = DEFINITIONAL_REPRESENTATION('',(#3273),#3277);
#3273 = LINE('',#3274,#3275);
#3274 = CARTESIAN_POINT('',(0.,0.));
#3275 = VECTOR('',#3276,1.);
#3276 = DIRECTION('',(1.,0.));
#3277 = ( GEOMETRIC_REPRESENTATION_CONTEXT(2) 
PARAMETRIC_REPRESENTATION_CONTEXT() REPRESENTATION_CONTEXT('2D SPACE',''
  ) );
#3278 = ORIENTED_EDGE('',*,*,#3279,.T.);
#3279 = EDGE_CURVE('',#3250,#3280,#3282,.T.);
#3280 = VERTEX_POINT('',#3281);
#3281 = CARTESIAN_POINT('',(24.747488606771,7.790006256104,20.3));
#3282 = SURFACE_CURVE('',#3283,(#3287,#3294),.PCURVE_S1.);
#3283 = LINE('',#3284,#3285);
#3284 = CARTESIAN_POINT('',(25.137478841146,7.695003000895,20.3));
#3285 = VECTOR('',#3286,1.);
#3286 = DIRECTION('',(-0.971587008675,0.236682666401,0.));
#3287 = PCURVE('',#262,#3288);
#3288 = DEFINITIONAL_REPRESENTATION('',(#3289),#3293);
#3289 = LINE('',#3290,#3291);
#3290 = CARTESIAN_POINT('',(27.137478841146,9.695003000895));
#3291 = VECTOR('',#3292,1.);
#3292 = DIRECTION('',(-0.971587008675,0.236682666401));
#3293 = ( GEOMETRIC_REPRESENTATION_CONTEXT(2) 
PARAMETRIC_REPRESENTATION_CONTEXT() REPRESENTATION_CONTEXT('2D SPACE',''
  ) );
#3294 = PCURVE('',#3295,#3300);
#3295 = PLANE('',#3296);
#3296 = AXIS2_PLACEMENT_3D('',#3297,#3298,#3299);
#3297 = CARTESIAN_POINT('',(25.137478841146,7.695003000895,20.3));
#3298 = DIRECTION('',(0.236682666401,0.971587008675,0.));
#3299 = DIRECTION('',(-0.971587008675,0.236682666401,0.));
#3300 = DEFINITIONAL_REPRESENTATION('',(#3301),#3305);
#3301 = LINE('',#3302,#3303);
#3302 = CARTESIAN_POINT('',(0.,0.));
#3303 = VECTOR('',#3304,1.);
#3304 = DIRECTION('',(1.,0.));
#3305 = ( GEOMETRIC_REPRESENTATION_CONTEXT(2) 
PARAMETRIC_REPRESENTATION_CONTEXT() REPRESENTATION_CONTEXT('2D SPACE',''
  ) );
#3306 = ORIENTED_EDGE('',*,*,#3307,.T.);
#3307 = EDGE_CURVE('',#3280,#3308,#3310,.T.);
#3308 = VERTEX_POINT('',#3309);
#3309 = CARTESIAN_POINT('',(24.099978841146,8.067496490479,20.3));
#3310 = SURFACE_CURVE('',#3311,(#3315,#3322),.PCURVE_S1.);
#3311 = B_SPLINE_CURVE_WITH_KNOTS('',2,(#3312,#3313,#3314),
  .UNSPECIFIED.,.F.,.F.,(3,3),(0.,1.),.PIECEWISE_BEZIER_KNOTS.);
#3312 = CARTESIAN_POINT('',(24.747488606771,7.790006256104,20.3));
#3313 = CARTESIAN_POINT('',(24.282482096354,7.899999745687,20.3));
#3314 = CARTESIAN_POINT('',(24.099978841146,8.067496490479,20.3));
#3315 = PCURVE('',#262,#3316);
#3316 = DEFINITIONAL_REPRESENTATION('',(#3317),#3321);
#3317 = B_SPLINE_CURVE_WITH_KNOTS('',2,(#3318,#3319,#3320),
  .UNSPECIFIED.,.F.,.F.,(3,3),(0.,1.),.PIECEWISE_BEZIER_KNOTS.);
#3318 = CARTESIAN_POINT('',(26.747488606771,9.790006256104));
#3319 = CARTESIAN_POINT('',(26.282482096354,9.899999745687));
#3320 = CARTESIAN_POINT('',(26.099978841146,10.067496490479));
#3321 = ( GEOMETRIC_REPRESENTATION_CONTEXT(2) 
PARAMETRIC_REPRESENTATION_CONTEXT() REPRESENTATION_CONTEXT('2D SPACE',''
  ) );
#3322 = PCURVE('',#3323,#3330);
#3323 = SURFACE_OF_LINEAR_EXTRUSION('',#3324,#3328);
#3324 = B_SPLINE_CURVE_WITH_KNOTS('',2,(#3325,#3326,#3327),
  .UNSPECIFIED.,.F.,.F.,(3,3),(0.,1.),.PIECEWISE_BEZIER_KNOTS.);
#3325 = CARTESIAN_POINT('',(24.747488606771,7.790006256104,20.3));
#3326 = CARTESIAN_POINT('',(24.282482096354,7.899999745687,20.3));
#3327 = CARTESIAN_POINT('',(24.099978841146,8.067496490479,20.3));
#3328 = VECTOR('',#3329,1.);
#3329 = DIRECTION('',(0.,0.,1.));
#3330 = DEFINITIONAL_REPRESENTATION('',(#3331),#3335);
#3331 = LINE('',#3332,#3333);
#3332 = CARTESIAN_POINT('',(0.,0.));
#3333 = VECTOR('',#3334,1.);
#3334 = DIRECTION('',(1.,0.));
#3335 = ( GEOMETRIC_REPRESENTATION_CONTEXT(2) 
PARAMETRIC_REPRESENTATION_CONTEXT() REPRESENTATION_CONTEXT('2D SPACE',''
  ) );
#3336 = ORIENTED_EDGE('',*,*,#3337,.T.);
#3337 = EDGE_CURVE('',#3308,#3338,#3340,.T.);
#3338 = VERTEX_POINT('',#3339);
#3339 = CARTESIAN_POINT('',(23.917475585938,8.545003000895,20.3));
#3340 = SURFACE_CURVE('',#3341,(#3345,#3352),.PCURVE_S1.);
#3341 = B_SPLINE_CURVE_WITH_KNOTS('',2,(#3342,#3343,#3344),
  .UNSPECIFIED.,.F.,.F.,(3,3),(0.,1.),.PIECEWISE_BEZIER_KNOTS.);
#3342 = CARTESIAN_POINT('',(24.099978841146,8.067496490479,20.3));
#3343 = CARTESIAN_POINT('',(23.917475585938,8.23499323527,20.3));
#3344 = CARTESIAN_POINT('',(23.917475585938,8.545003000895,20.3));
#3345 = PCURVE('',#262,#3346);
#3346 = DEFINITIONAL_REPRESENTATION('',(#3347),#3351);
#3347 = B_SPLINE_CURVE_WITH_KNOTS('',2,(#3348,#3349,#3350),
  .UNSPECIFIED.,.F.,.F.,(3,3),(0.,1.),.PIECEWISE_BEZIER_KNOTS.);
#3348 = CARTESIAN_POINT('',(26.099978841146,10.067496490479));
#3349 = CARTESIAN_POINT('',(25.917475585938,10.23499323527));
#3350 = CARTESIAN_POINT('',(25.917475585938,10.545003000895));
#3351 = ( GEOMETRIC_REPRESENTATION_CONTEXT(2) 
PARAMETRIC_REPRESENTATION_CONTEXT() REPRESENTATION_CONTEXT('2D SPACE',''
  ) );
#3352 = PCURVE('',#3353,#3360);
#3353 = SURFACE_OF_LINEAR_EXTRUSION('',#3354,#3358);
#3354 = B_SPLINE_CURVE_WITH_KNOTS('',2,(#3355,#3356,#3357),
  .UNSPECIFIED.,.F.,.F.,(3,3),(0.,1.),.PIECEWISE_BEZIER_KNOTS.);
#3355 = CARTESIAN_POINT('',(24.099978841146,8.067496490479,20.3));
#3356 = CARTESIAN_POINT('',(23.917475585937,8.23499323527,20.3));
#3357 = CARTESIAN_POINT('',(23.917475585937,8.545003000895,20.3));
#3358 = VECTOR('',#3359,1.);
#3359 = DIRECTION('',(0.,0.,1.));
#3360 = DEFINITIONAL_REPRESENTATION('',(#3361),#3365);
#3361 = LINE('',#3362,#3363);
#3362 = CARTESIAN_POINT('',(0.,0.));
#3363 = VECTOR('',#3364,1.);
#3364 = DIRECTION('',(1.,0.));
#3365 = ( GEOMETRIC_REPRESENTATION_CONTEXT(2) 
PARAMETRIC_REPRESENTATION_CONTEXT() REPRESENTATION_CONTEXT('2D SPACE',''
  ) );
#3366 = ORIENTED_EDGE('',*,*,#3367,.T.);
#3367 = EDGE_CURVE('',#3338,#3368,#3370,.T.);
#3368 = VERTEX_POINT('',#3369);
#3369 = CARTESIAN_POINT('',(24.192475585938,9.127498118083,20.3));
#3370 = SURFACE_CURVE('',#3371,(#3375,#3382),.PCURVE_S1.);
#3371 = B_SPLINE_CURVE_WITH_KNOTS('',2,(#3372,#3373,#3374),
  .UNSPECIFIED.,.F.,.F.,(3,3),(0.,1.),.PIECEWISE_BEZIER_KNOTS.);
#3372 = CARTESIAN_POINT('',(23.917475585938,8.545003000895,20.3));
#3373 = CARTESIAN_POINT('',(23.917475585938,8.90999323527,20.3));
#3374 = CARTESIAN_POINT('',(24.192475585938,9.127498118083,20.3));
#3375 = PCURVE('',#262,#3376);
#3376 = DEFINITIONAL_REPRESENTATION('',(#3377),#3381);
#3377 = B_SPLINE_CURVE_WITH_KNOTS('',2,(#3378,#3379,#3380),
  .UNSPECIFIED.,.F.,.F.,(3,3),(0.,1.),.PIECEWISE_BEZIER_KNOTS.);
#3378 = CARTESIAN_POINT('',(25.917475585938,10.545003000895));
#3379 = CARTESIAN_POINT('',(25.917475585938,10.90999323527));
#3380 = CARTESIAN_POINT('',(26.192475585938,11.127498118083));
#3381 = ( GEOMETRIC_REPRESENTATION_CONTEXT(2) 
PARAMETRIC_REPRESENTATION_CONTEXT() REPRESENTATION_CONTEXT('2D SPACE',''
  ) );
#3382 = PCURVE('',#3383,#3390);
#3383 = SURFACE_OF_LINEAR_EXTRUSION('',#3384,#3388);
#3384 = B_SPLINE_CURVE_WITH_KNOTS('',2,(#3385,#3386,#3387),
  .UNSPECIFIED.,.F.,.F.,(3,3),(0.,1.),.PIECEWISE_BEZIER_KNOTS.);
#3385 = CARTESIAN_POINT('',(23.917475585937,8.545003000895,20.3));
#3386 = CARTESIAN_POINT('',(23.917475585937,8.90999323527,20.3));
#3387 = CARTESIAN_POINT('',(24.192475585938,9.127498118083,20.3));
#3388 = VECTOR('',#3389,1.);
#3389 = DIRECTION('',(0.,0.,1.));
#3390 = DEFINITIONAL_REPRESENTATION('',(#3391),#3395);
#3391 = LINE('',#3392,#3393);
#3392 = CARTESIAN_POINT('',(0.,0.));
#3393 = VECTOR('',#3394,1.);
#3394 = DIRECTION('',(1.,0.));
#3395 = ( GEOMETRIC_REPRESENTATION_CONTEXT(2) 
PARAMETRIC_REPRESENTATION_CONTEXT() REPRESENTATION_CONTEXT('2D SPACE',''
  ) );
#3396 = ORIENTED_EDGE('',*,*,#3397,.T.);
#3397 = EDGE_CURVE('',#3368,#3398,#3400,.T.);
#3398 = VERTEX_POINT('',#3399);
#3399 = CARTESIAN_POINT('',(24.92248046875,9.345003000895,20.3));
#3400 = SURFACE_CURVE('',#3401,(#3405,#3412),.PCURVE_S1.);
#3401 = B_SPLINE_CURVE_WITH_KNOTS('',2,(#3402,#3403,#3404),
  .UNSPECIFIED.,.F.,.F.,(3,3),(0.,1.),.PIECEWISE_BEZIER_KNOTS.);
#3402 = CARTESIAN_POINT('',(24.192475585938,9.127498118083,20.3));
#3403 = CARTESIAN_POINT('',(24.467475585937,9.345003000895,20.3));
#3404 = CARTESIAN_POINT('',(24.92248046875,9.345003000895,20.3));
#3405 = PCURVE('',#262,#3406);
#3406 = DEFINITIONAL_REPRESENTATION('',(#3407),#3411);
#3407 = B_SPLINE_CURVE_WITH_KNOTS('',2,(#3408,#3409,#3410),
  .UNSPECIFIED.,.F.,.F.,(3,3),(0.,1.),.PIECEWISE_BEZIER_KNOTS.);
#3408 = CARTESIAN_POINT('',(26.192475585938,11.127498118083));
#3409 = CARTESIAN_POINT('',(26.467475585937,11.345003000895));
#3410 = CARTESIAN_POINT('',(26.92248046875,11.345003000895));
#3411 = ( GEOMETRIC_REPRESENTATION_CONTEXT(2) 
PARAMETRIC_REPRESENTATION_CONTEXT() REPRESENTATION_CONTEXT('2D SPACE',''
  ) );
#3412 = PCURVE('',#3413,#3420);
#3413 = SURFACE_OF_LINEAR_EXTRUSION('',#3414,#3418);
#3414 = B_SPLINE_CURVE_WITH_KNOTS('',2,(#3415,#3416,#3417),
  .UNSPECIFIED.,.F.,.F.,(3,3),(0.,1.),.PIECEWISE_BEZIER_KNOTS.);
#3415 = CARTESIAN_POINT('',(24.192475585938,9.127498118083,20.3));
#3416 = CARTESIAN_POINT('',(24.467475585937,9.345003000895,20.3));
#3417 = CARTESIAN_POINT('',(24.92248046875,9.345003000895,20.3));
#3418 = VECTOR('',#3419,1.);
#3419 = DIRECTION('',(0.,0.,1.));
#3420 = DEFINITIONAL_REPRESENTATION('',(#3421),#3425);
#3421 = LINE('',#3422,#3423);
#3422 = CARTESIAN_POINT('',(0.,0.));
#3423 = VECTOR('',#3424,1.);
#3424 = DIRECTION('',(1.,0.));
#3425 = ( GEOMETRIC_REPRESENTATION_CONTEXT(2) 
PARAMETRIC_REPRESENTATION_CONTEXT() REPRESENTATION_CONTEXT('2D SPACE',''
  ) );
#3426 = ORIENTED_EDGE('',*,*,#3427,.T.);
#3427 = EDGE_CURVE('',#3398,#3428,#3430,.T.);
#3428 = VERTEX_POINT('',#3429);
#3429 = CARTESIAN_POINT('',(25.62248046875,9.135001373291,20.3));
#3430 = SURFACE_CURVE('',#3431,(#3435,#3442),.PCURVE_S1.);
#3431 = B_SPLINE_CURVE_WITH_KNOTS('',2,(#3432,#3433,#3434),
  .UNSPECIFIED.,.F.,.F.,(3,3),(0.,1.),.PIECEWISE_BEZIER_KNOTS.);
#3432 = CARTESIAN_POINT('',(24.92248046875,9.345003000895,20.3));
#3433 = CARTESIAN_POINT('',(25.377485351563,9.345003000895,20.3));
#3434 = CARTESIAN_POINT('',(25.62248046875,9.135001373291,20.3));
#3435 = PCURVE('',#262,#3436);
#3436 = DEFINITIONAL_REPRESENTATION('',(#3437),#3441);
#3437 = B_SPLINE_CURVE_WITH_KNOTS('',2,(#3438,#3439,#3440),
  .UNSPECIFIED.,.F.,.F.,(3,3),(0.,1.),.PIECEWISE_BEZIER_KNOTS.);
#3438 = CARTESIAN_POINT('',(26.92248046875,11.345003000895));
#3439 = CARTESIAN_POINT('',(27.377485351563,11.345003000895));
#3440 = CARTESIAN_POINT('',(27.62248046875,11.135001373291));
#3441 = ( GEOMETRIC_REPRESENTATION_CONTEXT(2) 
PARAMETRIC_REPRESENTATION_CONTEXT() REPRESENTATION_CONTEXT('2D SPACE',''
  ) );
#3442 = PCURVE('',#3443,#3450);
#3443 = SURFACE_OF_LINEAR_EXTRUSION('',#3444,#3448);
#3444 = B_SPLINE_CURVE_WITH_KNOTS('',2,(#3445,#3446,#3447),
  .UNSPECIFIED.,.F.,.F.,(3,3),(0.,1.),.PIECEWISE_BEZIER_KNOTS.);
#3445 = CARTESIAN_POINT('',(24.92248046875,9.345003000895,20.3));
#3446 = CARTESIAN_POINT('',(25.377485351562,9.345003000895,20.3));
#3447 = CARTESIAN_POINT('',(25.62248046875,9.135001373291,20.3));
#3448 = VECTOR('',#3449,1.);
#3449 = DIRECTION('',(0.,0.,1.));
#3450 = DEFINITIONAL_REPRESENTATION('',(#3451),#3455);
#3451 = LINE('',#3452,#3453);
#3452 = CARTESIAN_POINT('',(0.,0.));
#3453 = VECTOR('',#3454,1.);
#3454 = DIRECTION('',(1.,0.));
#3455 = ( GEOMETRIC_REPRESENTATION_CONTEXT(2) 
PARAMETRIC_REPRESENTATION_CONTEXT() REPRESENTATION_CONTEXT('2D SPACE',''
  ) );
#3456 = ORIENTED_EDGE('',*,*,#3457,.T.);
#3457 = EDGE_CURVE('',#3428,#3458,#3460,.T.);
#3458 = VERTEX_POINT('',#3459);
#3459 = CARTESIAN_POINT('',(25.872488606771,8.540006256104,20.3));
#3460 = SURFACE_CURVE('',#3461,(#3465,#3472),.PCURVE_S1.);
#3461 = B_SPLINE_CURVE_WITH_KNOTS('',2,(#3462,#3463,#3464),
  .UNSPECIFIED.,.F.,.F.,(3,3),(0.,1.),.PIECEWISE_BEZIER_KNOTS.);
#3462 = CARTESIAN_POINT('',(25.62248046875,9.135001373291,20.3));
#3463 = CARTESIAN_POINT('',(25.867475585938,8.924999745687,20.3));
#3464 = CARTESIAN_POINT('',(25.872488606771,8.540006256104,20.3));
#3465 = PCURVE('',#262,#3466);
#3466 = DEFINITIONAL_REPRESENTATION('',(#3467),#3471);
#3467 = B_SPLINE_CURVE_WITH_KNOTS('',2,(#3468,#3469,#3470),
  .UNSPECIFIED.,.F.,.F.,(3,3),(0.,1.),.PIECEWISE_BEZIER_KNOTS.);
#3468 = CARTESIAN_POINT('',(27.62248046875,11.135001373291));
#3469 = CARTESIAN_POINT('',(27.867475585938,10.924999745687));
#3470 = CARTESIAN_POINT('',(27.872488606771,10.540006256104));
#3471 = ( GEOMETRIC_REPRESENTATION_CONTEXT(2) 
PARAMETRIC_REPRESENTATION_CONTEXT() REPRESENTATION_CONTEXT('2D SPACE',''
  ) );
#3472 = PCURVE('',#3473,#3480);
#3473 = SURFACE_OF_LINEAR_EXTRUSION('',#3474,#3478);
#3474 = B_SPLINE_CURVE_WITH_KNOTS('',2,(#3475,#3476,#3477),
  .UNSPECIFIED.,.F.,.F.,(3,3),(0.,1.),.PIECEWISE_BEZIER_KNOTS.);
#3475 = CARTESIAN_POINT('',(25.62248046875,9.135001373291,20.3));
#3476 = CARTESIAN_POINT('',(25.867475585937,8.924999745687,20.3));
#3477 = CARTESIAN_POINT('',(25.872488606771,8.540006256104,20.3));
#3478 = VECTOR('',#3479,1.);
#3479 = DIRECTION('',(0.,0.,1.));
#3480 = DEFINITIONAL_REPRESENTATION('',(#3481),#3485);
#3481 = LINE('',#3482,#3483);
#3482 = CARTESIAN_POINT('',(0.,0.));
#3483 = VECTOR('',#3484,1.);
#3484 = DIRECTION('',(1.,0.));
#3485 = ( GEOMETRIC_REPRESENTATION_CONTEXT(2) 
PARAMETRIC_REPRESENTATION_CONTEXT() REPRESENTATION_CONTEXT('2D SPACE',''
  ) );
#3486 = ORIENTED_EDGE('',*,*,#3487,.T.);
#3487 = EDGE_CURVE('',#3458,#3488,#3490,.T.);
#3488 = VERTEX_POINT('',#3489);
#3489 = CARTESIAN_POINT('',(25.432482096354,8.540006256104,20.3));
#3490 = SURFACE_CURVE('',#3491,(#3495,#3502),.PCURVE_S1.);
#3491 = LINE('',#3492,#3493);
#3492 = CARTESIAN_POINT('',(25.872488606771,8.540006256104,20.3));
#3493 = VECTOR('',#3494,1.);
#3494 = DIRECTION('',(-1.,0.,0.));
#3495 = PCURVE('',#262,#3496);
#3496 = DEFINITIONAL_REPRESENTATION('',(#3497),#3501);
#3497 = LINE('',#3498,#3499);
#3498 = CARTESIAN_POINT('',(27.872488606771,10.540006256104));
#3499 = VECTOR('',#3500,1.);
#3500 = DIRECTION('',(-1.,0.));
#3501 = ( GEOMETRIC_REPRESENTATION_CONTEXT(2) 
PARAMETRIC_REPRESENTATION_CONTEXT() REPRESENTATION_CONTEXT('2D SPACE',''
  ) );
#3502 = PCURVE('',#3503,#3508);
#3503 = PLANE('',#3504);
#3504 = AXIS2_PLACEMENT_3D('',#3505,#3506,#3507);
#3505 = CARTESIAN_POINT('',(25.872488606771,8.540006256104,20.3));
#3506 = DIRECTION('',(0.,1.,0.));
#3507 = DIRECTION('',(-1.,0.,0.));
#3508 = DEFINITIONAL_REPRESENTATION('',(#3509),#3513);
#3509 = LINE('',#3510,#3511);
#3510 = CARTESIAN_POINT('',(0.,0.));
#3511 = VECTOR('',#3512,1.);
#3512 = DIRECTION('',(1.,0.));
#3513 = ( GEOMETRIC_REPRESENTATION_CONTEXT(2) 
PARAMETRIC_REPRESENTATION_CONTEXT() REPRESENTATION_CONTEXT('2D SPACE',''
  ) );
#3514 = ORIENTED_EDGE('',*,*,#3515,.T.);
#3515 = EDGE_CURVE('',#3488,#3516,#3518,.T.);
#3516 = VERTEX_POINT('',#3517);
#3517 = CARTESIAN_POINT('',(24.907482096354,8.95999323527,20.3));
#3518 = SURFACE_CURVE('',#3519,(#3523,#3530),.PCURVE_S1.);
#3519 = B_SPLINE_CURVE_WITH_KNOTS('',2,(#3520,#3521,#3522),
  .UNSPECIFIED.,.F.,.F.,(3,3),(0.,1.),.PIECEWISE_BEZIER_KNOTS.);
#3520 = CARTESIAN_POINT('',(25.432482096354,8.540006256104,20.3));
#3521 = CARTESIAN_POINT('',(25.417475585938,8.95999323527,20.3));
#3522 = CARTESIAN_POINT('',(24.907482096354,8.95999323527,20.3));
#3523 = PCURVE('',#262,#3524);
#3524 = DEFINITIONAL_REPRESENTATION('',(#3525),#3529);
#3525 = B_SPLINE_CURVE_WITH_KNOTS('',2,(#3526,#3527,#3528),
  .UNSPECIFIED.,.F.,.F.,(3,3),(0.,1.),.PIECEWISE_BEZIER_KNOTS.);
#3526 = CARTESIAN_POINT('',(27.432482096354,10.540006256104));
#3527 = CARTESIAN_POINT('',(27.417475585938,10.95999323527));
#3528 = CARTESIAN_POINT('',(26.907482096354,10.95999323527));
#3529 = ( GEOMETRIC_REPRESENTATION_CONTEXT(2) 
PARAMETRIC_REPRESENTATION_CONTEXT() REPRESENTATION_CONTEXT('2D SPACE',''
  ) );
#3530 = PCURVE('',#3531,#3538);
#3531 = SURFACE_OF_LINEAR_EXTRUSION('',#3532,#3536);
#3532 = B_SPLINE_CURVE_WITH_KNOTS('',2,(#3533,#3534,#3535),
  .UNSPECIFIED.,.F.,.F.,(3,3),(0.,1.),.PIECEWISE_BEZIER_KNOTS.);
#3533 = CARTESIAN_POINT('',(25.432482096354,8.540006256104,20.3));
#3534 = CARTESIAN_POINT('',(25.417475585937,8.95999323527,20.3));
#3535 = CARTESIAN_POINT('',(24.907482096354,8.95999323527,20.3));
#3536 = VECTOR('',#3537,1.);
#3537 = DIRECTION('',(0.,0.,1.));
#3538 = DEFINITIONAL_REPRESENTATION('',(#3539),#3543);
#3539 = LINE('',#3540,#3541);
#3540 = CARTESIAN_POINT('',(0.,0.));
#3541 = VECTOR('',#3542,1.);
#3542 = DIRECTION('',(1.,0.));
#3543 = ( GEOMETRIC_REPRESENTATION_CONTEXT(2) 
PARAMETRIC_REPRESENTATION_CONTEXT() REPRESENTATION_CONTEXT('2D SPACE',''
  ) );
#3544 = ORIENTED_EDGE('',*,*,#3545,.T.);
#3545 = EDGE_CURVE('',#3516,#3546,#3548,.T.);
#3546 = VERTEX_POINT('',#3547);
#3547 = CARTESIAN_POINT('',(24.502485351563,8.852498118083,20.3));
#3548 = SURFACE_CURVE('',#3549,(#3553,#3560),.PCURVE_S1.);
#3549 = B_SPLINE_CURVE_WITH_KNOTS('',2,(#3550,#3551,#3552),
  .UNSPECIFIED.,.F.,.F.,(3,3),(0.,1.),.PIECEWISE_BEZIER_KNOTS.);
#3550 = CARTESIAN_POINT('',(24.907482096354,8.95999323527,20.3));
#3551 = CARTESIAN_POINT('',(24.652485351563,8.95999323527,20.3));
#3552 = CARTESIAN_POINT('',(24.502485351563,8.852498118083,20.3));
#3553 = PCURVE('',#262,#3554);
#3554 = DEFINITIONAL_REPRESENTATION('',(#3555),#3559);
#3555 = B_SPLINE_CURVE_WITH_KNOTS('',2,(#3556,#3557,#3558),
  .UNSPECIFIED.,.F.,.F.,(3,3),(0.,1.),.PIECEWISE_BEZIER_KNOTS.);
#3556 = CARTESIAN_POINT('',(26.907482096354,10.95999323527));
#3557 = CARTESIAN_POINT('',(26.652485351563,10.95999323527));
#3558 = CARTESIAN_POINT('',(26.502485351563,10.852498118083));
#3559 = ( GEOMETRIC_REPRESENTATION_CONTEXT(2) 
PARAMETRIC_REPRESENTATION_CONTEXT() REPRESENTATION_CONTEXT('2D SPACE',''
  ) );
#3560 = PCURVE('',#3561,#3568);
#3561 = SURFACE_OF_LINEAR_EXTRUSION('',#3562,#3566);
#3562 = B_SPLINE_CURVE_WITH_KNOTS('',2,(#3563,#3564,#3565),
  .UNSPECIFIED.,.F.,.F.,(3,3),(0.,1.),.PIECEWISE_BEZIER_KNOTS.);
#3563 = CARTESIAN_POINT('',(24.907482096354,8.95999323527,20.3));
#3564 = CARTESIAN_POINT('',(24.652485351563,8.95999323527,20.3));
#3565 = CARTESIAN_POINT('',(24.502485351562,8.852498118083,20.3));
#3566 = VECTOR('',#3567,1.);
#3567 = DIRECTION('',(0.,0.,1.));
#3568 = DEFINITIONAL_REPRESENTATION('',(#3569),#3573);
#3569 = LINE('',#3570,#3571);
#3570 = CARTESIAN_POINT('',(0.,0.));
#3571 = VECTOR('',#3572,1.);
#3572 = DIRECTION('',(1.,0.));
#3573 = ( GEOMETRIC_REPRESENTATION_CONTEXT(2) 
PARAMETRIC_REPRESENTATION_CONTEXT() REPRESENTATION_CONTEXT('2D SPACE',''
  ) );
#3574 = ORIENTED_EDGE('',*,*,#3575,.T.);
#3575 = EDGE_CURVE('',#3546,#3576,#3578,.T.);
#3576 = VERTEX_POINT('',#3577);
#3577 = CARTESIAN_POINT('',(24.352485351562,8.565006256104,20.3));
#3578 = SURFACE_CURVE('',#3579,(#3583,#3590),.PCURVE_S1.);
#3579 = B_SPLINE_CURVE_WITH_KNOTS('',2,(#3580,#3581,#3582),
  .UNSPECIFIED.,.F.,.F.,(3,3),(0.,1.),.PIECEWISE_BEZIER_KNOTS.);
#3580 = CARTESIAN_POINT('',(24.502485351563,8.852498118083,20.3));
#3581 = CARTESIAN_POINT('',(24.352485351562,8.745003000895,20.3));
#3582 = CARTESIAN_POINT('',(24.352485351562,8.565006256104,20.3));
#3583 = PCURVE('',#262,#3584);
#3584 = DEFINITIONAL_REPRESENTATION('',(#3585),#3589);
#3585 = B_SPLINE_CURVE_WITH_KNOTS('',2,(#3586,#3587,#3588),
  .UNSPECIFIED.,.F.,.F.,(3,3),(0.,1.),.PIECEWISE_BEZIER_KNOTS.);
#3586 = CARTESIAN_POINT('',(26.502485351563,10.852498118083));
#3587 = CARTESIAN_POINT('',(26.352485351562,10.745003000895));
#3588 = CARTESIAN_POINT('',(26.352485351562,10.565006256104));
#3589 = ( GEOMETRIC_REPRESENTATION_CONTEXT(2) 
PARAMETRIC_REPRESENTATION_CONTEXT() REPRESENTATION_CONTEXT('2D SPACE',''
  ) );
#3590 = PCURVE('',#3591,#3598);
#3591 = SURFACE_OF_LINEAR_EXTRUSION('',#3592,#3596);
#3592 = B_SPLINE_CURVE_WITH_KNOTS('',2,(#3593,#3594,#3595),
  .UNSPECIFIED.,.F.,.F.,(3,3),(0.,1.),.PIECEWISE_BEZIER_KNOTS.);
#3593 = CARTESIAN_POINT('',(24.502485351562,8.852498118083,20.3));
#3594 = CARTESIAN_POINT('',(24.352485351562,8.745003000895,20.3));
#3595 = CARTESIAN_POINT('',(24.352485351562,8.565006256104,20.3));
#3596 = VECTOR('',#3597,1.);
#3597 = DIRECTION('',(0.,0.,1.));
#3598 = DEFINITIONAL_REPRESENTATION('',(#3599),#3603);
#3599 = LINE('',#3600,#3601);
#3600 = CARTESIAN_POINT('',(0.,0.));
#3601 = VECTOR('',#3602,1.);
#3602 = DIRECTION('',(1.,0.));
#3603 = ( GEOMETRIC_REPRESENTATION_CONTEXT(2) 
PARAMETRIC_REPRESENTATION_CONTEXT() REPRESENTATION_CONTEXT('2D SPACE',''
  ) );
#3604 = ORIENTED_EDGE('',*,*,#3605,.T.);
#3605 = EDGE_CURVE('',#3576,#3606,#3608,.T.);
#3606 = VERTEX_POINT('',#3607);
#3607 = CARTESIAN_POINT('',(24.467483723958,8.337499745687,20.3));
#3608 = SURFACE_CURVE('',#3609,(#3613,#3620),.PCURVE_S1.);
#3609 = B_SPLINE_CURVE_WITH_KNOTS('',2,(#3610,#3611,#3612),
  .UNSPECIFIED.,.F.,.F.,(3,3),(0.,1.),.PIECEWISE_BEZIER_KNOTS.);
#3610 = CARTESIAN_POINT('',(24.352485351562,8.565006256104,20.3));
#3611 = CARTESIAN_POINT('',(24.352485351562,8.424999745687,20.3));
#3612 = CARTESIAN_POINT('',(24.467483723958,8.337499745687,20.3));
#3613 = PCURVE('',#262,#3614);
#3614 = DEFINITIONAL_REPRESENTATION('',(#3615),#3619);
#3615 = B_SPLINE_CURVE_WITH_KNOTS('',2,(#3616,#3617,#3618),
  .UNSPECIFIED.,.F.,.F.,(3,3),(0.,1.),.PIECEWISE_BEZIER_KNOTS.);
#3616 = CARTESIAN_POINT('',(26.352485351562,10.565006256104));
#3617 = CARTESIAN_POINT('',(26.352485351562,10.424999745687));
#3618 = CARTESIAN_POINT('',(26.467483723958,10.337499745687));
#3619 = ( GEOMETRIC_REPRESENTATION_CONTEXT(2) 
PARAMETRIC_REPRESENTATION_CONTEXT() REPRESENTATION_CONTEXT('2D SPACE',''
  ) );
#3620 = PCURVE('',#3621,#3628);
#3621 = SURFACE_OF_LINEAR_EXTRUSION('',#3622,#3626);
#3622 = B_SPLINE_CURVE_WITH_KNOTS('',2,(#3623,#3624,#3625),
  .UNSPECIFIED.,.F.,.F.,(3,3),(0.,1.),.PIECEWISE_BEZIER_KNOTS.);
#3623 = CARTESIAN_POINT('',(24.352485351562,8.565006256104,20.3));
#3624 = CARTESIAN_POINT('',(24.352485351562,8.424999745687,20.3));
#3625 = CARTESIAN_POINT('',(24.467483723958,8.337499745687,20.3));
#3626 = VECTOR('',#3627,1.);
#3627 = DIRECTION('',(0.,0.,1.));
#3628 = DEFINITIONAL_REPRESENTATION('',(#3629),#3633);
#3629 = LINE('',#3630,#3631);
#3630 = CARTESIAN_POINT('',(0.,0.));
#3631 = VECTOR('',#3632,1.);
#3632 = DIRECTION('',(1.,0.));
#3633 = ( GEOMETRIC_REPRESENTATION_CONTEXT(2) 
PARAMETRIC_REPRESENTATION_CONTEXT() REPRESENTATION_CONTEXT('2D SPACE',''
  ) );
#3634 = ORIENTED_EDGE('',*,*,#3635,.T.);
#3635 = EDGE_CURVE('',#3606,#3636,#3638,.T.);
#3636 = VERTEX_POINT('',#3637);
#3637 = CARTESIAN_POINT('',(24.837478841146,8.190006256104,20.3));
#3638 = SURFACE_CURVE('',#3639,(#3643,#3650),.PCURVE_S1.);
#3639 = B_SPLINE_CURVE_WITH_KNOTS('',2,(#3640,#3641,#3642),
  .UNSPECIFIED.,.F.,.F.,(3,3),(0.,1.),.PIECEWISE_BEZIER_KNOTS.);
#3640 = CARTESIAN_POINT('',(24.467483723958,8.337499745687,20.3));
#3641 = CARTESIAN_POINT('',(24.582482096354,8.249999745687,20.3));
#3642 = CARTESIAN_POINT('',(24.837478841146,8.190006256104,20.3));
#3643 = PCURVE('',#262,#3644);
#3644 = DEFINITIONAL_REPRESENTATION('',(#3645),#3649);
#3645 = B_SPLINE_CURVE_WITH_KNOTS('',2,(#3646,#3647,#3648),
  .UNSPECIFIED.,.F.,.F.,(3,3),(0.,1.),.PIECEWISE_BEZIER_KNOTS.);
#3646 = CARTESIAN_POINT('',(26.467483723958,10.337499745687));
#3647 = CARTESIAN_POINT('',(26.582482096354,10.249999745687));
#3648 = CARTESIAN_POINT('',(26.837478841146,10.190006256104));
#3649 = ( GEOMETRIC_REPRESENTATION_CONTEXT(2) 
PARAMETRIC_REPRESENTATION_CONTEXT() REPRESENTATION_CONTEXT('2D SPACE',''
  ) );
#3650 = PCURVE('',#3651,#3658);
#3651 = SURFACE_OF_LINEAR_EXTRUSION('',#3652,#3656);
#3652 = B_SPLINE_CURVE_WITH_KNOTS('',2,(#3653,#3654,#3655),
  .UNSPECIFIED.,.F.,.F.,(3,3),(0.,1.),.PIECEWISE_BEZIER_KNOTS.);
#3653 = CARTESIAN_POINT('',(24.467483723958,8.337499745687,20.3));
#3654 = CARTESIAN_POINT('',(24.582482096354,8.249999745687,20.3));
#3655 = CARTESIAN_POINT('',(24.837478841146,8.190006256104,20.3));
#3656 = VECTOR('',#3657,1.);
#3657 = DIRECTION('',(0.,0.,1.));
#3658 = DEFINITIONAL_REPRESENTATION('',(#3659),#3663);
#3659 = LINE('',#3660,#3661);
#3660 = CARTESIAN_POINT('',(0.,0.));
#3661 = VECTOR('',#3662,1.);
#3662 = DIRECTION('',(1.,0.));
#3663 = ( GEOMETRIC_REPRESENTATION_CONTEXT(2) 
PARAMETRIC_REPRESENTATION_CONTEXT() REPRESENTATION_CONTEXT('2D SPACE',''
  ) );
#3664 = ORIENTED_EDGE('',*,*,#3665,.T.);
#3665 = EDGE_CURVE('',#3636,#3666,#3668,.T.);
#3666 = VERTEX_POINT('',#3667);
#3667 = CARTESIAN_POINT('',(25.237478841146,8.095003000895,20.3));
#3668 = SURFACE_CURVE('',#3669,(#3673,#3680),.PCURVE_S1.);
#3669 = LINE('',#3670,#3671);
#3670 = CARTESIAN_POINT('',(24.837478841146,8.190006256104,20.3));
#3671 = VECTOR('',#3672,1.);
#3672 = DIRECTION('',(0.972934770629,-0.231079925788,0.));
#3673 = PCURVE('',#262,#3674);
#3674 = DEFINITIONAL_REPRESENTATION('',(#3675),#3679);
#3675 = LINE('',#3676,#3677);
#3676 = CARTESIAN_POINT('',(26.837478841146,10.190006256104));
#3677 = VECTOR('',#3678,1.);
#3678 = DIRECTION('',(0.972934770629,-0.231079925788));
#3679 = ( GEOMETRIC_REPRESENTATION_CONTEXT(2) 
PARAMETRIC_REPRESENTATION_CONTEXT() REPRESENTATION_CONTEXT('2D SPACE',''
  ) );
#3680 = PCURVE('',#3681,#3686);
#3681 = PLANE('',#3682);
#3682 = AXIS2_PLACEMENT_3D('',#3683,#3684,#3685);
#3683 = CARTESIAN_POINT('',(24.837478841146,8.190006256104,20.3));
#3684 = DIRECTION('',(-0.231079925788,-0.972934770629,0.));
#3685 = DIRECTION('',(0.972934770629,-0.231079925788,0.));
#3686 = DEFINITIONAL_REPRESENTATION('',(#3687),#3691);
#3687 = LINE('',#3688,#3689);
#3688 = CARTESIAN_POINT('',(0.,0.));
#3689 = VECTOR('',#3690,1.);
#3690 = DIRECTION('',(1.,0.));
#3691 = ( GEOMETRIC_REPRESENTATION_CONTEXT(2) 
PARAMETRIC_REPRESENTATION_CONTEXT() REPRESENTATION_CONTEXT('2D SPACE',''
  ) );
#3692 = ORIENTED_EDGE('',*,*,#3693,.T.);
#3693 = EDGE_CURVE('',#3666,#3694,#3696,.T.);
#3694 = VERTEX_POINT('',#3695);
#3695 = CARTESIAN_POINT('',(25.802485351563,7.827498118083,20.3));
#3696 = SURFACE_CURVE('',#3697,(#3701,#3708),.PCURVE_S1.);
#3697 = B_SPLINE_CURVE_WITH_KNOTS('',2,(#3698,#3699,#3700),
  .UNSPECIFIED.,.F.,.F.,(3,3),(0.,1.),.PIECEWISE_BEZIER_KNOTS.);
#3698 = CARTESIAN_POINT('',(25.237478841146,8.095003000895,20.3));
#3699 = CARTESIAN_POINT('',(25.627485351563,7.999999745687,20.3));
#3700 = CARTESIAN_POINT('',(25.802485351563,7.827498118083,20.3));
#3701 = PCURVE('',#262,#3702);
#3702 = DEFINITIONAL_REPRESENTATION('',(#3703),#3707);
#3703 = B_SPLINE_CURVE_WITH_KNOTS('',2,(#3704,#3705,#3706),
  .UNSPECIFIED.,.F.,.F.,(3,3),(0.,1.),.PIECEWISE_BEZIER_KNOTS.);
#3704 = CARTESIAN_POINT('',(27.237478841146,10.095003000895));
#3705 = CARTESIAN_POINT('',(27.627485351563,9.999999745687));
#3706 = CARTESIAN_POINT('',(27.802485351563,9.827498118083));
#3707 = ( GEOMETRIC_REPRESENTATION_CONTEXT(2) 
PARAMETRIC_REPRESENTATION_CONTEXT() REPRESENTATION_CONTEXT('2D SPACE',''
  ) );
#3708 = PCURVE('',#3709,#3716);
#3709 = SURFACE_OF_LINEAR_EXTRUSION('',#3710,#3714);
#3710 = B_SPLINE_CURVE_WITH_KNOTS('',2,(#3711,#3712,#3713),
  .UNSPECIFIED.,.F.,.F.,(3,3),(0.,1.),.PIECEWISE_BEZIER_KNOTS.);
#3711 = CARTESIAN_POINT('',(25.237478841146,8.095003000895,20.3));
#3712 = CARTESIAN_POINT('',(25.627485351562,7.999999745687,20.3));
#3713 = CARTESIAN_POINT('',(25.802485351562,7.827498118083,20.3));
#3714 = VECTOR('',#3715,1.);
#3715 = DIRECTION('',(0.,0.,1.));
#3716 = DEFINITIONAL_REPRESENTATION('',(#3717),#3721);
#3717 = LINE('',#3718,#3719);
#3718 = CARTESIAN_POINT('',(0.,0.));
#3719 = VECTOR('',#3720,1.);
#3720 = DIRECTION('',(1.,0.));
#3721 = ( GEOMETRIC_REPRESENTATION_CONTEXT(2) 
PARAMETRIC_REPRESENTATION_CONTEXT() REPRESENTATION_CONTEXT('2D SPACE',''
  ) );
#3722 = ORIENTED_EDGE('',*,*,#3723,.T.);
#3723 = EDGE_CURVE('',#3694,#3724,#3726,.T.);
#3724 = VERTEX_POINT('',#3725);
#3725 = CARTESIAN_POINT('',(25.977485351562,7.365006256104,20.3));
#3726 = SURFACE_CURVE('',#3727,(#3731,#3738),.PCURVE_S1.);
#3727 = B_SPLINE_CURVE_WITH_KNOTS('',2,(#3728,#3729,#3730),
  .UNSPECIFIED.,.F.,.F.,(3,3),(0.,1.),.PIECEWISE_BEZIER_KNOTS.);
#3728 = CARTESIAN_POINT('',(25.802485351563,7.827498118083,20.3));
#3729 = CARTESIAN_POINT('',(25.977485351562,7.654996490479,20.3));
#3730 = CARTESIAN_POINT('',(25.977485351562,7.365006256104,20.3));
#3731 = PCURVE('',#262,#3732);
#3732 = DEFINITIONAL_REPRESENTATION('',(#3733),#3737);
#3733 = B_SPLINE_CURVE_WITH_KNOTS('',2,(#3734,#3735,#3736),
  .UNSPECIFIED.,.F.,.F.,(3,3),(0.,1.),.PIECEWISE_BEZIER_KNOTS.);
#3734 = CARTESIAN_POINT('',(27.802485351563,9.827498118083));
#3735 = CARTESIAN_POINT('',(27.977485351562,9.654996490479));
#3736 = CARTESIAN_POINT('',(27.977485351562,9.365006256104));
#3737 = ( GEOMETRIC_REPRESENTATION_CONTEXT(2) 
PARAMETRIC_REPRESENTATION_CONTEXT() REPRESENTATION_CONTEXT('2D SPACE',''
  ) );
#3738 = PCURVE('',#3739,#3746);
#3739 = SURFACE_OF_LINEAR_EXTRUSION('',#3740,#3744);
#3740 = B_SPLINE_CURVE_WITH_KNOTS('',2,(#3741,#3742,#3743),
  .UNSPECIFIED.,.F.,.F.,(3,3),(0.,1.),.PIECEWISE_BEZIER_KNOTS.);
#3741 = CARTESIAN_POINT('',(25.802485351562,7.827498118083,20.3));
#3742 = CARTESIAN_POINT('',(25.977485351562,7.654996490479,20.3));
#3743 = CARTESIAN_POINT('',(25.977485351562,7.365006256104,20.3));
#3744 = VECTOR('',#3745,1.);
#3745 = DIRECTION('',(0.,0.,1.));
#3746 = DEFINITIONAL_REPRESENTATION('',(#3747),#3751);
#3747 = LINE('',#3748,#3749);
#3748 = CARTESIAN_POINT('',(0.,0.));
#3749 = VECTOR('',#3750,1.);
#3750 = DIRECTION('',(1.,0.));
#3751 = ( GEOMETRIC_REPRESENTATION_CONTEXT(2) 
PARAMETRIC_REPRESENTATION_CONTEXT() REPRESENTATION_CONTEXT('2D SPACE',''
  ) );
#3752 = ORIENTED_EDGE('',*,*,#3753,.T.);
#3753 = EDGE_CURVE('',#3724,#3754,#3756,.T.);
#3754 = VERTEX_POINT('',#3755);
#3755 = CARTESIAN_POINT('',(25.68498046875,6.75999323527,20.3));
#3756 = SURFACE_CURVE('',#3757,(#3761,#3768),.PCURVE_S1.);
#3757 = B_SPLINE_CURVE_WITH_KNOTS('',2,(#3758,#3759,#3760),
  .UNSPECIFIED.,.F.,.F.,(3,3),(0.,1.),.PIECEWISE_BEZIER_KNOTS.);
#3758 = CARTESIAN_POINT('',(25.977485351562,7.365006256104,20.3));
#3759 = CARTESIAN_POINT('',(25.977485351562,6.98499323527,20.3));
#3760 = CARTESIAN_POINT('',(25.68498046875,6.75999323527,20.3));
#3761 = PCURVE('',#262,#3762);
#3762 = DEFINITIONAL_REPRESENTATION('',(#3763),#3767);
#3763 = B_SPLINE_CURVE_WITH_KNOTS('',2,(#3764,#3765,#3766),
  .UNSPECIFIED.,.F.,.F.,(3,3),(0.,1.),.PIECEWISE_BEZIER_KNOTS.);
#3764 = CARTESIAN_POINT('',(27.977485351562,9.365006256104));
#3765 = CARTESIAN_POINT('',(27.977485351562,8.98499323527));
#3766 = CARTESIAN_POINT('',(27.68498046875,8.75999323527));
#3767 = ( GEOMETRIC_REPRESENTATION_CONTEXT(2) 
PARAMETRIC_REPRESENTATION_CONTEXT() REPRESENTATION_CONTEXT('2D SPACE',''
  ) );
#3768 = PCURVE('',#3769,#3776);
#3769 = SURFACE_OF_LINEAR_EXTRUSION('',#3770,#3774);
#3770 = B_SPLINE_CURVE_WITH_KNOTS('',2,(#3771,#3772,#3773),
  .UNSPECIFIED.,.F.,.F.,(3,3),(0.,1.),.PIECEWISE_BEZIER_KNOTS.);
#3771 = CARTESIAN_POINT('',(25.977485351562,7.365006256104,20.3));
#3772 = CARTESIAN_POINT('',(25.977485351562,6.98499323527,20.3));
#3773 = CARTESIAN_POINT('',(25.68498046875,6.75999323527,20.3));
#3774 = VECTOR('',#3775,1.);
#3775 = DIRECTION('',(0.,0.,1.));
#3776 = DEFINITIONAL_REPRESENTATION('',(#3777),#3781);
#3777 = LINE('',#3778,#3779);
#3778 = CARTESIAN_POINT('',(0.,0.));
#3779 = VECTOR('',#3780,1.);
#3780 = DIRECTION('',(1.,0.));
#3781 = ( GEOMETRIC_REPRESENTATION_CONTEXT(2) 
PARAMETRIC_REPRESENTATION_CONTEXT() REPRESENTATION_CONTEXT('2D SPACE',''
  ) );
#3782 = ORIENTED_EDGE('',*,*,#3783,.T.);
#3783 = EDGE_CURVE('',#3754,#3040,#3784,.T.);
#3784 = SURFACE_CURVE('',#3785,(#3789,#3796),.PCURVE_S1.);
#3785 = B_SPLINE_CURVE_WITH_KNOTS('',2,(#3786,#3787,#3788),
  .UNSPECIFIED.,.F.,.F.,(3,3),(0.,1.),.PIECEWISE_BEZIER_KNOTS.);
#3786 = CARTESIAN_POINT('',(25.68498046875,6.75999323527,20.3));
#3787 = CARTESIAN_POINT('',(25.392475585938,6.53499323527,20.3));
#3788 = CARTESIAN_POINT('',(24.897488606771,6.53499323527,20.3));
#3789 = PCURVE('',#262,#3790);
#3790 = DEFINITIONAL_REPRESENTATION('',(#3791),#3795);
#3791 = B_SPLINE_CURVE_WITH_KNOTS('',2,(#3792,#3793,#3794),
  .UNSPECIFIED.,.F.,.F.,(3,3),(0.,1.),.PIECEWISE_BEZIER_KNOTS.);
#3792 = CARTESIAN_POINT('',(27.68498046875,8.75999323527));
#3793 = CARTESIAN_POINT('',(27.392475585938,8.53499323527));
#3794 = CARTESIAN_POINT('',(26.897488606771,8.53499323527));
#3795 = ( GEOMETRIC_REPRESENTATION_CONTEXT(2) 
PARAMETRIC_REPRESENTATION_CONTEXT() REPRESENTATION_CONTEXT('2D SPACE',''
  ) );
#3796 = PCURVE('',#3797,#3804);
#3797 = SURFACE_OF_LINEAR_EXTRUSION('',#3798,#3802);
#3798 = B_SPLINE_CURVE_WITH_KNOTS('',2,(#3799,#3800,#3801),
  .UNSPECIFIED.,.F.,.F.,(3,3),(0.,1.),.PIECEWISE_BEZIER_KNOTS.);
#3799 = CARTESIAN_POINT('',(25.68498046875,6.75999323527,20.3));
#3800 = CARTESIAN_POINT('',(25.392475585938,6.53499323527,20.3));
#3801 = CARTESIAN_POINT('',(24.897488606771,6.53499323527,20.3));
#3802 = VECTOR('',#3803,1.);
#3803 = DIRECTION('',(0.,0.,1.));
#3804 = DEFINITIONAL_REPRESENTATION('',(#3805),#3809);
#3805 = LINE('',#3806,#3807);
#3806 = CARTESIAN_POINT('',(0.,0.));
#3807 = VECTOR('',#3808,1.);
#3808 = DIRECTION('',(1.,0.));
#3809 = ( GEOMETRIC_REPRESENTATION_CONTEXT(2) 
PARAMETRIC_REPRESENTATION_CONTEXT() REPRESENTATION_CONTEXT('2D SPACE',''
  ) );
#3810 = FACE_BOUND('',#3811,.T.);
#3811 = EDGE_LOOP('',(#3812,#3844,#3872,#3902,#3932,#3962,#3990,#4020,
    #4050,#4078,#4108,#4138,#4168,#4198,#4228,#4258,#4288,#4318,#4348,
    #4378,#4408,#4438,#4468,#4498,#4528,#4558,#4588,#4616,#4646,#4676));
#3812 = ORIENTED_EDGE('',*,*,#3813,.T.);
#3813 = EDGE_CURVE('',#3814,#3816,#3818,.T.);
#3814 = VERTEX_POINT('',#3815);
#3815 = CARTESIAN_POINT('',(26.982482096354,8.84749323527,20.3));
#3816 = VERTEX_POINT('',#3817);
#3817 = CARTESIAN_POINT('',(26.807482096354,8.495003000895,20.3));
#3818 = SURFACE_CURVE('',#3819,(#3823,#3830),.PCURVE_S1.);
#3819 = B_SPLINE_CURVE_WITH_KNOTS('',2,(#3820,#3821,#3822),
  .UNSPECIFIED.,.F.,.F.,(3,3),(0.,1.),.PIECEWISE_BEZIER_KNOTS.);
#3820 = CARTESIAN_POINT('',(26.982482096354,8.84749323527,20.3));
#3821 = CARTESIAN_POINT('',(26.832482096354,8.73499323527,20.3));
#3822 = CARTESIAN_POINT('',(26.807482096354,8.495003000895,20.3));
#3823 = PCURVE('',#262,#3824);
#3824 = DEFINITIONAL_REPRESENTATION('',(#3825),#3829);
#3825 = B_SPLINE_CURVE_WITH_KNOTS('',2,(#3826,#3827,#3828),
  .UNSPECIFIED.,.F.,.F.,(3,3),(0.,1.),.PIECEWISE_BEZIER_KNOTS.);
#3826 = CARTESIAN_POINT('',(28.982482096354,10.84749323527));
#3827 = CARTESIAN_POINT('',(28.832482096354,10.73499323527));
#3828 = CARTESIAN_POINT('',(28.807482096354,10.495003000895));
#3829 = ( GEOMETRIC_REPRESENTATION_CONTEXT(2) 
PARAMETRIC_REPRESENTATION_CONTEXT() REPRESENTATION_CONTEXT('2D SPACE',''
  ) );
#3830 = PCURVE('',#3831,#3838);
#3831 = SURFACE_OF_LINEAR_EXTRUSION('',#3832,#3836);
#3832 = B_SPLINE_CURVE_WITH_KNOTS('',2,(#3833,#3834,#3835),
  .UNSPECIFIED.,.F.,.F.,(3,3),(0.,1.),.PIECEWISE_BEZIER_KNOTS.);
#3833 = CARTESIAN_POINT('',(26.982482096354,8.84749323527,20.3));
#3834 = CARTESIAN_POINT('',(26.832482096354,8.73499323527,20.3));
#3835 = CARTESIAN_POINT('',(26.807482096354,8.495003000895,20.3));
#3836 = VECTOR('',#3837,1.);
#3837 = DIRECTION('',(0.,0.,1.));
#3838 = DEFINITIONAL_REPRESENTATION('',(#3839),#3843);
#3839 = LINE('',#3840,#3841);
#3840 = CARTESIAN_POINT('',(0.,0.));
#3841 = VECTOR('',#3842,1.);
#3842 = DIRECTION('',(1.,0.));
#3843 = ( GEOMETRIC_REPRESENTATION_CONTEXT(2) 
PARAMETRIC_REPRESENTATION_CONTEXT() REPRESENTATION_CONTEXT('2D SPACE',''
  ) );
#3844 = ORIENTED_EDGE('',*,*,#3845,.T.);
#3845 = EDGE_CURVE('',#3816,#3846,#3848,.T.);
#3846 = VERTEX_POINT('',#3847);
#3847 = CARTESIAN_POINT('',(26.387495117187,8.495003000895,20.3));
#3848 = SURFACE_CURVE('',#3849,(#3853,#3860),.PCURVE_S1.);
#3849 = LINE('',#3850,#3851);
#3850 = CARTESIAN_POINT('',(26.807482096354,8.495003000895,20.3));
#3851 = VECTOR('',#3852,1.);
#3852 = DIRECTION('',(-1.,0.,0.));
#3853 = PCURVE('',#262,#3854);
#3854 = DEFINITIONAL_REPRESENTATION('',(#3855),#3859);
#3855 = LINE('',#3856,#3857);
#3856 = CARTESIAN_POINT('',(28.807482096354,10.495003000895));
#3857 = VECTOR('',#3858,1.);
#3858 = DIRECTION('',(-1.,0.));
#3859 = ( GEOMETRIC_REPRESENTATION_CONTEXT(2) 
PARAMETRIC_REPRESENTATION_CONTEXT() REPRESENTATION_CONTEXT('2D SPACE',''
  ) );
#3860 = PCURVE('',#3861,#3866);
#3861 = PLANE('',#3862);
#3862 = AXIS2_PLACEMENT_3D('',#3863,#3864,#3865);
#3863 = CARTESIAN_POINT('',(26.807482096354,8.495003000895,20.3));
#3864 = DIRECTION('',(0.,1.,0.));
#3865 = DIRECTION('',(-1.,0.,0.));
#3866 = DEFINITIONAL_REPRESENTATION('',(#3867),#3871);
#3867 = LINE('',#3868,#3869);
#3868 = CARTESIAN_POINT('',(0.,0.));
#3869 = VECTOR('',#3870,1.);
#3870 = DIRECTION('',(1.,0.));
#3871 = ( GEOMETRIC_REPRESENTATION_CONTEXT(2) 
PARAMETRIC_REPRESENTATION_CONTEXT() REPRESENTATION_CONTEXT('2D SPACE',''
  ) );
#3872 = ORIENTED_EDGE('',*,*,#3873,.T.);
#3873 = EDGE_CURVE('',#3846,#3874,#3876,.T.);
#3874 = VERTEX_POINT('',#3875);
#3875 = CARTESIAN_POINT('',(27.437495117187,9.345003000895,20.3));
#3876 = SURFACE_CURVE('',#3877,(#3881,#3888),.PCURVE_S1.);
#3877 = B_SPLINE_CURVE_WITH_KNOTS('',2,(#3878,#3879,#3880),
  .UNSPECIFIED.,.F.,.F.,(3,3),(0.,1.),.PIECEWISE_BEZIER_KNOTS.);
#3878 = CARTESIAN_POINT('',(26.387495117187,8.495003000895,20.3));
#3879 = CARTESIAN_POINT('',(26.417491861979,9.345003000895,20.3));
#3880 = CARTESIAN_POINT('',(27.437495117187,9.345003000895,20.3));
#3881 = PCURVE('',#262,#3882);
#3882 = DEFINITIONAL_REPRESENTATION('',(#3883),#3887);
#3883 = B_SPLINE_CURVE_WITH_KNOTS('',2,(#3884,#3885,#3886),
  .UNSPECIFIED.,.F.,.F.,(3,3),(0.,1.),.PIECEWISE_BEZIER_KNOTS.);
#3884 = CARTESIAN_POINT('',(28.387495117187,10.495003000895));
#3885 = CARTESIAN_POINT('',(28.417491861979,11.345003000895));
#3886 = CARTESIAN_POINT('',(29.437495117187,11.345003000895));
#3887 = ( GEOMETRIC_REPRESENTATION_CONTEXT(2) 
PARAMETRIC_REPRESENTATION_CONTEXT() REPRESENTATION_CONTEXT('2D SPACE',''
  ) );
#3888 = PCURVE('',#3889,#3896);
#3889 = SURFACE_OF_LINEAR_EXTRUSION('',#3890,#3894);
#3890 = B_SPLINE_CURVE_WITH_KNOTS('',2,(#3891,#3892,#3893),
  .UNSPECIFIED.,.F.,.F.,(3,3),(0.,1.),.PIECEWISE_BEZIER_KNOTS.);
#3891 = CARTESIAN_POINT('',(26.387495117187,8.495003000895,20.3));
#3892 = CARTESIAN_POINT('',(26.417491861979,9.345003000895,20.3));
#3893 = CARTESIAN_POINT('',(27.437495117187,9.345003000895,20.3));
#3894 = VECTOR('',#3895,1.);
#3895 = DIRECTION('',(0.,0.,1.));
#3896 = DEFINITIONAL_REPRESENTATION('',(#3897),#3901);
#3897 = LINE('',#3898,#3899);
#3898 = CARTESIAN_POINT('',(0.,0.));
#3899 = VECTOR('',#3900,1.);
#3900 = DIRECTION('',(1.,0.));
#3901 = ( GEOMETRIC_REPRESENTATION_CONTEXT(2) 
PARAMETRIC_REPRESENTATION_CONTEXT() REPRESENTATION_CONTEXT('2D SPACE',''
  ) );
#3902 = ORIENTED_EDGE('',*,*,#3903,.T.);
#3903 = EDGE_CURVE('',#3874,#3904,#3906,.T.);
#3904 = VERTEX_POINT('',#3905);
#3905 = CARTESIAN_POINT('',(28.172488606771,9.162499745687,20.3));
#3906 = SURFACE_CURVE('',#3907,(#3911,#3918),.PCURVE_S1.);
#3907 = B_SPLINE_CURVE_WITH_KNOTS('',2,(#3908,#3909,#3910),
  .UNSPECIFIED.,.F.,.F.,(3,3),(0.,1.),.PIECEWISE_BEZIER_KNOTS.);
#3908 = CARTESIAN_POINT('',(27.437495117187,9.345003000895,20.3));
#3909 = CARTESIAN_POINT('',(27.922488606771,9.345003000895,20.3));
#3910 = CARTESIAN_POINT('',(28.172488606771,9.162499745687,20.3));
#3911 = PCURVE('',#262,#3912);
#3912 = DEFINITIONAL_REPRESENTATION('',(#3913),#3917);
#3913 = B_SPLINE_CURVE_WITH_KNOTS('',2,(#3914,#3915,#3916),
  .UNSPECIFIED.,.F.,.F.,(3,3),(0.,1.),.PIECEWISE_BEZIER_KNOTS.);
#3914 = CARTESIAN_POINT('',(29.437495117187,11.345003000895));
#3915 = CARTESIAN_POINT('',(29.922488606771,11.345003000895));
#3916 = CARTESIAN_POINT('',(30.172488606771,11.162499745687));
#3917 = ( GEOMETRIC_REPRESENTATION_CONTEXT(2) 
PARAMETRIC_REPRESENTATION_CONTEXT() REPRESENTATION_CONTEXT('2D SPACE',''
  ) );
#3918 = PCURVE('',#3919,#3926);
#3919 = SURFACE_OF_LINEAR_EXTRUSION('',#3920,#3924);
#3920 = B_SPLINE_CURVE_WITH_KNOTS('',2,(#3921,#3922,#3923),
  .UNSPECIFIED.,.F.,.F.,(3,3),(0.,1.),.PIECEWISE_BEZIER_KNOTS.);
#3921 = CARTESIAN_POINT('',(27.437495117187,9.345003000895,20.3));
#3922 = CARTESIAN_POINT('',(27.922488606771,9.345003000895,20.3));
#3923 = CARTESIAN_POINT('',(28.172488606771,9.162499745687,20.3));
#3924 = VECTOR('',#3925,1.);
#3925 = DIRECTION('',(0.,0.,1.));
#3926 = DEFINITIONAL_REPRESENTATION('',(#3927),#3931);
#3927 = LINE('',#3928,#3929);
#3928 = CARTESIAN_POINT('',(0.,0.));
#3929 = VECTOR('',#3930,1.);
#3930 = DIRECTION('',(1.,0.));
#3931 = ( GEOMETRIC_REPRESENTATION_CONTEXT(2) 
PARAMETRIC_REPRESENTATION_CONTEXT() REPRESENTATION_CONTEXT('2D SPACE',''
  ) );
#3932 = ORIENTED_EDGE('',*,*,#3933,.T.);
#3933 = EDGE_CURVE('',#3904,#3934,#3936,.T.);
#3934 = VERTEX_POINT('',#3935);
#3935 = CARTESIAN_POINT('',(28.422488606771,8.629996490479,20.3));
#3936 = SURFACE_CURVE('',#3937,(#3941,#3948),.PCURVE_S1.);
#3937 = B_SPLINE_CURVE_WITH_KNOTS('',2,(#3938,#3939,#3940),
  .UNSPECIFIED.,.F.,.F.,(3,3),(0.,1.),.PIECEWISE_BEZIER_KNOTS.);
#3938 = CARTESIAN_POINT('',(28.172488606771,9.162499745687,20.3));
#3939 = CARTESIAN_POINT('',(28.422488606771,8.979996490479,20.3));
#3940 = CARTESIAN_POINT('',(28.422488606771,8.629996490479,20.3));
#3941 = PCURVE('',#262,#3942);
#3942 = DEFINITIONAL_REPRESENTATION('',(#3943),#3947);
#3943 = B_SPLINE_CURVE_WITH_KNOTS('',2,(#3944,#3945,#3946),
  .UNSPECIFIED.,.F.,.F.,(3,3),(0.,1.),.PIECEWISE_BEZIER_KNOTS.);
#3944 = CARTESIAN_POINT('',(30.172488606771,11.162499745687));
#3945 = CARTESIAN_POINT('',(30.422488606771,10.979996490479));
#3946 = CARTESIAN_POINT('',(30.422488606771,10.629996490479));
#3947 = ( GEOMETRIC_REPRESENTATION_CONTEXT(2) 
PARAMETRIC_REPRESENTATION_CONTEXT() REPRESENTATION_CONTEXT('2D SPACE',''
  ) );
#3948 = PCURVE('',#3949,#3956);
#3949 = SURFACE_OF_LINEAR_EXTRUSION('',#3950,#3954);
#3950 = B_SPLINE_CURVE_WITH_KNOTS('',2,(#3951,#3952,#3953),
  .UNSPECIFIED.,.F.,.F.,(3,3),(0.,1.),.PIECEWISE_BEZIER_KNOTS.);
#3951 = CARTESIAN_POINT('',(28.172488606771,9.162499745687,20.3));
#3952 = CARTESIAN_POINT('',(28.422488606771,8.979996490479,20.3));
#3953 = CARTESIAN_POINT('',(28.422488606771,8.629996490479,20.3));
#3954 = VECTOR('',#3955,1.);
#3955 = DIRECTION('',(0.,0.,1.));
#3956 = DEFINITIONAL_REPRESENTATION('',(#3957),#3961);
#3957 = LINE('',#3958,#3959);
#3958 = CARTESIAN_POINT('',(0.,0.));
#3959 = VECTOR('',#3960,1.);
#3960 = DIRECTION('',(1.,0.));
#3961 = ( GEOMETRIC_REPRESENTATION_CONTEXT(2) 
PARAMETRIC_REPRESENTATION_CONTEXT() REPRESENTATION_CONTEXT('2D SPACE',''
  ) );
#3962 = ORIENTED_EDGE('',*,*,#3963,.T.);
#3963 = EDGE_CURVE('',#3934,#3964,#3966,.T.);
#3964 = VERTEX_POINT('',#3965);
#3965 = CARTESIAN_POINT('',(28.422488606771,7.090006256104,20.3));
#3966 = SURFACE_CURVE('',#3967,(#3971,#3978),.PCURVE_S1.);
#3967 = LINE('',#3968,#3969);
#3968 = CARTESIAN_POINT('',(28.422488606771,8.629996490479,20.3));
#3969 = VECTOR('',#3970,1.);
#3970 = DIRECTION('',(0.,-1.,0.));
#3971 = PCURVE('',#262,#3972);
#3972 = DEFINITIONAL_REPRESENTATION('',(#3973),#3977);
#3973 = LINE('',#3974,#3975);
#3974 = CARTESIAN_POINT('',(30.422488606771,10.629996490479));
#3975 = VECTOR('',#3976,1.);
#3976 = DIRECTION('',(0.,-1.));
#3977 = ( GEOMETRIC_REPRESENTATION_CONTEXT(2) 
PARAMETRIC_REPRESENTATION_CONTEXT() REPRESENTATION_CONTEXT('2D SPACE',''
  ) );
#3978 = PCURVE('',#3979,#3984);
#3979 = PLANE('',#3980);
#3980 = AXIS2_PLACEMENT_3D('',#3981,#3982,#3983);
#3981 = CARTESIAN_POINT('',(28.422488606771,8.629996490479,20.3));
#3982 = DIRECTION('',(-1.,0.,0.));
#3983 = DIRECTION('',(0.,-1.,0.));
#3984 = DEFINITIONAL_REPRESENTATION('',(#3985),#3989);
#3985 = LINE('',#3986,#3987);
#3986 = CARTESIAN_POINT('',(0.,0.));
#3987 = VECTOR('',#3988,1.);
#3988 = DIRECTION('',(1.,0.));
#3989 = ( GEOMETRIC_REPRESENTATION_CONTEXT(2) 
PARAMETRIC_REPRESENTATION_CONTEXT() REPRESENTATION_CONTEXT('2D SPACE',''
  ) );
#3990 = ORIENTED_EDGE('',*,*,#3991,.T.);
#3991 = EDGE_CURVE('',#3964,#3992,#3994,.T.);
#3992 = VERTEX_POINT('',#3993);
#3993 = CARTESIAN_POINT('',(28.647488606771,6.88499323527,20.3));
#3994 = SURFACE_CURVE('',#3995,(#3999,#4006),.PCURVE_S1.);
#3995 = B_SPLINE_CURVE_WITH_KNOTS('',2,(#3996,#3997,#3998),
  .UNSPECIFIED.,.F.,.F.,(3,3),(0.,1.),.PIECEWISE_BEZIER_KNOTS.);
#3996 = CARTESIAN_POINT('',(28.422488606771,7.090006256104,20.3));
#3997 = CARTESIAN_POINT('',(28.422488606771,6.88499323527,20.3));
#3998 = CARTESIAN_POINT('',(28.647488606771,6.88499323527,20.3));
#3999 = PCURVE('',#262,#4000);
#4000 = DEFINITIONAL_REPRESENTATION('',(#4001),#4005);
#4001 = B_SPLINE_CURVE_WITH_KNOTS('',2,(#4002,#4003,#4004),
  .UNSPECIFIED.,.F.,.F.,(3,3),(0.,1.),.PIECEWISE_BEZIER_KNOTS.);
#4002 = CARTESIAN_POINT('',(30.422488606771,9.090006256104));
#4003 = CARTESIAN_POINT('',(30.422488606771,8.88499323527));
#4004 = CARTESIAN_POINT('',(30.647488606771,8.88499323527));
#4005 = ( GEOMETRIC_REPRESENTATION_CONTEXT(2) 
PARAMETRIC_REPRESENTATION_CONTEXT() REPRESENTATION_CONTEXT('2D SPACE',''
  ) );
#4006 = PCURVE('',#4007,#4014);
#4007 = SURFACE_OF_LINEAR_EXTRUSION('',#4008,#4012);
#4008 = B_SPLINE_CURVE_WITH_KNOTS('',2,(#4009,#4010,#4011),
  .UNSPECIFIED.,.F.,.F.,(3,3),(0.,1.),.PIECEWISE_BEZIER_KNOTS.);
#4009 = CARTESIAN_POINT('',(28.422488606771,7.090006256104,20.3));
#4010 = CARTESIAN_POINT('',(28.422488606771,6.88499323527,20.3));
#4011 = CARTESIAN_POINT('',(28.647488606771,6.88499323527,20.3));
#4012 = VECTOR('',#4013,1.);
#4013 = DIRECTION('',(0.,0.,1.));
#4014 = DEFINITIONAL_REPRESENTATION('',(#4015),#4019);
#4015 = LINE('',#4016,#4017);
#4016 = CARTESIAN_POINT('',(0.,0.));
#4017 = VECTOR('',#4018,1.);
#4018 = DIRECTION('',(1.,0.));
#4019 = ( GEOMETRIC_REPRESENTATION_CONTEXT(2) 
PARAMETRIC_REPRESENTATION_CONTEXT() REPRESENTATION_CONTEXT('2D SPACE',''
  ) );
#4020 = ORIENTED_EDGE('',*,*,#4021,.T.);
#4021 = EDGE_CURVE('',#3992,#4022,#4024,.T.);
#4022 = VERTEX_POINT('',#4023);
#4023 = CARTESIAN_POINT('',(28.737495117187,6.895003000895,20.3));
#4024 = SURFACE_CURVE('',#4025,(#4029,#4036),.PCURVE_S1.);
#4025 = B_SPLINE_CURVE_WITH_KNOTS('',2,(#4026,#4027,#4028),
  .UNSPECIFIED.,.F.,.F.,(3,3),(0.,1.),.PIECEWISE_BEZIER_KNOTS.);
#4026 = CARTESIAN_POINT('',(28.647488606771,6.88499323527,20.3));
#4027 = CARTESIAN_POINT('',(28.692491861979,6.88499323527,20.3));
#4028 = CARTESIAN_POINT('',(28.737495117187,6.895003000895,20.3));
#4029 = PCURVE('',#262,#4030);
#4030 = DEFINITIONAL_REPRESENTATION('',(#4031),#4035);
#4031 = B_SPLINE_CURVE_WITH_KNOTS('',2,(#4032,#4033,#4034),
  .UNSPECIFIED.,.F.,.F.,(3,3),(0.,1.),.PIECEWISE_BEZIER_KNOTS.);
#4032 = CARTESIAN_POINT('',(30.647488606771,8.88499323527));
#4033 = CARTESIAN_POINT('',(30.692491861979,8.88499323527));
#4034 = CARTESIAN_POINT('',(30.737495117187,8.895003000895));
#4035 = ( GEOMETRIC_REPRESENTATION_CONTEXT(2) 
PARAMETRIC_REPRESENTATION_CONTEXT() REPRESENTATION_CONTEXT('2D SPACE',''
  ) );
#4036 = PCURVE('',#4037,#4044);
#4037 = SURFACE_OF_LINEAR_EXTRUSION('',#4038,#4042);
#4038 = B_SPLINE_CURVE_WITH_KNOTS('',2,(#4039,#4040,#4041),
  .UNSPECIFIED.,.F.,.F.,(3,3),(0.,1.),.PIECEWISE_BEZIER_KNOTS.);
#4039 = CARTESIAN_POINT('',(28.647488606771,6.88499323527,20.3));
#4040 = CARTESIAN_POINT('',(28.692491861979,6.88499323527,20.3));
#4041 = CARTESIAN_POINT('',(28.737495117187,6.895003000895,20.3));
#4042 = VECTOR('',#4043,1.);
#4043 = DIRECTION('',(0.,0.,1.));
#4044 = DEFINITIONAL_REPRESENTATION('',(#4045),#4049);
#4045 = LINE('',#4046,#4047);
#4046 = CARTESIAN_POINT('',(0.,0.));
#4047 = VECTOR('',#4048,1.);
#4048 = DIRECTION('',(1.,0.));
#4049 = ( GEOMETRIC_REPRESENTATION_CONTEXT(2) 
PARAMETRIC_REPRESENTATION_CONTEXT() REPRESENTATION_CONTEXT('2D SPACE',''
  ) );
#4050 = ORIENTED_EDGE('',*,*,#4051,.T.);
#4051 = EDGE_CURVE('',#4022,#4052,#4054,.T.);
#4052 = VERTEX_POINT('',#4053);
#4053 = CARTESIAN_POINT('',(28.737495117187,6.579996490479,20.3));
#4054 = SURFACE_CURVE('',#4055,(#4059,#4066),.PCURVE_S1.);
#4055 = LINE('',#4056,#4057);
#4056 = CARTESIAN_POINT('',(28.737495117187,6.895003000895,20.3));
#4057 = VECTOR('',#4058,1.);
#4058 = DIRECTION('',(0.,-1.,0.));
#4059 = PCURVE('',#262,#4060);
#4060 = DEFINITIONAL_REPRESENTATION('',(#4061),#4065);
#4061 = LINE('',#4062,#4063);
#4062 = CARTESIAN_POINT('',(30.737495117187,8.895003000895));
#4063 = VECTOR('',#4064,1.);
#4064 = DIRECTION('',(0.,-1.));
#4065 = ( GEOMETRIC_REPRESENTATION_CONTEXT(2) 
PARAMETRIC_REPRESENTATION_CONTEXT() REPRESENTATION_CONTEXT('2D SPACE',''
  ) );
#4066 = PCURVE('',#4067,#4072);
#4067 = PLANE('',#4068);
#4068 = AXIS2_PLACEMENT_3D('',#4069,#4070,#4071);
#4069 = CARTESIAN_POINT('',(28.737495117187,6.895003000895,20.3));
#4070 = DIRECTION('',(-1.,0.,0.));
#4071 = DIRECTION('',(0.,-1.,0.));
#4072 = DEFINITIONAL_REPRESENTATION('',(#4073),#4077);
#4073 = LINE('',#4074,#4075);
#4074 = CARTESIAN_POINT('',(0.,0.));
#4075 = VECTOR('',#4076,1.);
#4076 = DIRECTION('',(1.,0.));
#4077 = ( GEOMETRIC_REPRESENTATION_CONTEXT(2) 
PARAMETRIC_REPRESENTATION_CONTEXT() REPRESENTATION_CONTEXT('2D SPACE',''
  ) );
#4078 = ORIENTED_EDGE('',*,*,#4079,.T.);
#4079 = EDGE_CURVE('',#4052,#4080,#4082,.T.);
#4080 = VERTEX_POINT('',#4081);
#4081 = CARTESIAN_POINT('',(28.452485351563,6.53499323527,20.3));
#4082 = SURFACE_CURVE('',#4083,(#4087,#4094),.PCURVE_S1.);
#4083 = B_SPLINE_CURVE_WITH_KNOTS('',2,(#4084,#4085,#4086),
  .UNSPECIFIED.,.F.,.F.,(3,3),(0.,1.),.PIECEWISE_BEZIER_KNOTS.);
#4084 = CARTESIAN_POINT('',(28.737495117187,6.579996490479,20.3));
#4085 = CARTESIAN_POINT('',(28.562495117187,6.53499323527,20.3));
#4086 = CARTESIAN_POINT('',(28.452485351563,6.53499323527,20.3));
#4087 = PCURVE('',#262,#4088);
#4088 = DEFINITIONAL_REPRESENTATION('',(#4089),#4093);
#4089 = B_SPLINE_CURVE_WITH_KNOTS('',2,(#4090,#4091,#4092),
  .UNSPECIFIED.,.F.,.F.,(3,3),(0.,1.),.PIECEWISE_BEZIER_KNOTS.);
#4090 = CARTESIAN_POINT('',(30.737495117187,8.579996490479));
#4091 = CARTESIAN_POINT('',(30.562495117187,8.53499323527));
#4092 = CARTESIAN_POINT('',(30.452485351563,8.53499323527));
#4093 = ( GEOMETRIC_REPRESENTATION_CONTEXT(2) 
PARAMETRIC_REPRESENTATION_CONTEXT() REPRESENTATION_CONTEXT('2D SPACE',''
  ) );
#4094 = PCURVE('',#4095,#4102);
#4095 = SURFACE_OF_LINEAR_EXTRUSION('',#4096,#4100);
#4096 = B_SPLINE_CURVE_WITH_KNOTS('',2,(#4097,#4098,#4099),
  .UNSPECIFIED.,.F.,.F.,(3,3),(0.,1.),.PIECEWISE_BEZIER_KNOTS.);
#4097 = CARTESIAN_POINT('',(28.737495117187,6.579996490479,20.3));
#4098 = CARTESIAN_POINT('',(28.562495117187,6.53499323527,20.3));
#4099 = CARTESIAN_POINT('',(28.452485351563,6.53499323527,20.3));
#4100 = VECTOR('',#4101,1.);
#4101 = DIRECTION('',(0.,0.,1.));
#4102 = DEFINITIONAL_REPRESENTATION('',(#4103),#4107);
#4103 = LINE('',#4104,#4105);
#4104 = CARTESIAN_POINT('',(0.,0.));
#4105 = VECTOR('',#4106,1.);
#4106 = DIRECTION('',(1.,0.));
#4107 = ( GEOMETRIC_REPRESENTATION_CONTEXT(2) 
PARAMETRIC_REPRESENTATION_CONTEXT() REPRESENTATION_CONTEXT('2D SPACE',''
  ) );
#4108 = ORIENTED_EDGE('',*,*,#4109,.T.);
#4109 = EDGE_CURVE('',#4080,#4110,#4112,.T.);
#4110 = VERTEX_POINT('',#4111);
#4111 = CARTESIAN_POINT('',(28.149986979167,6.627498118083,20.3));
#4112 = SURFACE_CURVE('',#4113,(#4117,#4124),.PCURVE_S1.);
#4113 = B_SPLINE_CURVE_WITH_KNOTS('',2,(#4114,#4115,#4116),
  .UNSPECIFIED.,.F.,.F.,(3,3),(0.,1.),.PIECEWISE_BEZIER_KNOTS.);
#4114 = CARTESIAN_POINT('',(28.452485351563,6.53499323527,20.3));
#4115 = CARTESIAN_POINT('',(28.252485351562,6.53499323527,20.3));
#4116 = CARTESIAN_POINT('',(28.149986979167,6.627498118083,20.3));
#4117 = PCURVE('',#262,#4118);
#4118 = DEFINITIONAL_REPRESENTATION('',(#4119),#4123);
#4119 = B_SPLINE_CURVE_WITH_KNOTS('',2,(#4120,#4121,#4122),
  .UNSPECIFIED.,.F.,.F.,(3,3),(0.,1.),.PIECEWISE_BEZIER_KNOTS.);
#4120 = CARTESIAN_POINT('',(30.452485351563,8.53499323527));
#4121 = CARTESIAN_POINT('',(30.252485351562,8.53499323527));
#4122 = CARTESIAN_POINT('',(30.149986979167,8.627498118083));
#4123 = ( GEOMETRIC_REPRESENTATION_CONTEXT(2) 
PARAMETRIC_REPRESENTATION_CONTEXT() REPRESENTATION_CONTEXT('2D SPACE',''
  ) );
#4124 = PCURVE('',#4125,#4132);
#4125 = SURFACE_OF_LINEAR_EXTRUSION('',#4126,#4130);
#4126 = B_SPLINE_CURVE_WITH_KNOTS('',2,(#4127,#4128,#4129),
  .UNSPECIFIED.,.F.,.F.,(3,3),(0.,1.),.PIECEWISE_BEZIER_KNOTS.);
#4127 = CARTESIAN_POINT('',(28.452485351563,6.53499323527,20.3));
#4128 = CARTESIAN_POINT('',(28.252485351562,6.53499323527,20.3));
#4129 = CARTESIAN_POINT('',(28.149986979167,6.627498118083,20.3));
#4130 = VECTOR('',#4131,1.);
#4131 = DIRECTION('',(0.,0.,1.));
#4132 = DEFINITIONAL_REPRESENTATION('',(#4133),#4137);
#4133 = LINE('',#4134,#4135);
#4134 = CARTESIAN_POINT('',(0.,0.));
#4135 = VECTOR('',#4136,1.);
#4136 = DIRECTION('',(1.,0.));
#4137 = ( GEOMETRIC_REPRESENTATION_CONTEXT(2) 
PARAMETRIC_REPRESENTATION_CONTEXT() REPRESENTATION_CONTEXT('2D SPACE',''
  ) );
#4138 = ORIENTED_EDGE('',*,*,#4139,.T.);
#4139 = EDGE_CURVE('',#4110,#4140,#4142,.T.);
#4140 = VERTEX_POINT('',#4141);
#4141 = CARTESIAN_POINT('',(28.022488606771,6.920003000895,20.3));
#4142 = SURFACE_CURVE('',#4143,(#4147,#4154),.PCURVE_S1.);
#4143 = B_SPLINE_CURVE_WITH_KNOTS('',2,(#4144,#4145,#4146),
  .UNSPECIFIED.,.F.,.F.,(3,3),(0.,1.),.PIECEWISE_BEZIER_KNOTS.);
#4144 = CARTESIAN_POINT('',(28.149986979167,6.627498118083,20.3));
#4145 = CARTESIAN_POINT('',(28.047488606771,6.720003000895,20.3));
#4146 = CARTESIAN_POINT('',(28.022488606771,6.920003000895,20.3));
#4147 = PCURVE('',#262,#4148);
#4148 = DEFINITIONAL_REPRESENTATION('',(#4149),#4153);
#4149 = B_SPLINE_CURVE_WITH_KNOTS('',2,(#4150,#4151,#4152),
  .UNSPECIFIED.,.F.,.F.,(3,3),(0.,1.),.PIECEWISE_BEZIER_KNOTS.);
#4150 = CARTESIAN_POINT('',(30.149986979167,8.627498118083));
#4151 = CARTESIAN_POINT('',(30.047488606771,8.720003000895));
#4152 = CARTESIAN_POINT('',(30.022488606771,8.920003000895));
#4153 = ( GEOMETRIC_REPRESENTATION_CONTEXT(2) 
PARAMETRIC_REPRESENTATION_CONTEXT() REPRESENTATION_CONTEXT('2D SPACE',''
  ) );
#4154 = PCURVE('',#4155,#4162);
#4155 = SURFACE_OF_LINEAR_EXTRUSION('',#4156,#4160);
#4156 = B_SPLINE_CURVE_WITH_KNOTS('',2,(#4157,#4158,#4159),
  .UNSPECIFIED.,.F.,.F.,(3,3),(0.,1.),.PIECEWISE_BEZIER_KNOTS.);
#4157 = CARTESIAN_POINT('',(28.149986979167,6.627498118083,20.3));
#4158 = CARTESIAN_POINT('',(28.047488606771,6.720003000895,20.3));
#4159 = CARTESIAN_POINT('',(28.022488606771,6.920003000895,20.3));
#4160 = VECTOR('',#4161,1.);
#4161 = DIRECTION('',(0.,0.,1.));
#4162 = DEFINITIONAL_REPRESENTATION('',(#4163),#4167);
#4163 = LINE('',#4164,#4165);
#4164 = CARTESIAN_POINT('',(0.,0.));
#4165 = VECTOR('',#4166,1.);
#4166 = DIRECTION('',(1.,0.));
#4167 = ( GEOMETRIC_REPRESENTATION_CONTEXT(2) 
PARAMETRIC_REPRESENTATION_CONTEXT() REPRESENTATION_CONTEXT('2D SPACE',''
  ) );
#4168 = ORIENTED_EDGE('',*,*,#4169,.T.);
#4169 = EDGE_CURVE('',#4140,#4170,#4172,.T.);
#4170 = VERTEX_POINT('',#4171);
#4171 = CARTESIAN_POINT('',(27.132482096354,6.53499323527,20.3));
#4172 = SURFACE_CURVE('',#4173,(#4177,#4184),.PCURVE_S1.);
#4173 = B_SPLINE_CURVE_WITH_KNOTS('',2,(#4174,#4175,#4176),
  .UNSPECIFIED.,.F.,.F.,(3,3),(0.,1.),.PIECEWISE_BEZIER_KNOTS.);
#4174 = CARTESIAN_POINT('',(28.022488606771,6.920003000895,20.3));
#4175 = CARTESIAN_POINT('',(27.602485351562,6.53499323527,20.3));
#4176 = CARTESIAN_POINT('',(27.132482096354,6.53499323527,20.3));
#4177 = PCURVE('',#262,#4178);
#4178 = DEFINITIONAL_REPRESENTATION('',(#4179),#4183);
#4179 = B_SPLINE_CURVE_WITH_KNOTS('',2,(#4180,#4181,#4182),
  .UNSPECIFIED.,.F.,.F.,(3,3),(0.,1.),.PIECEWISE_BEZIER_KNOTS.);
#4180 = CARTESIAN_POINT('',(30.022488606771,8.920003000895));
#4181 = CARTESIAN_POINT('',(29.602485351562,8.53499323527));
#4182 = CARTESIAN_POINT('',(29.132482096354,8.53499323527));
#4183 = ( GEOMETRIC_REPRESENTATION_CONTEXT(2) 
PARAMETRIC_REPRESENTATION_CONTEXT() REPRESENTATION_CONTEXT('2D SPACE',''
  ) );
#4184 = PCURVE('',#4185,#4192);
#4185 = SURFACE_OF_LINEAR_EXTRUSION('',#4186,#4190);
#4186 = B_SPLINE_CURVE_WITH_KNOTS('',2,(#4187,#4188,#4189),
  .UNSPECIFIED.,.F.,.F.,(3,3),(0.,1.),.PIECEWISE_BEZIER_KNOTS.);
#4187 = CARTESIAN_POINT('',(28.022488606771,6.920003000895,20.3));
#4188 = CARTESIAN_POINT('',(27.602485351562,6.53499323527,20.3));
#4189 = CARTESIAN_POINT('',(27.132482096354,6.53499323527,20.3));
#4190 = VECTOR('',#4191,1.);
#4191 = DIRECTION('',(0.,0.,1.));
#4192 = DEFINITIONAL_REPRESENTATION('',(#4193),#4197);
#4193 = LINE('',#4194,#4195);
#4194 = CARTESIAN_POINT('',(0.,0.));
#4195 = VECTOR('',#4196,1.);
#4196 = DIRECTION('',(1.,0.));
#4197 = ( GEOMETRIC_REPRESENTATION_CONTEXT(2) 
PARAMETRIC_REPRESENTATION_CONTEXT() REPRESENTATION_CONTEXT('2D SPACE',''
  ) );
#4198 = ORIENTED_EDGE('',*,*,#4199,.T.);
#4199 = EDGE_CURVE('',#4170,#4200,#4202,.T.);
#4200 = VERTEX_POINT('',#4201);
#4201 = CARTESIAN_POINT('',(26.504991861979,6.744994862874,20.3));
#4202 = SURFACE_CURVE('',#4203,(#4207,#4214),.PCURVE_S1.);
#4203 = B_SPLINE_CURVE_WITH_KNOTS('',2,(#4204,#4205,#4206),
  .UNSPECIFIED.,.F.,.F.,(3,3),(0.,1.),.PIECEWISE_BEZIER_KNOTS.);
#4204 = CARTESIAN_POINT('',(27.132482096354,6.53499323527,20.3));
#4205 = CARTESIAN_POINT('',(26.737495117187,6.53499323527,20.3));
#4206 = CARTESIAN_POINT('',(26.504991861979,6.744994862874,20.3));
#4207 = PCURVE('',#262,#4208);
#4208 = DEFINITIONAL_REPRESENTATION('',(#4209),#4213);
#4209 = B_SPLINE_CURVE_WITH_KNOTS('',2,(#4210,#4211,#4212),
  .UNSPECIFIED.,.F.,.F.,(3,3),(0.,1.),.PIECEWISE_BEZIER_KNOTS.);
#4210 = CARTESIAN_POINT('',(29.132482096354,8.53499323527));
#4211 = CARTESIAN_POINT('',(28.737495117187,8.53499323527));
#4212 = CARTESIAN_POINT('',(28.504991861979,8.744994862874));
#4213 = ( GEOMETRIC_REPRESENTATION_CONTEXT(2) 
PARAMETRIC_REPRESENTATION_CONTEXT() REPRESENTATION_CONTEXT('2D SPACE',''
  ) );
#4214 = PCURVE('',#4215,#4222);
#4215 = SURFACE_OF_LINEAR_EXTRUSION('',#4216,#4220);
#4216 = B_SPLINE_CURVE_WITH_KNOTS('',2,(#4217,#4218,#4219),
  .UNSPECIFIED.,.F.,.F.,(3,3),(0.,1.),.PIECEWISE_BEZIER_KNOTS.);
#4217 = CARTESIAN_POINT('',(27.132482096354,6.53499323527,20.3));
#4218 = CARTESIAN_POINT('',(26.737495117187,6.53499323527,20.3));
#4219 = CARTESIAN_POINT('',(26.504991861979,6.744994862874,20.3));
#4220 = VECTOR('',#4221,1.);
#4221 = DIRECTION('',(0.,0.,1.));
#4222 = DEFINITIONAL_REPRESENTATION('',(#4223),#4227);
#4223 = LINE('',#4224,#4225);
#4224 = CARTESIAN_POINT('',(0.,0.));
#4225 = VECTOR('',#4226,1.);
#4226 = DIRECTION('',(1.,0.));
#4227 = ( GEOMETRIC_REPRESENTATION_CONTEXT(2) 
PARAMETRIC_REPRESENTATION_CONTEXT() REPRESENTATION_CONTEXT('2D SPACE',''
  ) );
#4228 = ORIENTED_EDGE('',*,*,#4229,.T.);
#4229 = EDGE_CURVE('',#4200,#4230,#4232,.T.);
#4230 = VERTEX_POINT('',#4231);
#4231 = CARTESIAN_POINT('',(26.272488606771,7.30999323527,20.3));
#4232 = SURFACE_CURVE('',#4233,(#4237,#4244),.PCURVE_S1.);
#4233 = B_SPLINE_CURVE_WITH_KNOTS('',2,(#4234,#4235,#4236),
  .UNSPECIFIED.,.F.,.F.,(3,3),(0.,1.),.PIECEWISE_BEZIER_KNOTS.);
#4234 = CARTESIAN_POINT('',(26.504991861979,6.744994862874,20.3));
#4235 = CARTESIAN_POINT('',(26.272488606771,6.954996490479,20.3));
#4236 = CARTESIAN_POINT('',(26.272488606771,7.30999323527,20.3));
#4237 = PCURVE('',#262,#4238);
#4238 = DEFINITIONAL_REPRESENTATION('',(#4239),#4243);
#4239 = B_SPLINE_CURVE_WITH_KNOTS('',2,(#4240,#4241,#4242),
  .UNSPECIFIED.,.F.,.F.,(3,3),(0.,1.),.PIECEWISE_BEZIER_KNOTS.);
#4240 = CARTESIAN_POINT('',(28.504991861979,8.744994862874));
#4241 = CARTESIAN_POINT('',(28.272488606771,8.954996490479));
#4242 = CARTESIAN_POINT('',(28.272488606771,9.30999323527));
#4243 = ( GEOMETRIC_REPRESENTATION_CONTEXT(2) 
PARAMETRIC_REPRESENTATION_CONTEXT() REPRESENTATION_CONTEXT('2D SPACE',''
  ) );
#4244 = PCURVE('',#4245,#4252);
#4245 = SURFACE_OF_LINEAR_EXTRUSION('',#4246,#4250);
#4246 = B_SPLINE_CURVE_WITH_KNOTS('',2,(#4247,#4248,#4249),
  .UNSPECIFIED.,.F.,.F.,(3,3),(0.,1.),.PIECEWISE_BEZIER_KNOTS.);
#4247 = CARTESIAN_POINT('',(26.504991861979,6.744994862874,20.3));
#4248 = CARTESIAN_POINT('',(26.272488606771,6.954996490479,20.3));
#4249 = CARTESIAN_POINT('',(26.272488606771,7.30999323527,20.3));
#4250 = VECTOR('',#4251,1.);
#4251 = DIRECTION('',(0.,0.,1.));
#4252 = DEFINITIONAL_REPRESENTATION('',(#4253),#4257);
#4253 = LINE('',#4254,#4255);
#4254 = CARTESIAN_POINT('',(0.,0.));
#4255 = VECTOR('',#4256,1.);
#4256 = DIRECTION('',(1.,0.));
#4257 = ( GEOMETRIC_REPRESENTATION_CONTEXT(2) 
PARAMETRIC_REPRESENTATION_CONTEXT() REPRESENTATION_CONTEXT('2D SPACE',''
  ) );
#4258 = ORIENTED_EDGE('',*,*,#4259,.T.);
#4259 = EDGE_CURVE('',#4230,#4260,#4262,.T.);
#4260 = VERTEX_POINT('',#4261);
#4261 = CARTESIAN_POINT('',(26.294990234375,7.520003000895,20.3));
#4262 = SURFACE_CURVE('',#4263,(#4267,#4274),.PCURVE_S1.);
#4263 = B_SPLINE_CURVE_WITH_KNOTS('',2,(#4264,#4265,#4266),
  .UNSPECIFIED.,.F.,.F.,(3,3),(0.,1.),.PIECEWISE_BEZIER_KNOTS.);
#4264 = CARTESIAN_POINT('',(26.272488606771,7.30999323527,20.3));
#4265 = CARTESIAN_POINT('',(26.272488606771,7.424999745687,20.3));
#4266 = CARTESIAN_POINT('',(26.294990234375,7.520003000895,20.3));
#4267 = PCURVE('',#262,#4268);
#4268 = DEFINITIONAL_REPRESENTATION('',(#4269),#4273);
#4269 = B_SPLINE_CURVE_WITH_KNOTS('',2,(#4270,#4271,#4272),
  .UNSPECIFIED.,.F.,.F.,(3,3),(0.,1.),.PIECEWISE_BEZIER_KNOTS.);
#4270 = CARTESIAN_POINT('',(28.272488606771,9.30999323527));
#4271 = CARTESIAN_POINT('',(28.272488606771,9.424999745687));
#4272 = CARTESIAN_POINT('',(28.294990234375,9.520003000895));
#4273 = ( GEOMETRIC_REPRESENTATION_CONTEXT(2) 
PARAMETRIC_REPRESENTATION_CONTEXT() REPRESENTATION_CONTEXT('2D SPACE',''
  ) );
#4274 = PCURVE('',#4275,#4282);
#4275 = SURFACE_OF_LINEAR_EXTRUSION('',#4276,#4280);
#4276 = B_SPLINE_CURVE_WITH_KNOTS('',2,(#4277,#4278,#4279),
  .UNSPECIFIED.,.F.,.F.,(3,3),(0.,1.),.PIECEWISE_BEZIER_KNOTS.);
#4277 = CARTESIAN_POINT('',(26.272488606771,7.30999323527,20.3));
#4278 = CARTESIAN_POINT('',(26.272488606771,7.424999745687,20.3));
#4279 = CARTESIAN_POINT('',(26.294990234375,7.520003000895,20.3));
#4280 = VECTOR('',#4281,1.);
#4281 = DIRECTION('',(0.,0.,1.));
#4282 = DEFINITIONAL_REPRESENTATION('',(#4283),#4287);
#4283 = LINE('',#4284,#4285);
#4284 = CARTESIAN_POINT('',(0.,0.));
#4285 = VECTOR('',#4286,1.);
#4286 = DIRECTION('',(1.,0.));
#4287 = ( GEOMETRIC_REPRESENTATION_CONTEXT(2) 
PARAMETRIC_REPRESENTATION_CONTEXT() REPRESENTATION_CONTEXT('2D SPACE',''
  ) );
#4288 = ORIENTED_EDGE('',*,*,#4289,.T.);
#4289 = EDGE_CURVE('',#4260,#4290,#4292,.T.);
#4290 = VERTEX_POINT('',#4291);
#4291 = CARTESIAN_POINT('',(26.344990234375,7.687499745687,20.3));
#4292 = SURFACE_CURVE('',#4293,(#4297,#4304),.PCURVE_S1.);
#4293 = B_SPLINE_CURVE_WITH_KNOTS('',2,(#4294,#4295,#4296),
  .UNSPECIFIED.,.F.,.F.,(3,3),(0.,1.),.PIECEWISE_BEZIER_KNOTS.);
#4294 = CARTESIAN_POINT('',(26.294990234375,7.520003000895,20.3));
#4295 = CARTESIAN_POINT('',(26.317491861979,7.615006256104,20.3));
#4296 = CARTESIAN_POINT('',(26.344990234375,7.687499745687,20.3));
#4297 = PCURVE('',#262,#4298);
#4298 = DEFINITIONAL_REPRESENTATION('',(#4299),#4303);
#4299 = B_SPLINE_CURVE_WITH_KNOTS('',2,(#4300,#4301,#4302),
  .UNSPECIFIED.,.F.,.F.,(3,3),(0.,1.),.PIECEWISE_BEZIER_KNOTS.);
#4300 = CARTESIAN_POINT('',(28.294990234375,9.520003000895));
#4301 = CARTESIAN_POINT('',(28.317491861979,9.615006256104));
#4302 = CARTESIAN_POINT('',(28.344990234375,9.687499745687));
#4303 = ( GEOMETRIC_REPRESENTATION_CONTEXT(2) 
PARAMETRIC_REPRESENTATION_CONTEXT() REPRESENTATION_CONTEXT('2D SPACE',''
  ) );
#4304 = PCURVE('',#4305,#4312);
#4305 = SURFACE_OF_LINEAR_EXTRUSION('',#4306,#4310);
#4306 = B_SPLINE_CURVE_WITH_KNOTS('',2,(#4307,#4308,#4309),
  .UNSPECIFIED.,.F.,.F.,(3,3),(0.,1.),.PIECEWISE_BEZIER_KNOTS.);
#4307 = CARTESIAN_POINT('',(26.294990234375,7.520003000895,20.3));
#4308 = CARTESIAN_POINT('',(26.317491861979,7.615006256104,20.3));
#4309 = CARTESIAN_POINT('',(26.344990234375,7.687499745687,20.3));
#4310 = VECTOR('',#4311,1.);
#4311 = DIRECTION('',(0.,0.,1.));
#4312 = DEFINITIONAL_REPRESENTATION('',(#4313),#4317);
#4313 = LINE('',#4314,#4315);
#4314 = CARTESIAN_POINT('',(0.,0.));
#4315 = VECTOR('',#4316,1.);
#4316 = DIRECTION('',(1.,0.));
#4317 = ( GEOMETRIC_REPRESENTATION_CONTEXT(2) 
PARAMETRIC_REPRESENTATION_CONTEXT() REPRESENTATION_CONTEXT('2D SPACE',''
  ) );
#4318 = ORIENTED_EDGE('',*,*,#4319,.T.);
#4319 = EDGE_CURVE('',#4290,#4320,#4322,.T.);
#4320 = VERTEX_POINT('',#4321);
#4321 = CARTESIAN_POINT('',(26.442491861979,7.82249323527,20.3));
#4322 = SURFACE_CURVE('',#4323,(#4327,#4334),.PCURVE_S1.);
#4323 = B_SPLINE_CURVE_WITH_KNOTS('',2,(#4324,#4325,#4326),
  .UNSPECIFIED.,.F.,.F.,(3,3),(0.,1.),.PIECEWISE_BEZIER_KNOTS.);
#4324 = CARTESIAN_POINT('',(26.344990234375,7.687499745687,20.3));
#4325 = CARTESIAN_POINT('',(26.372488606771,7.75999323527,20.3));
#4326 = CARTESIAN_POINT('',(26.442491861979,7.82249323527,20.3));
#4327 = PCURVE('',#262,#4328);
#4328 = DEFINITIONAL_REPRESENTATION('',(#4329),#4333);
#4329 = B_SPLINE_CURVE_WITH_KNOTS('',2,(#4330,#4331,#4332),
  .UNSPECIFIED.,.F.,.F.,(3,3),(0.,1.),.PIECEWISE_BEZIER_KNOTS.);
#4330 = CARTESIAN_POINT('',(28.344990234375,9.687499745687));
#4331 = CARTESIAN_POINT('',(28.372488606771,9.75999323527));
#4332 = CARTESIAN_POINT('',(28.442491861979,9.82249323527));
#4333 = ( GEOMETRIC_REPRESENTATION_CONTEXT(2) 
PARAMETRIC_REPRESENTATION_CONTEXT() REPRESENTATION_CONTEXT('2D SPACE',''
  ) );
#4334 = PCURVE('',#4335,#4342);
#4335 = SURFACE_OF_LINEAR_EXTRUSION('',#4336,#4340);
#4336 = B_SPLINE_CURVE_WITH_KNOTS('',2,(#4337,#4338,#4339),
  .UNSPECIFIED.,.F.,.F.,(3,3),(0.,1.),.PIECEWISE_BEZIER_KNOTS.);
#4337 = CARTESIAN_POINT('',(26.344990234375,7.687499745687,20.3));
#4338 = CARTESIAN_POINT('',(26.372488606771,7.75999323527,20.3));
#4339 = CARTESIAN_POINT('',(26.442491861979,7.82249323527,20.3));
#4340 = VECTOR('',#4341,1.);
#4341 = DIRECTION('',(0.,0.,1.));
#4342 = DEFINITIONAL_REPRESENTATION('',(#4343),#4347);
#4343 = LINE('',#4344,#4345);
#4344 = CARTESIAN_POINT('',(0.,0.));
#4345 = VECTOR('',#4346,1.);
#4346 = DIRECTION('',(1.,0.));
#4347 = ( GEOMETRIC_REPRESENTATION_CONTEXT(2) 
PARAMETRIC_REPRESENTATION_CONTEXT() REPRESENTATION_CONTEXT('2D SPACE',''
  ) );
#4348 = ORIENTED_EDGE('',*,*,#4349,.T.);
#4349 = EDGE_CURVE('',#4320,#4350,#4352,.T.);
#4350 = VERTEX_POINT('',#4351);
#4351 = CARTESIAN_POINT('',(26.559988606771,7.924999745687,20.3));
#4352 = SURFACE_CURVE('',#4353,(#4357,#4364),.PCURVE_S1.);
#4353 = B_SPLINE_CURVE_WITH_KNOTS('',2,(#4354,#4355,#4356),
  .UNSPECIFIED.,.F.,.F.,(3,3),(0.,1.),.PIECEWISE_BEZIER_KNOTS.);
#4354 = CARTESIAN_POINT('',(26.442491861979,7.82249323527,20.3));
#4355 = CARTESIAN_POINT('',(26.512495117187,7.88499323527,20.3));
#4356 = CARTESIAN_POINT('',(26.559988606771,7.924999745687,20.3));
#4357 = PCURVE('',#262,#4358);
#4358 = DEFINITIONAL_REPRESENTATION('',(#4359),#4363);
#4359 = B_SPLINE_CURVE_WITH_KNOTS('',2,(#4360,#4361,#4362),
  .UNSPECIFIED.,.F.,.F.,(3,3),(0.,1.),.PIECEWISE_BEZIER_KNOTS.);
#4360 = CARTESIAN_POINT('',(28.442491861979,9.82249323527));
#4361 = CARTESIAN_POINT('',(28.512495117187,9.88499323527));
#4362 = CARTESIAN_POINT('',(28.559988606771,9.924999745687));
#4363 = ( GEOMETRIC_REPRESENTATION_CONTEXT(2) 
PARAMETRIC_REPRESENTATION_CONTEXT() REPRESENTATION_CONTEXT('2D SPACE',''
  ) );
#4364 = PCURVE('',#4365,#4372);
#4365 = SURFACE_OF_LINEAR_EXTRUSION('',#4366,#4370);
#4366 = B_SPLINE_CURVE_WITH_KNOTS('',2,(#4367,#4368,#4369),
  .UNSPECIFIED.,.F.,.F.,(3,3),(0.,1.),.PIECEWISE_BEZIER_KNOTS.);
#4367 = CARTESIAN_POINT('',(26.442491861979,7.82249323527,20.3));
#4368 = CARTESIAN_POINT('',(26.512495117187,7.88499323527,20.3));
#4369 = CARTESIAN_POINT('',(26.559988606771,7.924999745687,20.3));
#4370 = VECTOR('',#4371,1.);
#4371 = DIRECTION('',(0.,0.,1.));
#4372 = DEFINITIONAL_REPRESENTATION('',(#4373),#4377);
#4373 = LINE('',#4374,#4375);
#4374 = CARTESIAN_POINT('',(0.,0.));
#4375 = VECTOR('',#4376,1.);
#4376 = DIRECTION('',(1.,0.));
#4377 = ( GEOMETRIC_REPRESENTATION_CONTEXT(2) 
PARAMETRIC_REPRESENTATION_CONTEXT() REPRESENTATION_CONTEXT('2D SPACE',''
  ) );
#4378 = ORIENTED_EDGE('',*,*,#4379,.T.);
#4379 = EDGE_CURVE('',#4350,#4380,#4382,.T.);
#4380 = VERTEX_POINT('',#4381);
#4381 = CARTESIAN_POINT('',(26.719982096354,8.002506256104,20.3));
#4382 = SURFACE_CURVE('',#4383,(#4387,#4394),.PCURVE_S1.);
#4383 = B_SPLINE_CURVE_WITH_KNOTS('',2,(#4384,#4385,#4386),
  .UNSPECIFIED.,.F.,.F.,(3,3),(0.,1.),.PIECEWISE_BEZIER_KNOTS.);
#4384 = CARTESIAN_POINT('',(26.559988606771,7.924999745687,20.3));
#4385 = CARTESIAN_POINT('',(26.607482096354,7.965006256104,20.3));
#4386 = CARTESIAN_POINT('',(26.719982096354,8.002506256104,20.3));
#4387 = PCURVE('',#262,#4388);
#4388 = DEFINITIONAL_REPRESENTATION('',(#4389),#4393);
#4389 = B_SPLINE_CURVE_WITH_KNOTS('',2,(#4390,#4391,#4392),
  .UNSPECIFIED.,.F.,.F.,(3,3),(0.,1.),.PIECEWISE_BEZIER_KNOTS.);
#4390 = CARTESIAN_POINT('',(28.559988606771,9.924999745687));
#4391 = CARTESIAN_POINT('',(28.607482096354,9.965006256104));
#4392 = CARTESIAN_POINT('',(28.719982096354,10.002506256104));
#4393 = ( GEOMETRIC_REPRESENTATION_CONTEXT(2) 
PARAMETRIC_REPRESENTATION_CONTEXT() REPRESENTATION_CONTEXT('2D SPACE',''
  ) );
#4394 = PCURVE('',#4395,#4402);
#4395 = SURFACE_OF_LINEAR_EXTRUSION('',#4396,#4400);
#4396 = B_SPLINE_CURVE_WITH_KNOTS('',2,(#4397,#4398,#4399),
  .UNSPECIFIED.,.F.,.F.,(3,3),(0.,1.),.PIECEWISE_BEZIER_KNOTS.);
#4397 = CARTESIAN_POINT('',(26.559988606771,7.924999745687,20.3));
#4398 = CARTESIAN_POINT('',(26.607482096354,7.965006256104,20.3));
#4399 = CARTESIAN_POINT('',(26.719982096354,8.002506256104,20.3));
#4400 = VECTOR('',#4401,1.);
#4401 = DIRECTION('',(0.,0.,1.));
#4402 = DEFINITIONAL_REPRESENTATION('',(#4403),#4407);
#4403 = LINE('',#4404,#4405);
#4404 = CARTESIAN_POINT('',(0.,0.));
#4405 = VECTOR('',#4406,1.);
#4406 = DIRECTION('',(1.,0.));
#4407 = ( GEOMETRIC_REPRESENTATION_CONTEXT(2) 
PARAMETRIC_REPRESENTATION_CONTEXT() REPRESENTATION_CONTEXT('2D SPACE',''
  ) );
#4408 = ORIENTED_EDGE('',*,*,#4409,.T.);
#4409 = EDGE_CURVE('',#4380,#4410,#4412,.T.);
#4410 = VERTEX_POINT('',#4411);
#4411 = CARTESIAN_POINT('',(26.892483723958,8.057503000895,20.3));
#4412 = SURFACE_CURVE('',#4413,(#4417,#4424),.PCURVE_S1.);
#4413 = B_SPLINE_CURVE_WITH_KNOTS('',2,(#4414,#4415,#4416),
  .UNSPECIFIED.,.F.,.F.,(3,3),(0.,1.),.PIECEWISE_BEZIER_KNOTS.);
#4414 = CARTESIAN_POINT('',(26.719982096354,8.002506256104,20.3));
#4415 = CARTESIAN_POINT('',(26.832482096354,8.040006256104,20.3));
#4416 = CARTESIAN_POINT('',(26.892483723958,8.057503000895,20.3));
#4417 = PCURVE('',#262,#4418);
#4418 = DEFINITIONAL_REPRESENTATION('',(#4419),#4423);
#4419 = B_SPLINE_CURVE_WITH_KNOTS('',2,(#4420,#4421,#4422),
  .UNSPECIFIED.,.F.,.F.,(3,3),(0.,1.),.PIECEWISE_BEZIER_KNOTS.);
#4420 = CARTESIAN_POINT('',(28.719982096354,10.002506256104));
#4421 = CARTESIAN_POINT('',(28.832482096354,10.040006256104));
#4422 = CARTESIAN_POINT('',(28.892483723958,10.057503000895));
#4423 = ( GEOMETRIC_REPRESENTATION_CONTEXT(2) 
PARAMETRIC_REPRESENTATION_CONTEXT() REPRESENTATION_CONTEXT('2D SPACE',''
  ) );
#4424 = PCURVE('',#4425,#4432);
#4425 = SURFACE_OF_LINEAR_EXTRUSION('',#4426,#4430);
#4426 = B_SPLINE_CURVE_WITH_KNOTS('',2,(#4427,#4428,#4429),
  .UNSPECIFIED.,.F.,.F.,(3,3),(0.,1.),.PIECEWISE_BEZIER_KNOTS.);
#4427 = CARTESIAN_POINT('',(26.719982096354,8.002506256104,20.3));
#4428 = CARTESIAN_POINT('',(26.832482096354,8.040006256104,20.3));
#4429 = CARTESIAN_POINT('',(26.892483723958,8.057503000895,20.3));
#4430 = VECTOR('',#4431,1.);
#4431 = DIRECTION('',(0.,0.,1.));
#4432 = DEFINITIONAL_REPRESENTATION('',(#4433),#4437);
#4433 = LINE('',#4434,#4435);
#4434 = CARTESIAN_POINT('',(0.,0.));
#4435 = VECTOR('',#4436,1.);
#4436 = DIRECTION('',(1.,0.));
#4437 = ( GEOMETRIC_REPRESENTATION_CONTEXT(2) 
PARAMETRIC_REPRESENTATION_CONTEXT() REPRESENTATION_CONTEXT('2D SPACE',''
  ) );
#4438 = ORIENTED_EDGE('',*,*,#4439,.T.);
#4439 = EDGE_CURVE('',#4410,#4440,#4442,.T.);
#4440 = VERTEX_POINT('',#4441);
#4441 = CARTESIAN_POINT('',(27.102485351562,8.099999745687,20.3));
#4442 = SURFACE_CURVE('',#4443,(#4447,#4454),.PCURVE_S1.);
#4443 = B_SPLINE_CURVE_WITH_KNOTS('',2,(#4444,#4445,#4446),
  .UNSPECIFIED.,.F.,.F.,(3,3),(0.,1.),.PIECEWISE_BEZIER_KNOTS.);
#4444 = CARTESIAN_POINT('',(26.892483723958,8.057503000895,20.3));
#4445 = CARTESIAN_POINT('',(26.952485351563,8.074999745687,20.3));
#4446 = CARTESIAN_POINT('',(27.102485351562,8.099999745687,20.3));
#4447 = PCURVE('',#262,#4448);
#4448 = DEFINITIONAL_REPRESENTATION('',(#4449),#4453);
#4449 = B_SPLINE_CURVE_WITH_KNOTS('',2,(#4450,#4451,#4452),
  .UNSPECIFIED.,.F.,.F.,(3,3),(0.,1.),.PIECEWISE_BEZIER_KNOTS.);
#4450 = CARTESIAN_POINT('',(28.892483723958,10.057503000895));
#4451 = CARTESIAN_POINT('',(28.952485351563,10.074999745687));
#4452 = CARTESIAN_POINT('',(29.102485351562,10.099999745687));
#4453 = ( GEOMETRIC_REPRESENTATION_CONTEXT(2) 
PARAMETRIC_REPRESENTATION_CONTEXT() REPRESENTATION_CONTEXT('2D SPACE',''
  ) );
#4454 = PCURVE('',#4455,#4462);
#4455 = SURFACE_OF_LINEAR_EXTRUSION('',#4456,#4460);
#4456 = B_SPLINE_CURVE_WITH_KNOTS('',2,(#4457,#4458,#4459),
  .UNSPECIFIED.,.F.,.F.,(3,3),(0.,1.),.PIECEWISE_BEZIER_KNOTS.);
#4457 = CARTESIAN_POINT('',(26.892483723958,8.057503000895,20.3));
#4458 = CARTESIAN_POINT('',(26.952485351563,8.074999745687,20.3));
#4459 = CARTESIAN_POINT('',(27.102485351562,8.099999745687,20.3));
#4460 = VECTOR('',#4461,1.);
#4461 = DIRECTION('',(0.,0.,1.));
#4462 = DEFINITIONAL_REPRESENTATION('',(#4463),#4467);
#4463 = LINE('',#4464,#4465);
#4464 = CARTESIAN_POINT('',(0.,0.));
#4465 = VECTOR('',#4466,1.);
#4466 = DIRECTION('',(1.,0.));
#4467 = ( GEOMETRIC_REPRESENTATION_CONTEXT(2) 
PARAMETRIC_REPRESENTATION_CONTEXT() REPRESENTATION_CONTEXT('2D SPACE',''
  ) );
#4468 = ORIENTED_EDGE('',*,*,#4469,.T.);
#4469 = EDGE_CURVE('',#4440,#4470,#4472,.T.);
#4470 = VERTEX_POINT('',#4471);
#4471 = CARTESIAN_POINT('',(27.322488606771,8.135001373291,20.3));
#4472 = SURFACE_CURVE('',#4473,(#4477,#4484),.PCURVE_S1.);
#4473 = B_SPLINE_CURVE_WITH_KNOTS('',2,(#4474,#4475,#4476),
  .UNSPECIFIED.,.F.,.F.,(3,3),(0.,1.),.PIECEWISE_BEZIER_KNOTS.);
#4474 = CARTESIAN_POINT('',(27.102485351562,8.099999745687,20.3));
#4475 = CARTESIAN_POINT('',(27.252485351562,8.124999745687,20.3));
#4476 = CARTESIAN_POINT('',(27.322488606771,8.135001373291,20.3));
#4477 = PCURVE('',#262,#4478);
#4478 = DEFINITIONAL_REPRESENTATION('',(#4479),#4483);
#4479 = B_SPLINE_CURVE_WITH_KNOTS('',2,(#4480,#4481,#4482),
  .UNSPECIFIED.,.F.,.F.,(3,3),(0.,1.),.PIECEWISE_BEZIER_KNOTS.);
#4480 = CARTESIAN_POINT('',(29.102485351562,10.099999745687));
#4481 = CARTESIAN_POINT('',(29.252485351562,10.124999745687));
#4482 = CARTESIAN_POINT('',(29.322488606771,10.135001373291));
#4483 = ( GEOMETRIC_REPRESENTATION_CONTEXT(2) 
PARAMETRIC_REPRESENTATION_CONTEXT() REPRESENTATION_CONTEXT('2D SPACE',''
  ) );
#4484 = PCURVE('',#4485,#4492);
#4485 = SURFACE_OF_LINEAR_EXTRUSION('',#4486,#4490);
#4486 = B_SPLINE_CURVE_WITH_KNOTS('',2,(#4487,#4488,#4489),
  .UNSPECIFIED.,.F.,.F.,(3,3),(0.,1.),.PIECEWISE_BEZIER_KNOTS.);
#4487 = CARTESIAN_POINT('',(27.102485351562,8.099999745687,20.3));
#4488 = CARTESIAN_POINT('',(27.252485351562,8.124999745687,20.3));
#4489 = CARTESIAN_POINT('',(27.322488606771,8.135001373291,20.3));
#4490 = VECTOR('',#4491,1.);
#4491 = DIRECTION('',(0.,0.,1.));
#4492 = DEFINITIONAL_REPRESENTATION('',(#4493),#4497);
#4493 = LINE('',#4494,#4495);
#4494 = CARTESIAN_POINT('',(0.,0.));
#4495 = VECTOR('',#4496,1.);
#4496 = DIRECTION('',(1.,0.));
#4497 = ( GEOMETRIC_REPRESENTATION_CONTEXT(2) 
PARAMETRIC_REPRESENTATION_CONTEXT() REPRESENTATION_CONTEXT('2D SPACE',''
  ) );
#4498 = ORIENTED_EDGE('',*,*,#4499,.T.);
#4499 = EDGE_CURVE('',#4470,#4500,#4502,.T.);
#4500 = VERTEX_POINT('',#4501);
#4501 = CARTESIAN_POINT('',(27.572488606771,8.170003000895,20.3));
#4502 = SURFACE_CURVE('',#4503,(#4507,#4514),.PCURVE_S1.);
#4503 = B_SPLINE_CURVE_WITH_KNOTS('',2,(#4504,#4505,#4506),
  .UNSPECIFIED.,.F.,.F.,(3,3),(0.,1.),.PIECEWISE_BEZIER_KNOTS.);
#4504 = CARTESIAN_POINT('',(27.322488606771,8.135001373291,20.3));
#4505 = CARTESIAN_POINT('',(27.392491861979,8.145003000895,20.3));
#4506 = CARTESIAN_POINT('',(27.572488606771,8.170003000895,20.3));
#4507 = PCURVE('',#262,#4508);
#4508 = DEFINITIONAL_REPRESENTATION('',(#4509),#4513);
#4509 = B_SPLINE_CURVE_WITH_KNOTS('',2,(#4510,#4511,#4512),
  .UNSPECIFIED.,.F.,.F.,(3,3),(0.,1.),.PIECEWISE_BEZIER_KNOTS.);
#4510 = CARTESIAN_POINT('',(29.322488606771,10.135001373291));
#4511 = CARTESIAN_POINT('',(29.392491861979,10.145003000895));
#4512 = CARTESIAN_POINT('',(29.572488606771,10.170003000895));
#4513 = ( GEOMETRIC_REPRESENTATION_CONTEXT(2) 
PARAMETRIC_REPRESENTATION_CONTEXT() REPRESENTATION_CONTEXT('2D SPACE',''
  ) );
#4514 = PCURVE('',#4515,#4522);
#4515 = SURFACE_OF_LINEAR_EXTRUSION('',#4516,#4520);
#4516 = B_SPLINE_CURVE_WITH_KNOTS('',2,(#4517,#4518,#4519),
  .UNSPECIFIED.,.F.,.F.,(3,3),(0.,1.),.PIECEWISE_BEZIER_KNOTS.);
#4517 = CARTESIAN_POINT('',(27.322488606771,8.135001373291,20.3));
#4518 = CARTESIAN_POINT('',(27.392491861979,8.145003000895,20.3));
#4519 = CARTESIAN_POINT('',(27.572488606771,8.170003000895,20.3));
#4520 = VECTOR('',#4521,1.);
#4521 = DIRECTION('',(0.,0.,1.));
#4522 = DEFINITIONAL_REPRESENTATION('',(#4523),#4527);
#4523 = LINE('',#4524,#4525);
#4524 = CARTESIAN_POINT('',(0.,0.));
#4525 = VECTOR('',#4526,1.);
#4526 = DIRECTION('',(1.,0.));
#4527 = ( GEOMETRIC_REPRESENTATION_CONTEXT(2) 
PARAMETRIC_REPRESENTATION_CONTEXT() REPRESENTATION_CONTEXT('2D SPACE',''
  ) );
#4528 = ORIENTED_EDGE('',*,*,#4529,.T.);
#4529 = EDGE_CURVE('',#4500,#4530,#4532,.T.);
#4530 = VERTEX_POINT('',#4531);
#4531 = CARTESIAN_POINT('',(27.912486979167,8.264998118083,20.3));
#4532 = SURFACE_CURVE('',#4533,(#4537,#4544),.PCURVE_S1.);
#4533 = B_SPLINE_CURVE_WITH_KNOTS('',2,(#4534,#4535,#4536),
  .UNSPECIFIED.,.F.,.F.,(3,3),(0.,1.),.PIECEWISE_BEZIER_KNOTS.);
#4534 = CARTESIAN_POINT('',(27.572488606771,8.170003000895,20.3));
#4535 = CARTESIAN_POINT('',(27.817491861979,8.199999745687,20.3));
#4536 = CARTESIAN_POINT('',(27.912486979167,8.264998118083,20.3));
#4537 = PCURVE('',#262,#4538);
#4538 = DEFINITIONAL_REPRESENTATION('',(#4539),#4543);
#4539 = B_SPLINE_CURVE_WITH_KNOTS('',2,(#4540,#4541,#4542),
  .UNSPECIFIED.,.F.,.F.,(3,3),(0.,1.),.PIECEWISE_BEZIER_KNOTS.);
#4540 = CARTESIAN_POINT('',(29.572488606771,10.170003000895));
#4541 = CARTESIAN_POINT('',(29.817491861979,10.199999745687));
#4542 = CARTESIAN_POINT('',(29.912486979167,10.264998118083));
#4543 = ( GEOMETRIC_REPRESENTATION_CONTEXT(2) 
PARAMETRIC_REPRESENTATION_CONTEXT() REPRESENTATION_CONTEXT('2D SPACE',''
  ) );
#4544 = PCURVE('',#4545,#4552);
#4545 = SURFACE_OF_LINEAR_EXTRUSION('',#4546,#4550);
#4546 = B_SPLINE_CURVE_WITH_KNOTS('',2,(#4547,#4548,#4549),
  .UNSPECIFIED.,.F.,.F.,(3,3),(0.,1.),.PIECEWISE_BEZIER_KNOTS.);
#4547 = CARTESIAN_POINT('',(27.572488606771,8.170003000895,20.3));
#4548 = CARTESIAN_POINT('',(27.817491861979,8.199999745687,20.3));
#4549 = CARTESIAN_POINT('',(27.912486979167,8.264998118083,20.3));
#4550 = VECTOR('',#4551,1.);
#4551 = DIRECTION('',(0.,0.,1.));
#4552 = DEFINITIONAL_REPRESENTATION('',(#4553),#4557);
#4553 = LINE('',#4554,#4555);
#4554 = CARTESIAN_POINT('',(0.,0.));
#4555 = VECTOR('',#4556,1.);
#4556 = DIRECTION('',(1.,0.));
#4557 = ( GEOMETRIC_REPRESENTATION_CONTEXT(2) 
PARAMETRIC_REPRESENTATION_CONTEXT() REPRESENTATION_CONTEXT('2D SPACE',''
  ) );
#4558 = ORIENTED_EDGE('',*,*,#4559,.T.);
#4559 = EDGE_CURVE('',#4530,#4560,#4562,.T.);
#4560 = VERTEX_POINT('',#4561);
#4561 = CARTESIAN_POINT('',(28.007482096354,8.45999323527,20.3));
#4562 = SURFACE_CURVE('',#4563,(#4567,#4574),.PCURVE_S1.);
#4563 = B_SPLINE_CURVE_WITH_KNOTS('',2,(#4564,#4565,#4566),
  .UNSPECIFIED.,.F.,.F.,(3,3),(0.,1.),.PIECEWISE_BEZIER_KNOTS.);
#4564 = CARTESIAN_POINT('',(27.912486979167,8.264998118083,20.3));
#4565 = CARTESIAN_POINT('',(28.007482096354,8.329996490479,20.3));
#4566 = CARTESIAN_POINT('',(28.007482096354,8.45999323527,20.3));
#4567 = PCURVE('',#262,#4568);
#4568 = DEFINITIONAL_REPRESENTATION('',(#4569),#4573);
#4569 = B_SPLINE_CURVE_WITH_KNOTS('',2,(#4570,#4571,#4572),
  .UNSPECIFIED.,.F.,.F.,(3,3),(0.,1.),.PIECEWISE_BEZIER_KNOTS.);
#4570 = CARTESIAN_POINT('',(29.912486979167,10.264998118083));
#4571 = CARTESIAN_POINT('',(30.007482096354,10.329996490479));
#4572 = CARTESIAN_POINT('',(30.007482096354,10.45999323527));
#4573 = ( GEOMETRIC_REPRESENTATION_CONTEXT(2) 
PARAMETRIC_REPRESENTATION_CONTEXT() REPRESENTATION_CONTEXT('2D SPACE',''
  ) );
#4574 = PCURVE('',#4575,#4582);
#4575 = SURFACE_OF_LINEAR_EXTRUSION('',#4576,#4580);
#4576 = B_SPLINE_CURVE_WITH_KNOTS('',2,(#4577,#4578,#4579),
  .UNSPECIFIED.,.F.,.F.,(3,3),(0.,1.),.PIECEWISE_BEZIER_KNOTS.);
#4577 = CARTESIAN_POINT('',(27.912486979167,8.264998118083,20.3));
#4578 = CARTESIAN_POINT('',(28.007482096354,8.329996490479,20.3));
#4579 = CARTESIAN_POINT('',(28.007482096354,8.45999323527,20.3));
#4580 = VECTOR('',#4581,1.);
#4581 = DIRECTION('',(0.,0.,1.));
#4582 = DEFINITIONAL_REPRESENTATION('',(#4583),#4587);
#4583 = LINE('',#4584,#4585);
#4584 = CARTESIAN_POINT('',(0.,0.));
#4585 = VECTOR('',#4586,1.);
#4586 = DIRECTION('',(1.,0.));
#4587 = ( GEOMETRIC_REPRESENTATION_CONTEXT(2) 
PARAMETRIC_REPRESENTATION_CONTEXT() REPRESENTATION_CONTEXT('2D SPACE',''
  ) );
#4588 = ORIENTED_EDGE('',*,*,#4589,.T.);
#4589 = EDGE_CURVE('',#4560,#4590,#4592,.T.);
#4590 = VERTEX_POINT('',#4591);
#4591 = CARTESIAN_POINT('',(28.007482096354,8.570003000895,20.3));
#4592 = SURFACE_CURVE('',#4593,(#4597,#4604),.PCURVE_S1.);
#4593 = LINE('',#4594,#4595);
#4594 = CARTESIAN_POINT('',(28.007482096354,8.45999323527,20.3));
#4595 = VECTOR('',#4596,1.);
#4596 = DIRECTION('',(0.,1.,0.));
#4597 = PCURVE('',#262,#4598);
#4598 = DEFINITIONAL_REPRESENTATION('',(#4599),#4603);
#4599 = LINE('',#4600,#4601);
#4600 = CARTESIAN_POINT('',(30.007482096354,10.45999323527));
#4601 = VECTOR('',#4602,1.);
#4602 = DIRECTION('',(0.,1.));
#4603 = ( GEOMETRIC_REPRESENTATION_CONTEXT(2) 
PARAMETRIC_REPRESENTATION_CONTEXT() REPRESENTATION_CONTEXT('2D SPACE',''
  ) );
#4604 = PCURVE('',#4605,#4610);
#4605 = PLANE('',#4606);
#4606 = AXIS2_PLACEMENT_3D('',#4607,#4608,#4609);
#4607 = CARTESIAN_POINT('',(28.007482096354,8.45999323527,20.3));
#4608 = DIRECTION('',(1.,0.,0.));
#4609 = DIRECTION('',(0.,1.,0.));
#4610 = DEFINITIONAL_REPRESENTATION('',(#4611),#4615);
#4611 = LINE('',#4612,#4613);
#4612 = CARTESIAN_POINT('',(0.,0.));
#4613 = VECTOR('',#4614,1.);
#4614 = DIRECTION('',(1.,0.));
#4615 = ( GEOMETRIC_REPRESENTATION_CONTEXT(2) 
PARAMETRIC_REPRESENTATION_CONTEXT() REPRESENTATION_CONTEXT('2D SPACE',''
  ) );
#4616 = ORIENTED_EDGE('',*,*,#4617,.T.);
#4617 = EDGE_CURVE('',#4590,#4618,#4620,.T.);
#4618 = VERTEX_POINT('',#4619);
#4619 = CARTESIAN_POINT('',(27.854983723958,8.85999323527,20.3));
#4620 = SURFACE_CURVE('',#4621,(#4625,#4632),.PCURVE_S1.);
#4621 = B_SPLINE_CURVE_WITH_KNOTS('',2,(#4622,#4623,#4624),
  .UNSPECIFIED.,.F.,.F.,(3,3),(0.,1.),.PIECEWISE_BEZIER_KNOTS.);
#4622 = CARTESIAN_POINT('',(28.007482096354,8.570003000895,20.3));
#4623 = CARTESIAN_POINT('',(28.007482096354,8.75999323527,20.3));
#4624 = CARTESIAN_POINT('',(27.854983723958,8.85999323527,20.3));
#4625 = PCURVE('',#262,#4626);
#4626 = DEFINITIONAL_REPRESENTATION('',(#4627),#4631);
#4627 = B_SPLINE_CURVE_WITH_KNOTS('',2,(#4628,#4629,#4630),
  .UNSPECIFIED.,.F.,.F.,(3,3),(0.,1.),.PIECEWISE_BEZIER_KNOTS.);
#4628 = CARTESIAN_POINT('',(30.007482096354,10.570003000895));
#4629 = CARTESIAN_POINT('',(30.007482096354,10.75999323527));
#4630 = CARTESIAN_POINT('',(29.854983723958,10.85999323527));
#4631 = ( GEOMETRIC_REPRESENTATION_CONTEXT(2) 
PARAMETRIC_REPRESENTATION_CONTEXT() REPRESENTATION_CONTEXT('2D SPACE',''
  ) );
#4632 = PCURVE('',#4633,#4640);
#4633 = SURFACE_OF_LINEAR_EXTRUSION('',#4634,#4638);
#4634 = B_SPLINE_CURVE_WITH_KNOTS('',2,(#4635,#4636,#4637),
  .UNSPECIFIED.,.F.,.F.,(3,3),(0.,1.),.PIECEWISE_BEZIER_KNOTS.);
#4635 = CARTESIAN_POINT('',(28.007482096354,8.570003000895,20.3));
#4636 = CARTESIAN_POINT('',(28.007482096354,8.75999323527,20.3));
#4637 = CARTESIAN_POINT('',(27.854983723958,8.85999323527,20.3));
#4638 = VECTOR('',#4639,1.);
#4639 = DIRECTION('',(0.,0.,1.));
#4640 = DEFINITIONAL_REPRESENTATION('',(#4641),#4645);
#4641 = LINE('',#4642,#4643);
#4642 = CARTESIAN_POINT('',(0.,0.));
#4643 = VECTOR('',#4644,1.);
#4644 = DIRECTION('',(1.,0.));
#4645 = ( GEOMETRIC_REPRESENTATION_CONTEXT(2) 
PARAMETRIC_REPRESENTATION_CONTEXT() REPRESENTATION_CONTEXT('2D SPACE',''
  ) );
#4646 = ORIENTED_EDGE('',*,*,#4647,.T.);
#4647 = EDGE_CURVE('',#4618,#4648,#4650,.T.);
#4648 = VERTEX_POINT('',#4649);
#4649 = CARTESIAN_POINT('',(27.422488606771,8.95999323527,20.3));
#4650 = SURFACE_CURVE('',#4651,(#4655,#4662),.PCURVE_S1.);
#4651 = B_SPLINE_CURVE_WITH_KNOTS('',2,(#4652,#4653,#4654),
  .UNSPECIFIED.,.F.,.F.,(3,3),(0.,1.),.PIECEWISE_BEZIER_KNOTS.);
#4652 = CARTESIAN_POINT('',(27.854983723958,8.85999323527,20.3));
#4653 = CARTESIAN_POINT('',(27.702485351563,8.95999323527,20.3));
#4654 = CARTESIAN_POINT('',(27.422488606771,8.95999323527,20.3));
#4655 = PCURVE('',#262,#4656);
#4656 = DEFINITIONAL_REPRESENTATION('',(#4657),#4661);
#4657 = B_SPLINE_CURVE_WITH_KNOTS('',2,(#4658,#4659,#4660),
  .UNSPECIFIED.,.F.,.F.,(3,3),(0.,1.),.PIECEWISE_BEZIER_KNOTS.);
#4658 = CARTESIAN_POINT('',(29.854983723958,10.85999323527));
#4659 = CARTESIAN_POINT('',(29.702485351563,10.95999323527));
#4660 = CARTESIAN_POINT('',(29.422488606771,10.95999323527));
#4661 = ( GEOMETRIC_REPRESENTATION_CONTEXT(2) 
PARAMETRIC_REPRESENTATION_CONTEXT() REPRESENTATION_CONTEXT('2D SPACE',''
  ) );
#4662 = PCURVE('',#4663,#4670);
#4663 = SURFACE_OF_LINEAR_EXTRUSION('',#4664,#4668);
#4664 = B_SPLINE_CURVE_WITH_KNOTS('',2,(#4665,#4666,#4667),
  .UNSPECIFIED.,.F.,.F.,(3,3),(0.,1.),.PIECEWISE_BEZIER_KNOTS.);
#4665 = CARTESIAN_POINT('',(27.854983723958,8.85999323527,20.3));
#4666 = CARTESIAN_POINT('',(27.702485351563,8.95999323527,20.3));
#4667 = CARTESIAN_POINT('',(27.422488606771,8.95999323527,20.3));
#4668 = VECTOR('',#4669,1.);
#4669 = DIRECTION('',(0.,0.,1.));
#4670 = DEFINITIONAL_REPRESENTATION('',(#4671),#4675);
#4671 = LINE('',#4672,#4673);
#4672 = CARTESIAN_POINT('',(0.,0.));
#4673 = VECTOR('',#4674,1.);
#4674 = DIRECTION('',(1.,0.));
#4675 = ( GEOMETRIC_REPRESENTATION_CONTEXT(2) 
PARAMETRIC_REPRESENTATION_CONTEXT() REPRESENTATION_CONTEXT('2D SPACE',''
  ) );
#4676 = ORIENTED_EDGE('',*,*,#4677,.T.);
#4677 = EDGE_CURVE('',#4648,#3814,#4678,.T.);
#4678 = SURFACE_CURVE('',#4679,(#4683,#4690),.PCURVE_S1.);
#4679 = B_SPLINE_CURVE_WITH_KNOTS('',2,(#4680,#4681,#4682),
  .UNSPECIFIED.,.F.,.F.,(3,3),(0.,1.),.PIECEWISE_BEZIER_KNOTS.);
#4680 = CARTESIAN_POINT('',(27.422488606771,8.95999323527,20.3));
#4681 = CARTESIAN_POINT('',(27.132482096354,8.95999323527,20.3));
#4682 = CARTESIAN_POINT('',(26.982482096354,8.84749323527,20.3));
#4683 = PCURVE('',#262,#4684);
#4684 = DEFINITIONAL_REPRESENTATION('',(#4685),#4689);
#4685 = B_SPLINE_CURVE_WITH_KNOTS('',2,(#4686,#4687,#4688),
  .UNSPECIFIED.,.F.,.F.,(3,3),(0.,1.),.PIECEWISE_BEZIER_KNOTS.);
#4686 = CARTESIAN_POINT('',(29.422488606771,10.95999323527));
#4687 = CARTESIAN_POINT('',(29.132482096354,10.95999323527));
#4688 = CARTESIAN_POINT('',(28.982482096354,10.84749323527));
#4689 = ( GEOMETRIC_REPRESENTATION_CONTEXT(2) 
PARAMETRIC_REPRESENTATION_CONTEXT() REPRESENTATION_CONTEXT('2D SPACE',''
  ) );
#4690 = PCURVE('',#4691,#4698);
#4691 = SURFACE_OF_LINEAR_EXTRUSION('',#4692,#4696);
#4692 = B_SPLINE_CURVE_WITH_KNOTS('',2,(#4693,#4694,#4695),
  .UNSPECIFIED.,.F.,.F.,(3,3),(0.,1.),.PIECEWISE_BEZIER_KNOTS.);
#4693 = CARTESIAN_POINT('',(27.422488606771,8.95999323527,20.3));
#4694 = CARTESIAN_POINT('',(27.132482096354,8.95999323527,20.3));
#4695 = CARTESIAN_POINT('',(26.982482096354,8.84749323527,20.3));
#4696 = VECTOR('',#4697,1.);
#4697 = DIRECTION('',(0.,0.,1.));
#4698 = DEFINITIONAL_REPRESENTATION('',(#4699),#4703);
#4699 = LINE('',#4700,#4701);
#4700 = CARTESIAN_POINT('',(0.,0.));
#4701 = VECTOR('',#4702,1.);
#4702 = DIRECTION('',(1.,0.));
#4703 = ( GEOMETRIC_REPRESENTATION_CONTEXT(2) 
PARAMETRIC_REPRESENTATION_CONTEXT() REPRESENTATION_CONTEXT('2D SPACE',''
  ) );
#4704 = FACE_BOUND('',#4705,.T.);
#4705 = EDGE_LOOP('',(#4706,#4738,#4768,#4798,#4828,#4858,#4888,#4918));
#4706 = ORIENTED_EDGE('',*,*,#4707,.T.);
#4707 = EDGE_CURVE('',#4708,#4710,#4712,.T.);
#4708 = VERTEX_POINT('',#4709);
#4709 = CARTESIAN_POINT('',(29.277493489583,8.972501373291,20.3));
#4710 = VERTEX_POINT('',#4711);
#4711 = CARTESIAN_POINT('',(30.142491861979,9.345003000895,20.3));
#4712 = SURFACE_CURVE('',#4713,(#4717,#4724),.PCURVE_S1.);
#4713 = B_SPLINE_CURVE_WITH_KNOTS('',2,(#4714,#4715,#4716),
  .UNSPECIFIED.,.F.,.F.,(3,3),(0.,1.),.PIECEWISE_BEZIER_KNOTS.);
#4714 = CARTESIAN_POINT('',(29.277493489583,8.972501373291,20.3));
#4715 = CARTESIAN_POINT('',(29.592491861979,9.345003000895,20.3));
#4716 = CARTESIAN_POINT('',(30.142491861979,9.345003000895,20.3));
#4717 = PCURVE('',#262,#4718);
#4718 = DEFINITIONAL_REPRESENTATION('',(#4719),#4723);
#4719 = B_SPLINE_CURVE_WITH_KNOTS('',2,(#4720,#4721,#4722),
  .UNSPECIFIED.,.F.,.F.,(3,3),(0.,1.),.PIECEWISE_BEZIER_KNOTS.);
#4720 = CARTESIAN_POINT('',(31.277493489583,10.972501373291));
#4721 = CARTESIAN_POINT('',(31.592491861979,11.345003000895));
#4722 = CARTESIAN_POINT('',(32.142491861979,11.345003000895));
#4723 = ( GEOMETRIC_REPRESENTATION_CONTEXT(2) 
PARAMETRIC_REPRESENTATION_CONTEXT() REPRESENTATION_CONTEXT('2D SPACE',''
  ) );
#4724 = PCURVE('',#4725,#4732);
#4725 = SURFACE_OF_LINEAR_EXTRUSION('',#4726,#4730);
#4726 = B_SPLINE_CURVE_WITH_KNOTS('',2,(#4727,#4728,#4729),
  .UNSPECIFIED.,.F.,.F.,(3,3),(0.,1.),.PIECEWISE_BEZIER_KNOTS.);
#4727 = CARTESIAN_POINT('',(29.277493489583,8.972501373291,20.3));
#4728 = CARTESIAN_POINT('',(29.592491861979,9.345003000895,20.3));
#4729 = CARTESIAN_POINT('',(30.142491861979,9.345003000895,20.3));
#4730 = VECTOR('',#4731,1.);
#4731 = DIRECTION('',(0.,0.,1.));
#4732 = DEFINITIONAL_REPRESENTATION('',(#4733),#4737);
#4733 = LINE('',#4734,#4735);
#4734 = CARTESIAN_POINT('',(0.,0.));
#4735 = VECTOR('',#4736,1.);
#4736 = DIRECTION('',(1.,0.));
#4737 = ( GEOMETRIC_REPRESENTATION_CONTEXT(2) 
PARAMETRIC_REPRESENTATION_CONTEXT() REPRESENTATION_CONTEXT('2D SPACE',''
  ) );
#4738 = ORIENTED_EDGE('',*,*,#4739,.T.);
#4739 = EDGE_CURVE('',#4710,#4740,#4742,.T.);
#4740 = VERTEX_POINT('',#4741);
#4741 = CARTESIAN_POINT('',(31.019998372396,8.972501373291,20.3));
#4742 = SURFACE_CURVE('',#4743,(#4747,#4754),.PCURVE_S1.);
#4743 = B_SPLINE_CURVE_WITH_KNOTS('',2,(#4744,#4745,#4746),
  .UNSPECIFIED.,.F.,.F.,(3,3),(0.,1.),.PIECEWISE_BEZIER_KNOTS.);
#4744 = CARTESIAN_POINT('',(30.142491861979,9.345003000895,20.3));
#4745 = CARTESIAN_POINT('',(30.707498372396,9.345003000895,20.3));
#4746 = CARTESIAN_POINT('',(31.019998372396,8.972501373291,20.3));
#4747 = PCURVE('',#262,#4748);
#4748 = DEFINITIONAL_REPRESENTATION('',(#4749),#4753);
#4749 = B_SPLINE_CURVE_WITH_KNOTS('',2,(#4750,#4751,#4752),
  .UNSPECIFIED.,.F.,.F.,(3,3),(0.,1.),.PIECEWISE_BEZIER_KNOTS.);
#4750 = CARTESIAN_POINT('',(32.142491861979,11.345003000895));
#4751 = CARTESIAN_POINT('',(32.707498372396,11.345003000895));
#4752 = CARTESIAN_POINT('',(33.019998372396,10.972501373291));
#4753 = ( GEOMETRIC_REPRESENTATION_CONTEXT(2) 
PARAMETRIC_REPRESENTATION_CONTEXT() REPRESENTATION_CONTEXT('2D SPACE',''
  ) );
#4754 = PCURVE('',#4755,#4762);
#4755 = SURFACE_OF_LINEAR_EXTRUSION('',#4756,#4760);
#4756 = B_SPLINE_CURVE_WITH_KNOTS('',2,(#4757,#4758,#4759),
  .UNSPECIFIED.,.F.,.F.,(3,3),(0.,1.),.PIECEWISE_BEZIER_KNOTS.);
#4757 = CARTESIAN_POINT('',(30.142491861979,9.345003000895,20.3));
#4758 = CARTESIAN_POINT('',(30.707498372396,9.345003000895,20.3));
#4759 = CARTESIAN_POINT('',(31.019998372396,8.972501373291,20.3));
#4760 = VECTOR('',#4761,1.);
#4761 = DIRECTION('',(0.,0.,1.));
#4762 = DEFINITIONAL_REPRESENTATION('',(#4763),#4767);
#4763 = LINE('',#4764,#4765);
#4764 = CARTESIAN_POINT('',(0.,0.));
#4765 = VECTOR('',#4766,1.);
#4766 = DIRECTION('',(1.,0.));
#4767 = ( GEOMETRIC_REPRESENTATION_CONTEXT(2) 
PARAMETRIC_REPRESENTATION_CONTEXT() REPRESENTATION_CONTEXT('2D SPACE',''
  ) );
#4768 = ORIENTED_EDGE('',*,*,#4769,.T.);
#4769 = EDGE_CURVE('',#4740,#4770,#4772,.T.);
#4770 = VERTEX_POINT('',#4771);
#4771 = CARTESIAN_POINT('',(31.332498372396,7.920003000895,20.3));
#4772 = SURFACE_CURVE('',#4773,(#4777,#4784),.PCURVE_S1.);
#4773 = B_SPLINE_CURVE_WITH_KNOTS('',2,(#4774,#4775,#4776),
  .UNSPECIFIED.,.F.,.F.,(3,3),(0.,1.),.PIECEWISE_BEZIER_KNOTS.);
#4774 = CARTESIAN_POINT('',(31.019998372396,8.972501373291,20.3));
#4775 = CARTESIAN_POINT('',(31.332498372396,8.599999745687,20.3));
#4776 = CARTESIAN_POINT('',(31.332498372396,7.920003000895,20.3));
#4777 = PCURVE('',#262,#4778);
#4778 = DEFINITIONAL_REPRESENTATION('',(#4779),#4783);
#4779 = B_SPLINE_CURVE_WITH_KNOTS('',2,(#4780,#4781,#4782),
  .UNSPECIFIED.,.F.,.F.,(3,3),(0.,1.),.PIECEWISE_BEZIER_KNOTS.);
#4780 = CARTESIAN_POINT('',(33.019998372396,10.972501373291));
#4781 = CARTESIAN_POINT('',(33.332498372396,10.599999745687));
#4782 = CARTESIAN_POINT('',(33.332498372396,9.920003000895));
#4783 = ( GEOMETRIC_REPRESENTATION_CONTEXT(2) 
PARAMETRIC_REPRESENTATION_CONTEXT() REPRESENTATION_CONTEXT('2D SPACE',''
  ) );
#4784 = PCURVE('',#4785,#4792);
#4785 = SURFACE_OF_LINEAR_EXTRUSION('',#4786,#4790);
#4786 = B_SPLINE_CURVE_WITH_KNOTS('',2,(#4787,#4788,#4789),
  .UNSPECIFIED.,.F.,.F.,(3,3),(0.,1.),.PIECEWISE_BEZIER_KNOTS.);
#4787 = CARTESIAN_POINT('',(31.019998372396,8.972501373291,20.3));
#4788 = CARTESIAN_POINT('',(31.332498372396,8.599999745687,20.3));
#4789 = CARTESIAN_POINT('',(31.332498372396,7.920003000895,20.3));
#4790 = VECTOR('',#4791,1.);
#4791 = DIRECTION('',(0.,0.,1.));
#4792 = DEFINITIONAL_REPRESENTATION('',(#4793),#4797);
#4793 = LINE('',#4794,#4795);
#4794 = CARTESIAN_POINT('',(0.,0.));
#4795 = VECTOR('',#4796,1.);
#4796 = DIRECTION('',(1.,0.));
#4797 = ( GEOMETRIC_REPRESENTATION_CONTEXT(2) 
PARAMETRIC_REPRESENTATION_CONTEXT() REPRESENTATION_CONTEXT('2D SPACE',''
  ) );
#4798 = ORIENTED_EDGE('',*,*,#4799,.T.);
#4799 = EDGE_CURVE('',#4770,#4800,#4802,.T.);
#4800 = VERTEX_POINT('',#4801);
#4801 = CARTESIAN_POINT('',(31.014993489583,6.904996490479,20.3));
#4802 = SURFACE_CURVE('',#4803,(#4807,#4814),.PCURVE_S1.);
#4803 = B_SPLINE_CURVE_WITH_KNOTS('',2,(#4804,#4805,#4806),
  .UNSPECIFIED.,.F.,.F.,(3,3),(0.,1.),.PIECEWISE_BEZIER_KNOTS.);
#4804 = CARTESIAN_POINT('',(31.332498372396,7.920003000895,20.3));
#4805 = CARTESIAN_POINT('',(31.332498372396,7.274999745687,20.3));
#4806 = CARTESIAN_POINT('',(31.014993489583,6.904996490479,20.3));
#4807 = PCURVE('',#262,#4808);
#4808 = DEFINITIONAL_REPRESENTATION('',(#4809),#4813);
#4809 = B_SPLINE_CURVE_WITH_KNOTS('',2,(#4810,#4811,#4812),
  .UNSPECIFIED.,.F.,.F.,(3,3),(0.,1.),.PIECEWISE_BEZIER_KNOTS.);
#4810 = CARTESIAN_POINT('',(33.332498372396,9.920003000895));
#4811 = CARTESIAN_POINT('',(33.332498372396,9.274999745687));
#4812 = CARTESIAN_POINT('',(33.014993489583,8.904996490479));
#4813 = ( GEOMETRIC_REPRESENTATION_CONTEXT(2) 
PARAMETRIC_REPRESENTATION_CONTEXT() REPRESENTATION_CONTEXT('2D SPACE',''
  ) );
#4814 = PCURVE('',#4815,#4822);
#4815 = SURFACE_OF_LINEAR_EXTRUSION('',#4816,#4820);
#4816 = B_SPLINE_CURVE_WITH_KNOTS('',2,(#4817,#4818,#4819),
  .UNSPECIFIED.,.F.,.F.,(3,3),(0.,1.),.PIECEWISE_BEZIER_KNOTS.);
#4817 = CARTESIAN_POINT('',(31.332498372396,7.920003000895,20.3));
#4818 = CARTESIAN_POINT('',(31.332498372396,7.274999745687,20.3));
#4819 = CARTESIAN_POINT('',(31.014993489583,6.904996490479,20.3));
#4820 = VECTOR('',#4821,1.);
#4821 = DIRECTION('',(0.,0.,1.));
#4822 = DEFINITIONAL_REPRESENTATION('',(#4823),#4827);
#4823 = LINE('',#4824,#4825);
#4824 = CARTESIAN_POINT('',(0.,0.));
#4825 = VECTOR('',#4826,1.);
#4826 = DIRECTION('',(1.,0.));
#4827 = ( GEOMETRIC_REPRESENTATION_CONTEXT(2) 
PARAMETRIC_REPRESENTATION_CONTEXT() REPRESENTATION_CONTEXT('2D SPACE',''
  ) );
#4828 = ORIENTED_EDGE('',*,*,#4829,.T.);
#4829 = EDGE_CURVE('',#4800,#4830,#4832,.T.);
#4830 = VERTEX_POINT('',#4831);
#4831 = CARTESIAN_POINT('',(30.147488606771,6.53499323527,20.3));
#4832 = SURFACE_CURVE('',#4833,(#4837,#4844),.PCURVE_S1.);
#4833 = B_SPLINE_CURVE_WITH_KNOTS('',2,(#4834,#4835,#4836),
  .UNSPECIFIED.,.F.,.F.,(3,3),(0.,1.),.PIECEWISE_BEZIER_KNOTS.);
#4834 = CARTESIAN_POINT('',(31.014993489583,6.904996490479,20.3));
#4835 = CARTESIAN_POINT('',(30.697488606771,6.53499323527,20.3));
#4836 = CARTESIAN_POINT('',(30.147488606771,6.53499323527,20.3));
#4837 = PCURVE('',#262,#4838);
#4838 = DEFINITIONAL_REPRESENTATION('',(#4839),#4843);
#4839 = B_SPLINE_CURVE_WITH_KNOTS('',2,(#4840,#4841,#4842),
  .UNSPECIFIED.,.F.,.F.,(3,3),(0.,1.),.PIECEWISE_BEZIER_KNOTS.);
#4840 = CARTESIAN_POINT('',(33.014993489583,8.904996490479));
#4841 = CARTESIAN_POINT('',(32.697488606771,8.53499323527));
#4842 = CARTESIAN_POINT('',(32.147488606771,8.53499323527));
#4843 = ( GEOMETRIC_REPRESENTATION_CONTEXT(2) 
PARAMETRIC_REPRESENTATION_CONTEXT() REPRESENTATION_CONTEXT('2D SPACE',''
  ) );
#4844 = PCURVE('',#4845,#4852);
#4845 = SURFACE_OF_LINEAR_EXTRUSION('',#4846,#4850);
#4846 = B_SPLINE_CURVE_WITH_KNOTS('',2,(#4847,#4848,#4849),
  .UNSPECIFIED.,.F.,.F.,(3,3),(0.,1.),.PIECEWISE_BEZIER_KNOTS.);
#4847 = CARTESIAN_POINT('',(31.014993489583,6.904996490479,20.3));
#4848 = CARTESIAN_POINT('',(30.697488606771,6.53499323527,20.3));
#4849 = CARTESIAN_POINT('',(30.147488606771,6.53499323527,20.3));
#4850 = VECTOR('',#4851,1.);
#4851 = DIRECTION('',(0.,0.,1.));
#4852 = DEFINITIONAL_REPRESENTATION('',(#4853),#4857);
#4853 = LINE('',#4854,#4855);
#4854 = CARTESIAN_POINT('',(0.,0.));
#4855 = VECTOR('',#4856,1.);
#4856 = DIRECTION('',(1.,0.));
#4857 = ( GEOMETRIC_REPRESENTATION_CONTEXT(2) 
PARAMETRIC_REPRESENTATION_CONTEXT() REPRESENTATION_CONTEXT('2D SPACE',''
  ) );
#4858 = ORIENTED_EDGE('',*,*,#4859,.T.);
#4859 = EDGE_CURVE('',#4830,#4860,#4862,.T.);
#4860 = VERTEX_POINT('',#4861);
#4861 = CARTESIAN_POINT('',(29.274995117187,6.907494862874,20.3));
#4862 = SURFACE_CURVE('',#4863,(#4867,#4874),.PCURVE_S1.);
#4863 = B_SPLINE_CURVE_WITH_KNOTS('',2,(#4864,#4865,#4866),
  .UNSPECIFIED.,.F.,.F.,(3,3),(0.,1.),.PIECEWISE_BEZIER_KNOTS.);
#4864 = CARTESIAN_POINT('',(30.147488606771,6.53499323527,20.3));
#4865 = CARTESIAN_POINT('',(29.587495117187,6.53499323527,20.3));
#4866 = CARTESIAN_POINT('',(29.274995117187,6.907494862874,20.3));
#4867 = PCURVE('',#262,#4868);
#4868 = DEFINITIONAL_REPRESENTATION('',(#4869),#4873);
#4869 = B_SPLINE_CURVE_WITH_KNOTS('',2,(#4870,#4871,#4872),
  .UNSPECIFIED.,.F.,.F.,(3,3),(0.,1.),.PIECEWISE_BEZIER_KNOTS.);
#4870 = CARTESIAN_POINT('',(32.147488606771,8.53499323527));
#4871 = CARTESIAN_POINT('',(31.587495117187,8.53499323527));
#4872 = CARTESIAN_POINT('',(31.274995117187,8.907494862874));
#4873 = ( GEOMETRIC_REPRESENTATION_CONTEXT(2) 
PARAMETRIC_REPRESENTATION_CONTEXT() REPRESENTATION_CONTEXT('2D SPACE',''
  ) );
#4874 = PCURVE('',#4875,#4882);
#4875 = SURFACE_OF_LINEAR_EXTRUSION('',#4876,#4880);
#4876 = B_SPLINE_CURVE_WITH_KNOTS('',2,(#4877,#4878,#4879),
  .UNSPECIFIED.,.F.,.F.,(3,3),(0.,1.),.PIECEWISE_BEZIER_KNOTS.);
#4877 = CARTESIAN_POINT('',(30.147488606771,6.53499323527,20.3));
#4878 = CARTESIAN_POINT('',(29.587495117188,6.53499323527,20.3));
#4879 = CARTESIAN_POINT('',(29.274995117188,6.907494862874,20.3));
#4880 = VECTOR('',#4881,1.);
#4881 = DIRECTION('',(0.,0.,1.));
#4882 = DEFINITIONAL_REPRESENTATION('',(#4883),#4887);
#4883 = LINE('',#4884,#4885);
#4884 = CARTESIAN_POINT('',(0.,0.));
#4885 = VECTOR('',#4886,1.);
#4886 = DIRECTION('',(1.,0.));
#4887 = ( GEOMETRIC_REPRESENTATION_CONTEXT(2) 
PARAMETRIC_REPRESENTATION_CONTEXT() REPRESENTATION_CONTEXT('2D SPACE',''
  ) );
#4888 = ORIENTED_EDGE('',*,*,#4889,.T.);
#4889 = EDGE_CURVE('',#4860,#4890,#4892,.T.);
#4890 = VERTEX_POINT('',#4891);
#4891 = CARTESIAN_POINT('',(28.962495117187,7.939998118083,20.3));
#4892 = SURFACE_CURVE('',#4893,(#4897,#4904),.PCURVE_S1.);
#4893 = B_SPLINE_CURVE_WITH_KNOTS('',2,(#4894,#4895,#4896),
  .UNSPECIFIED.,.F.,.F.,(3,3),(0.,1.),.PIECEWISE_BEZIER_KNOTS.);
#4894 = CARTESIAN_POINT('',(29.274995117187,6.907494862874,20.3));
#4895 = CARTESIAN_POINT('',(28.962495117187,7.279996490479,20.3));
#4896 = CARTESIAN_POINT('',(28.962495117187,7.939998118083,20.3));
#4897 = PCURVE('',#262,#4898);
#4898 = DEFINITIONAL_REPRESENTATION('',(#4899),#4903);
#4899 = B_SPLINE_CURVE_WITH_KNOTS('',2,(#4900,#4901,#4902),
  .UNSPECIFIED.,.F.,.F.,(3,3),(0.,1.),.PIECEWISE_BEZIER_KNOTS.);
#4900 = CARTESIAN_POINT('',(31.274995117187,8.907494862874));
#4901 = CARTESIAN_POINT('',(30.962495117187,9.279996490479));
#4902 = CARTESIAN_POINT('',(30.962495117187,9.939998118083));
#4903 = ( GEOMETRIC_REPRESENTATION_CONTEXT(2) 
PARAMETRIC_REPRESENTATION_CONTEXT() REPRESENTATION_CONTEXT('2D SPACE',''
  ) );
#4904 = PCURVE('',#4905,#4912);
#4905 = SURFACE_OF_LINEAR_EXTRUSION('',#4906,#4910);
#4906 = B_SPLINE_CURVE_WITH_KNOTS('',2,(#4907,#4908,#4909),
  .UNSPECIFIED.,.F.,.F.,(3,3),(0.,1.),.PIECEWISE_BEZIER_KNOTS.);
#4907 = CARTESIAN_POINT('',(29.274995117188,6.907494862874,20.3));
#4908 = CARTESIAN_POINT('',(28.962495117188,7.279996490479,20.3));
#4909 = CARTESIAN_POINT('',(28.962495117188,7.939998118083,20.3));
#4910 = VECTOR('',#4911,1.);
#4911 = DIRECTION('',(0.,0.,1.));
#4912 = DEFINITIONAL_REPRESENTATION('',(#4913),#4917);
#4913 = LINE('',#4914,#4915);
#4914 = CARTESIAN_POINT('',(0.,0.));
#4915 = VECTOR('',#4916,1.);
#4916 = DIRECTION('',(1.,0.));
#4917 = ( GEOMETRIC_REPRESENTATION_CONTEXT(2) 
PARAMETRIC_REPRESENTATION_CONTEXT() REPRESENTATION_CONTEXT('2D SPACE',''
  ) );
#4918 = ORIENTED_EDGE('',*,*,#4919,.T.);
#4919 = EDGE_CURVE('',#4890,#4708,#4920,.T.);
#4920 = SURFACE_CURVE('',#4921,(#4925,#4932),.PCURVE_S1.);
#4921 = B_SPLINE_CURVE_WITH_KNOTS('',2,(#4922,#4923,#4924),
  .UNSPECIFIED.,.F.,.F.,(3,3),(0.,1.),.PIECEWISE_BEZIER_KNOTS.);
#4922 = CARTESIAN_POINT('',(28.962495117187,7.939998118083,20.3));
#4923 = CARTESIAN_POINT('',(28.962495117187,8.599999745687,20.3));
#4924 = CARTESIAN_POINT('',(29.277493489583,8.972501373291,20.3));
#4925 = PCURVE('',#262,#4926);
#4926 = DEFINITIONAL_REPRESENTATION('',(#4927),#4931);
#4927 = B_SPLINE_CURVE_WITH_KNOTS('',2,(#4928,#4929,#4930),
  .UNSPECIFIED.,.F.,.F.,(3,3),(0.,1.),.PIECEWISE_BEZIER_KNOTS.);
#4928 = CARTESIAN_POINT('',(30.962495117187,9.939998118083));
#4929 = CARTESIAN_POINT('',(30.962495117187,10.599999745687));
#4930 = CARTESIAN_POINT('',(31.277493489583,10.972501373291));
#4931 = ( GEOMETRIC_REPRESENTATION_CONTEXT(2) 
PARAMETRIC_REPRESENTATION_CONTEXT() REPRESENTATION_CONTEXT('2D SPACE',''
  ) );
#4932 = PCURVE('',#4933,#4940);
#4933 = SURFACE_OF_LINEAR_EXTRUSION('',#4934,#4938);
#4934 = B_SPLINE_CURVE_WITH_KNOTS('',2,(#4935,#4936,#4937),
  .UNSPECIFIED.,.F.,.F.,(3,3),(0.,1.),.PIECEWISE_BEZIER_KNOTS.);
#4935 = CARTESIAN_POINT('',(28.962495117188,7.939998118083,20.3));
#4936 = CARTESIAN_POINT('',(28.962495117188,8.599999745687,20.3));
#4937 = CARTESIAN_POINT('',(29.277493489583,8.972501373291,20.3));
#4938 = VECTOR('',#4939,1.);
#4939 = DIRECTION('',(0.,0.,1.));
#4940 = DEFINITIONAL_REPRESENTATION('',(#4941),#4945);
#4941 = LINE('',#4942,#4943);
#4942 = CARTESIAN_POINT('',(0.,0.));
#4943 = VECTOR('',#4944,1.);
#4944 = DIRECTION('',(1.,0.));
#4945 = ( GEOMETRIC_REPRESENTATION_CONTEXT(2) 
PARAMETRIC_REPRESENTATION_CONTEXT() REPRESENTATION_CONTEXT('2D SPACE',''
  ) );
#4946 = FACE_BOUND('',#4947,.T.);
#4947 = EDGE_LOOP('',(#4948,#4980,#5010,#5040,#5070,#5098,#5128,#5158,
    #5188,#5218,#5246));
#4948 = ORIENTED_EDGE('',*,*,#4949,.T.);
#4949 = EDGE_CURVE('',#4950,#4952,#4954,.T.);
#4950 = VERTEX_POINT('',#4951);
#4951 = CARTESIAN_POINT('',(26.865001627604,10.05999323527,20.3));
#4952 = VERTEX_POINT('',#4953);
#4953 = CARTESIAN_POINT('',(27.142491861979,10.194986724854,20.3));
#4954 = SURFACE_CURVE('',#4955,(#4959,#4966),.PCURVE_S1.);
#4955 = B_SPLINE_CURVE_WITH_KNOTS('',2,(#4956,#4957,#4958),
  .UNSPECIFIED.,.F.,.F.,(3,3),(0.,1.),.PIECEWISE_BEZIER_KNOTS.);
#4956 = CARTESIAN_POINT('',(26.865001627604,10.05999323527,20.3));
#4957 = CARTESIAN_POINT('',(26.977501627604,10.194986724854,20.3));
#4958 = CARTESIAN_POINT('',(27.142491861979,10.194986724854,20.3));
#4959 = PCURVE('',#262,#4960);
#4960 = DEFINITIONAL_REPRESENTATION('',(#4961),#4965);
#4961 = B_SPLINE_CURVE_WITH_KNOTS('',2,(#4962,#4963,#4964),
  .UNSPECIFIED.,.F.,.F.,(3,3),(0.,1.),.PIECEWISE_BEZIER_KNOTS.);
#4962 = CARTESIAN_POINT('',(28.865001627604,12.05999323527));
#4963 = CARTESIAN_POINT('',(28.977501627604,12.194986724854));
#4964 = CARTESIAN_POINT('',(29.142491861979,12.194986724854));
#4965 = ( GEOMETRIC_REPRESENTATION_CONTEXT(2) 
PARAMETRIC_REPRESENTATION_CONTEXT() REPRESENTATION_CONTEXT('2D SPACE',''
  ) );
#4966 = PCURVE('',#4967,#4974);
#4967 = SURFACE_OF_LINEAR_EXTRUSION('',#4968,#4972);
#4968 = B_SPLINE_CURVE_WITH_KNOTS('',2,(#4969,#4970,#4971),
  .UNSPECIFIED.,.F.,.F.,(3,3),(0.,1.),.PIECEWISE_BEZIER_KNOTS.);
#4969 = CARTESIAN_POINT('',(26.865001627604,10.05999323527,20.3));
#4970 = CARTESIAN_POINT('',(26.977501627604,10.194986724854,20.3));
#4971 = CARTESIAN_POINT('',(27.142491861979,10.194986724854,20.3));
#4972 = VECTOR('',#4973,1.);
#4973 = DIRECTION('',(0.,0.,1.));
#4974 = DEFINITIONAL_REPRESENTATION('',(#4975),#4979);
#4975 = LINE('',#4976,#4977);
#4976 = CARTESIAN_POINT('',(0.,0.));
#4977 = VECTOR('',#4978,1.);
#4978 = DIRECTION('',(1.,0.));
#4979 = ( GEOMETRIC_REPRESENTATION_CONTEXT(2) 
PARAMETRIC_REPRESENTATION_CONTEXT() REPRESENTATION_CONTEXT('2D SPACE',''
  ) );
#4980 = ORIENTED_EDGE('',*,*,#4981,.T.);
#4981 = EDGE_CURVE('',#4952,#4982,#4984,.T.);
#4982 = VERTEX_POINT('',#4983);
#4983 = CARTESIAN_POINT('',(27.487495117187,10.102489980062,20.3));
#4984 = SURFACE_CURVE('',#4985,(#4989,#4996),.PCURVE_S1.);
#4985 = B_SPLINE_CURVE_WITH_KNOTS('',2,(#4986,#4987,#4988),
  .UNSPECIFIED.,.F.,.F.,(3,3),(0.,1.),.PIECEWISE_BEZIER_KNOTS.);
#4986 = CARTESIAN_POINT('',(27.142491861979,10.194986724854,20.3));
#4987 = CARTESIAN_POINT('',(27.267491861979,10.194986724854,20.3));
#4988 = CARTESIAN_POINT('',(27.487495117187,10.102489980062,20.3));
#4989 = PCURVE('',#262,#4990);
#4990 = DEFINITIONAL_REPRESENTATION('',(#4991),#4995);
#4991 = B_SPLINE_CURVE_WITH_KNOTS('',2,(#4992,#4993,#4994),
  .UNSPECIFIED.,.F.,.F.,(3,3),(0.,1.),.PIECEWISE_BEZIER_KNOTS.);
#4992 = CARTESIAN_POINT('',(29.142491861979,12.194986724854));
#4993 = CARTESIAN_POINT('',(29.267491861979,12.194986724854));
#4994 = CARTESIAN_POINT('',(29.487495117187,12.102489980062));
#4995 = ( GEOMETRIC_REPRESENTATION_CONTEXT(2) 
PARAMETRIC_REPRESENTATION_CONTEXT() REPRESENTATION_CONTEXT('2D SPACE',''
  ) );
#4996 = PCURVE('',#4997,#5004);
#4997 = SURFACE_OF_LINEAR_EXTRUSION('',#4998,#5002);
#4998 = B_SPLINE_CURVE_WITH_KNOTS('',2,(#4999,#5000,#5001),
  .UNSPECIFIED.,.F.,.F.,(3,3),(0.,1.),.PIECEWISE_BEZIER_KNOTS.);
#4999 = CARTESIAN_POINT('',(27.142491861979,10.194986724854,20.3));
#5000 = CARTESIAN_POINT('',(27.267491861979,10.194986724854,20.3));
#5001 = CARTESIAN_POINT('',(27.487495117187,10.102489980062,20.3));
#5002 = VECTOR('',#5003,1.);
#5003 = DIRECTION('',(0.,0.,1.));
#5004 = DEFINITIONAL_REPRESENTATION('',(#5005),#5009);
#5005 = LINE('',#5006,#5007);
#5006 = CARTESIAN_POINT('',(0.,0.));
#5007 = VECTOR('',#5008,1.);
#5008 = DIRECTION('',(1.,0.));
#5009 = ( GEOMETRIC_REPRESENTATION_CONTEXT(2) 
PARAMETRIC_REPRESENTATION_CONTEXT() REPRESENTATION_CONTEXT('2D SPACE',''
  ) );
#5010 = ORIENTED_EDGE('',*,*,#5011,.T.);
#5011 = EDGE_CURVE('',#4982,#5012,#5014,.T.);
#5012 = VERTEX_POINT('',#5013);
#5013 = CARTESIAN_POINT('',(27.807498372396,10.00999323527,20.3));
#5014 = SURFACE_CURVE('',#5015,(#5019,#5026),.PCURVE_S1.);
#5015 = B_SPLINE_CURVE_WITH_KNOTS('',2,(#5016,#5017,#5018),
  .UNSPECIFIED.,.F.,.F.,(3,3),(0.,1.),.PIECEWISE_BEZIER_KNOTS.);
#5016 = CARTESIAN_POINT('',(27.487495117187,10.102489980062,20.3));
#5017 = CARTESIAN_POINT('',(27.707498372396,10.00999323527,20.3));
#5018 = CARTESIAN_POINT('',(27.807498372396,10.00999323527,20.3));
#5019 = PCURVE('',#262,#5020);
#5020 = DEFINITIONAL_REPRESENTATION('',(#5021),#5025);
#5021 = B_SPLINE_CURVE_WITH_KNOTS('',2,(#5022,#5023,#5024),
  .UNSPECIFIED.,.F.,.F.,(3,3),(0.,1.),.PIECEWISE_BEZIER_KNOTS.);
#5022 = CARTESIAN_POINT('',(29.487495117187,12.102489980062));
#5023 = CARTESIAN_POINT('',(29.707498372396,12.00999323527));
#5024 = CARTESIAN_POINT('',(29.807498372396,12.00999323527));
#5025 = ( GEOMETRIC_REPRESENTATION_CONTEXT(2) 
PARAMETRIC_REPRESENTATION_CONTEXT() REPRESENTATION_CONTEXT('2D SPACE',''
  ) );
#5026 = PCURVE('',#5027,#5034);
#5027 = SURFACE_OF_LINEAR_EXTRUSION('',#5028,#5032);
#5028 = B_SPLINE_CURVE_WITH_KNOTS('',2,(#5029,#5030,#5031),
  .UNSPECIFIED.,.F.,.F.,(3,3),(0.,1.),.PIECEWISE_BEZIER_KNOTS.);
#5029 = CARTESIAN_POINT('',(27.487495117187,10.102489980062,20.3));
#5030 = CARTESIAN_POINT('',(27.707498372396,10.00999323527,20.3));
#5031 = CARTESIAN_POINT('',(27.807498372396,10.00999323527,20.3));
#5032 = VECTOR('',#5033,1.);
#5033 = DIRECTION('',(0.,0.,1.));
#5034 = DEFINITIONAL_REPRESENTATION('',(#5035),#5039);
#5035 = LINE('',#5036,#5037);
#5036 = CARTESIAN_POINT('',(0.,0.));
#5037 = VECTOR('',#5038,1.);
#5038 = DIRECTION('',(1.,0.));
#5039 = ( GEOMETRIC_REPRESENTATION_CONTEXT(2) 
PARAMETRIC_REPRESENTATION_CONTEXT() REPRESENTATION_CONTEXT('2D SPACE',''
  ) );
#5040 = ORIENTED_EDGE('',*,*,#5041,.T.);
#5041 = EDGE_CURVE('',#5012,#5042,#5044,.T.);
#5042 = VERTEX_POINT('',#5043);
#5043 = CARTESIAN_POINT('',(27.992491861979,10.194986724854,20.3));
#5044 = SURFACE_CURVE('',#5045,(#5049,#5056),.PCURVE_S1.);
#5045 = B_SPLINE_CURVE_WITH_KNOTS('',2,(#5046,#5047,#5048),
  .UNSPECIFIED.,.F.,.F.,(3,3),(0.,1.),.PIECEWISE_BEZIER_KNOTS.);
#5046 = CARTESIAN_POINT('',(27.807498372396,10.00999323527,20.3));
#5047 = CARTESIAN_POINT('',(27.932498372396,10.00999323527,20.3));
#5048 = CARTESIAN_POINT('',(27.992491861979,10.194986724854,20.3));
#5049 = PCURVE('',#262,#5050);
#5050 = DEFINITIONAL_REPRESENTATION('',(#5051),#5055);
#5051 = B_SPLINE_CURVE_WITH_KNOTS('',2,(#5052,#5053,#5054),
  .UNSPECIFIED.,.F.,.F.,(3,3),(0.,1.),.PIECEWISE_BEZIER_KNOTS.);
#5052 = CARTESIAN_POINT('',(29.807498372396,12.00999323527));
#5053 = CARTESIAN_POINT('',(29.932498372396,12.00999323527));
#5054 = CARTESIAN_POINT('',(29.992491861979,12.194986724854));
#5055 = ( GEOMETRIC_REPRESENTATION_CONTEXT(2) 
PARAMETRIC_REPRESENTATION_CONTEXT() REPRESENTATION_CONTEXT('2D SPACE',''
  ) );
#5056 = PCURVE('',#5057,#5064);
#5057 = SURFACE_OF_LINEAR_EXTRUSION('',#5058,#5062);
#5058 = B_SPLINE_CURVE_WITH_KNOTS('',2,(#5059,#5060,#5061),
  .UNSPECIFIED.,.F.,.F.,(3,3),(0.,1.),.PIECEWISE_BEZIER_KNOTS.);
#5059 = CARTESIAN_POINT('',(27.807498372396,10.00999323527,20.3));
#5060 = CARTESIAN_POINT('',(27.932498372396,10.00999323527,20.3));
#5061 = CARTESIAN_POINT('',(27.992491861979,10.194986724854,20.3));
#5062 = VECTOR('',#5063,1.);
#5063 = DIRECTION('',(0.,0.,1.));
#5064 = DEFINITIONAL_REPRESENTATION('',(#5065),#5069);
#5065 = LINE('',#5066,#5067);
#5066 = CARTESIAN_POINT('',(0.,0.));
#5067 = VECTOR('',#5068,1.);
#5068 = DIRECTION('',(1.,0.));
#5069 = ( GEOMETRIC_REPRESENTATION_CONTEXT(2) 
PARAMETRIC_REPRESENTATION_CONTEXT() REPRESENTATION_CONTEXT('2D SPACE',''
  ) );
#5070 = ORIENTED_EDGE('',*,*,#5071,.T.);
#5071 = EDGE_CURVE('',#5042,#5072,#5074,.T.);
#5072 = VERTEX_POINT('',#5073);
#5073 = CARTESIAN_POINT('',(28.282498372396,10.194986724854,20.3));
#5074 = SURFACE_CURVE('',#5075,(#5079,#5086),.PCURVE_S1.);
#5075 = LINE('',#5076,#5077);
#5076 = CARTESIAN_POINT('',(27.992491861979,10.194986724854,20.3));
#5077 = VECTOR('',#5078,1.);
#5078 = DIRECTION('',(1.,0.,0.));
#5079 = PCURVE('',#262,#5080);
#5080 = DEFINITIONAL_REPRESENTATION('',(#5081),#5085);
#5081 = LINE('',#5082,#5083);
#5082 = CARTESIAN_POINT('',(29.992491861979,12.194986724854));
#5083 = VECTOR('',#5084,1.);
#5084 = DIRECTION('',(1.,0.));
#5085 = ( GEOMETRIC_REPRESENTATION_CONTEXT(2) 
PARAMETRIC_REPRESENTATION_CONTEXT() REPRESENTATION_CONTEXT('2D SPACE',''
  ) );
#5086 = PCURVE('',#5087,#5092);
#5087 = PLANE('',#5088);
#5088 = AXIS2_PLACEMENT_3D('',#5089,#5090,#5091);
#5089 = CARTESIAN_POINT('',(27.992491861979,10.194986724854,20.3));
#5090 = DIRECTION('',(0.,-1.,0.));
#5091 = DIRECTION('',(1.,0.,0.));
#5092 = DEFINITIONAL_REPRESENTATION('',(#5093),#5097);
#5093 = LINE('',#5094,#5095);
#5094 = CARTESIAN_POINT('',(0.,0.));
#5095 = VECTOR('',#5096,1.);
#5096 = DIRECTION('',(1.,0.));
#5097 = ( GEOMETRIC_REPRESENTATION_CONTEXT(2) 
PARAMETRIC_REPRESENTATION_CONTEXT() REPRESENTATION_CONTEXT('2D SPACE',''
  ) );
#5098 = ORIENTED_EDGE('',*,*,#5099,.T.);
#5099 = EDGE_CURVE('',#5072,#5100,#5102,.T.);
#5100 = VERTEX_POINT('',#5101);
#5101 = CARTESIAN_POINT('',(27.837495117188,9.674999745687,20.3));
#5102 = SURFACE_CURVE('',#5103,(#5107,#5114),.PCURVE_S1.);
#5103 = B_SPLINE_CURVE_WITH_KNOTS('',2,(#5104,#5105,#5106),
  .UNSPECIFIED.,.F.,.F.,(3,3),(0.,1.),.PIECEWISE_BEZIER_KNOTS.);
#5104 = CARTESIAN_POINT('',(28.282498372396,10.194986724854,20.3));
#5105 = CARTESIAN_POINT('',(28.207498372396,9.674999745687,20.3));
#5106 = CARTESIAN_POINT('',(27.837495117188,9.674999745687,20.3));
#5107 = PCURVE('',#262,#5108);
#5108 = DEFINITIONAL_REPRESENTATION('',(#5109),#5113);
#5109 = B_SPLINE_CURVE_WITH_KNOTS('',2,(#5110,#5111,#5112),
  .UNSPECIFIED.,.F.,.F.,(3,3),(0.,1.),.PIECEWISE_BEZIER_KNOTS.);
#5110 = CARTESIAN_POINT('',(30.282498372396,12.194986724854));
#5111 = CARTESIAN_POINT('',(30.207498372396,11.674999745687));
#5112 = CARTESIAN_POINT('',(29.837495117188,11.674999745687));
#5113 = ( GEOMETRIC_REPRESENTATION_CONTEXT(2) 
PARAMETRIC_REPRESENTATION_CONTEXT() REPRESENTATION_CONTEXT('2D SPACE',''
  ) );
#5114 = PCURVE('',#5115,#5122);
#5115 = SURFACE_OF_LINEAR_EXTRUSION('',#5116,#5120);
#5116 = B_SPLINE_CURVE_WITH_KNOTS('',2,(#5117,#5118,#5119),
  .UNSPECIFIED.,.F.,.F.,(3,3),(0.,1.),.PIECEWISE_BEZIER_KNOTS.);
#5117 = CARTESIAN_POINT('',(28.282498372396,10.194986724854,20.3));
#5118 = CARTESIAN_POINT('',(28.207498372396,9.674999745687,20.3));
#5119 = CARTESIAN_POINT('',(27.837495117188,9.674999745687,20.3));
#5120 = VECTOR('',#5121,1.);
#5121 = DIRECTION('',(0.,0.,1.));
#5122 = DEFINITIONAL_REPRESENTATION('',(#5123),#5127);
#5123 = LINE('',#5124,#5125);
#5124 = CARTESIAN_POINT('',(0.,0.));
#5125 = VECTOR('',#5126,1.);
#5126 = DIRECTION('',(1.,0.));
#5127 = ( GEOMETRIC_REPRESENTATION_CONTEXT(2) 
PARAMETRIC_REPRESENTATION_CONTEXT() REPRESENTATION_CONTEXT('2D SPACE',''
  ) );
#5128 = ORIENTED_EDGE('',*,*,#5129,.T.);
#5129 = EDGE_CURVE('',#5100,#5130,#5132,.T.);
#5130 = VERTEX_POINT('',#5131);
#5131 = CARTESIAN_POINT('',(27.484996744792,9.769994862874,20.3));
#5132 = SURFACE_CURVE('',#5133,(#5137,#5144),.PCURVE_S1.);
#5133 = B_SPLINE_CURVE_WITH_KNOTS('',2,(#5134,#5135,#5136),
  .UNSPECIFIED.,.F.,.F.,(3,3),(0.,1.),.PIECEWISE_BEZIER_KNOTS.);
#5134 = CARTESIAN_POINT('',(27.837495117188,9.674999745687,20.3));
#5135 = CARTESIAN_POINT('',(27.737495117187,9.674999745687,20.3));
#5136 = CARTESIAN_POINT('',(27.484996744792,9.769994862874,20.3));
#5137 = PCURVE('',#262,#5138);
#5138 = DEFINITIONAL_REPRESENTATION('',(#5139),#5143);
#5139 = B_SPLINE_CURVE_WITH_KNOTS('',2,(#5140,#5141,#5142),
  .UNSPECIFIED.,.F.,.F.,(3,3),(0.,1.),.PIECEWISE_BEZIER_KNOTS.);
#5140 = CARTESIAN_POINT('',(29.837495117188,11.674999745687));
#5141 = CARTESIAN_POINT('',(29.737495117187,11.674999745687));
#5142 = CARTESIAN_POINT('',(29.484996744792,11.769994862874));
#5143 = ( GEOMETRIC_REPRESENTATION_CONTEXT(2) 
PARAMETRIC_REPRESENTATION_CONTEXT() REPRESENTATION_CONTEXT('2D SPACE',''
  ) );
#5144 = PCURVE('',#5145,#5152);
#5145 = SURFACE_OF_LINEAR_EXTRUSION('',#5146,#5150);
#5146 = B_SPLINE_CURVE_WITH_KNOTS('',2,(#5147,#5148,#5149),
  .UNSPECIFIED.,.F.,.F.,(3,3),(0.,1.),.PIECEWISE_BEZIER_KNOTS.);
#5147 = CARTESIAN_POINT('',(27.837495117188,9.674999745687,20.3));
#5148 = CARTESIAN_POINT('',(27.737495117187,9.674999745687,20.3));
#5149 = CARTESIAN_POINT('',(27.484996744792,9.769994862874,20.3));
#5150 = VECTOR('',#5151,1.);
#5151 = DIRECTION('',(0.,0.,1.));
#5152 = DEFINITIONAL_REPRESENTATION('',(#5153),#5157);
#5153 = LINE('',#5154,#5155);
#5154 = CARTESIAN_POINT('',(0.,0.));
#5155 = VECTOR('',#5156,1.);
#5156 = DIRECTION('',(1.,0.));
#5157 = ( GEOMETRIC_REPRESENTATION_CONTEXT(2) 
PARAMETRIC_REPRESENTATION_CONTEXT() REPRESENTATION_CONTEXT('2D SPACE',''
  ) );
#5158 = ORIENTED_EDGE('',*,*,#5159,.T.);
#5159 = EDGE_CURVE('',#5130,#5160,#5162,.T.);
#5160 = VERTEX_POINT('',#5161);
#5161 = CARTESIAN_POINT('',(27.167491861979,9.864989980062,20.3));
#5162 = SURFACE_CURVE('',#5163,(#5167,#5174),.PCURVE_S1.);
#5163 = B_SPLINE_CURVE_WITH_KNOTS('',2,(#5164,#5165,#5166),
  .UNSPECIFIED.,.F.,.F.,(3,3),(0.,1.),.PIECEWISE_BEZIER_KNOTS.);
#5164 = CARTESIAN_POINT('',(27.484996744792,9.769994862874,20.3));
#5165 = CARTESIAN_POINT('',(27.232498372396,9.864989980062,20.3));
#5166 = CARTESIAN_POINT('',(27.167491861979,9.864989980062,20.3));
#5167 = PCURVE('',#262,#5168);
#5168 = DEFINITIONAL_REPRESENTATION('',(#5169),#5173);
#5169 = B_SPLINE_CURVE_WITH_KNOTS('',2,(#5170,#5171,#5172),
  .UNSPECIFIED.,.F.,.F.,(3,3),(0.,1.),.PIECEWISE_BEZIER_KNOTS.);
#5170 = CARTESIAN_POINT('',(29.484996744792,11.769994862874));
#5171 = CARTESIAN_POINT('',(29.232498372396,11.864989980062));
#5172 = CARTESIAN_POINT('',(29.167491861979,11.864989980062));
#5173 = ( GEOMETRIC_REPRESENTATION_CONTEXT(2) 
PARAMETRIC_REPRESENTATION_CONTEXT() REPRESENTATION_CONTEXT('2D SPACE',''
  ) );
#5174 = PCURVE('',#5175,#5182);
#5175 = SURFACE_OF_LINEAR_EXTRUSION('',#5176,#5180);
#5176 = B_SPLINE_CURVE_WITH_KNOTS('',2,(#5177,#5178,#5179),
  .UNSPECIFIED.,.F.,.F.,(3,3),(0.,1.),.PIECEWISE_BEZIER_KNOTS.);
#5177 = CARTESIAN_POINT('',(27.484996744792,9.769994862874,20.3));
#5178 = CARTESIAN_POINT('',(27.232498372396,9.864989980062,20.3));
#5179 = CARTESIAN_POINT('',(27.167491861979,9.864989980062,20.3));
#5180 = VECTOR('',#5181,1.);
#5181 = DIRECTION('',(0.,0.,1.));
#5182 = DEFINITIONAL_REPRESENTATION('',(#5183),#5187);
#5183 = LINE('',#5184,#5185);
#5184 = CARTESIAN_POINT('',(0.,0.));
#5185 = VECTOR('',#5186,1.);
#5186 = DIRECTION('',(1.,0.));
#5187 = ( GEOMETRIC_REPRESENTATION_CONTEXT(2) 
PARAMETRIC_REPRESENTATION_CONTEXT() REPRESENTATION_CONTEXT('2D SPACE',''
  ) );
#5188 = ORIENTED_EDGE('',*,*,#5189,.T.);
#5189 = EDGE_CURVE('',#5160,#5190,#5192,.T.);
#5190 = VERTEX_POINT('',#5191);
#5191 = CARTESIAN_POINT('',(27.002501627604,9.679996490479,20.3));
#5192 = SURFACE_CURVE('',#5193,(#5197,#5204),.PCURVE_S1.);
#5193 = B_SPLINE_CURVE_WITH_KNOTS('',2,(#5194,#5195,#5196),
  .UNSPECIFIED.,.F.,.F.,(3,3),(0.,1.),.PIECEWISE_BEZIER_KNOTS.);
#5194 = CARTESIAN_POINT('',(27.167491861979,9.864989980062,20.3));
#5195 = CARTESIAN_POINT('',(27.052501627604,9.864989980062,20.3));
#5196 = CARTESIAN_POINT('',(27.002501627604,9.679996490479,20.3));
#5197 = PCURVE('',#262,#5198);
#5198 = DEFINITIONAL_REPRESENTATION('',(#5199),#5203);
#5199 = B_SPLINE_CURVE_WITH_KNOTS('',2,(#5200,#5201,#5202),
  .UNSPECIFIED.,.F.,.F.,(3,3),(0.,1.),.PIECEWISE_BEZIER_KNOTS.);
#5200 = CARTESIAN_POINT('',(29.167491861979,11.864989980062));
#5201 = CARTESIAN_POINT('',(29.052501627604,11.864989980062));
#5202 = CARTESIAN_POINT('',(29.002501627604,11.679996490479));
#5203 = ( GEOMETRIC_REPRESENTATION_CONTEXT(2) 
PARAMETRIC_REPRESENTATION_CONTEXT() REPRESENTATION_CONTEXT('2D SPACE',''
  ) );
#5204 = PCURVE('',#5205,#5212);
#5205 = SURFACE_OF_LINEAR_EXTRUSION('',#5206,#5210);
#5206 = B_SPLINE_CURVE_WITH_KNOTS('',2,(#5207,#5208,#5209),
  .UNSPECIFIED.,.F.,.F.,(3,3),(0.,1.),.PIECEWISE_BEZIER_KNOTS.);
#5207 = CARTESIAN_POINT('',(27.167491861979,9.864989980062,20.3));
#5208 = CARTESIAN_POINT('',(27.052501627604,9.864989980062,20.3));
#5209 = CARTESIAN_POINT('',(27.002501627604,9.679996490479,20.3));
#5210 = VECTOR('',#5211,1.);
#5211 = DIRECTION('',(0.,0.,1.));
#5212 = DEFINITIONAL_REPRESENTATION('',(#5213),#5217);
#5213 = LINE('',#5214,#5215);
#5214 = CARTESIAN_POINT('',(0.,0.));
#5215 = VECTOR('',#5216,1.);
#5216 = DIRECTION('',(1.,0.));
#5217 = ( GEOMETRIC_REPRESENTATION_CONTEXT(2) 
PARAMETRIC_REPRESENTATION_CONTEXT() REPRESENTATION_CONTEXT('2D SPACE',''
  ) );
#5218 = ORIENTED_EDGE('',*,*,#5219,.T.);
#5219 = EDGE_CURVE('',#5190,#5220,#5222,.T.);
#5220 = VERTEX_POINT('',#5221);
#5221 = CARTESIAN_POINT('',(26.712495117188,9.679996490479,20.3));
#5222 = SURFACE_CURVE('',#5223,(#5227,#5234),.PCURVE_S1.);
#5223 = LINE('',#5224,#5225);
#5224 = CARTESIAN_POINT('',(27.002501627604,9.679996490479,20.3));
#5225 = VECTOR('',#5226,1.);
#5226 = DIRECTION('',(-1.,0.,0.));
#5227 = PCURVE('',#262,#5228);
#5228 = DEFINITIONAL_REPRESENTATION('',(#5229),#5233);
#5229 = LINE('',#5230,#5231);
#5230 = CARTESIAN_POINT('',(29.002501627604,11.679996490479));
#5231 = VECTOR('',#5232,1.);
#5232 = DIRECTION('',(-1.,0.));
#5233 = ( GEOMETRIC_REPRESENTATION_CONTEXT(2) 
PARAMETRIC_REPRESENTATION_CONTEXT() REPRESENTATION_CONTEXT('2D SPACE',''
  ) );
#5234 = PCURVE('',#5235,#5240);
#5235 = PLANE('',#5236);
#5236 = AXIS2_PLACEMENT_3D('',#5237,#5238,#5239);
#5237 = CARTESIAN_POINT('',(27.002501627604,9.679996490479,20.3));
#5238 = DIRECTION('',(0.,1.,0.));
#5239 = DIRECTION('',(-1.,0.,0.));
#5240 = DEFINITIONAL_REPRESENTATION('',(#5241),#5245);
#5241 = LINE('',#5242,#5243);
#5242 = CARTESIAN_POINT('',(0.,0.));
#5243 = VECTOR('',#5244,1.);
#5244 = DIRECTION('',(1.,0.));
#5245 = ( GEOMETRIC_REPRESENTATION_CONTEXT(2) 
PARAMETRIC_REPRESENTATION_CONTEXT() REPRESENTATION_CONTEXT('2D SPACE',''
  ) );
#5246 = ORIENTED_EDGE('',*,*,#5247,.T.);
#5247 = EDGE_CURVE('',#5220,#4950,#5248,.T.);
#5248 = SURFACE_CURVE('',#5249,(#5253,#5260),.PCURVE_S1.);
#5249 = B_SPLINE_CURVE_WITH_KNOTS('',2,(#5250,#5251,#5252),
  .UNSPECIFIED.,.F.,.F.,(3,3),(0.,1.),.PIECEWISE_BEZIER_KNOTS.);
#5250 = CARTESIAN_POINT('',(26.712495117188,9.679996490479,20.3));
#5251 = CARTESIAN_POINT('',(26.752501627604,9.924999745687,20.3));
#5252 = CARTESIAN_POINT('',(26.865001627604,10.05999323527,20.3));
#5253 = PCURVE('',#262,#5254);
#5254 = DEFINITIONAL_REPRESENTATION('',(#5255),#5259);
#5255 = B_SPLINE_CURVE_WITH_KNOTS('',2,(#5256,#5257,#5258),
  .UNSPECIFIED.,.F.,.F.,(3,3),(0.,1.),.PIECEWISE_BEZIER_KNOTS.);
#5256 = CARTESIAN_POINT('',(28.712495117188,11.679996490479));
#5257 = CARTESIAN_POINT('',(28.752501627604,11.924999745687));
#5258 = CARTESIAN_POINT('',(28.865001627604,12.05999323527));
#5259 = ( GEOMETRIC_REPRESENTATION_CONTEXT(2) 
PARAMETRIC_REPRESENTATION_CONTEXT() REPRESENTATION_CONTEXT('2D SPACE',''
  ) );
#5260 = PCURVE('',#5261,#5268);
#5261 = SURFACE_OF_LINEAR_EXTRUSION('',#5262,#5266);
#5262 = B_SPLINE_CURVE_WITH_KNOTS('',2,(#5263,#5264,#5265),
  .UNSPECIFIED.,.F.,.F.,(3,3),(0.,1.),.PIECEWISE_BEZIER_KNOTS.);
#5263 = CARTESIAN_POINT('',(26.712495117188,9.679996490479,20.3));
#5264 = CARTESIAN_POINT('',(26.752501627604,9.924999745687,20.3));
#5265 = CARTESIAN_POINT('',(26.865001627604,10.05999323527,20.3));
#5266 = VECTOR('',#5267,1.);
#5267 = DIRECTION('',(0.,0.,1.));
#5268 = DEFINITIONAL_REPRESENTATION('',(#5269),#5273);
#5269 = LINE('',#5270,#5271);
#5270 = CARTESIAN_POINT('',(0.,0.));
#5271 = VECTOR('',#5272,1.);
#5272 = DIRECTION('',(1.,0.));
#5273 = ( GEOMETRIC_REPRESENTATION_CONTEXT(2) 
PARAMETRIC_REPRESENTATION_CONTEXT() REPRESENTATION_CONTEXT('2D SPACE',''
  ) );
#5274 = FACE_BOUND('',#5275,.T.);
#5275 = EDGE_LOOP('',(#5276));
#5276 = ORIENTED_EDGE('',*,*,#5277,.F.);
#5277 = EDGE_CURVE('',#5278,#5278,#5280,.T.);
#5278 = VERTEX_POINT('',#5279);
#5279 = CARTESIAN_POINT('',(50.2,3.,20.3));
#5280 = SURFACE_CURVE('',#5281,(#5286,#5293),.PCURVE_S1.);
#5281 = CIRCLE('',#5282,2.2);
#5282 = AXIS2_PLACEMENT_3D('',#5283,#5284,#5285);
#5283 = CARTESIAN_POINT('',(48.,3.,20.3));
#5284 = DIRECTION('',(0.,0.,1.));
#5285 = DIRECTION('',(1.,0.,-0.));
#5286 = PCURVE('',#262,#5287);
#5287 = DEFINITIONAL_REPRESENTATION('',(#5288),#5292);
#5288 = CIRCLE('',#5289,2.2);
#5289 = AXIS2_PLACEMENT_2D('',#5290,#5291);
#5290 = CARTESIAN_POINT('',(50.,5.));
#5291 = DIRECTION('',(1.,0.));
#5292 = ( GEOMETRIC_REPRESENTATION_CONTEXT(2) 
PARAMETRIC_REPRESENTATION_CONTEXT() REPRESENTATION_CONTEXT('2D SPACE',''
  ) );
#5293 = PCURVE('',#5294,#5299);
#5294 = CYLINDRICAL_SURFACE('',#5295,2.2);
#5295 = AXIS2_PLACEMENT_3D('',#5296,#5297,#5298);
#5296 = CARTESIAN_POINT('',(48.,3.,18.7));
#5297 = DIRECTION('',(0.,0.,1.));
#5298 = DIRECTION('',(1.,0.,-0.));
#5299 = DEFINITIONAL_REPRESENTATION('',(#5300),#5304);
#5300 = LINE('',#5301,#5302);
#5301 = CARTESIAN_POINT('',(0.,1.6));
#5302 = VECTOR('',#5303,1.);
#5303 = DIRECTION('',(1.,0.));
#5304 = ( GEOMETRIC_REPRESENTATION_CONTEXT(2) 
PARAMETRIC_REPRESENTATION_CONTEXT() REPRESENTATION_CONTEXT('2D SPACE',''
  ) );
#5305 = FACE_BOUND('',#5306,.T.);
#5306 = EDGE_LOOP('',(#5307));
#5307 = ORIENTED_EDGE('',*,*,#5308,.F.);
#5308 = EDGE_CURVE('',#5309,#5309,#5311,.T.);
#5309 = VERTEX_POINT('',#5310);
#5310 = CARTESIAN_POINT('',(59.5,12.,20.3));
#5311 = SURFACE_CURVE('',#5312,(#5317,#5324),.PCURVE_S1.);
#5312 = CIRCLE('',#5313,1.);
#5313 = AXIS2_PLACEMENT_3D('',#5314,#5315,#5316);
#5314 = CARTESIAN_POINT('',(58.5,12.,20.3));
#5315 = DIRECTION('',(0.,0.,1.));
#5316 = DIRECTION('',(1.,0.,-0.));
#5317 = PCURVE('',#262,#5318);
#5318 = DEFINITIONAL_REPRESENTATION('',(#5319),#5323);
#5319 = CIRCLE('',#5320,1.);
#5320 = AXIS2_PLACEMENT_2D('',#5321,#5322);
#5321 = CARTESIAN_POINT('',(60.5,14.));
#5322 = DIRECTION('',(1.,0.));
#5323 = ( GEOMETRIC_REPRESENTATION_CONTEXT(2) 
PARAMETRIC_REPRESENTATION_CONTEXT() REPRESENTATION_CONTEXT('2D SPACE',''
  ) );
#5324 = PCURVE('',#5325,#5330);
#5325 = CYLINDRICAL_SURFACE('',#5326,1.);
#5326 = AXIS2_PLACEMENT_3D('',#5327,#5328,#5329);
#5327 = CARTESIAN_POINT('',(58.5,12.,3.2));
#5328 = DIRECTION('',(0.,0.,1.));
#5329 = DIRECTION('',(1.,0.,-0.));
#5330 = DEFINITIONAL_REPRESENTATION('',(#5331),#5335);
#5331 = LINE('',#5332,#5333);
#5332 = CARTESIAN_POINT('',(0.,17.1));
#5333 = VECTOR('',#5334,1.);
#5334 = DIRECTION('',(1.,0.));
#5335 = ( GEOMETRIC_REPRESENTATION_CONTEXT(2) 
PARAMETRIC_REPRESENTATION_CONTEXT() REPRESENTATION_CONTEXT('2D SPACE',''
  ) );
#5336 = FACE_BOUND('',#5337,.T.);
#5337 = EDGE_LOOP('',(#5338));
#5338 = ORIENTED_EDGE('',*,*,#5339,.F.);
#5339 = EDGE_CURVE('',#5340,#5340,#5342,.T.);
#5340 = VERTEX_POINT('',#5341);
#5341 = CARTESIAN_POINT('',(64.5,12.,20.3));
#5342 = SURFACE_CURVE('',#5343,(#5348,#5355),.PCURVE_S1.);
#5343 = CIRCLE('',#5344,1.);
#5344 = AXIS2_PLACEMENT_3D('',#5345,#5346,#5347);
#5345 = CARTESIAN_POINT('',(63.5,12.,20.3));
#5346 = DIRECTION('',(0.,0.,1.));
#5347 = DIRECTION('',(1.,0.,-0.));
#5348 = PCURVE('',#262,#5349);
#5349 = DEFINITIONAL_REPRESENTATION('',(#5350),#5354);
#5350 = CIRCLE('',#5351,1.);
#5351 = AXIS2_PLACEMENT_2D('',#5352,#5353);
#5352 = CARTESIAN_POINT('',(65.5,14.));
#5353 = DIRECTION('',(1.,0.));
#5354 = ( GEOMETRIC_REPRESENTATION_CONTEXT(2) 
PARAMETRIC_REPRESENTATION_CONTEXT() REPRESENTATION_CONTEXT('2D SPACE',''
  ) );
#5355 = PCURVE('',#5356,#5361);
#5356 = CYLINDRICAL_SURFACE('',#5357,1.);
#5357 = AXIS2_PLACEMENT_3D('',#5358,#5359,#5360);
#5358 = CARTESIAN_POINT('',(63.5,12.,3.2));
#5359 = DIRECTION('',(0.,0.,1.));
#5360 = DIRECTION('',(1.,0.,-0.));
#5361 = DEFINITIONAL_REPRESENTATION('',(#5362),#5366);
#5362 = LINE('',#5363,#5364);
#5363 = CARTESIAN_POINT('',(0.,17.1));
#5364 = VECTOR('',#5365,1.);
#5365 = DIRECTION('',(1.,0.));
#5366 = ( GEOMETRIC_REPRESENTATION_CONTEXT(2) 
PARAMETRIC_REPRESENTATION_CONTEXT() REPRESENTATION_CONTEXT('2D SPACE',''
  ) );
#5367 = FACE_BOUND('',#5368,.T.);
#5368 = EDGE_LOOP('',(#5369));
#5369 = ORIENTED_EDGE('',*,*,#5370,.F.);
#5370 = EDGE_CURVE('',#5371,#5371,#5373,.T.);
#5371 = VERTEX_POINT('',#5372);
#5372 = CARTESIAN_POINT('',(5.2,38.,20.3));
#5373 = SURFACE_CURVE('',#5374,(#5379,#5386),.PCURVE_S1.);
#5374 = CIRCLE('',#5375,2.2);
#5375 = AXIS2_PLACEMENT_3D('',#5376,#5377,#5378);
#5376 = CARTESIAN_POINT('',(3.,38.,20.3));
#5377 = DIRECTION('',(0.,0.,1.));
#5378 = DIRECTION('',(1.,0.,-0.));
#5379 = PCURVE('',#262,#5380);
#5380 = DEFINITIONAL_REPRESENTATION('',(#5381),#5385);
#5381 = CIRCLE('',#5382,2.2);
#5382 = AXIS2_PLACEMENT_2D('',#5383,#5384);
#5383 = CARTESIAN_POINT('',(5.,40.));
#5384 = DIRECTION('',(1.,0.));
#5385 = ( GEOMETRIC_REPRESENTATION_CONTEXT(2) 
PARAMETRIC_REPRESENTATION_CONTEXT() REPRESENTATION_CONTEXT('2D SPACE',''
  ) );
#5386 = PCURVE('',#5387,#5392);
#5387 = CYLINDRICAL_SURFACE('',#5388,2.2);
#5388 = AXIS2_PLACEMENT_3D('',#5389,#5390,#5391);
#5389 = CARTESIAN_POINT('',(3.,38.,18.7));
#5390 = DIRECTION('',(0.,0.,1.));
#5391 = DIRECTION('',(1.,0.,-0.));
#5392 = DEFINITIONAL_REPRESENTATION('',(#5393),#5397);
#5393 = LINE('',#5394,#5395);
#5394 = CARTESIAN_POINT('',(0.,1.6));
#5395 = VECTOR('',#5396,1.);
#5396 = DIRECTION('',(1.,0.));
#5397 = ( GEOMETRIC_REPRESENTATION_CONTEXT(2) 
PARAMETRIC_REPRESENTATION_CONTEXT() REPRESENTATION_CONTEXT('2D SPACE',''
  ) );
#5398 = FACE_BOUND('',#5399,.T.);
#5399 = EDGE_LOOP('',(#5400));
#5400 = ORIENTED_EDGE('',*,*,#5401,.F.);
#5401 = EDGE_CURVE('',#5402,#5402,#5404,.T.);
#5402 = VERTEX_POINT('',#5403);
#5403 = CARTESIAN_POINT('',(39.55,27.469,20.3));
#5404 = SURFACE_CURVE('',#5405,(#5410,#5417),.PCURVE_S1.);
#5405 = CIRCLE('',#5406,0.8);
#5406 = AXIS2_PLACEMENT_3D('',#5407,#5408,#5409);
#5407 = CARTESIAN_POINT('',(38.75,27.469,20.3));
#5408 = DIRECTION('',(0.,0.,1.));
#5409 = DIRECTION('',(1.,0.,-0.));
#5410 = PCURVE('',#262,#5411);
#5411 = DEFINITIONAL_REPRESENTATION('',(#5412),#5416);
#5412 = CIRCLE('',#5413,0.8);
#5413 = AXIS2_PLACEMENT_2D('',#5414,#5415);
#5414 = CARTESIAN_POINT('',(40.75,29.469));
#5415 = DIRECTION('',(1.,0.));
#5416 = ( GEOMETRIC_REPRESENTATION_CONTEXT(2) 
PARAMETRIC_REPRESENTATION_CONTEXT() REPRESENTATION_CONTEXT('2D SPACE',''
  ) );
#5417 = PCURVE('',#1111,#5418);
#5418 = DEFINITIONAL_REPRESENTATION('',(#5419),#5423);
#5419 = LINE('',#5420,#5421);
#5420 = CARTESIAN_POINT('',(0.,3.));
#5421 = VECTOR('',#5422,1.);
#5422 = DIRECTION('',(1.,0.));
#5423 = ( GEOMETRIC_REPRESENTATION_CONTEXT(2) 
PARAMETRIC_REPRESENTATION_CONTEXT() REPRESENTATION_CONTEXT('2D SPACE',''
  ) );
#5424 = FACE_BOUND('',#5425,.T.);
#5425 = EDGE_LOOP('',(#5426));
#5426 = ORIENTED_EDGE('',*,*,#5427,.F.);
#5427 = EDGE_CURVE('',#5428,#5428,#5430,.T.);
#5428 = VERTEX_POINT('',#5429);
#5429 = CARTESIAN_POINT('',(43.05,27.469,20.3));
#5430 = SURFACE_CURVE('',#5431,(#5436,#5443),.PCURVE_S1.);
#5431 = CIRCLE('',#5432,0.8);
#5432 = AXIS2_PLACEMENT_3D('',#5433,#5434,#5435);
#5433 = CARTESIAN_POINT('',(42.25,27.469,20.3));
#5434 = DIRECTION('',(0.,0.,1.));
#5435 = DIRECTION('',(1.,0.,-0.));
#5436 = PCURVE('',#262,#5437);
#5437 = DEFINITIONAL_REPRESENTATION('',(#5438),#5442);
#5438 = CIRCLE('',#5439,0.8);
#5439 = AXIS2_PLACEMENT_2D('',#5440,#5441);
#5440 = CARTESIAN_POINT('',(44.25,29.469));
#5441 = DIRECTION('',(1.,0.));
#5442 = ( GEOMETRIC_REPRESENTATION_CONTEXT(2) 
PARAMETRIC_REPRESENTATION_CONTEXT() REPRESENTATION_CONTEXT('2D SPACE',''
  ) );
#5443 = PCURVE('',#1142,#5444);
#5444 = DEFINITIONAL_REPRESENTATION('',(#5445),#5449);
#5445 = LINE('',#5446,#5447);
#5446 = CARTESIAN_POINT('',(0.,3.));
#5447 = VECTOR('',#5448,1.);
#5448 = DIRECTION('',(1.,0.));
#5449 = ( GEOMETRIC_REPRESENTATION_CONTEXT(2) 
PARAMETRIC_REPRESENTATION_CONTEXT() REPRESENTATION_CONTEXT('2D SPACE',''
  ) );
#5450 = FACE_BOUND('',#5451,.T.);
#5451 = EDGE_LOOP('',(#5452));
#5452 = ORIENTED_EDGE('',*,*,#5453,.F.);
#5453 = EDGE_CURVE('',#5454,#5454,#5456,.T.);
#5454 = VERTEX_POINT('',#5455);
#5455 = CARTESIAN_POINT('',(37.8,30.5,20.3));
#5456 = SURFACE_CURVE('',#5457,(#5462,#5469),.PCURVE_S1.);
#5457 = CIRCLE('',#5458,0.8);
#5458 = AXIS2_PLACEMENT_3D('',#5459,#5460,#5461);
#5459 = CARTESIAN_POINT('',(37.,30.5,20.3));
#5460 = DIRECTION('',(0.,0.,1.));
#5461 = DIRECTION('',(1.,0.,-0.));
#5462 = PCURVE('',#262,#5463);
#5463 = DEFINITIONAL_REPRESENTATION('',(#5464),#5468);
#5464 = CIRCLE('',#5465,0.8);
#5465 = AXIS2_PLACEMENT_2D('',#5466,#5467);
#5466 = CARTESIAN_POINT('',(39.,32.5));
#5467 = DIRECTION('',(1.,0.));
#5468 = ( GEOMETRIC_REPRESENTATION_CONTEXT(2) 
PARAMETRIC_REPRESENTATION_CONTEXT() REPRESENTATION_CONTEXT('2D SPACE',''
  ) );
#5469 = PCURVE('',#1173,#5470);
#5470 = DEFINITIONAL_REPRESENTATION('',(#5471),#5475);
#5471 = LINE('',#5472,#5473);
#5472 = CARTESIAN_POINT('',(0.,3.));
#5473 = VECTOR('',#5474,1.);
#5474 = DIRECTION('',(1.,0.));
#5475 = ( GEOMETRIC_REPRESENTATION_CONTEXT(2) 
PARAMETRIC_REPRESENTATION_CONTEXT() REPRESENTATION_CONTEXT('2D SPACE',''
  ) );
#5476 = FACE_BOUND('',#5477,.T.);
#5477 = EDGE_LOOP('',(#5478));
#5478 = ORIENTED_EDGE('',*,*,#5479,.F.);
#5479 = EDGE_CURVE('',#5480,#5480,#5482,.T.);
#5480 = VERTEX_POINT('',#5481);
#5481 = CARTESIAN_POINT('',(41.3,30.5,20.3));
#5482 = SURFACE_CURVE('',#5483,(#5488,#5495),.PCURVE_S1.);
#5483 = CIRCLE('',#5484,0.8);
#5484 = AXIS2_PLACEMENT_3D('',#5485,#5486,#5487);
#5485 = CARTESIAN_POINT('',(40.5,30.5,20.3));
#5486 = DIRECTION('',(0.,0.,1.));
#5487 = DIRECTION('',(1.,0.,-0.));
#5488 = PCURVE('',#262,#5489);
#5489 = DEFINITIONAL_REPRESENTATION('',(#5490),#5494);
#5490 = CIRCLE('',#5491,0.8);
#5491 = AXIS2_PLACEMENT_2D('',#5492,#5493);
#5492 = CARTESIAN_POINT('',(42.5,32.5));
#5493 = DIRECTION('',(1.,0.));
#5494 = ( GEOMETRIC_REPRESENTATION_CONTEXT(2) 
PARAMETRIC_REPRESENTATION_CONTEXT() REPRESENTATION_CONTEXT('2D SPACE',''
  ) );
#5495 = PCURVE('',#1204,#5496);
#5496 = DEFINITIONAL_REPRESENTATION('',(#5497),#5501);
#5497 = LINE('',#5498,#5499);
#5498 = CARTESIAN_POINT('',(0.,3.));
#5499 = VECTOR('',#5500,1.);
#5500 = DIRECTION('',(1.,0.));
#5501 = ( GEOMETRIC_REPRESENTATION_CONTEXT(2) 
PARAMETRIC_REPRESENTATION_CONTEXT() REPRESENTATION_CONTEXT('2D SPACE',''
  ) );
#5502 = FACE_BOUND('',#5503,.T.);
#5503 = EDGE_LOOP('',(#5504));
#5504 = ORIENTED_EDGE('',*,*,#5505,.F.);
#5505 = EDGE_CURVE('',#5506,#5506,#5508,.T.);
#5506 = VERTEX_POINT('',#5507);
#5507 = CARTESIAN_POINT('',(39.55,33.531,20.3));
#5508 = SURFACE_CURVE('',#5509,(#5514,#5521),.PCURVE_S1.);
#5509 = CIRCLE('',#5510,0.8);
#5510 = AXIS2_PLACEMENT_3D('',#5511,#5512,#5513);
#5511 = CARTESIAN_POINT('',(38.75,33.531,20.3));
#5512 = DIRECTION('',(0.,0.,1.));
#5513 = DIRECTION('',(1.,0.,-0.));
#5514 = PCURVE('',#262,#5515);
#5515 = DEFINITIONAL_REPRESENTATION('',(#5516),#5520);
#5516 = CIRCLE('',#5517,0.8);
#5517 = AXIS2_PLACEMENT_2D('',#5518,#5519);
#5518 = CARTESIAN_POINT('',(40.75,35.531));
#5519 = DIRECTION('',(1.,0.));
#5520 = ( GEOMETRIC_REPRESENTATION_CONTEXT(2) 
PARAMETRIC_REPRESENTATION_CONTEXT() REPRESENTATION_CONTEXT('2D SPACE',''
  ) );
#5521 = PCURVE('',#1266,#5522);
#5522 = DEFINITIONAL_REPRESENTATION('',(#5523),#5527);
#5523 = LINE('',#5524,#5525);
#5524 = CARTESIAN_POINT('',(0.,3.));
#5525 = VECTOR('',#5526,1.);
#5526 = DIRECTION('',(1.,0.));
#5527 = ( GEOMETRIC_REPRESENTATION_CONTEXT(2) 
PARAMETRIC_REPRESENTATION_CONTEXT() REPRESENTATION_CONTEXT('2D SPACE',''
  ) );
#5528 = FACE_BOUND('',#5529,.T.);
#5529 = EDGE_LOOP('',(#5530));
#5530 = ORIENTED_EDGE('',*,*,#5531,.F.);
#5531 = EDGE_CURVE('',#5532,#5532,#5534,.T.);
#5532 = VERTEX_POINT('',#5533);
#5533 = CARTESIAN_POINT('',(44.8,30.5,20.3));
#5534 = SURFACE_CURVE('',#5535,(#5540,#5547),.PCURVE_S1.);
#5535 = CIRCLE('',#5536,0.8);
#5536 = AXIS2_PLACEMENT_3D('',#5537,#5538,#5539);
#5537 = CARTESIAN_POINT('',(44.,30.5,20.3));
#5538 = DIRECTION('',(0.,0.,1.));
#5539 = DIRECTION('',(1.,0.,-0.));
#5540 = PCURVE('',#262,#5541);
#5541 = DEFINITIONAL_REPRESENTATION('',(#5542),#5546);
#5542 = CIRCLE('',#5543,0.8);
#5543 = AXIS2_PLACEMENT_2D('',#5544,#5545);
#5544 = CARTESIAN_POINT('',(46.,32.5));
#5545 = DIRECTION('',(1.,0.));
#5546 = ( GEOMETRIC_REPRESENTATION_CONTEXT(2) 
PARAMETRIC_REPRESENTATION_CONTEXT() REPRESENTATION_CONTEXT('2D SPACE',''
  ) );
#5547 = PCURVE('',#1235,#5548);
#5548 = DEFINITIONAL_REPRESENTATION('',(#5549),#5553);
#5549 = LINE('',#5550,#5551);
#5550 = CARTESIAN_POINT('',(0.,3.));
#5551 = VECTOR('',#5552,1.);
#5552 = DIRECTION('',(1.,0.));
#5553 = ( GEOMETRIC_REPRESENTATION_CONTEXT(2) 
PARAMETRIC_REPRESENTATION_CONTEXT() REPRESENTATION_CONTEXT('2D SPACE',''
  ) );
#5554 = FACE_BOUND('',#5555,.T.);
#5555 = EDGE_LOOP('',(#5556));
#5556 = ORIENTED_EDGE('',*,*,#5557,.F.);
#5557 = EDGE_CURVE('',#5558,#5558,#5560,.T.);
#5558 = VERTEX_POINT('',#5559);
#5559 = CARTESIAN_POINT('',(43.05,33.531,20.3));
#5560 = SURFACE_CURVE('',#5561,(#5566,#5573),.PCURVE_S1.);
#5561 = CIRCLE('',#5562,0.8);
#5562 = AXIS2_PLACEMENT_3D('',#5563,#5564,#5565);
#5563 = CARTESIAN_POINT('',(42.25,33.531,20.3));
#5564 = DIRECTION('',(0.,0.,1.));
#5565 = DIRECTION('',(1.,0.,-0.));
#5566 = PCURVE('',#262,#5567);
#5567 = DEFINITIONAL_REPRESENTATION('',(#5568),#5572);
#5568 = CIRCLE('',#5569,0.8);
#5569 = AXIS2_PLACEMENT_2D('',#5570,#5571);
#5570 = CARTESIAN_POINT('',(44.25,35.531));
#5571 = DIRECTION('',(1.,0.));
#5572 = ( GEOMETRIC_REPRESENTATION_CONTEXT(2) 
PARAMETRIC_REPRESENTATION_CONTEXT() REPRESENTATION_CONTEXT('2D SPACE',''
  ) );
#5573 = PCURVE('',#1297,#5574);
#5574 = DEFINITIONAL_REPRESENTATION('',(#5575),#5579);
#5575 = LINE('',#5576,#5577);
#5576 = CARTESIAN_POINT('',(0.,3.));
#5577 = VECTOR('',#5578,1.);
#5578 = DIRECTION('',(1.,0.));
#5579 = ( GEOMETRIC_REPRESENTATION_CONTEXT(2) 
PARAMETRIC_REPRESENTATION_CONTEXT() REPRESENTATION_CONTEXT('2D SPACE',''
  ) );
#5580 = FACE_BOUND('',#5581,.T.);
#5581 = EDGE_LOOP('',(#5582));
#5582 = ORIENTED_EDGE('',*,*,#5583,.F.);
#5583 = EDGE_CURVE('',#5584,#5584,#5586,.T.);
#5584 = VERTEX_POINT('',#5585);
#5585 = CARTESIAN_POINT('',(50.2,38.,20.3));
#5586 = SURFACE_CURVE('',#5587,(#5592,#5599),.PCURVE_S1.);
#5587 = CIRCLE('',#5588,2.2);
#5588 = AXIS2_PLACEMENT_3D('',#5589,#5590,#5591);
#5589 = CARTESIAN_POINT('',(48.,38.,20.3));
#5590 = DIRECTION('',(0.,0.,1.));
#5591 = DIRECTION('',(1.,0.,-0.));
#5592 = PCURVE('',#262,#5593);
#5593 = DEFINITIONAL_REPRESENTATION('',(#5594),#5598);
#5594 = CIRCLE('',#5595,2.2);
#5595 = AXIS2_PLACEMENT_2D('',#5596,#5597);
#5596 = CARTESIAN_POINT('',(50.,40.));
#5597 = DIRECTION('',(1.,0.));
#5598 = ( GEOMETRIC_REPRESENTATION_CONTEXT(2) 
PARAMETRIC_REPRESENTATION_CONTEXT() REPRESENTATION_CONTEXT('2D SPACE',''
  ) );
#5599 = PCURVE('',#5600,#5605);
#5600 = CYLINDRICAL_SURFACE('',#5601,2.2);
#5601 = AXIS2_PLACEMENT_3D('',#5602,#5603,#5604);
#5602 = CARTESIAN_POINT('',(48.,38.,18.7));
#5603 = DIRECTION('',(0.,0.,1.));
#5604 = DIRECTION('',(1.,0.,-0.));
#5605 = DEFINITIONAL_REPRESENTATION('',(#5606),#5610);
#5606 = LINE('',#5607,#5608);
#5607 = CARTESIAN_POINT('',(0.,1.6));
#5608 = VECTOR('',#5609,1.);
#5609 = DIRECTION('',(1.,0.));
#5610 = ( GEOMETRIC_REPRESENTATION_CONTEXT(2) 
PARAMETRIC_REPRESENTATION_CONTEXT() REPRESENTATION_CONTEXT('2D SPACE',''
  ) );
#5611 = ADVANCED_FACE('',(#5612),#288,.T.);
#5612 = FACE_BOUND('',#5613,.F.);
#5613 = EDGE_LOOP('',(#5614,#5615,#5616,#5636));
#5614 = ORIENTED_EDGE('',*,*,#274,.F.);
#5615 = ORIENTED_EDGE('',*,*,#1337,.T.);
#5616 = ORIENTED_EDGE('',*,*,#5617,.T.);
#5617 = EDGE_CURVE('',#1315,#1589,#5618,.T.);
#5618 = SURFACE_CURVE('',#5619,(#5624,#5630),.PCURVE_S1.);
#5619 = CIRCLE('',#5620,1.2);
#5620 = AXIS2_PLACEMENT_3D('',#5621,#5622,#5623);
#5621 = CARTESIAN_POINT('',(2.,41.8,19.1));
#5622 = DIRECTION('',(1.,6.123233995737E-17,-0.));
#5623 = DIRECTION('',(-6.123233995737E-17,1.,0.));
#5624 = PCURVE('',#288,#5625);
#5625 = DEFINITIONAL_REPRESENTATION('',(#5626),#5629);
#5626 = B_SPLINE_CURVE_WITH_KNOTS('',1,(#5627,#5628),.UNSPECIFIED.,.F.,
  .F.,(2,2),(0.,1.570796326795),.PIECEWISE_BEZIER_KNOTS.);
#5627 = CARTESIAN_POINT('',(-1.570796326795,0.));
#5628 = CARTESIAN_POINT('',(-1.570796326795,1.570796326795));
#5629 = ( GEOMETRIC_REPRESENTATION_CONTEXT(2) 
PARAMETRIC_REPRESENTATION_CONTEXT() REPRESENTATION_CONTEXT('2D SPACE',''
  ) );
#5630 = PCURVE('',#1604,#5631);
#5631 = DEFINITIONAL_REPRESENTATION('',(#5632),#5635);
#5632 = B_SPLINE_CURVE_WITH_KNOTS('',1,(#5633,#5634),.UNSPECIFIED.,.F.,
  .F.,(2,2),(0.,1.570796326795),.PIECEWISE_BEZIER_KNOTS.);
#5633 = CARTESIAN_POINT('',(0.,0.));
#5634 = CARTESIAN_POINT('',(1.570796326795,0.));
#5635 = ( GEOMETRIC_REPRESENTATION_CONTEXT(2) 
PARAMETRIC_REPRESENTATION_CONTEXT() REPRESENTATION_CONTEXT('2D SPACE',''
  ) );
#5636 = ORIENTED_EDGE('',*,*,#1616,.F.);
#5637 = ADVANCED_FACE('',(#5638),#434,.T.);
#5638 = FACE_BOUND('',#5639,.T.);
#5639 = EDGE_LOOP('',(#5640,#5641,#5664,#5685));
#5640 = ORIENTED_EDGE('',*,*,#1314,.T.);
#5641 = ORIENTED_EDGE('',*,*,#5642,.T.);
#5642 = EDGE_CURVE('',#1315,#5643,#5645,.T.);
#5643 = VERTEX_POINT('',#5644);
#5644 = CARTESIAN_POINT('',(68.,43.,19.1));
#5645 = SURFACE_CURVE('',#5646,(#5650,#5657),.PCURVE_S1.);
#5646 = LINE('',#5647,#5648);
#5647 = CARTESIAN_POINT('',(2.,43.,19.1));
#5648 = VECTOR('',#5649,1.);
#5649 = DIRECTION('',(1.,0.,0.));
#5650 = PCURVE('',#434,#5651);
#5651 = DEFINITIONAL_REPRESENTATION('',(#5652),#5656);
#5652 = LINE('',#5653,#5654);
#5653 = CARTESIAN_POINT('',(0.8,4.));
#5654 = VECTOR('',#5655,1.);
#5655 = DIRECTION('',(0.,1.));
#5656 = ( GEOMETRIC_REPRESENTATION_CONTEXT(2) 
PARAMETRIC_REPRESENTATION_CONTEXT() REPRESENTATION_CONTEXT('2D SPACE',''
  ) );
#5657 = PCURVE('',#1604,#5658);
#5658 = DEFINITIONAL_REPRESENTATION('',(#5659),#5663);
#5659 = LINE('',#5660,#5661);
#5660 = CARTESIAN_POINT('',(0.,0.));
#5661 = VECTOR('',#5662,1.);
#5662 = DIRECTION('',(0.,1.));
#5663 = ( GEOMETRIC_REPRESENTATION_CONTEXT(2) 
PARAMETRIC_REPRESENTATION_CONTEXT() REPRESENTATION_CONTEXT('2D SPACE',''
  ) );
#5664 = ORIENTED_EDGE('',*,*,#5665,.F.);
#5665 = EDGE_CURVE('',#390,#5643,#5666,.T.);
#5666 = SURFACE_CURVE('',#5667,(#5671,#5678),.PCURVE_S1.);
#5667 = LINE('',#5668,#5669);
#5668 = CARTESIAN_POINT('',(68.,43.,18.3));
#5669 = VECTOR('',#5670,1.);
#5670 = DIRECTION('',(0.,0.,1.));
#5671 = PCURVE('',#434,#5672);
#5672 = DEFINITIONAL_REPRESENTATION('',(#5673),#5677);
#5673 = LINE('',#5674,#5675);
#5674 = CARTESIAN_POINT('',(0.,70.));
#5675 = VECTOR('',#5676,1.);
#5676 = DIRECTION('',(1.,0.));
#5677 = ( GEOMETRIC_REPRESENTATION_CONTEXT(2) 
PARAMETRIC_REPRESENTATION_CONTEXT() REPRESENTATION_CONTEXT('2D SPACE',''
  ) );
#5678 = PCURVE('',#406,#5679);
#5679 = DEFINITIONAL_REPRESENTATION('',(#5680),#5684);
#5680 = LINE('',#5681,#5682);
#5681 = CARTESIAN_POINT('',(1.570796326795,0.));
#5682 = VECTOR('',#5683,1.);
#5683 = DIRECTION('',(0.,1.));
#5684 = ( GEOMETRIC_REPRESENTATION_CONTEXT(2) 
PARAMETRIC_REPRESENTATION_CONTEXT() REPRESENTATION_CONTEXT('2D SPACE',''
  ) );
#5685 = ORIENTED_EDGE('',*,*,#418,.F.);
#5686 = ADVANCED_FACE('',(#5687),#349,.T.);
#5687 = FACE_BOUND('',#5688,.F.);
#5688 = EDGE_LOOP('',(#5689,#5712,#5713,#5714));
#5689 = ORIENTED_EDGE('',*,*,#5690,.F.);
#5690 = EDGE_CURVE('',#329,#5691,#5693,.T.);
#5691 = VERTEX_POINT('',#5692);
#5692 = CARTESIAN_POINT('',(72.,2.,19.1));
#5693 = SURFACE_CURVE('',#5694,(#5698,#5705),.PCURVE_S1.);
#5694 = LINE('',#5695,#5696);
#5695 = CARTESIAN_POINT('',(72.,2.,18.3));
#5696 = VECTOR('',#5697,1.);
#5697 = DIRECTION('',(0.,0.,1.));
#5698 = PCURVE('',#349,#5699);
#5699 = DEFINITIONAL_REPRESENTATION('',(#5700),#5704);
#5700 = LINE('',#5701,#5702);
#5701 = CARTESIAN_POINT('',(-0.,0.));
#5702 = VECTOR('',#5703,1.);
#5703 = DIRECTION('',(-0.,1.));
#5704 = ( GEOMETRIC_REPRESENTATION_CONTEXT(2) 
PARAMETRIC_REPRESENTATION_CONTEXT() REPRESENTATION_CONTEXT('2D SPACE',''
  ) );
#5705 = PCURVE('',#377,#5706);
#5706 = DEFINITIONAL_REPRESENTATION('',(#5707),#5711);
#5707 = LINE('',#5708,#5709);
#5708 = CARTESIAN_POINT('',(0.,-4.));
#5709 = VECTOR('',#5710,1.);
#5710 = DIRECTION('',(1.,0.));
#5711 = ( GEOMETRIC_REPRESENTATION_CONTEXT(2) 
PARAMETRIC_REPRESENTATION_CONTEXT() REPRESENTATION_CONTEXT('2D SPACE',''
  ) );
#5712 = ORIENTED_EDGE('',*,*,#328,.T.);
#5713 = ORIENTED_EDGE('',*,*,#1444,.T.);
#5714 = ORIENTED_EDGE('',*,*,#5715,.F.);
#5715 = EDGE_CURVE('',#5691,#1422,#5716,.T.);
#5716 = SURFACE_CURVE('',#5717,(#5722,#5729),.PCURVE_S1.);
#5717 = CIRCLE('',#5718,4.);
#5718 = AXIS2_PLACEMENT_3D('',#5719,#5720,#5721);
#5719 = CARTESIAN_POINT('',(68.,2.,19.1));
#5720 = DIRECTION('',(0.,-0.,-1.));
#5721 = DIRECTION('',(1.,0.,-0.));
#5722 = PCURVE('',#349,#5723);
#5723 = DEFINITIONAL_REPRESENTATION('',(#5724),#5728);
#5724 = LINE('',#5725,#5726);
#5725 = CARTESIAN_POINT('',(-0.,0.8));
#5726 = VECTOR('',#5727,1.);
#5727 = DIRECTION('',(-1.,0.));
#5728 = ( GEOMETRIC_REPRESENTATION_CONTEXT(2) 
PARAMETRIC_REPRESENTATION_CONTEXT() REPRESENTATION_CONTEXT('2D SPACE',''
  ) );
#5729 = PCURVE('',#1515,#5730);
#5730 = DEFINITIONAL_REPRESENTATION('',(#5731),#5735);
#5731 = LINE('',#5732,#5733);
#5732 = CARTESIAN_POINT('',(-0.,0.));
#5733 = VECTOR('',#5734,1.);
#5734 = DIRECTION('',(-1.,0.));
#5735 = ( GEOMETRIC_REPRESENTATION_CONTEXT(2) 
PARAMETRIC_REPRESENTATION_CONTEXT() REPRESENTATION_CONTEXT('2D SPACE',''
  ) );
#5736 = ADVANCED_FACE('',(#5737),#406,.T.);
#5737 = FACE_BOUND('',#5738,.T.);
#5738 = EDGE_LOOP('',(#5739,#5762,#5763,#5764));
#5739 = ORIENTED_EDGE('',*,*,#5740,.F.);
#5740 = EDGE_CURVE('',#362,#5741,#5743,.T.);
#5741 = VERTEX_POINT('',#5742);
#5742 = CARTESIAN_POINT('',(72.,39.,19.1));
#5743 = SURFACE_CURVE('',#5744,(#5748,#5755),.PCURVE_S1.);
#5744 = LINE('',#5745,#5746);
#5745 = CARTESIAN_POINT('',(72.,39.,18.3));
#5746 = VECTOR('',#5747,1.);
#5747 = DIRECTION('',(0.,0.,1.));
#5748 = PCURVE('',#406,#5749);
#5749 = DEFINITIONAL_REPRESENTATION('',(#5750),#5754);
#5750 = LINE('',#5751,#5752);
#5751 = CARTESIAN_POINT('',(0.,0.));
#5752 = VECTOR('',#5753,1.);
#5753 = DIRECTION('',(0.,1.));
#5754 = ( GEOMETRIC_REPRESENTATION_CONTEXT(2) 
PARAMETRIC_REPRESENTATION_CONTEXT() REPRESENTATION_CONTEXT('2D SPACE',''
  ) );
#5755 = PCURVE('',#377,#5756);
#5756 = DEFINITIONAL_REPRESENTATION('',(#5757),#5761);
#5757 = LINE('',#5758,#5759);
#5758 = CARTESIAN_POINT('',(0.,-41.));
#5759 = VECTOR('',#5760,1.);
#5760 = DIRECTION('',(1.,0.));
#5761 = ( GEOMETRIC_REPRESENTATION_CONTEXT(2) 
PARAMETRIC_REPRESENTATION_CONTEXT() REPRESENTATION_CONTEXT('2D SPACE',''
  ) );
#5762 = ORIENTED_EDGE('',*,*,#389,.T.);
#5763 = ORIENTED_EDGE('',*,*,#5665,.T.);
#5764 = ORIENTED_EDGE('',*,*,#5765,.T.);
#5765 = EDGE_CURVE('',#5643,#5741,#5766,.T.);
#5766 = SURFACE_CURVE('',#5767,(#5772,#5779),.PCURVE_S1.);
#5767 = CIRCLE('',#5768,4.);
#5768 = AXIS2_PLACEMENT_3D('',#5769,#5770,#5771);
#5769 = CARTESIAN_POINT('',(68.,39.,19.1));
#5770 = DIRECTION('',(0.,-0.,-1.));
#5771 = DIRECTION('',(0.,1.,-0.));
#5772 = PCURVE('',#406,#5773);
#5773 = DEFINITIONAL_REPRESENTATION('',(#5774),#5778);
#5774 = LINE('',#5775,#5776);
#5775 = CARTESIAN_POINT('',(1.570796326795,0.8));
#5776 = VECTOR('',#5777,1.);
#5777 = DIRECTION('',(-1.,-0.));
#5778 = ( GEOMETRIC_REPRESENTATION_CONTEXT(2) 
PARAMETRIC_REPRESENTATION_CONTEXT() REPRESENTATION_CONTEXT('2D SPACE',''
  ) );
#5779 = PCURVE('',#1576,#5780);
#5780 = DEFINITIONAL_REPRESENTATION('',(#5781),#5785);
#5781 = LINE('',#5782,#5783);
#5782 = CARTESIAN_POINT('',(-0.,0.));
#5783 = VECTOR('',#5784,1.);
#5784 = DIRECTION('',(-1.,0.));
#5785 = ( GEOMETRIC_REPRESENTATION_CONTEXT(2) 
PARAMETRIC_REPRESENTATION_CONTEXT() REPRESENTATION_CONTEXT('2D SPACE',''
  ) );
#5786 = ADVANCED_FACE('',(#5787),#377,.T.);
#5787 = FACE_BOUND('',#5788,.T.);
#5788 = EDGE_LOOP('',(#5789,#5790,#5791,#5792));
#5789 = ORIENTED_EDGE('',*,*,#5690,.F.);
#5790 = ORIENTED_EDGE('',*,*,#361,.T.);
#5791 = ORIENTED_EDGE('',*,*,#5740,.T.);
#5792 = ORIENTED_EDGE('',*,*,#5793,.T.);
#5793 = EDGE_CURVE('',#5741,#5691,#5794,.T.);
#5794 = SURFACE_CURVE('',#5795,(#5799,#5806),.PCURVE_S1.);
#5795 = LINE('',#5796,#5797);
#5796 = CARTESIAN_POINT('',(72.,39.,19.1));
#5797 = VECTOR('',#5798,1.);
#5798 = DIRECTION('',(-0.,-1.,-0.));
#5799 = PCURVE('',#377,#5800);
#5800 = DEFINITIONAL_REPRESENTATION('',(#5801),#5805);
#5801 = LINE('',#5802,#5803);
#5802 = CARTESIAN_POINT('',(0.8,-41.));
#5803 = VECTOR('',#5804,1.);
#5804 = DIRECTION('',(-0.,1.));
#5805 = ( GEOMETRIC_REPRESENTATION_CONTEXT(2) 
PARAMETRIC_REPRESENTATION_CONTEXT() REPRESENTATION_CONTEXT('2D SPACE',''
  ) );
#5806 = PCURVE('',#1543,#5807);
#5807 = DEFINITIONAL_REPRESENTATION('',(#5808),#5812);
#5808 = LINE('',#5809,#5810);
#5809 = CARTESIAN_POINT('',(0.,0.));
#5810 = VECTOR('',#5811,1.);
#5811 = DIRECTION('',(0.,1.));
#5812 = ( GEOMETRIC_REPRESENTATION_CONTEXT(2) 
PARAMETRIC_REPRESENTATION_CONTEXT() REPRESENTATION_CONTEXT('2D SPACE',''
  ) );
#5813 = ADVANCED_FACE('',(#5814),#492,.T.);
#5814 = FACE_BOUND('',#5815,.T.);
#5815 = EDGE_LOOP('',(#5816,#5839,#5867,#5888));
#5816 = ORIENTED_EDGE('',*,*,#5817,.F.);
#5817 = EDGE_CURVE('',#5818,#475,#5820,.T.);
#5818 = VERTEX_POINT('',#5819);
#5819 = CARTESIAN_POINT('',(66.,0.2,15.8));
#5820 = SURFACE_CURVE('',#5821,(#5825,#5832),.PCURVE_S1.);
#5821 = LINE('',#5822,#5823);
#5822 = CARTESIAN_POINT('',(66.,0.2,15.8));
#5823 = VECTOR('',#5824,1.);
#5824 = DIRECTION('',(0.,0.,1.));
#5825 = PCURVE('',#492,#5826);
#5826 = DEFINITIONAL_REPRESENTATION('',(#5827),#5831);
#5827 = LINE('',#5828,#5829);
#5828 = CARTESIAN_POINT('',(0.,0.));
#5829 = VECTOR('',#5830,1.);
#5830 = DIRECTION('',(1.,0.));
#5831 = ( GEOMETRIC_REPRESENTATION_CONTEXT(2) 
PARAMETRIC_REPRESENTATION_CONTEXT() REPRESENTATION_CONTEXT('2D SPACE',''
  ) );
#5832 = PCURVE('',#520,#5833);
#5833 = DEFINITIONAL_REPRESENTATION('',(#5834),#5838);
#5834 = LINE('',#5835,#5836);
#5835 = CARTESIAN_POINT('',(0.,62.));
#5836 = VECTOR('',#5837,1.);
#5837 = DIRECTION('',(1.,0.));
#5838 = ( GEOMETRIC_REPRESENTATION_CONTEXT(2) 
PARAMETRIC_REPRESENTATION_CONTEXT() REPRESENTATION_CONTEXT('2D SPACE',''
  ) );
#5839 = ORIENTED_EDGE('',*,*,#5840,.T.);
#5840 = EDGE_CURVE('',#5818,#5841,#5843,.T.);
#5841 = VERTEX_POINT('',#5842);
#5842 = CARTESIAN_POINT('',(66.,1.,15.8));
#5843 = SURFACE_CURVE('',#5844,(#5848,#5855),.PCURVE_S1.);
#5844 = LINE('',#5845,#5846);
#5845 = CARTESIAN_POINT('',(66.,0.2,15.8));
#5846 = VECTOR('',#5847,1.);
#5847 = DIRECTION('',(0.,1.,0.));
#5848 = PCURVE('',#492,#5849);
#5849 = DEFINITIONAL_REPRESENTATION('',(#5850),#5854);
#5850 = LINE('',#5851,#5852);
#5851 = CARTESIAN_POINT('',(0.,0.));
#5852 = VECTOR('',#5853,1.);
#5853 = DIRECTION('',(0.,-1.));
#5854 = ( GEOMETRIC_REPRESENTATION_CONTEXT(2) 
PARAMETRIC_REPRESENTATION_CONTEXT() REPRESENTATION_CONTEXT('2D SPACE',''
  ) );
#5855 = PCURVE('',#5856,#5861);
#5856 = PLANE('',#5857);
#5857 = AXIS2_PLACEMENT_3D('',#5858,#5859,#5860);
#5858 = CARTESIAN_POINT('',(4.,0.2,15.8));
#5859 = DIRECTION('',(0.,0.,1.));
#5860 = DIRECTION('',(1.,0.,0.));
#5861 = DEFINITIONAL_REPRESENTATION('',(#5862),#5866);
#5862 = LINE('',#5863,#5864);
#5863 = CARTESIAN_POINT('',(62.,0.));
#5864 = VECTOR('',#5865,1.);
#5865 = DIRECTION('',(0.,1.));
#5866 = ( GEOMETRIC_REPRESENTATION_CONTEXT(2) 
PARAMETRIC_REPRESENTATION_CONTEXT() REPRESENTATION_CONTEXT('2D SPACE',''
  ) );
#5867 = ORIENTED_EDGE('',*,*,#5868,.T.);
#5868 = EDGE_CURVE('',#5841,#477,#5869,.T.);
#5869 = SURFACE_CURVE('',#5870,(#5874,#5881),.PCURVE_S1.);
#5870 = LINE('',#5871,#5872);
#5871 = CARTESIAN_POINT('',(66.,1.,15.8));
#5872 = VECTOR('',#5873,1.);
#5873 = DIRECTION('',(0.,0.,1.));
#5874 = PCURVE('',#492,#5875);
#5875 = DEFINITIONAL_REPRESENTATION('',(#5876),#5880);
#5876 = LINE('',#5877,#5878);
#5877 = CARTESIAN_POINT('',(0.,-0.8));
#5878 = VECTOR('',#5879,1.);
#5879 = DIRECTION('',(1.,0.));
#5880 = ( GEOMETRIC_REPRESENTATION_CONTEXT(2) 
PARAMETRIC_REPRESENTATION_CONTEXT() REPRESENTATION_CONTEXT('2D SPACE',''
  ) );
#5881 = PCURVE('',#708,#5882);
#5882 = DEFINITIONAL_REPRESENTATION('',(#5883),#5887);
#5883 = LINE('',#5884,#5885);
#5884 = CARTESIAN_POINT('',(0.,62.));
#5885 = VECTOR('',#5886,1.);
#5886 = DIRECTION('',(1.,0.));
#5887 = ( GEOMETRIC_REPRESENTATION_CONTEXT(2) 
PARAMETRIC_REPRESENTATION_CONTEXT() REPRESENTATION_CONTEXT('2D SPACE',''
  ) );
#5888 = ORIENTED_EDGE('',*,*,#474,.F.);
#5889 = ADVANCED_FACE('',(#5890),#708,.T.);
#5890 = FACE_BOUND('',#5891,.T.);
#5891 = EDGE_LOOP('',(#5892,#5915,#5934,#5935));
#5892 = ORIENTED_EDGE('',*,*,#5893,.F.);
#5893 = EDGE_CURVE('',#5894,#5841,#5896,.T.);
#5894 = VERTEX_POINT('',#5895);
#5895 = CARTESIAN_POINT('',(49.5,1.,15.8));
#5896 = SURFACE_CURVE('',#5897,(#5901,#5908),.PCURVE_S1.);
#5897 = LINE('',#5898,#5899);
#5898 = CARTESIAN_POINT('',(4.,1.,15.8));
#5899 = VECTOR('',#5900,1.);
#5900 = DIRECTION('',(1.,0.,0.));
#5901 = PCURVE('',#708,#5902);
#5902 = DEFINITIONAL_REPRESENTATION('',(#5903),#5907);
#5903 = LINE('',#5904,#5905);
#5904 = CARTESIAN_POINT('',(0.,0.));
#5905 = VECTOR('',#5906,1.);
#5906 = DIRECTION('',(0.,1.));
#5907 = ( GEOMETRIC_REPRESENTATION_CONTEXT(2) 
PARAMETRIC_REPRESENTATION_CONTEXT() REPRESENTATION_CONTEXT('2D SPACE',''
  ) );
#5908 = PCURVE('',#5856,#5909);
#5909 = DEFINITIONAL_REPRESENTATION('',(#5910),#5914);
#5910 = LINE('',#5911,#5912);
#5911 = CARTESIAN_POINT('',(0.,0.8));
#5912 = VECTOR('',#5913,1.);
#5913 = DIRECTION('',(1.,0.));
#5914 = ( GEOMETRIC_REPRESENTATION_CONTEXT(2) 
PARAMETRIC_REPRESENTATION_CONTEXT() REPRESENTATION_CONTEXT('2D SPACE',''
  ) );
#5915 = ORIENTED_EDGE('',*,*,#5916,.T.);
#5916 = EDGE_CURVE('',#5894,#671,#5917,.T.);
#5917 = SURFACE_CURVE('',#5918,(#5922,#5928),.PCURVE_S1.);
#5918 = LINE('',#5919,#5920);
#5919 = CARTESIAN_POINT('',(49.5,1.,4.6));
#5920 = VECTOR('',#5921,1.);
#5921 = DIRECTION('',(0.,0.,1.));
#5922 = PCURVE('',#708,#5923);
#5923 = DEFINITIONAL_REPRESENTATION('',(#5924),#5927);
#5924 = B_SPLINE_CURVE_WITH_KNOTS('',1,(#5925,#5926),.UNSPECIFIED.,.F.,
  .F.,(2,2),(10.95,13.7000006),.PIECEWISE_BEZIER_KNOTS.);
#5925 = CARTESIAN_POINT('',(-0.25,45.5));
#5926 = CARTESIAN_POINT('',(2.5000006,45.5));
#5927 = ( GEOMETRIC_REPRESENTATION_CONTEXT(2) 
PARAMETRIC_REPRESENTATION_CONTEXT() REPRESENTATION_CONTEXT('2D SPACE',''
  ) );
#5928 = PCURVE('',#658,#5929);
#5929 = DEFINITIONAL_REPRESENTATION('',(#5930),#5933);
#5930 = B_SPLINE_CURVE_WITH_KNOTS('',1,(#5931,#5932),.UNSPECIFIED.,.F.,
  .F.,(2,2),(10.95,13.7000006),.PIECEWISE_BEZIER_KNOTS.);
#5931 = CARTESIAN_POINT('',(5.355890089178,10.95));
#5932 = CARTESIAN_POINT('',(5.355890089178,13.7000006));
#5933 = ( GEOMETRIC_REPRESENTATION_CONTEXT(2) 
PARAMETRIC_REPRESENTATION_CONTEXT() REPRESENTATION_CONTEXT('2D SPACE',''
  ) );
#5934 = ORIENTED_EDGE('',*,*,#694,.T.);
#5935 = ORIENTED_EDGE('',*,*,#5868,.F.);
#5936 = ADVANCED_FACE('',(#5937),#520,.F.);
#5937 = FACE_BOUND('',#5938,.F.);
#5938 = EDGE_LOOP('',(#5939,#5962,#5983,#5984));
#5939 = ORIENTED_EDGE('',*,*,#5940,.F.);
#5940 = EDGE_CURVE('',#5941,#5818,#5943,.T.);
#5941 = VERTEX_POINT('',#5942);
#5942 = CARTESIAN_POINT('',(4.,0.2,15.8));
#5943 = SURFACE_CURVE('',#5944,(#5948,#5955),.PCURVE_S1.);
#5944 = LINE('',#5945,#5946);
#5945 = CARTESIAN_POINT('',(4.,0.2,15.8));
#5946 = VECTOR('',#5947,1.);
#5947 = DIRECTION('',(1.,0.,0.));
#5948 = PCURVE('',#520,#5949);
#5949 = DEFINITIONAL_REPRESENTATION('',(#5950),#5954);
#5950 = LINE('',#5951,#5952);
#5951 = CARTESIAN_POINT('',(0.,0.));
#5952 = VECTOR('',#5953,1.);
#5953 = DIRECTION('',(0.,1.));
#5954 = ( GEOMETRIC_REPRESENTATION_CONTEXT(2) 
PARAMETRIC_REPRESENTATION_CONTEXT() REPRESENTATION_CONTEXT('2D SPACE',''
  ) );
#5955 = PCURVE('',#5856,#5956);
#5956 = DEFINITIONAL_REPRESENTATION('',(#5957),#5961);
#5957 = LINE('',#5958,#5959);
#5958 = CARTESIAN_POINT('',(0.,0.));
#5959 = VECTOR('',#5960,1.);
#5960 = DIRECTION('',(1.,0.));
#5961 = ( GEOMETRIC_REPRESENTATION_CONTEXT(2) 
PARAMETRIC_REPRESENTATION_CONTEXT() REPRESENTATION_CONTEXT('2D SPACE',''
  ) );
#5962 = ORIENTED_EDGE('',*,*,#5963,.T.);
#5963 = EDGE_CURVE('',#5941,#505,#5964,.T.);
#5964 = SURFACE_CURVE('',#5965,(#5969,#5976),.PCURVE_S1.);
#5965 = LINE('',#5966,#5967);
#5966 = CARTESIAN_POINT('',(4.,0.2,15.8));
#5967 = VECTOR('',#5968,1.);
#5968 = DIRECTION('',(0.,0.,1.));
#5969 = PCURVE('',#520,#5970);
#5970 = DEFINITIONAL_REPRESENTATION('',(#5971),#5975);
#5971 = LINE('',#5972,#5973);
#5972 = CARTESIAN_POINT('',(0.,0.));
#5973 = VECTOR('',#5974,1.);
#5974 = DIRECTION('',(1.,0.));
#5975 = ( GEOMETRIC_REPRESENTATION_CONTEXT(2) 
PARAMETRIC_REPRESENTATION_CONTEXT() REPRESENTATION_CONTEXT('2D SPACE',''
  ) );
#5976 = PCURVE('',#548,#5977);
#5977 = DEFINITIONAL_REPRESENTATION('',(#5978),#5982);
#5978 = LINE('',#5979,#5980);
#5979 = CARTESIAN_POINT('',(0.,0.));
#5980 = VECTOR('',#5981,1.);
#5981 = DIRECTION('',(1.,0.));
#5982 = ( GEOMETRIC_REPRESENTATION_CONTEXT(2) 
PARAMETRIC_REPRESENTATION_CONTEXT() REPRESENTATION_CONTEXT('2D SPACE',''
  ) );
#5983 = ORIENTED_EDGE('',*,*,#504,.T.);
#5984 = ORIENTED_EDGE('',*,*,#5817,.F.);
#5985 = ADVANCED_FACE('',(#5986),#658,.T.);
#5986 = FACE_BOUND('',#5987,.T.);
#5987 = EDGE_LOOP('',(#5988,#6011,#6012,#6013,#6037,#6056,#6057,#6058));
#5988 = ORIENTED_EDGE('',*,*,#5989,.T.);
#5989 = EDGE_CURVE('',#5990,#642,#5992,.T.);
#5990 = VERTEX_POINT('',#5991);
#5991 = CARTESIAN_POINT('',(50.5,3.,4.6));
#5992 = SEAM_CURVE('',#5993,(#5997,#6004),.PCURVE_S1.);
#5993 = LINE('',#5994,#5995);
#5994 = CARTESIAN_POINT('',(50.5,3.,4.6));
#5995 = VECTOR('',#5996,1.);
#5996 = DIRECTION('',(0.,0.,1.));
#5997 = PCURVE('',#658,#5998);
#5998 = DEFINITIONAL_REPRESENTATION('',(#5999),#6003);
#5999 = LINE('',#6000,#6001);
#6000 = CARTESIAN_POINT('',(6.28318530718,-0.));
#6001 = VECTOR('',#6002,1.);
#6002 = DIRECTION('',(0.,1.));
#6003 = ( GEOMETRIC_REPRESENTATION_CONTEXT(2) 
PARAMETRIC_REPRESENTATION_CONTEXT() REPRESENTATION_CONTEXT('2D SPACE',''
  ) );
#6004 = PCURVE('',#658,#6005);
#6005 = DEFINITIONAL_REPRESENTATION('',(#6006),#6010);
#6006 = LINE('',#6007,#6008);
#6007 = CARTESIAN_POINT('',(0.,-0.));
#6008 = VECTOR('',#6009,1.);
#6009 = DIRECTION('',(0.,1.));
#6010 = ( GEOMETRIC_REPRESENTATION_CONTEXT(2) 
PARAMETRIC_REPRESENTATION_CONTEXT() REPRESENTATION_CONTEXT('2D SPACE',''
  ) );
#6011 = ORIENTED_EDGE('',*,*,#670,.F.);
#6012 = ORIENTED_EDGE('',*,*,#5916,.F.);
#6013 = ORIENTED_EDGE('',*,*,#6014,.F.);
#6014 = EDGE_CURVE('',#6015,#5894,#6017,.T.);
#6015 = VERTEX_POINT('',#6016);
#6016 = CARTESIAN_POINT('',(46.5,1.,15.8));
#6017 = SURFACE_CURVE('',#6018,(#6023,#6030),.PCURVE_S1.);
#6018 = CIRCLE('',#6019,2.5);
#6019 = AXIS2_PLACEMENT_3D('',#6020,#6021,#6022);
#6020 = CARTESIAN_POINT('',(48.,3.,15.8));
#6021 = DIRECTION('',(0.,0.,1.));
#6022 = DIRECTION('',(1.,0.,-0.));
#6023 = PCURVE('',#658,#6024);
#6024 = DEFINITIONAL_REPRESENTATION('',(#6025),#6029);
#6025 = LINE('',#6026,#6027);
#6026 = CARTESIAN_POINT('',(0.,11.2));
#6027 = VECTOR('',#6028,1.);
#6028 = DIRECTION('',(1.,0.));
#6029 = ( GEOMETRIC_REPRESENTATION_CONTEXT(2) 
PARAMETRIC_REPRESENTATION_CONTEXT() REPRESENTATION_CONTEXT('2D SPACE',''
  ) );
#6030 = PCURVE('',#5856,#6031);
#6031 = DEFINITIONAL_REPRESENTATION('',(#6032),#6036);
#6032 = CIRCLE('',#6033,2.5);
#6033 = AXIS2_PLACEMENT_2D('',#6034,#6035);
#6034 = CARTESIAN_POINT('',(44.,2.8));
#6035 = DIRECTION('',(1.,0.));
#6036 = ( GEOMETRIC_REPRESENTATION_CONTEXT(2) 
PARAMETRIC_REPRESENTATION_CONTEXT() REPRESENTATION_CONTEXT('2D SPACE',''
  ) );
#6037 = ORIENTED_EDGE('',*,*,#6038,.T.);
#6038 = EDGE_CURVE('',#6015,#614,#6039,.T.);
#6039 = SURFACE_CURVE('',#6040,(#6044,#6050),.PCURVE_S1.);
#6040 = LINE('',#6041,#6042);
#6041 = CARTESIAN_POINT('',(46.5,1.,4.6));
#6042 = VECTOR('',#6043,1.);
#6043 = DIRECTION('',(0.,0.,1.));
#6044 = PCURVE('',#658,#6045);
#6045 = DEFINITIONAL_REPRESENTATION('',(#6046),#6049);
#6046 = B_SPLINE_CURVE_WITH_KNOTS('',1,(#6047,#6048),.UNSPECIFIED.,.F.,
  .F.,(2,2),(10.95,13.7000006),.PIECEWISE_BEZIER_KNOTS.);
#6047 = CARTESIAN_POINT('',(4.068887871591,10.95));
#6048 = CARTESIAN_POINT('',(4.068887871591,13.7000006));
#6049 = ( GEOMETRIC_REPRESENTATION_CONTEXT(2) 
PARAMETRIC_REPRESENTATION_CONTEXT() REPRESENTATION_CONTEXT('2D SPACE',''
  ) );
#6050 = PCURVE('',#629,#6051);
#6051 = DEFINITIONAL_REPRESENTATION('',(#6052),#6055);
#6052 = B_SPLINE_CURVE_WITH_KNOTS('',1,(#6053,#6054),.UNSPECIFIED.,.F.,
  .F.,(2,2),(10.95,13.7000006),.PIECEWISE_BEZIER_KNOTS.);
#6053 = CARTESIAN_POINT('',(-0.25,42.5));
#6054 = CARTESIAN_POINT('',(2.5000006,42.5));
#6055 = ( GEOMETRIC_REPRESENTATION_CONTEXT(2) 
PARAMETRIC_REPRESENTATION_CONTEXT() REPRESENTATION_CONTEXT('2D SPACE',''
  ) );
#6056 = ORIENTED_EDGE('',*,*,#641,.F.);
#6057 = ORIENTED_EDGE('',*,*,#5989,.F.);
#6058 = ORIENTED_EDGE('',*,*,#6059,.T.);
#6059 = EDGE_CURVE('',#5990,#5990,#6060,.T.);
#6060 = SURFACE_CURVE('',#6061,(#6066,#6073),.PCURVE_S1.);
#6061 = CIRCLE('',#6062,2.5);
#6062 = AXIS2_PLACEMENT_3D('',#6063,#6064,#6065);
#6063 = CARTESIAN_POINT('',(48.,3.,4.6));
#6064 = DIRECTION('',(0.,0.,1.));
#6065 = DIRECTION('',(1.,0.,-0.));
#6066 = PCURVE('',#658,#6067);
#6067 = DEFINITIONAL_REPRESENTATION('',(#6068),#6072);
#6068 = LINE('',#6069,#6070);
#6069 = CARTESIAN_POINT('',(0.,0.));
#6070 = VECTOR('',#6071,1.);
#6071 = DIRECTION('',(1.,0.));
#6072 = ( GEOMETRIC_REPRESENTATION_CONTEXT(2) 
PARAMETRIC_REPRESENTATION_CONTEXT() REPRESENTATION_CONTEXT('2D SPACE',''
  ) );
#6073 = PCURVE('',#6074,#6079);
#6074 = PLANE('',#6075);
#6075 = AXIS2_PLACEMENT_3D('',#6076,#6077,#6078);
#6076 = CARTESIAN_POINT('',(48.,3.,4.6));
#6077 = DIRECTION('',(0.,0.,1.));
#6078 = DIRECTION('',(1.,0.,-0.));
#6079 = DEFINITIONAL_REPRESENTATION('',(#6080),#6084);
#6080 = CIRCLE('',#6081,2.5);
#6081 = AXIS2_PLACEMENT_2D('',#6082,#6083);
#6082 = CARTESIAN_POINT('',(0.,0.));
#6083 = DIRECTION('',(1.,0.));
#6084 = ( GEOMETRIC_REPRESENTATION_CONTEXT(2) 
PARAMETRIC_REPRESENTATION_CONTEXT() REPRESENTATION_CONTEXT('2D SPACE',''
  ) );
#6085 = ADVANCED_FACE('',(#6086),#548,.F.);
#6086 = FACE_BOUND('',#6087,.F.);
#6087 = EDGE_LOOP('',(#6088,#6089,#6090,#6113));
#6088 = ORIENTED_EDGE('',*,*,#532,.F.);
#6089 = ORIENTED_EDGE('',*,*,#5963,.F.);
#6090 = ORIENTED_EDGE('',*,*,#6091,.T.);
#6091 = EDGE_CURVE('',#5941,#6092,#6094,.T.);
#6092 = VERTEX_POINT('',#6093);
#6093 = CARTESIAN_POINT('',(4.,0.708712152522,15.8));
#6094 = SURFACE_CURVE('',#6095,(#6099,#6106),.PCURVE_S1.);
#6095 = LINE('',#6096,#6097);
#6096 = CARTESIAN_POINT('',(4.,0.2,15.8));
#6097 = VECTOR('',#6098,1.);
#6098 = DIRECTION('',(0.,1.,0.));
#6099 = PCURVE('',#548,#6100);
#6100 = DEFINITIONAL_REPRESENTATION('',(#6101),#6105);
#6101 = LINE('',#6102,#6103);
#6102 = CARTESIAN_POINT('',(0.,0.));
#6103 = VECTOR('',#6104,1.);
#6104 = DIRECTION('',(0.,-1.));
#6105 = ( GEOMETRIC_REPRESENTATION_CONTEXT(2) 
PARAMETRIC_REPRESENTATION_CONTEXT() REPRESENTATION_CONTEXT('2D SPACE',''
  ) );
#6106 = PCURVE('',#5856,#6107);
#6107 = DEFINITIONAL_REPRESENTATION('',(#6108),#6112);
#6108 = LINE('',#6109,#6110);
#6109 = CARTESIAN_POINT('',(0.,0.));
#6110 = VECTOR('',#6111,1.);
#6111 = DIRECTION('',(0.,1.));
#6112 = ( GEOMETRIC_REPRESENTATION_CONTEXT(2) 
PARAMETRIC_REPRESENTATION_CONTEXT() REPRESENTATION_CONTEXT('2D SPACE',''
  ) );
#6113 = ORIENTED_EDGE('',*,*,#6114,.T.);
#6114 = EDGE_CURVE('',#6092,#533,#6115,.T.);
#6115 = SURFACE_CURVE('',#6116,(#6120,#6126),.PCURVE_S1.);
#6116 = LINE('',#6117,#6118);
#6117 = CARTESIAN_POINT('',(4.,0.708712152522,4.6));
#6118 = VECTOR('',#6119,1.);
#6119 = DIRECTION('',(0.,0.,1.));
#6120 = PCURVE('',#548,#6121);
#6121 = DEFINITIONAL_REPRESENTATION('',(#6122),#6125);
#6122 = B_SPLINE_CURVE_WITH_KNOTS('',1,(#6123,#6124),.UNSPECIFIED.,.F.,
  .F.,(2,2),(10.95,13.7000006),.PIECEWISE_BEZIER_KNOTS.);
#6123 = CARTESIAN_POINT('',(-0.25,-0.508712152522));
#6124 = CARTESIAN_POINT('',(2.5000006,-0.508712152522));
#6125 = ( GEOMETRIC_REPRESENTATION_CONTEXT(2) 
PARAMETRIC_REPRESENTATION_CONTEXT() REPRESENTATION_CONTEXT('2D SPACE',''
  ) );
#6126 = PCURVE('',#577,#6127);
#6127 = DEFINITIONAL_REPRESENTATION('',(#6128),#6131);
#6128 = B_SPLINE_CURVE_WITH_KNOTS('',1,(#6129,#6130),.UNSPECIFIED.,.F.,
  .F.,(2,2),(10.95,13.7000006),.PIECEWISE_BEZIER_KNOTS.);
#6129 = CARTESIAN_POINT('',(5.123905826452,10.95));
#6130 = CARTESIAN_POINT('',(5.123905826452,13.7000006));
#6131 = ( GEOMETRIC_REPRESENTATION_CONTEXT(2) 
PARAMETRIC_REPRESENTATION_CONTEXT() REPRESENTATION_CONTEXT('2D SPACE',''
  ) );
#6132 = ADVANCED_FACE('',(#6133),#577,.T.);
#6133 = FACE_BOUND('',#6134,.T.);
#6134 = EDGE_LOOP('',(#6135,#6158,#6159,#6180,#6202,#6203,#6204,#6205));
#6135 = ORIENTED_EDGE('',*,*,#6136,.T.);
#6136 = EDGE_CURVE('',#6137,#561,#6139,.T.);
#6137 = VERTEX_POINT('',#6138);
#6138 = CARTESIAN_POINT('',(5.5,3.,4.6));
#6139 = SEAM_CURVE('',#6140,(#6144,#6151),.PCURVE_S1.);
#6140 = LINE('',#6141,#6142);
#6141 = CARTESIAN_POINT('',(5.5,3.,4.6));
#6142 = VECTOR('',#6143,1.);
#6143 = DIRECTION('',(0.,0.,1.));
#6144 = PCURVE('',#577,#6145);
#6145 = DEFINITIONAL_REPRESENTATION('',(#6146),#6150);
#6146 = LINE('',#6147,#6148);
#6147 = CARTESIAN_POINT('',(6.28318530718,-0.));
#6148 = VECTOR('',#6149,1.);
#6149 = DIRECTION('',(0.,1.));
#6150 = ( GEOMETRIC_REPRESENTATION_CONTEXT(2) 
PARAMETRIC_REPRESENTATION_CONTEXT() REPRESENTATION_CONTEXT('2D SPACE',''
  ) );
#6151 = PCURVE('',#577,#6152);
#6152 = DEFINITIONAL_REPRESENTATION('',(#6153),#6157);
#6153 = LINE('',#6154,#6155);
#6154 = CARTESIAN_POINT('',(0.,-0.));
#6155 = VECTOR('',#6156,1.);
#6156 = DIRECTION('',(0.,1.));
#6157 = ( GEOMETRIC_REPRESENTATION_CONTEXT(2) 
PARAMETRIC_REPRESENTATION_CONTEXT() REPRESENTATION_CONTEXT('2D SPACE',''
  ) );
#6158 = ORIENTED_EDGE('',*,*,#589,.F.);
#6159 = ORIENTED_EDGE('',*,*,#6160,.F.);
#6160 = EDGE_CURVE('',#6161,#590,#6163,.T.);
#6161 = VERTEX_POINT('',#6162);
#6162 = CARTESIAN_POINT('',(4.5,1.,15.8));
#6163 = SURFACE_CURVE('',#6164,(#6168,#6174),.PCURVE_S1.);
#6164 = LINE('',#6165,#6166);
#6165 = CARTESIAN_POINT('',(4.5,1.,4.6));
#6166 = VECTOR('',#6167,1.);
#6167 = DIRECTION('',(0.,0.,1.));
#6168 = PCURVE('',#577,#6169);
#6169 = DEFINITIONAL_REPRESENTATION('',(#6170),#6173);
#6170 = B_SPLINE_CURVE_WITH_KNOTS('',1,(#6171,#6172),.UNSPECIFIED.,.F.,
  .F.,(2,2),(10.95,13.7000006),.PIECEWISE_BEZIER_KNOTS.);
#6171 = CARTESIAN_POINT('',(5.355890089178,10.95));
#6172 = CARTESIAN_POINT('',(5.355890089178,13.7000006));
#6173 = ( GEOMETRIC_REPRESENTATION_CONTEXT(2) 
PARAMETRIC_REPRESENTATION_CONTEXT() REPRESENTATION_CONTEXT('2D SPACE',''
  ) );
#6174 = PCURVE('',#629,#6175);
#6175 = DEFINITIONAL_REPRESENTATION('',(#6176),#6179);
#6176 = B_SPLINE_CURVE_WITH_KNOTS('',1,(#6177,#6178),.UNSPECIFIED.,.F.,
  .F.,(2,2),(10.95,13.7000006),.PIECEWISE_BEZIER_KNOTS.);
#6177 = CARTESIAN_POINT('',(-0.25,0.5));
#6178 = CARTESIAN_POINT('',(2.5000006,0.5));
#6179 = ( GEOMETRIC_REPRESENTATION_CONTEXT(2) 
PARAMETRIC_REPRESENTATION_CONTEXT() REPRESENTATION_CONTEXT('2D SPACE',''
  ) );
#6180 = ORIENTED_EDGE('',*,*,#6181,.F.);
#6181 = EDGE_CURVE('',#6092,#6161,#6182,.T.);
#6182 = SURFACE_CURVE('',#6183,(#6188,#6195),.PCURVE_S1.);
#6183 = CIRCLE('',#6184,2.5);
#6184 = AXIS2_PLACEMENT_3D('',#6185,#6186,#6187);
#6185 = CARTESIAN_POINT('',(3.,3.,15.8));
#6186 = DIRECTION('',(0.,0.,1.));
#6187 = DIRECTION('',(1.,0.,-0.));
#6188 = PCURVE('',#577,#6189);
#6189 = DEFINITIONAL_REPRESENTATION('',(#6190),#6194);
#6190 = LINE('',#6191,#6192);
#6191 = CARTESIAN_POINT('',(0.,11.2));
#6192 = VECTOR('',#6193,1.);
#6193 = DIRECTION('',(1.,0.));
#6194 = ( GEOMETRIC_REPRESENTATION_CONTEXT(2) 
PARAMETRIC_REPRESENTATION_CONTEXT() REPRESENTATION_CONTEXT('2D SPACE',''
  ) );
#6195 = PCURVE('',#5856,#6196);
#6196 = DEFINITIONAL_REPRESENTATION('',(#6197),#6201);
#6197 = CIRCLE('',#6198,2.5);
#6198 = AXIS2_PLACEMENT_2D('',#6199,#6200);
#6199 = CARTESIAN_POINT('',(-1.,2.8));
#6200 = DIRECTION('',(1.,0.));
#6201 = ( GEOMETRIC_REPRESENTATION_CONTEXT(2) 
PARAMETRIC_REPRESENTATION_CONTEXT() REPRESENTATION_CONTEXT('2D SPACE',''
  ) );
#6202 = ORIENTED_EDGE('',*,*,#6114,.T.);
#6203 = ORIENTED_EDGE('',*,*,#560,.F.);
#6204 = ORIENTED_EDGE('',*,*,#6136,.F.);
#6205 = ORIENTED_EDGE('',*,*,#6206,.T.);
#6206 = EDGE_CURVE('',#6137,#6137,#6207,.T.);
#6207 = SURFACE_CURVE('',#6208,(#6213,#6220),.PCURVE_S1.);
#6208 = CIRCLE('',#6209,2.5);
#6209 = AXIS2_PLACEMENT_3D('',#6210,#6211,#6212);
#6210 = CARTESIAN_POINT('',(3.,3.,4.6));
#6211 = DIRECTION('',(0.,0.,1.));
#6212 = DIRECTION('',(1.,0.,-0.));
#6213 = PCURVE('',#577,#6214);
#6214 = DEFINITIONAL_REPRESENTATION('',(#6215),#6219);
#6215 = LINE('',#6216,#6217);
#6216 = CARTESIAN_POINT('',(0.,0.));
#6217 = VECTOR('',#6218,1.);
#6218 = DIRECTION('',(1.,0.));
#6219 = ( GEOMETRIC_REPRESENTATION_CONTEXT(2) 
PARAMETRIC_REPRESENTATION_CONTEXT() REPRESENTATION_CONTEXT('2D SPACE',''
  ) );
#6220 = PCURVE('',#6221,#6226);
#6221 = PLANE('',#6222);
#6222 = AXIS2_PLACEMENT_3D('',#6223,#6224,#6225);
#6223 = CARTESIAN_POINT('',(3.,3.,4.6));
#6224 = DIRECTION('',(0.,0.,1.));
#6225 = DIRECTION('',(1.,0.,-0.));
#6226 = DEFINITIONAL_REPRESENTATION('',(#6227),#6231);
#6227 = CIRCLE('',#6228,2.5);
#6228 = AXIS2_PLACEMENT_2D('',#6229,#6230);
#6229 = CARTESIAN_POINT('',(0.,0.));
#6230 = DIRECTION('',(1.,0.));
#6231 = ( GEOMETRIC_REPRESENTATION_CONTEXT(2) 
PARAMETRIC_REPRESENTATION_CONTEXT() REPRESENTATION_CONTEXT('2D SPACE',''
  ) );
#6232 = ADVANCED_FACE('',(#6233),#629,.T.);
#6233 = FACE_BOUND('',#6234,.T.);
#6234 = EDGE_LOOP('',(#6235,#6256,#6257,#6258));
#6235 = ORIENTED_EDGE('',*,*,#6236,.F.);
#6236 = EDGE_CURVE('',#6161,#6015,#6237,.T.);
#6237 = SURFACE_CURVE('',#6238,(#6242,#6249),.PCURVE_S1.);
#6238 = LINE('',#6239,#6240);
#6239 = CARTESIAN_POINT('',(4.,1.,15.8));
#6240 = VECTOR('',#6241,1.);
#6241 = DIRECTION('',(1.,0.,0.));
#6242 = PCURVE('',#629,#6243);
#6243 = DEFINITIONAL_REPRESENTATION('',(#6244),#6248);
#6244 = LINE('',#6245,#6246);
#6245 = CARTESIAN_POINT('',(0.,0.));
#6246 = VECTOR('',#6247,1.);
#6247 = DIRECTION('',(0.,1.));
#6248 = ( GEOMETRIC_REPRESENTATION_CONTEXT(2) 
PARAMETRIC_REPRESENTATION_CONTEXT() REPRESENTATION_CONTEXT('2D SPACE',''
  ) );
#6249 = PCURVE('',#5856,#6250);
#6250 = DEFINITIONAL_REPRESENTATION('',(#6251),#6255);
#6251 = LINE('',#6252,#6253);
#6252 = CARTESIAN_POINT('',(0.,0.8));
#6253 = VECTOR('',#6254,1.);
#6254 = DIRECTION('',(1.,0.));
#6255 = ( GEOMETRIC_REPRESENTATION_CONTEXT(2) 
PARAMETRIC_REPRESENTATION_CONTEXT() REPRESENTATION_CONTEXT('2D SPACE',''
  ) );
#6256 = ORIENTED_EDGE('',*,*,#6160,.T.);
#6257 = ORIENTED_EDGE('',*,*,#613,.T.);
#6258 = ORIENTED_EDGE('',*,*,#6038,.F.);
#6259 = ADVANCED_FACE('',(#6260),#739,.T.);
#6260 = FACE_BOUND('',#6261,.T.);
#6261 = EDGE_LOOP('',(#6262,#6263,#6286,#6313));
#6262 = ORIENTED_EDGE('',*,*,#722,.F.);
#6263 = ORIENTED_EDGE('',*,*,#6264,.F.);
#6264 = EDGE_CURVE('',#6265,#723,#6267,.T.);
#6265 = VERTEX_POINT('',#6266);
#6266 = CARTESIAN_POINT('',(60.7,12.,3.7));
#6267 = SEAM_CURVE('',#6268,(#6272,#6279),.PCURVE_S1.);
#6268 = LINE('',#6269,#6270);
#6269 = CARTESIAN_POINT('',(60.7,12.,3.7));
#6270 = VECTOR('',#6271,1.);
#6271 = DIRECTION('',(0.,0.,1.));
#6272 = PCURVE('',#739,#6273);
#6273 = DEFINITIONAL_REPRESENTATION('',(#6274),#6278);
#6274 = LINE('',#6275,#6276);
#6275 = CARTESIAN_POINT('',(6.28318530718,-0.));
#6276 = VECTOR('',#6277,1.);
#6277 = DIRECTION('',(0.,1.));
#6278 = ( GEOMETRIC_REPRESENTATION_CONTEXT(2) 
PARAMETRIC_REPRESENTATION_CONTEXT() REPRESENTATION_CONTEXT('2D SPACE',''
  ) );
#6279 = PCURVE('',#739,#6280);
#6280 = DEFINITIONAL_REPRESENTATION('',(#6281),#6285);
#6281 = LINE('',#6282,#6283);
#6282 = CARTESIAN_POINT('',(0.,-0.));
#6283 = VECTOR('',#6284,1.);
#6284 = DIRECTION('',(0.,1.));
#6285 = ( GEOMETRIC_REPRESENTATION_CONTEXT(2) 
PARAMETRIC_REPRESENTATION_CONTEXT() REPRESENTATION_CONTEXT('2D SPACE',''
  ) );
#6286 = ORIENTED_EDGE('',*,*,#6287,.T.);
#6287 = EDGE_CURVE('',#6265,#6265,#6288,.T.);
#6288 = SURFACE_CURVE('',#6289,(#6294,#6301),.PCURVE_S1.);
#6289 = CIRCLE('',#6290,2.2);
#6290 = AXIS2_PLACEMENT_3D('',#6291,#6292,#6293);
#6291 = CARTESIAN_POINT('',(58.5,12.,3.7));
#6292 = DIRECTION('',(0.,0.,1.));
#6293 = DIRECTION('',(1.,0.,-0.));
#6294 = PCURVE('',#739,#6295);
#6295 = DEFINITIONAL_REPRESENTATION('',(#6296),#6300);
#6296 = LINE('',#6297,#6298);
#6297 = CARTESIAN_POINT('',(0.,0.));
#6298 = VECTOR('',#6299,1.);
#6299 = DIRECTION('',(1.,0.));
#6300 = ( GEOMETRIC_REPRESENTATION_CONTEXT(2) 
PARAMETRIC_REPRESENTATION_CONTEXT() REPRESENTATION_CONTEXT('2D SPACE',''
  ) );
#6301 = PCURVE('',#6302,#6307);
#6302 = PLANE('',#6303);
#6303 = AXIS2_PLACEMENT_3D('',#6304,#6305,#6306);
#6304 = CARTESIAN_POINT('',(58.5,12.,3.7));
#6305 = DIRECTION('',(0.,0.,1.));
#6306 = DIRECTION('',(1.,0.,-0.));
#6307 = DEFINITIONAL_REPRESENTATION('',(#6308),#6312);
#6308 = CIRCLE('',#6309,2.2);
#6309 = AXIS2_PLACEMENT_2D('',#6310,#6311);
#6310 = CARTESIAN_POINT('',(0.,0.));
#6311 = DIRECTION('',(1.,0.));
#6312 = ( GEOMETRIC_REPRESENTATION_CONTEXT(2) 
PARAMETRIC_REPRESENTATION_CONTEXT() REPRESENTATION_CONTEXT('2D SPACE',''
  ) );
#6313 = ORIENTED_EDGE('',*,*,#6264,.T.);
#6314 = ADVANCED_FACE('',(#6315),#770,.T.);
#6315 = FACE_BOUND('',#6316,.T.);
#6316 = EDGE_LOOP('',(#6317,#6318,#6341,#6368));
#6317 = ORIENTED_EDGE('',*,*,#753,.F.);
#6318 = ORIENTED_EDGE('',*,*,#6319,.F.);
#6319 = EDGE_CURVE('',#6320,#754,#6322,.T.);
#6320 = VERTEX_POINT('',#6321);
#6321 = CARTESIAN_POINT('',(65.7,12.,3.7));
#6322 = SEAM_CURVE('',#6323,(#6327,#6334),.PCURVE_S1.);
#6323 = LINE('',#6324,#6325);
#6324 = CARTESIAN_POINT('',(65.7,12.,3.7));
#6325 = VECTOR('',#6326,1.);
#6326 = DIRECTION('',(0.,0.,1.));
#6327 = PCURVE('',#770,#6328);
#6328 = DEFINITIONAL_REPRESENTATION('',(#6329),#6333);
#6329 = LINE('',#6330,#6331);
#6330 = CARTESIAN_POINT('',(6.28318530718,-0.));
#6331 = VECTOR('',#6332,1.);
#6332 = DIRECTION('',(0.,1.));
#6333 = ( GEOMETRIC_REPRESENTATION_CONTEXT(2) 
PARAMETRIC_REPRESENTATION_CONTEXT() REPRESENTATION_CONTEXT('2D SPACE',''
  ) );
#6334 = PCURVE('',#770,#6335);
#6335 = DEFINITIONAL_REPRESENTATION('',(#6336),#6340);
#6336 = LINE('',#6337,#6338);
#6337 = CARTESIAN_POINT('',(0.,-0.));
#6338 = VECTOR('',#6339,1.);
#6339 = DIRECTION('',(0.,1.));
#6340 = ( GEOMETRIC_REPRESENTATION_CONTEXT(2) 
PARAMETRIC_REPRESENTATION_CONTEXT() REPRESENTATION_CONTEXT('2D SPACE',''
  ) );
#6341 = ORIENTED_EDGE('',*,*,#6342,.T.);
#6342 = EDGE_CURVE('',#6320,#6320,#6343,.T.);
#6343 = SURFACE_CURVE('',#6344,(#6349,#6356),.PCURVE_S1.);
#6344 = CIRCLE('',#6345,2.2);
#6345 = AXIS2_PLACEMENT_3D('',#6346,#6347,#6348);
#6346 = CARTESIAN_POINT('',(63.5,12.,3.7));
#6347 = DIRECTION('',(0.,0.,1.));
#6348 = DIRECTION('',(1.,0.,-0.));
#6349 = PCURVE('',#770,#6350);
#6350 = DEFINITIONAL_REPRESENTATION('',(#6351),#6355);
#6351 = LINE('',#6352,#6353);
#6352 = CARTESIAN_POINT('',(0.,0.));
#6353 = VECTOR('',#6354,1.);
#6354 = DIRECTION('',(1.,0.));
#6355 = ( GEOMETRIC_REPRESENTATION_CONTEXT(2) 
PARAMETRIC_REPRESENTATION_CONTEXT() REPRESENTATION_CONTEXT('2D SPACE',''
  ) );
#6356 = PCURVE('',#6357,#6362);
#6357 = PLANE('',#6358);
#6358 = AXIS2_PLACEMENT_3D('',#6359,#6360,#6361);
#6359 = CARTESIAN_POINT('',(63.5,12.,3.7));
#6360 = DIRECTION('',(0.,0.,1.));
#6361 = DIRECTION('',(1.,0.,-0.));
#6362 = DEFINITIONAL_REPRESENTATION('',(#6363),#6367);
#6363 = CIRCLE('',#6364,2.2);
#6364 = AXIS2_PLACEMENT_2D('',#6365,#6366);
#6365 = CARTESIAN_POINT('',(0.,0.));
#6366 = DIRECTION('',(1.,0.));
#6367 = ( GEOMETRIC_REPRESENTATION_CONTEXT(2) 
PARAMETRIC_REPRESENTATION_CONTEXT() REPRESENTATION_CONTEXT('2D SPACE',''
  ) );
#6368 = ORIENTED_EDGE('',*,*,#6319,.T.);
#6369 = ADVANCED_FACE('',(#6370),#801,.T.);
#6370 = FACE_BOUND('',#6371,.T.);
#6371 = EDGE_LOOP('',(#6372,#6373,#6396,#6423));
#6372 = ORIENTED_EDGE('',*,*,#784,.F.);
#6373 = ORIENTED_EDGE('',*,*,#6374,.F.);
#6374 = EDGE_CURVE('',#6375,#785,#6377,.T.);
#6375 = VERTEX_POINT('',#6376);
#6376 = CARTESIAN_POINT('',(54.95,20.,2.9));
#6377 = SEAM_CURVE('',#6378,(#6382,#6389),.PCURVE_S1.);
#6378 = LINE('',#6379,#6380);
#6379 = CARTESIAN_POINT('',(54.95,20.,2.9));
#6380 = VECTOR('',#6381,1.);
#6381 = DIRECTION('',(0.,0.,1.));
#6382 = PCURVE('',#801,#6383);
#6383 = DEFINITIONAL_REPRESENTATION('',(#6384),#6388);
#6384 = LINE('',#6385,#6386);
#6385 = CARTESIAN_POINT('',(6.28318530718,-0.));
#6386 = VECTOR('',#6387,1.);
#6387 = DIRECTION('',(0.,1.));
#6388 = ( GEOMETRIC_REPRESENTATION_CONTEXT(2) 
PARAMETRIC_REPRESENTATION_CONTEXT() REPRESENTATION_CONTEXT('2D SPACE',''
  ) );
#6389 = PCURVE('',#801,#6390);
#6390 = DEFINITIONAL_REPRESENTATION('',(#6391),#6395);
#6391 = LINE('',#6392,#6393);
#6392 = CARTESIAN_POINT('',(0.,-0.));
#6393 = VECTOR('',#6394,1.);
#6394 = DIRECTION('',(0.,1.));
#6395 = ( GEOMETRIC_REPRESENTATION_CONTEXT(2) 
PARAMETRIC_REPRESENTATION_CONTEXT() REPRESENTATION_CONTEXT('2D SPACE',''
  ) );
#6396 = ORIENTED_EDGE('',*,*,#6397,.T.);
#6397 = EDGE_CURVE('',#6375,#6375,#6398,.T.);
#6398 = SURFACE_CURVE('',#6399,(#6404,#6411),.PCURVE_S1.);
#6399 = CIRCLE('',#6400,1.2);
#6400 = AXIS2_PLACEMENT_3D('',#6401,#6402,#6403);
#6401 = CARTESIAN_POINT('',(53.75,20.,2.9));
#6402 = DIRECTION('',(0.,0.,1.));
#6403 = DIRECTION('',(1.,0.,-0.));
#6404 = PCURVE('',#801,#6405);
#6405 = DEFINITIONAL_REPRESENTATION('',(#6406),#6410);
#6406 = LINE('',#6407,#6408);
#6407 = CARTESIAN_POINT('',(0.,0.));
#6408 = VECTOR('',#6409,1.);
#6409 = DIRECTION('',(1.,0.));
#6410 = ( GEOMETRIC_REPRESENTATION_CONTEXT(2) 
PARAMETRIC_REPRESENTATION_CONTEXT() REPRESENTATION_CONTEXT('2D SPACE',''
  ) );
#6411 = PCURVE('',#6412,#6417);
#6412 = PLANE('',#6413);
#6413 = AXIS2_PLACEMENT_3D('',#6414,#6415,#6416);
#6414 = CARTESIAN_POINT('',(53.75,20.,2.9));
#6415 = DIRECTION('',(0.,0.,1.));
#6416 = DIRECTION('',(1.,0.,-0.));
#6417 = DEFINITIONAL_REPRESENTATION('',(#6418),#6422);
#6418 = CIRCLE('',#6419,1.2);
#6419 = AXIS2_PLACEMENT_2D('',#6420,#6421);
#6420 = CARTESIAN_POINT('',(0.,0.));
#6421 = DIRECTION('',(1.,0.));
#6422 = ( GEOMETRIC_REPRESENTATION_CONTEXT(2) 
PARAMETRIC_REPRESENTATION_CONTEXT() REPRESENTATION_CONTEXT('2D SPACE',''
  ) );
#6423 = ORIENTED_EDGE('',*,*,#6374,.T.);
#6424 = ADVANCED_FACE('',(#6425),#832,.T.);
#6425 = FACE_BOUND('',#6426,.T.);
#6426 = EDGE_LOOP('',(#6427,#6428,#6451,#6478));
#6427 = ORIENTED_EDGE('',*,*,#815,.F.);
#6428 = ORIENTED_EDGE('',*,*,#6429,.F.);
#6429 = EDGE_CURVE('',#6430,#816,#6432,.T.);
#6430 = VERTEX_POINT('',#6431);
#6431 = CARTESIAN_POINT('',(69.45,20.,2.9));
#6432 = SEAM_CURVE('',#6433,(#6437,#6444),.PCURVE_S1.);
#6433 = LINE('',#6434,#6435);
#6434 = CARTESIAN_POINT('',(69.45,20.,2.9));
#6435 = VECTOR('',#6436,1.);
#6436 = DIRECTION('',(0.,0.,1.));
#6437 = PCURVE('',#832,#6438);
#6438 = DEFINITIONAL_REPRESENTATION('',(#6439),#6443);
#6439 = LINE('',#6440,#6441);
#6440 = CARTESIAN_POINT('',(6.28318530718,-0.));
#6441 = VECTOR('',#6442,1.);
#6442 = DIRECTION('',(0.,1.));
#6443 = ( GEOMETRIC_REPRESENTATION_CONTEXT(2) 
PARAMETRIC_REPRESENTATION_CONTEXT() REPRESENTATION_CONTEXT('2D SPACE',''
  ) );
#6444 = PCURVE('',#832,#6445);
#6445 = DEFINITIONAL_REPRESENTATION('',(#6446),#6450);
#6446 = LINE('',#6447,#6448);
#6447 = CARTESIAN_POINT('',(0.,-0.));
#6448 = VECTOR('',#6449,1.);
#6449 = DIRECTION('',(0.,1.));
#6450 = ( GEOMETRIC_REPRESENTATION_CONTEXT(2) 
PARAMETRIC_REPRESENTATION_CONTEXT() REPRESENTATION_CONTEXT('2D SPACE',''
  ) );
#6451 = ORIENTED_EDGE('',*,*,#6452,.T.);
#6452 = EDGE_CURVE('',#6430,#6430,#6453,.T.);
#6453 = SURFACE_CURVE('',#6454,(#6459,#6466),.PCURVE_S1.);
#6454 = CIRCLE('',#6455,1.2);
#6455 = AXIS2_PLACEMENT_3D('',#6456,#6457,#6458);
#6456 = CARTESIAN_POINT('',(68.25,20.,2.9));
#6457 = DIRECTION('',(0.,0.,1.));
#6458 = DIRECTION('',(1.,0.,-0.));
#6459 = PCURVE('',#832,#6460);
#6460 = DEFINITIONAL_REPRESENTATION('',(#6461),#6465);
#6461 = LINE('',#6462,#6463);
#6462 = CARTESIAN_POINT('',(0.,0.));
#6463 = VECTOR('',#6464,1.);
#6464 = DIRECTION('',(1.,0.));
#6465 = ( GEOMETRIC_REPRESENTATION_CONTEXT(2) 
PARAMETRIC_REPRESENTATION_CONTEXT() REPRESENTATION_CONTEXT('2D SPACE',''
  ) );
#6466 = PCURVE('',#6467,#6472);
#6467 = PLANE('',#6468);
#6468 = AXIS2_PLACEMENT_3D('',#6469,#6470,#6471);
#6469 = CARTESIAN_POINT('',(68.25,20.,2.9));
#6470 = DIRECTION('',(0.,0.,1.));
#6471 = DIRECTION('',(1.,0.,-0.));
#6472 = DEFINITIONAL_REPRESENTATION('',(#6473),#6477);
#6473 = CIRCLE('',#6474,1.2);
#6474 = AXIS2_PLACEMENT_2D('',#6475,#6476);
#6475 = CARTESIAN_POINT('',(0.,0.));
#6476 = DIRECTION('',(1.,0.));
#6477 = ( GEOMETRIC_REPRESENTATION_CONTEXT(2) 
PARAMETRIC_REPRESENTATION_CONTEXT() REPRESENTATION_CONTEXT('2D SPACE',''
  ) );
#6478 = ORIENTED_EDGE('',*,*,#6429,.T.);
#6479 = ADVANCED_FACE('',(#6480),#865,.T.);
#6480 = FACE_BOUND('',#6481,.T.);
#6481 = EDGE_LOOP('',(#6482,#6505,#6506,#6527,#6556,#6575,#6576,#6577));
#6482 = ORIENTED_EDGE('',*,*,#6483,.T.);
#6483 = EDGE_CURVE('',#6484,#849,#6486,.T.);
#6484 = VERTEX_POINT('',#6485);
#6485 = CARTESIAN_POINT('',(5.5,38.,4.6));
#6486 = SEAM_CURVE('',#6487,(#6491,#6498),.PCURVE_S1.);
#6487 = LINE('',#6488,#6489);
#6488 = CARTESIAN_POINT('',(5.5,38.,4.6));
#6489 = VECTOR('',#6490,1.);
#6490 = DIRECTION('',(0.,0.,1.));
#6491 = PCURVE('',#865,#6492);
#6492 = DEFINITIONAL_REPRESENTATION('',(#6493),#6497);
#6493 = LINE('',#6494,#6495);
#6494 = CARTESIAN_POINT('',(6.28318530718,-0.));
#6495 = VECTOR('',#6496,1.);
#6496 = DIRECTION('',(0.,1.));
#6497 = ( GEOMETRIC_REPRESENTATION_CONTEXT(2) 
PARAMETRIC_REPRESENTATION_CONTEXT() REPRESENTATION_CONTEXT('2D SPACE',''
  ) );
#6498 = PCURVE('',#865,#6499);
#6499 = DEFINITIONAL_REPRESENTATION('',(#6500),#6504);
#6500 = LINE('',#6501,#6502);
#6501 = CARTESIAN_POINT('',(0.,-0.));
#6502 = VECTOR('',#6503,1.);
#6503 = DIRECTION('',(0.,1.));
#6504 = ( GEOMETRIC_REPRESENTATION_CONTEXT(2) 
PARAMETRIC_REPRESENTATION_CONTEXT() REPRESENTATION_CONTEXT('2D SPACE',''
  ) );
#6505 = ORIENTED_EDGE('',*,*,#846,.F.);
#6506 = ORIENTED_EDGE('',*,*,#6507,.F.);
#6507 = EDGE_CURVE('',#6508,#847,#6510,.T.);
#6508 = VERTEX_POINT('',#6509);
#6509 = CARTESIAN_POINT('',(4.,40.291287847478,15.8));
#6510 = SURFACE_CURVE('',#6511,(#6515,#6521),.PCURVE_S1.);
#6511 = LINE('',#6512,#6513);
#6512 = CARTESIAN_POINT('',(4.,40.291287847478,4.6));
#6513 = VECTOR('',#6514,1.);
#6514 = DIRECTION('',(0.,0.,1.));
#6515 = PCURVE('',#865,#6516);
#6516 = DEFINITIONAL_REPRESENTATION('',(#6517),#6520);
#6517 = B_SPLINE_CURVE_WITH_KNOTS('',1,(#6518,#6519),.UNSPECIFIED.,.F.,
  .F.,(2,2),(10.95,13.7000006),.PIECEWISE_BEZIER_KNOTS.);
#6518 = CARTESIAN_POINT('',(1.159279480727,10.95));
#6519 = CARTESIAN_POINT('',(1.159279480727,13.7000006));
#6520 = ( GEOMETRIC_REPRESENTATION_CONTEXT(2) 
PARAMETRIC_REPRESENTATION_CONTEXT() REPRESENTATION_CONTEXT('2D SPACE',''
  ) );
#6521 = PCURVE('',#893,#6522);
#6522 = DEFINITIONAL_REPRESENTATION('',(#6523),#6526);
#6523 = B_SPLINE_CURVE_WITH_KNOTS('',1,(#6524,#6525),.UNSPECIFIED.,.F.,
  .F.,(2,2),(10.95,13.7000006),.PIECEWISE_BEZIER_KNOTS.);
#6524 = CARTESIAN_POINT('',(-0.25,-0.291287847478));
#6525 = CARTESIAN_POINT('',(2.5000006,-0.291287847478));
#6526 = ( GEOMETRIC_REPRESENTATION_CONTEXT(2) 
PARAMETRIC_REPRESENTATION_CONTEXT() REPRESENTATION_CONTEXT('2D SPACE',''
  ) );
#6527 = ORIENTED_EDGE('',*,*,#6528,.F.);
#6528 = EDGE_CURVE('',#6529,#6508,#6531,.T.);
#6529 = VERTEX_POINT('',#6530);
#6530 = CARTESIAN_POINT('',(4.5,40.,15.8));
#6531 = SURFACE_CURVE('',#6532,(#6537,#6544),.PCURVE_S1.);
#6532 = CIRCLE('',#6533,2.5);
#6533 = AXIS2_PLACEMENT_3D('',#6534,#6535,#6536);
#6534 = CARTESIAN_POINT('',(3.,38.,15.8));
#6535 = DIRECTION('',(0.,0.,1.));
#6536 = DIRECTION('',(1.,0.,-0.));
#6537 = PCURVE('',#865,#6538);
#6538 = DEFINITIONAL_REPRESENTATION('',(#6539),#6543);
#6539 = LINE('',#6540,#6541);
#6540 = CARTESIAN_POINT('',(0.,11.2));
#6541 = VECTOR('',#6542,1.);
#6542 = DIRECTION('',(1.,0.));
#6543 = ( GEOMETRIC_REPRESENTATION_CONTEXT(2) 
PARAMETRIC_REPRESENTATION_CONTEXT() REPRESENTATION_CONTEXT('2D SPACE',''
  ) );
#6544 = PCURVE('',#6545,#6550);
#6545 = PLANE('',#6546);
#6546 = AXIS2_PLACEMENT_3D('',#6547,#6548,#6549);
#6547 = CARTESIAN_POINT('',(4.,40.,15.8));
#6548 = DIRECTION('',(0.,0.,1.));
#6549 = DIRECTION('',(1.,0.,0.));
#6550 = DEFINITIONAL_REPRESENTATION('',(#6551),#6555);
#6551 = CIRCLE('',#6552,2.5);
#6552 = AXIS2_PLACEMENT_2D('',#6553,#6554);
#6553 = CARTESIAN_POINT('',(-1.,-2.));
#6554 = DIRECTION('',(1.,0.));
#6555 = ( GEOMETRIC_REPRESENTATION_CONTEXT(2) 
PARAMETRIC_REPRESENTATION_CONTEXT() REPRESENTATION_CONTEXT('2D SPACE',''
  ) );
#6556 = ORIENTED_EDGE('',*,*,#6557,.T.);
#6557 = EDGE_CURVE('',#6529,#1043,#6558,.T.);
#6558 = SURFACE_CURVE('',#6559,(#6563,#6569),.PCURVE_S1.);
#6559 = LINE('',#6560,#6561);
#6560 = CARTESIAN_POINT('',(4.5,40.,4.6));
#6561 = VECTOR('',#6562,1.);
#6562 = DIRECTION('',(0.,0.,1.));
#6563 = PCURVE('',#865,#6564);
#6564 = DEFINITIONAL_REPRESENTATION('',(#6565),#6568);
#6565 = B_SPLINE_CURVE_WITH_KNOTS('',1,(#6566,#6567),.UNSPECIFIED.,.F.,
  .F.,(2,2),(10.95,13.7000006),.PIECEWISE_BEZIER_KNOTS.);
#6566 = CARTESIAN_POINT('',(0.927295218002,10.95));
#6567 = CARTESIAN_POINT('',(0.927295218002,13.7000006));
#6568 = ( GEOMETRIC_REPRESENTATION_CONTEXT(2) 
PARAMETRIC_REPRESENTATION_CONTEXT() REPRESENTATION_CONTEXT('2D SPACE',''
  ) );
#6569 = PCURVE('',#1058,#6570);
#6570 = DEFINITIONAL_REPRESENTATION('',(#6571),#6574);
#6571 = B_SPLINE_CURVE_WITH_KNOTS('',1,(#6572,#6573),.UNSPECIFIED.,.F.,
  .F.,(2,2),(10.95,13.7000006),.PIECEWISE_BEZIER_KNOTS.);
#6572 = CARTESIAN_POINT('',(-0.25,0.5));
#6573 = CARTESIAN_POINT('',(2.5000006,0.5));
#6574 = ( GEOMETRIC_REPRESENTATION_CONTEXT(2) 
PARAMETRIC_REPRESENTATION_CONTEXT() REPRESENTATION_CONTEXT('2D SPACE',''
  ) );
#6575 = ORIENTED_EDGE('',*,*,#1070,.F.);
#6576 = ORIENTED_EDGE('',*,*,#6483,.F.);
#6577 = ORIENTED_EDGE('',*,*,#6578,.T.);
#6578 = EDGE_CURVE('',#6484,#6484,#6579,.T.);
#6579 = SURFACE_CURVE('',#6580,(#6585,#6592),.PCURVE_S1.);
#6580 = CIRCLE('',#6581,2.5);
#6581 = AXIS2_PLACEMENT_3D('',#6582,#6583,#6584);
#6582 = CARTESIAN_POINT('',(3.,38.,4.6));
#6583 = DIRECTION('',(0.,0.,1.));
#6584 = DIRECTION('',(1.,0.,-0.));
#6585 = PCURVE('',#865,#6586);
#6586 = DEFINITIONAL_REPRESENTATION('',(#6587),#6591);
#6587 = LINE('',#6588,#6589);
#6588 = CARTESIAN_POINT('',(0.,0.));
#6589 = VECTOR('',#6590,1.);
#6590 = DIRECTION('',(1.,0.));
#6591 = ( GEOMETRIC_REPRESENTATION_CONTEXT(2) 
PARAMETRIC_REPRESENTATION_CONTEXT() REPRESENTATION_CONTEXT('2D SPACE',''
  ) );
#6592 = PCURVE('',#6593,#6598);
#6593 = PLANE('',#6594);
#6594 = AXIS2_PLACEMENT_3D('',#6595,#6596,#6597);
#6595 = CARTESIAN_POINT('',(3.,38.,4.6));
#6596 = DIRECTION('',(0.,0.,1.));
#6597 = DIRECTION('',(1.,0.,-0.));
#6598 = DEFINITIONAL_REPRESENTATION('',(#6599),#6603);
#6599 = CIRCLE('',#6600,2.5);
#6600 = AXIS2_PLACEMENT_2D('',#6601,#6602);
#6601 = CARTESIAN_POINT('',(0.,0.));
#6602 = DIRECTION('',(1.,0.));
#6603 = ( GEOMETRIC_REPRESENTATION_CONTEXT(2) 
PARAMETRIC_REPRESENTATION_CONTEXT() REPRESENTATION_CONTEXT('2D SPACE',''
  ) );
#6604 = ADVANCED_FACE('',(#6605),#893,.F.);
#6605 = FACE_BOUND('',#6606,.F.);
#6606 = EDGE_LOOP('',(#6607,#6608,#6609,#6632));
#6607 = ORIENTED_EDGE('',*,*,#877,.F.);
#6608 = ORIENTED_EDGE('',*,*,#6507,.F.);
#6609 = ORIENTED_EDGE('',*,*,#6610,.T.);
#6610 = EDGE_CURVE('',#6508,#6611,#6613,.T.);
#6611 = VERTEX_POINT('',#6612);
#6612 = CARTESIAN_POINT('',(4.,40.8,15.8));
#6613 = SURFACE_CURVE('',#6614,(#6618,#6625),.PCURVE_S1.);
#6614 = LINE('',#6615,#6616);
#6615 = CARTESIAN_POINT('',(4.,40.,15.8));
#6616 = VECTOR('',#6617,1.);
#6617 = DIRECTION('',(0.,1.,0.));
#6618 = PCURVE('',#893,#6619);
#6619 = DEFINITIONAL_REPRESENTATION('',(#6620),#6624);
#6620 = LINE('',#6621,#6622);
#6621 = CARTESIAN_POINT('',(0.,0.));
#6622 = VECTOR('',#6623,1.);
#6623 = DIRECTION('',(0.,-1.));
#6624 = ( GEOMETRIC_REPRESENTATION_CONTEXT(2) 
PARAMETRIC_REPRESENTATION_CONTEXT() REPRESENTATION_CONTEXT('2D SPACE',''
  ) );
#6625 = PCURVE('',#6545,#6626);
#6626 = DEFINITIONAL_REPRESENTATION('',(#6627),#6631);
#6627 = LINE('',#6628,#6629);
#6628 = CARTESIAN_POINT('',(0.,0.));
#6629 = VECTOR('',#6630,1.);
#6630 = DIRECTION('',(0.,1.));
#6631 = ( GEOMETRIC_REPRESENTATION_CONTEXT(2) 
PARAMETRIC_REPRESENTATION_CONTEXT() REPRESENTATION_CONTEXT('2D SPACE',''
  ) );
#6632 = ORIENTED_EDGE('',*,*,#6633,.T.);
#6633 = EDGE_CURVE('',#6611,#878,#6634,.T.);
#6634 = SURFACE_CURVE('',#6635,(#6639,#6646),.PCURVE_S1.);
#6635 = LINE('',#6636,#6637);
#6636 = CARTESIAN_POINT('',(4.,40.8,15.8));
#6637 = VECTOR('',#6638,1.);
#6638 = DIRECTION('',(0.,0.,1.));
#6639 = PCURVE('',#893,#6640);
#6640 = DEFINITIONAL_REPRESENTATION('',(#6641),#6645);
#6641 = LINE('',#6642,#6643);
#6642 = CARTESIAN_POINT('',(0.,-0.8));
#6643 = VECTOR('',#6644,1.);
#6644 = DIRECTION('',(1.,0.));
#6645 = ( GEOMETRIC_REPRESENTATION_CONTEXT(2) 
PARAMETRIC_REPRESENTATION_CONTEXT() REPRESENTATION_CONTEXT('2D SPACE',''
  ) );
#6646 = PCURVE('',#921,#6647);
#6647 = DEFINITIONAL_REPRESENTATION('',(#6648),#6652);
#6648 = LINE('',#6649,#6650);
#6649 = CARTESIAN_POINT('',(0.,0.));
#6650 = VECTOR('',#6651,1.);
#6651 = DIRECTION('',(1.,0.));
#6652 = ( GEOMETRIC_REPRESENTATION_CONTEXT(2) 
PARAMETRIC_REPRESENTATION_CONTEXT() REPRESENTATION_CONTEXT('2D SPACE',''
  ) );
#6653 = ADVANCED_FACE('',(#6654),#921,.T.);
#6654 = FACE_BOUND('',#6655,.T.);
#6655 = EDGE_LOOP('',(#6656,#6679,#6680,#6681));
#6656 = ORIENTED_EDGE('',*,*,#6657,.F.);
#6657 = EDGE_CURVE('',#6611,#6658,#6660,.T.);
#6658 = VERTEX_POINT('',#6659);
#6659 = CARTESIAN_POINT('',(66.,40.8,15.8));
#6660 = SURFACE_CURVE('',#6661,(#6665,#6672),.PCURVE_S1.);
#6661 = LINE('',#6662,#6663);
#6662 = CARTESIAN_POINT('',(4.,40.8,15.8));
#6663 = VECTOR('',#6664,1.);
#6664 = DIRECTION('',(1.,0.,0.));
#6665 = PCURVE('',#921,#6666);
#6666 = DEFINITIONAL_REPRESENTATION('',(#6667),#6671);
#6667 = LINE('',#6668,#6669);
#6668 = CARTESIAN_POINT('',(0.,0.));
#6669 = VECTOR('',#6670,1.);
#6670 = DIRECTION('',(0.,1.));
#6671 = ( GEOMETRIC_REPRESENTATION_CONTEXT(2) 
PARAMETRIC_REPRESENTATION_CONTEXT() REPRESENTATION_CONTEXT('2D SPACE',''
  ) );
#6672 = PCURVE('',#6545,#6673);
#6673 = DEFINITIONAL_REPRESENTATION('',(#6674),#6678);
#6674 = LINE('',#6675,#6676);
#6675 = CARTESIAN_POINT('',(0.,0.8));
#6676 = VECTOR('',#6677,1.);
#6677 = DIRECTION('',(1.,0.));
#6678 = ( GEOMETRIC_REPRESENTATION_CONTEXT(2) 
PARAMETRIC_REPRESENTATION_CONTEXT() REPRESENTATION_CONTEXT('2D SPACE',''
  ) );
#6679 = ORIENTED_EDGE('',*,*,#6633,.T.);
#6680 = ORIENTED_EDGE('',*,*,#905,.T.);
#6681 = ORIENTED_EDGE('',*,*,#6682,.F.);
#6682 = EDGE_CURVE('',#6658,#906,#6683,.T.);
#6683 = SURFACE_CURVE('',#6684,(#6688,#6695),.PCURVE_S1.);
#6684 = LINE('',#6685,#6686);
#6685 = CARTESIAN_POINT('',(66.,40.8,15.8));
#6686 = VECTOR('',#6687,1.);
#6687 = DIRECTION('',(0.,0.,1.));
#6688 = PCURVE('',#921,#6689);
#6689 = DEFINITIONAL_REPRESENTATION('',(#6690),#6694);
#6690 = LINE('',#6691,#6692);
#6691 = CARTESIAN_POINT('',(0.,62.));
#6692 = VECTOR('',#6693,1.);
#6693 = DIRECTION('',(1.,0.));
#6694 = ( GEOMETRIC_REPRESENTATION_CONTEXT(2) 
PARAMETRIC_REPRESENTATION_CONTEXT() REPRESENTATION_CONTEXT('2D SPACE',''
  ) );
#6695 = PCURVE('',#949,#6696);
#6696 = DEFINITIONAL_REPRESENTATION('',(#6697),#6701);
#6697 = LINE('',#6698,#6699);
#6698 = CARTESIAN_POINT('',(0.,-0.8));
#6699 = VECTOR('',#6700,1.);
#6700 = DIRECTION('',(1.,0.));
#6701 = ( GEOMETRIC_REPRESENTATION_CONTEXT(2) 
PARAMETRIC_REPRESENTATION_CONTEXT() REPRESENTATION_CONTEXT('2D SPACE',''
  ) );
#6702 = ADVANCED_FACE('',(#6703),#1058,.F.);
#6703 = FACE_BOUND('',#6704,.F.);
#6704 = EDGE_LOOP('',(#6705,#6728,#6729,#6730));
#6705 = ORIENTED_EDGE('',*,*,#6706,.F.);
#6706 = EDGE_CURVE('',#6529,#6707,#6709,.T.);
#6707 = VERTEX_POINT('',#6708);
#6708 = CARTESIAN_POINT('',(46.5,40.,15.8));
#6709 = SURFACE_CURVE('',#6710,(#6714,#6721),.PCURVE_S1.);
#6710 = LINE('',#6711,#6712);
#6711 = CARTESIAN_POINT('',(4.,40.,15.8));
#6712 = VECTOR('',#6713,1.);
#6713 = DIRECTION('',(1.,0.,0.));
#6714 = PCURVE('',#1058,#6715);
#6715 = DEFINITIONAL_REPRESENTATION('',(#6716),#6720);
#6716 = LINE('',#6717,#6718);
#6717 = CARTESIAN_POINT('',(0.,0.));
#6718 = VECTOR('',#6719,1.);
#6719 = DIRECTION('',(0.,1.));
#6720 = ( GEOMETRIC_REPRESENTATION_CONTEXT(2) 
PARAMETRIC_REPRESENTATION_CONTEXT() REPRESENTATION_CONTEXT('2D SPACE',''
  ) );
#6721 = PCURVE('',#6545,#6722);
#6722 = DEFINITIONAL_REPRESENTATION('',(#6723),#6727);
#6723 = LINE('',#6724,#6725);
#6724 = CARTESIAN_POINT('',(0.,0.));
#6725 = VECTOR('',#6726,1.);
#6726 = DIRECTION('',(1.,0.));
#6727 = ( GEOMETRIC_REPRESENTATION_CONTEXT(2) 
PARAMETRIC_REPRESENTATION_CONTEXT() REPRESENTATION_CONTEXT('2D SPACE',''
  ) );
#6728 = ORIENTED_EDGE('',*,*,#6557,.T.);
#6729 = ORIENTED_EDGE('',*,*,#1042,.T.);
#6730 = ORIENTED_EDGE('',*,*,#6731,.F.);
#6731 = EDGE_CURVE('',#6707,#1019,#6732,.T.);
#6732 = SURFACE_CURVE('',#6733,(#6737,#6743),.PCURVE_S1.);
#6733 = LINE('',#6734,#6735);
#6734 = CARTESIAN_POINT('',(46.5,40.,4.6));
#6735 = VECTOR('',#6736,1.);
#6736 = DIRECTION('',(0.,0.,1.));
#6737 = PCURVE('',#1058,#6738);
#6738 = DEFINITIONAL_REPRESENTATION('',(#6739),#6742);
#6739 = B_SPLINE_CURVE_WITH_KNOTS('',1,(#6740,#6741),.UNSPECIFIED.,.F.,
  .F.,(2,2),(10.95,13.7000006),.PIECEWISE_BEZIER_KNOTS.);
#6740 = CARTESIAN_POINT('',(-0.25,42.5));
#6741 = CARTESIAN_POINT('',(2.5000006,42.5));
#6742 = ( GEOMETRIC_REPRESENTATION_CONTEXT(2) 
PARAMETRIC_REPRESENTATION_CONTEXT() REPRESENTATION_CONTEXT('2D SPACE',''
  ) );
#6743 = PCURVE('',#1006,#6744);
#6744 = DEFINITIONAL_REPRESENTATION('',(#6745),#6748);
#6745 = B_SPLINE_CURVE_WITH_KNOTS('',1,(#6746,#6747),.UNSPECIFIED.,.F.,
  .F.,(2,2),(10.95,13.7000006),.PIECEWISE_BEZIER_KNOTS.);
#6746 = CARTESIAN_POINT('',(2.214297435588,10.95));
#6747 = CARTESIAN_POINT('',(2.214297435588,13.7000006));
#6748 = ( GEOMETRIC_REPRESENTATION_CONTEXT(2) 
PARAMETRIC_REPRESENTATION_CONTEXT() REPRESENTATION_CONTEXT('2D SPACE',''
  ) );
#6749 = ADVANCED_FACE('',(#6750),#949,.T.);
#6750 = FACE_BOUND('',#6751,.T.);
#6751 = EDGE_LOOP('',(#6752,#6775,#6796,#6797));
#6752 = ORIENTED_EDGE('',*,*,#6753,.F.);
#6753 = EDGE_CURVE('',#6754,#934,#6756,.T.);
#6754 = VERTEX_POINT('',#6755);
#6755 = CARTESIAN_POINT('',(66.,40.,15.8));
#6756 = SURFACE_CURVE('',#6757,(#6761,#6768),.PCURVE_S1.);
#6757 = LINE('',#6758,#6759);
#6758 = CARTESIAN_POINT('',(66.,40.,15.8));
#6759 = VECTOR('',#6760,1.);
#6760 = DIRECTION('',(0.,0.,1.));
#6761 = PCURVE('',#949,#6762);
#6762 = DEFINITIONAL_REPRESENTATION('',(#6763),#6767);
#6763 = LINE('',#6764,#6765);
#6764 = CARTESIAN_POINT('',(0.,0.));
#6765 = VECTOR('',#6766,1.);
#6766 = DIRECTION('',(1.,0.));
#6767 = ( GEOMETRIC_REPRESENTATION_CONTEXT(2) 
PARAMETRIC_REPRESENTATION_CONTEXT() REPRESENTATION_CONTEXT('2D SPACE',''
  ) );
#6768 = PCURVE('',#977,#6769);
#6769 = DEFINITIONAL_REPRESENTATION('',(#6770),#6774);
#6770 = LINE('',#6771,#6772);
#6771 = CARTESIAN_POINT('',(0.,62.));
#6772 = VECTOR('',#6773,1.);
#6773 = DIRECTION('',(1.,0.));
#6774 = ( GEOMETRIC_REPRESENTATION_CONTEXT(2) 
PARAMETRIC_REPRESENTATION_CONTEXT() REPRESENTATION_CONTEXT('2D SPACE',''
  ) );
#6775 = ORIENTED_EDGE('',*,*,#6776,.T.);
#6776 = EDGE_CURVE('',#6754,#6658,#6777,.T.);
#6777 = SURFACE_CURVE('',#6778,(#6782,#6789),.PCURVE_S1.);
#6778 = LINE('',#6779,#6780);
#6779 = CARTESIAN_POINT('',(66.,40.,15.8));
#6780 = VECTOR('',#6781,1.);
#6781 = DIRECTION('',(0.,1.,0.));
#6782 = PCURVE('',#949,#6783);
#6783 = DEFINITIONAL_REPRESENTATION('',(#6784),#6788);
#6784 = LINE('',#6785,#6786);
#6785 = CARTESIAN_POINT('',(0.,0.));
#6786 = VECTOR('',#6787,1.);
#6787 = DIRECTION('',(0.,-1.));
#6788 = ( GEOMETRIC_REPRESENTATION_CONTEXT(2) 
PARAMETRIC_REPRESENTATION_CONTEXT() REPRESENTATION_CONTEXT('2D SPACE',''
  ) );
#6789 = PCURVE('',#6545,#6790);
#6790 = DEFINITIONAL_REPRESENTATION('',(#6791),#6795);
#6791 = LINE('',#6792,#6793);
#6792 = CARTESIAN_POINT('',(62.,0.));
#6793 = VECTOR('',#6794,1.);
#6794 = DIRECTION('',(0.,1.));
#6795 = ( GEOMETRIC_REPRESENTATION_CONTEXT(2) 
PARAMETRIC_REPRESENTATION_CONTEXT() REPRESENTATION_CONTEXT('2D SPACE',''
  ) );
#6796 = ORIENTED_EDGE('',*,*,#6682,.T.);
#6797 = ORIENTED_EDGE('',*,*,#933,.F.);
#6798 = ADVANCED_FACE('',(#6799),#1006,.T.);
#6799 = FACE_BOUND('',#6800,.T.);
#6800 = EDGE_LOOP('',(#6801,#6824,#6825,#6826,#6850,#6869,#6870,#6871));
#6801 = ORIENTED_EDGE('',*,*,#6802,.T.);
#6802 = EDGE_CURVE('',#6803,#990,#6805,.T.);
#6803 = VERTEX_POINT('',#6804);
#6804 = CARTESIAN_POINT('',(50.5,38.,4.6));
#6805 = SEAM_CURVE('',#6806,(#6810,#6817),.PCURVE_S1.);
#6806 = LINE('',#6807,#6808);
#6807 = CARTESIAN_POINT('',(50.5,38.,4.6));
#6808 = VECTOR('',#6809,1.);
#6809 = DIRECTION('',(0.,0.,1.));
#6810 = PCURVE('',#1006,#6811);
#6811 = DEFINITIONAL_REPRESENTATION('',(#6812),#6816);
#6812 = LINE('',#6813,#6814);
#6813 = CARTESIAN_POINT('',(6.28318530718,-0.));
#6814 = VECTOR('',#6815,1.);
#6815 = DIRECTION('',(0.,1.));
#6816 = ( GEOMETRIC_REPRESENTATION_CONTEXT(2) 
PARAMETRIC_REPRESENTATION_CONTEXT() REPRESENTATION_CONTEXT('2D SPACE',''
  ) );
#6817 = PCURVE('',#1006,#6818);
#6818 = DEFINITIONAL_REPRESENTATION('',(#6819),#6823);
#6819 = LINE('',#6820,#6821);
#6820 = CARTESIAN_POINT('',(0.,-0.));
#6821 = VECTOR('',#6822,1.);
#6822 = DIRECTION('',(0.,1.));
#6823 = ( GEOMETRIC_REPRESENTATION_CONTEXT(2) 
PARAMETRIC_REPRESENTATION_CONTEXT() REPRESENTATION_CONTEXT('2D SPACE',''
  ) );
#6824 = ORIENTED_EDGE('',*,*,#1018,.F.);
#6825 = ORIENTED_EDGE('',*,*,#6731,.F.);
#6826 = ORIENTED_EDGE('',*,*,#6827,.F.);
#6827 = EDGE_CURVE('',#6828,#6707,#6830,.T.);
#6828 = VERTEX_POINT('',#6829);
#6829 = CARTESIAN_POINT('',(49.5,40.,15.8));
#6830 = SURFACE_CURVE('',#6831,(#6836,#6843),.PCURVE_S1.);
#6831 = CIRCLE('',#6832,2.5);
#6832 = AXIS2_PLACEMENT_3D('',#6833,#6834,#6835);
#6833 = CARTESIAN_POINT('',(48.,38.,15.8));
#6834 = DIRECTION('',(0.,0.,1.));
#6835 = DIRECTION('',(1.,0.,-0.));
#6836 = PCURVE('',#1006,#6837);
#6837 = DEFINITIONAL_REPRESENTATION('',(#6838),#6842);
#6838 = LINE('',#6839,#6840);
#6839 = CARTESIAN_POINT('',(0.,11.2));
#6840 = VECTOR('',#6841,1.);
#6841 = DIRECTION('',(1.,0.));
#6842 = ( GEOMETRIC_REPRESENTATION_CONTEXT(2) 
PARAMETRIC_REPRESENTATION_CONTEXT() REPRESENTATION_CONTEXT('2D SPACE',''
  ) );
#6843 = PCURVE('',#6545,#6844);
#6844 = DEFINITIONAL_REPRESENTATION('',(#6845),#6849);
#6845 = CIRCLE('',#6846,2.5);
#6846 = AXIS2_PLACEMENT_2D('',#6847,#6848);
#6847 = CARTESIAN_POINT('',(44.,-2.));
#6848 = DIRECTION('',(1.,0.));
#6849 = ( GEOMETRIC_REPRESENTATION_CONTEXT(2) 
PARAMETRIC_REPRESENTATION_CONTEXT() REPRESENTATION_CONTEXT('2D SPACE',''
  ) );
#6850 = ORIENTED_EDGE('',*,*,#6851,.T.);
#6851 = EDGE_CURVE('',#6828,#962,#6852,.T.);
#6852 = SURFACE_CURVE('',#6853,(#6857,#6863),.PCURVE_S1.);
#6853 = LINE('',#6854,#6855);
#6854 = CARTESIAN_POINT('',(49.5,40.,4.6));
#6855 = VECTOR('',#6856,1.);
#6856 = DIRECTION('',(0.,0.,1.));
#6857 = PCURVE('',#1006,#6858);
#6858 = DEFINITIONAL_REPRESENTATION('',(#6859),#6862);
#6859 = B_SPLINE_CURVE_WITH_KNOTS('',1,(#6860,#6861),.UNSPECIFIED.,.F.,
  .F.,(2,2),(10.95,13.7000006),.PIECEWISE_BEZIER_KNOTS.);
#6860 = CARTESIAN_POINT('',(0.927295218002,10.95));
#6861 = CARTESIAN_POINT('',(0.927295218002,13.7000006));
#6862 = ( GEOMETRIC_REPRESENTATION_CONTEXT(2) 
PARAMETRIC_REPRESENTATION_CONTEXT() REPRESENTATION_CONTEXT('2D SPACE',''
  ) );
#6863 = PCURVE('',#977,#6864);
#6864 = DEFINITIONAL_REPRESENTATION('',(#6865),#6868);
#6865 = B_SPLINE_CURVE_WITH_KNOTS('',1,(#6866,#6867),.UNSPECIFIED.,.F.,
  .F.,(2,2),(10.95,13.7000006),.PIECEWISE_BEZIER_KNOTS.);
#6866 = CARTESIAN_POINT('',(-0.25,45.5));
#6867 = CARTESIAN_POINT('',(2.5000006,45.5));
#6868 = ( GEOMETRIC_REPRESENTATION_CONTEXT(2) 
PARAMETRIC_REPRESENTATION_CONTEXT() REPRESENTATION_CONTEXT('2D SPACE',''
  ) );
#6869 = ORIENTED_EDGE('',*,*,#989,.F.);
#6870 = ORIENTED_EDGE('',*,*,#6802,.F.);
#6871 = ORIENTED_EDGE('',*,*,#6872,.T.);
#6872 = EDGE_CURVE('',#6803,#6803,#6873,.T.);
#6873 = SURFACE_CURVE('',#6874,(#6879,#6886),.PCURVE_S1.);
#6874 = CIRCLE('',#6875,2.5);
#6875 = AXIS2_PLACEMENT_3D('',#6876,#6877,#6878);
#6876 = CARTESIAN_POINT('',(48.,38.,4.6));
#6877 = DIRECTION('',(0.,0.,1.));
#6878 = DIRECTION('',(1.,0.,-0.));
#6879 = PCURVE('',#1006,#6880);
#6880 = DEFINITIONAL_REPRESENTATION('',(#6881),#6885);
#6881 = LINE('',#6882,#6883);
#6882 = CARTESIAN_POINT('',(0.,0.));
#6883 = VECTOR('',#6884,1.);
#6884 = DIRECTION('',(1.,0.));
#6885 = ( GEOMETRIC_REPRESENTATION_CONTEXT(2) 
PARAMETRIC_REPRESENTATION_CONTEXT() REPRESENTATION_CONTEXT('2D SPACE',''
  ) );
#6886 = PCURVE('',#6887,#6892);
#6887 = PLANE('',#6888);
#6888 = AXIS2_PLACEMENT_3D('',#6889,#6890,#6891);
#6889 = CARTESIAN_POINT('',(48.,38.,4.6));
#6890 = DIRECTION('',(0.,0.,1.));
#6891 = DIRECTION('',(1.,0.,-0.));
#6892 = DEFINITIONAL_REPRESENTATION('',(#6893),#6897);
#6893 = CIRCLE('',#6894,2.5);
#6894 = AXIS2_PLACEMENT_2D('',#6895,#6896);
#6895 = CARTESIAN_POINT('',(0.,0.));
#6896 = DIRECTION('',(1.,0.));
#6897 = ( GEOMETRIC_REPRESENTATION_CONTEXT(2) 
PARAMETRIC_REPRESENTATION_CONTEXT() REPRESENTATION_CONTEXT('2D SPACE',''
  ) );
#6898 = ADVANCED_FACE('',(#6899),#977,.F.);
#6899 = FACE_BOUND('',#6900,.F.);
#6900 = EDGE_LOOP('',(#6901,#6922,#6923,#6924));
#6901 = ORIENTED_EDGE('',*,*,#6902,.F.);
#6902 = EDGE_CURVE('',#6828,#6754,#6903,.T.);
#6903 = SURFACE_CURVE('',#6904,(#6908,#6915),.PCURVE_S1.);
#6904 = LINE('',#6905,#6906);
#6905 = CARTESIAN_POINT('',(4.,40.,15.8));
#6906 = VECTOR('',#6907,1.);
#6907 = DIRECTION('',(1.,0.,0.));
#6908 = PCURVE('',#977,#6909);
#6909 = DEFINITIONAL_REPRESENTATION('',(#6910),#6914);
#6910 = LINE('',#6911,#6912);
#6911 = CARTESIAN_POINT('',(0.,0.));
#6912 = VECTOR('',#6913,1.);
#6913 = DIRECTION('',(0.,1.));
#6914 = ( GEOMETRIC_REPRESENTATION_CONTEXT(2) 
PARAMETRIC_REPRESENTATION_CONTEXT() REPRESENTATION_CONTEXT('2D SPACE',''
  ) );
#6915 = PCURVE('',#6545,#6916);
#6916 = DEFINITIONAL_REPRESENTATION('',(#6917),#6921);
#6917 = LINE('',#6918,#6919);
#6918 = CARTESIAN_POINT('',(0.,0.));
#6919 = VECTOR('',#6920,1.);
#6920 = DIRECTION('',(1.,0.));
#6921 = ( GEOMETRIC_REPRESENTATION_CONTEXT(2) 
PARAMETRIC_REPRESENTATION_CONTEXT() REPRESENTATION_CONTEXT('2D SPACE',''
  ) );
#6922 = ORIENTED_EDGE('',*,*,#6851,.T.);
#6923 = ORIENTED_EDGE('',*,*,#961,.T.);
#6924 = ORIENTED_EDGE('',*,*,#6753,.F.);
#6925 = ADVANCED_FACE('',(#6926),#1111,.F.);
#6926 = FACE_BOUND('',#6927,.F.);
#6927 = EDGE_LOOP('',(#6928,#6929,#6950,#6951));
#6928 = ORIENTED_EDGE('',*,*,#5401,.F.);
#6929 = ORIENTED_EDGE('',*,*,#6930,.F.);
#6930 = EDGE_CURVE('',#1095,#5402,#6931,.T.);
#6931 = SEAM_CURVE('',#6932,(#6936,#6943),.PCURVE_S1.);
#6932 = LINE('',#6933,#6934);
#6933 = CARTESIAN_POINT('',(39.55,27.469,17.3));
#6934 = VECTOR('',#6935,1.);
#6935 = DIRECTION('',(0.,0.,1.));
#6936 = PCURVE('',#1111,#6937);
#6937 = DEFINITIONAL_REPRESENTATION('',(#6938),#6942);
#6938 = LINE('',#6939,#6940);
#6939 = CARTESIAN_POINT('',(6.28318530718,-0.));
#6940 = VECTOR('',#6941,1.);
#6941 = DIRECTION('',(0.,1.));
#6942 = ( GEOMETRIC_REPRESENTATION_CONTEXT(2) 
PARAMETRIC_REPRESENTATION_CONTEXT() REPRESENTATION_CONTEXT('2D SPACE',''
  ) );
#6943 = PCURVE('',#1111,#6944);
#6944 = DEFINITIONAL_REPRESENTATION('',(#6945),#6949);
#6945 = LINE('',#6946,#6947);
#6946 = CARTESIAN_POINT('',(0.,-0.));
#6947 = VECTOR('',#6948,1.);
#6948 = DIRECTION('',(0.,1.));
#6949 = ( GEOMETRIC_REPRESENTATION_CONTEXT(2) 
PARAMETRIC_REPRESENTATION_CONTEXT() REPRESENTATION_CONTEXT('2D SPACE',''
  ) );
#6950 = ORIENTED_EDGE('',*,*,#1094,.T.);
#6951 = ORIENTED_EDGE('',*,*,#6930,.T.);
#6952 = ADVANCED_FACE('',(#6953),#1142,.F.);
#6953 = FACE_BOUND('',#6954,.F.);
#6954 = EDGE_LOOP('',(#6955,#6956,#6977,#6978));
#6955 = ORIENTED_EDGE('',*,*,#5427,.F.);
#6956 = ORIENTED_EDGE('',*,*,#6957,.F.);
#6957 = EDGE_CURVE('',#1126,#5428,#6958,.T.);
#6958 = SEAM_CURVE('',#6959,(#6963,#6970),.PCURVE_S1.);
#6959 = LINE('',#6960,#6961);
#6960 = CARTESIAN_POINT('',(43.05,27.469,17.3));
#6961 = VECTOR('',#6962,1.);
#6962 = DIRECTION('',(0.,0.,1.));
#6963 = PCURVE('',#1142,#6964);
#6964 = DEFINITIONAL_REPRESENTATION('',(#6965),#6969);
#6965 = LINE('',#6966,#6967);
#6966 = CARTESIAN_POINT('',(6.28318530718,-0.));
#6967 = VECTOR('',#6968,1.);
#6968 = DIRECTION('',(0.,1.));
#6969 = ( GEOMETRIC_REPRESENTATION_CONTEXT(2) 
PARAMETRIC_REPRESENTATION_CONTEXT() REPRESENTATION_CONTEXT('2D SPACE',''
  ) );
#6970 = PCURVE('',#1142,#6971);
#6971 = DEFINITIONAL_REPRESENTATION('',(#6972),#6976);
#6972 = LINE('',#6973,#6974);
#6973 = CARTESIAN_POINT('',(0.,-0.));
#6974 = VECTOR('',#6975,1.);
#6975 = DIRECTION('',(0.,1.));
#6976 = ( GEOMETRIC_REPRESENTATION_CONTEXT(2) 
PARAMETRIC_REPRESENTATION_CONTEXT() REPRESENTATION_CONTEXT('2D SPACE',''
  ) );
#6977 = ORIENTED_EDGE('',*,*,#1125,.T.);
#6978 = ORIENTED_EDGE('',*,*,#6957,.T.);
#6979 = ADVANCED_FACE('',(#6980),#1173,.F.);
#6980 = FACE_BOUND('',#6981,.F.);
#6981 = EDGE_LOOP('',(#6982,#6983,#7004,#7005));
#6982 = ORIENTED_EDGE('',*,*,#5453,.F.);
#6983 = ORIENTED_EDGE('',*,*,#6984,.F.);
#6984 = EDGE_CURVE('',#1157,#5454,#6985,.T.);
#6985 = SEAM_CURVE('',#6986,(#6990,#6997),.PCURVE_S1.);
#6986 = LINE('',#6987,#6988);
#6987 = CARTESIAN_POINT('',(37.8,30.5,17.3));
#6988 = VECTOR('',#6989,1.);
#6989 = DIRECTION('',(0.,0.,1.));
#6990 = PCURVE('',#1173,#6991);
#6991 = DEFINITIONAL_REPRESENTATION('',(#6992),#6996);
#6992 = LINE('',#6993,#6994);
#6993 = CARTESIAN_POINT('',(6.28318530718,-0.));
#6994 = VECTOR('',#6995,1.);
#6995 = DIRECTION('',(0.,1.));
#6996 = ( GEOMETRIC_REPRESENTATION_CONTEXT(2) 
PARAMETRIC_REPRESENTATION_CONTEXT() REPRESENTATION_CONTEXT('2D SPACE',''
  ) );
#6997 = PCURVE('',#1173,#6998);
#6998 = DEFINITIONAL_REPRESENTATION('',(#6999),#7003);
#6999 = LINE('',#7000,#7001);
#7000 = CARTESIAN_POINT('',(0.,-0.));
#7001 = VECTOR('',#7002,1.);
#7002 = DIRECTION('',(0.,1.));
#7003 = ( GEOMETRIC_REPRESENTATION_CONTEXT(2) 
PARAMETRIC_REPRESENTATION_CONTEXT() REPRESENTATION_CONTEXT('2D SPACE',''
  ) );
#7004 = ORIENTED_EDGE('',*,*,#1156,.T.);
#7005 = ORIENTED_EDGE('',*,*,#6984,.T.);
#7006 = ADVANCED_FACE('',(#7007),#1204,.F.);
#7007 = FACE_BOUND('',#7008,.F.);
#7008 = EDGE_LOOP('',(#7009,#7010,#7031,#7032));
#7009 = ORIENTED_EDGE('',*,*,#5479,.F.);
#7010 = ORIENTED_EDGE('',*,*,#7011,.F.);
#7011 = EDGE_CURVE('',#1188,#5480,#7012,.T.);
#7012 = SEAM_CURVE('',#7013,(#7017,#7024),.PCURVE_S1.);
#7013 = LINE('',#7014,#7015);
#7014 = CARTESIAN_POINT('',(41.3,30.5,17.3));
#7015 = VECTOR('',#7016,1.);
#7016 = DIRECTION('',(0.,0.,1.));
#7017 = PCURVE('',#1204,#7018);
#7018 = DEFINITIONAL_REPRESENTATION('',(#7019),#7023);
#7019 = LINE('',#7020,#7021);
#7020 = CARTESIAN_POINT('',(6.28318530718,-0.));
#7021 = VECTOR('',#7022,1.);
#7022 = DIRECTION('',(0.,1.));
#7023 = ( GEOMETRIC_REPRESENTATION_CONTEXT(2) 
PARAMETRIC_REPRESENTATION_CONTEXT() REPRESENTATION_CONTEXT('2D SPACE',''
  ) );
#7024 = PCURVE('',#1204,#7025);
#7025 = DEFINITIONAL_REPRESENTATION('',(#7026),#7030);
#7026 = LINE('',#7027,#7028);
#7027 = CARTESIAN_POINT('',(0.,-0.));
#7028 = VECTOR('',#7029,1.);
#7029 = DIRECTION('',(0.,1.));
#7030 = ( GEOMETRIC_REPRESENTATION_CONTEXT(2) 
PARAMETRIC_REPRESENTATION_CONTEXT() REPRESENTATION_CONTEXT('2D SPACE',''
  ) );
#7031 = ORIENTED_EDGE('',*,*,#1187,.T.);
#7032 = ORIENTED_EDGE('',*,*,#7011,.T.);
#7033 = ADVANCED_FACE('',(#7034),#1235,.F.);
#7034 = FACE_BOUND('',#7035,.F.);
#7035 = EDGE_LOOP('',(#7036,#7037,#7058,#7059));
#7036 = ORIENTED_EDGE('',*,*,#5531,.F.);
#7037 = ORIENTED_EDGE('',*,*,#7038,.F.);
#7038 = EDGE_CURVE('',#1219,#5532,#7039,.T.);
#7039 = SEAM_CURVE('',#7040,(#7044,#7051),.PCURVE_S1.);
#7040 = LINE('',#7041,#7042);
#7041 = CARTESIAN_POINT('',(44.8,30.5,17.3));
#7042 = VECTOR('',#7043,1.);
#7043 = DIRECTION('',(0.,0.,1.));
#7044 = PCURVE('',#1235,#7045);
#7045 = DEFINITIONAL_REPRESENTATION('',(#7046),#7050);
#7046 = LINE('',#7047,#7048);
#7047 = CARTESIAN_POINT('',(6.28318530718,-0.));
#7048 = VECTOR('',#7049,1.);
#7049 = DIRECTION('',(0.,1.));
#7050 = ( GEOMETRIC_REPRESENTATION_CONTEXT(2) 
PARAMETRIC_REPRESENTATION_CONTEXT() REPRESENTATION_CONTEXT('2D SPACE',''
  ) );
#7051 = PCURVE('',#1235,#7052);
#7052 = DEFINITIONAL_REPRESENTATION('',(#7053),#7057);
#7053 = LINE('',#7054,#7055);
#7054 = CARTESIAN_POINT('',(0.,-0.));
#7055 = VECTOR('',#7056,1.);
#7056 = DIRECTION('',(0.,1.));
#7057 = ( GEOMETRIC_REPRESENTATION_CONTEXT(2) 
PARAMETRIC_REPRESENTATION_CONTEXT() REPRESENTATION_CONTEXT('2D SPACE',''
  ) );
#7058 = ORIENTED_EDGE('',*,*,#1218,.T.);
#7059 = ORIENTED_EDGE('',*,*,#7038,.T.);
#7060 = ADVANCED_FACE('',(#7061),#1266,.F.);
#7061 = FACE_BOUND('',#7062,.F.);
#7062 = EDGE_LOOP('',(#7063,#7064,#7085,#7086));
#7063 = ORIENTED_EDGE('',*,*,#5505,.F.);
#7064 = ORIENTED_EDGE('',*,*,#7065,.F.);
#7065 = EDGE_CURVE('',#1250,#5506,#7066,.T.);
#7066 = SEAM_CURVE('',#7067,(#7071,#7078),.PCURVE_S1.);
#7067 = LINE('',#7068,#7069);
#7068 = CARTESIAN_POINT('',(39.55,33.531,17.3));
#7069 = VECTOR('',#7070,1.);
#7070 = DIRECTION('',(0.,0.,1.));
#7071 = PCURVE('',#1266,#7072);
#7072 = DEFINITIONAL_REPRESENTATION('',(#7073),#7077);
#7073 = LINE('',#7074,#7075);
#7074 = CARTESIAN_POINT('',(6.28318530718,-0.));
#7075 = VECTOR('',#7076,1.);
#7076 = DIRECTION('',(0.,1.));
#7077 = ( GEOMETRIC_REPRESENTATION_CONTEXT(2) 
PARAMETRIC_REPRESENTATION_CONTEXT() REPRESENTATION_CONTEXT('2D SPACE',''
  ) );
#7078 = PCURVE('',#1266,#7079);
#7079 = DEFINITIONAL_REPRESENTATION('',(#7080),#7084);
#7080 = LINE('',#7081,#7082);
#7081 = CARTESIAN_POINT('',(0.,-0.));
#7082 = VECTOR('',#7083,1.);
#7083 = DIRECTION('',(0.,1.));
#7084 = ( GEOMETRIC_REPRESENTATION_CONTEXT(2) 
PARAMETRIC_REPRESENTATION_CONTEXT() REPRESENTATION_CONTEXT('2D SPACE',''
  ) );
#7085 = ORIENTED_EDGE('',*,*,#1249,.T.);
#7086 = ORIENTED_EDGE('',*,*,#7065,.T.);
#7087 = ADVANCED_FACE('',(#7088),#1297,.F.);
#7088 = FACE_BOUND('',#7089,.F.);
#7089 = EDGE_LOOP('',(#7090,#7091,#7112,#7113));
#7090 = ORIENTED_EDGE('',*,*,#5557,.F.);
#7091 = ORIENTED_EDGE('',*,*,#7092,.F.);
#7092 = EDGE_CURVE('',#1281,#5558,#7093,.T.);
#7093 = SEAM_CURVE('',#7094,(#7098,#7105),.PCURVE_S1.);
#7094 = LINE('',#7095,#7096);
#7095 = CARTESIAN_POINT('',(43.05,33.531,17.3));
#7096 = VECTOR('',#7097,1.);
#7097 = DIRECTION('',(0.,0.,1.));
#7098 = PCURVE('',#1297,#7099);
#7099 = DEFINITIONAL_REPRESENTATION('',(#7100),#7104);
#7100 = LINE('',#7101,#7102);
#7101 = CARTESIAN_POINT('',(6.28318530718,-0.));
#7102 = VECTOR('',#7103,1.);
#7103 = DIRECTION('',(0.,1.));
#7104 = ( GEOMETRIC_REPRESENTATION_CONTEXT(2) 
PARAMETRIC_REPRESENTATION_CONTEXT() REPRESENTATION_CONTEXT('2D SPACE',''
  ) );
#7105 = PCURVE('',#1297,#7106);
#7106 = DEFINITIONAL_REPRESENTATION('',(#7107),#7111);
#7107 = LINE('',#7108,#7109);
#7108 = CARTESIAN_POINT('',(0.,-0.));
#7109 = VECTOR('',#7110,1.);
#7110 = DIRECTION('',(0.,1.));
#7111 = ( GEOMETRIC_REPRESENTATION_CONTEXT(2) 
PARAMETRIC_REPRESENTATION_CONTEXT() REPRESENTATION_CONTEXT('2D SPACE',''
  ) );
#7112 = ORIENTED_EDGE('',*,*,#1280,.T.);
#7113 = ORIENTED_EDGE('',*,*,#7092,.T.);
#7114 = ADVANCED_FACE('',(#7115),#1378,.T.);
#7115 = FACE_BOUND('',#7116,.T.);
#7116 = EDGE_LOOP('',(#7117,#7137,#7138,#7139));
#7117 = ORIENTED_EDGE('',*,*,#7118,.T.);
#7118 = EDGE_CURVE('',#1422,#1472,#7119,.T.);
#7119 = SURFACE_CURVE('',#7120,(#7125,#7131),.PCURVE_S1.);
#7120 = CIRCLE('',#7121,1.2);
#7121 = AXIS2_PLACEMENT_3D('',#7122,#7123,#7124);
#7122 = CARTESIAN_POINT('',(68.,-0.8,19.1));
#7123 = DIRECTION('',(-1.,-6.123233995737E-17,0.));
#7124 = DIRECTION('',(6.123233995737E-17,-1.,-0.));
#7125 = PCURVE('',#1378,#7126);
#7126 = DEFINITIONAL_REPRESENTATION('',(#7127),#7130);
#7127 = B_SPLINE_CURVE_WITH_KNOTS('',1,(#7128,#7129),.UNSPECIFIED.,.F.,
  .F.,(2,2),(0.,1.570796326795),.PIECEWISE_BEZIER_KNOTS.);
#7128 = CARTESIAN_POINT('',(0.,0.));
#7129 = CARTESIAN_POINT('',(1.570796326795,0.));
#7130 = ( GEOMETRIC_REPRESENTATION_CONTEXT(2) 
PARAMETRIC_REPRESENTATION_CONTEXT() REPRESENTATION_CONTEXT('2D SPACE',''
  ) );
#7131 = PCURVE('',#1515,#7132);
#7132 = DEFINITIONAL_REPRESENTATION('',(#7133),#7136);
#7133 = B_SPLINE_CURVE_WITH_KNOTS('',1,(#7134,#7135),.UNSPECIFIED.,.F.,
  .F.,(2,2),(0.,1.570796326795),.PIECEWISE_BEZIER_KNOTS.);
#7134 = CARTESIAN_POINT('',(-1.570796326795,0.));
#7135 = CARTESIAN_POINT('',(-1.570796326795,1.570796326795));
#7136 = ( GEOMETRIC_REPRESENTATION_CONTEXT(2) 
PARAMETRIC_REPRESENTATION_CONTEXT() REPRESENTATION_CONTEXT('2D SPACE',''
  ) );
#7137 = ORIENTED_EDGE('',*,*,#1471,.T.);
#7138 = ORIENTED_EDGE('',*,*,#1362,.F.);
#7139 = ORIENTED_EDGE('',*,*,#1421,.F.);
#7140 = ADVANCED_FACE('',(#7141),#1604,.T.);
#7141 = FACE_BOUND('',#7142,.T.);
#7142 = EDGE_LOOP('',(#7143,#7144,#7145,#7165));
#7143 = ORIENTED_EDGE('',*,*,#5617,.T.);
#7144 = ORIENTED_EDGE('',*,*,#1588,.T.);
#7145 = ORIENTED_EDGE('',*,*,#7146,.F.);
#7146 = EDGE_CURVE('',#5643,#1556,#7147,.T.);
#7147 = SURFACE_CURVE('',#7148,(#7153,#7159),.PCURVE_S1.);
#7148 = CIRCLE('',#7149,1.2);
#7149 = AXIS2_PLACEMENT_3D('',#7150,#7151,#7152);
#7150 = CARTESIAN_POINT('',(68.,41.8,19.1));
#7151 = DIRECTION('',(1.,0.,0.));
#7152 = DIRECTION('',(-0.,1.,0.));
#7153 = PCURVE('',#1604,#7154);
#7154 = DEFINITIONAL_REPRESENTATION('',(#7155),#7158);
#7155 = B_SPLINE_CURVE_WITH_KNOTS('',1,(#7156,#7157),.UNSPECIFIED.,.F.,
  .F.,(2,2),(0.,1.570796326795),.PIECEWISE_BEZIER_KNOTS.);
#7156 = CARTESIAN_POINT('',(0.,66.));
#7157 = CARTESIAN_POINT('',(1.570796326795,66.));
#7158 = ( GEOMETRIC_REPRESENTATION_CONTEXT(2) 
PARAMETRIC_REPRESENTATION_CONTEXT() REPRESENTATION_CONTEXT('2D SPACE',''
  ) );
#7159 = PCURVE('',#1576,#7160);
#7160 = DEFINITIONAL_REPRESENTATION('',(#7161),#7164);
#7161 = B_SPLINE_CURVE_WITH_KNOTS('',1,(#7162,#7163),.UNSPECIFIED.,.F.,
  .F.,(2,2),(0.,1.570796326795),.PIECEWISE_BEZIER_KNOTS.);
#7162 = CARTESIAN_POINT('',(0.,0.));
#7163 = CARTESIAN_POINT('',(0.,1.570796326795));
#7164 = ( GEOMETRIC_REPRESENTATION_CONTEXT(2) 
PARAMETRIC_REPRESENTATION_CONTEXT() REPRESENTATION_CONTEXT('2D SPACE',''
  ) );
#7165 = ORIENTED_EDGE('',*,*,#5642,.F.);
#7166 = ADVANCED_FACE('',(#7167),#1515,.T.);
#7167 = FACE_BOUND('',#7168,.F.);
#7168 = EDGE_LOOP('',(#7169,#7189,#7190,#7191));
#7169 = ORIENTED_EDGE('',*,*,#7170,.F.);
#7170 = EDGE_CURVE('',#5691,#1495,#7171,.T.);
#7171 = SURFACE_CURVE('',#7172,(#7177,#7183),.PCURVE_S1.);
#7172 = CIRCLE('',#7173,1.2);
#7173 = AXIS2_PLACEMENT_3D('',#7174,#7175,#7176);
#7174 = CARTESIAN_POINT('',(70.8,2.,19.1));
#7175 = DIRECTION('',(0.,-1.,-0.));
#7176 = DIRECTION('',(1.,0.,-0.));
#7177 = PCURVE('',#1515,#7178);
#7178 = DEFINITIONAL_REPRESENTATION('',(#7179),#7182);
#7179 = B_SPLINE_CURVE_WITH_KNOTS('',1,(#7180,#7181),.UNSPECIFIED.,.F.,
  .F.,(2,2),(0.,1.570796326795),.PIECEWISE_BEZIER_KNOTS.);
#7180 = CARTESIAN_POINT('',(0.,0.));
#7181 = CARTESIAN_POINT('',(0.,1.570796326795));
#7182 = ( GEOMETRIC_REPRESENTATION_CONTEXT(2) 
PARAMETRIC_REPRESENTATION_CONTEXT() REPRESENTATION_CONTEXT('2D SPACE',''
  ) );
#7183 = PCURVE('',#1543,#7184);
#7184 = DEFINITIONAL_REPRESENTATION('',(#7185),#7188);
#7185 = B_SPLINE_CURVE_WITH_KNOTS('',1,(#7186,#7187),.UNSPECIFIED.,.F.,
  .F.,(2,2),(0.,1.570796326795),.PIECEWISE_BEZIER_KNOTS.);
#7186 = CARTESIAN_POINT('',(0.,37.));
#7187 = CARTESIAN_POINT('',(1.570796326795,37.));
#7188 = ( GEOMETRIC_REPRESENTATION_CONTEXT(2) 
PARAMETRIC_REPRESENTATION_CONTEXT() REPRESENTATION_CONTEXT('2D SPACE',''
  ) );
#7189 = ORIENTED_EDGE('',*,*,#5715,.T.);
#7190 = ORIENTED_EDGE('',*,*,#7118,.T.);
#7191 = ORIENTED_EDGE('',*,*,#1494,.F.);
#7192 = ADVANCED_FACE('',(#7193),#1576,.T.);
#7193 = FACE_BOUND('',#7194,.F.);
#7194 = EDGE_LOOP('',(#7195,#7196,#7197,#7217));
#7195 = ORIENTED_EDGE('',*,*,#7146,.F.);
#7196 = ORIENTED_EDGE('',*,*,#5765,.T.);
#7197 = ORIENTED_EDGE('',*,*,#7198,.T.);
#7198 = EDGE_CURVE('',#5741,#1528,#7199,.T.);
#7199 = SURFACE_CURVE('',#7200,(#7205,#7211),.PCURVE_S1.);
#7200 = CIRCLE('',#7201,1.2);
#7201 = AXIS2_PLACEMENT_3D('',#7202,#7203,#7204);
#7202 = CARTESIAN_POINT('',(70.8,39.,19.1));
#7203 = DIRECTION('',(6.123233995737E-17,-1.,0.));
#7204 = DIRECTION('',(1.,6.123233995737E-17,0.));
#7205 = PCURVE('',#1576,#7206);
#7206 = DEFINITIONAL_REPRESENTATION('',(#7207),#7210);
#7207 = B_SPLINE_CURVE_WITH_KNOTS('',1,(#7208,#7209),.UNSPECIFIED.,.F.,
  .F.,(2,2),(0.,1.570796326795),.PIECEWISE_BEZIER_KNOTS.);
#7208 = CARTESIAN_POINT('',(-1.570796326795,0.));
#7209 = CARTESIAN_POINT('',(-1.570796326795,1.570796326795));
#7210 = ( GEOMETRIC_REPRESENTATION_CONTEXT(2) 
PARAMETRIC_REPRESENTATION_CONTEXT() REPRESENTATION_CONTEXT('2D SPACE',''
  ) );
#7211 = PCURVE('',#1543,#7212);
#7212 = DEFINITIONAL_REPRESENTATION('',(#7213),#7216);
#7213 = B_SPLINE_CURVE_WITH_KNOTS('',1,(#7214,#7215),.UNSPECIFIED.,.F.,
  .F.,(2,2),(0.,1.570796326795),.PIECEWISE_BEZIER_KNOTS.);
#7214 = CARTESIAN_POINT('',(0.,0.));
#7215 = CARTESIAN_POINT('',(1.570796326795,0.));
#7216 = ( GEOMETRIC_REPRESENTATION_CONTEXT(2) 
PARAMETRIC_REPRESENTATION_CONTEXT() REPRESENTATION_CONTEXT('2D SPACE',''
  ) );
#7217 = ORIENTED_EDGE('',*,*,#1555,.F.);
#7218 = ADVANCED_FACE('',(#7219),#1543,.T.);
#7219 = FACE_BOUND('',#7220,.T.);
#7220 = EDGE_LOOP('',(#7221,#7222,#7223,#7224));
#7221 = ORIENTED_EDGE('',*,*,#7198,.T.);
#7222 = ORIENTED_EDGE('',*,*,#1527,.T.);
#7223 = ORIENTED_EDGE('',*,*,#7170,.F.);
#7224 = ORIENTED_EDGE('',*,*,#5793,.F.);
#7225 = ADVANCED_FACE('',(#7226),#1661,.F.);
#7226 = FACE_BOUND('',#7227,.F.);
#7227 = EDGE_LOOP('',(#7228,#7229,#7252,#7279));
#7228 = ORIENTED_EDGE('',*,*,#1644,.F.);
#7229 = ORIENTED_EDGE('',*,*,#7230,.F.);
#7230 = EDGE_CURVE('',#7231,#1645,#7233,.T.);
#7231 = VERTEX_POINT('',#7232);
#7232 = CARTESIAN_POINT('',(5.2,3.,18.7));
#7233 = SEAM_CURVE('',#7234,(#7238,#7245),.PCURVE_S1.);
#7234 = LINE('',#7235,#7236);
#7235 = CARTESIAN_POINT('',(5.2,3.,18.7));
#7236 = VECTOR('',#7237,1.);
#7237 = DIRECTION('',(0.,0.,1.));
#7238 = PCURVE('',#1661,#7239);
#7239 = DEFINITIONAL_REPRESENTATION('',(#7240),#7244);
#7240 = LINE('',#7241,#7242);
#7241 = CARTESIAN_POINT('',(6.28318530718,-0.));
#7242 = VECTOR('',#7243,1.);
#7243 = DIRECTION('',(0.,1.));
#7244 = ( GEOMETRIC_REPRESENTATION_CONTEXT(2) 
PARAMETRIC_REPRESENTATION_CONTEXT() REPRESENTATION_CONTEXT('2D SPACE',''
  ) );
#7245 = PCURVE('',#1661,#7246);
#7246 = DEFINITIONAL_REPRESENTATION('',(#7247),#7251);
#7247 = LINE('',#7248,#7249);
#7248 = CARTESIAN_POINT('',(0.,-0.));
#7249 = VECTOR('',#7250,1.);
#7250 = DIRECTION('',(0.,1.));
#7251 = ( GEOMETRIC_REPRESENTATION_CONTEXT(2) 
PARAMETRIC_REPRESENTATION_CONTEXT() REPRESENTATION_CONTEXT('2D SPACE',''
  ) );
#7252 = ORIENTED_EDGE('',*,*,#7253,.T.);
#7253 = EDGE_CURVE('',#7231,#7231,#7254,.T.);
#7254 = SURFACE_CURVE('',#7255,(#7260,#7267),.PCURVE_S1.);
#7255 = CIRCLE('',#7256,2.2);
#7256 = AXIS2_PLACEMENT_3D('',#7257,#7258,#7259);
#7257 = CARTESIAN_POINT('',(3.,3.,18.7));
#7258 = DIRECTION('',(0.,0.,1.));
#7259 = DIRECTION('',(1.,0.,-0.));
#7260 = PCURVE('',#1661,#7261);
#7261 = DEFINITIONAL_REPRESENTATION('',(#7262),#7266);
#7262 = LINE('',#7263,#7264);
#7263 = CARTESIAN_POINT('',(0.,0.));
#7264 = VECTOR('',#7265,1.);
#7265 = DIRECTION('',(1.,0.));
#7266 = ( GEOMETRIC_REPRESENTATION_CONTEXT(2) 
PARAMETRIC_REPRESENTATION_CONTEXT() REPRESENTATION_CONTEXT('2D SPACE',''
  ) );
#7267 = PCURVE('',#7268,#7273);
#7268 = PLANE('',#7269);
#7269 = AXIS2_PLACEMENT_3D('',#7270,#7271,#7272);
#7270 = CARTESIAN_POINT('',(3.,3.,18.7));
#7271 = DIRECTION('',(0.,0.,1.));
#7272 = DIRECTION('',(1.,0.,-0.));
#7273 = DEFINITIONAL_REPRESENTATION('',(#7274),#7278);
#7274 = CIRCLE('',#7275,2.2);
#7275 = AXIS2_PLACEMENT_2D('',#7276,#7277);
#7276 = CARTESIAN_POINT('',(0.,0.));
#7277 = DIRECTION('',(1.,0.));
#7278 = ( GEOMETRIC_REPRESENTATION_CONTEXT(2) 
PARAMETRIC_REPRESENTATION_CONTEXT() REPRESENTATION_CONTEXT('2D SPACE',''
  ) );
#7279 = ORIENTED_EDGE('',*,*,#7230,.T.);
#7280 = ADVANCED_FACE('',(#7281),#1693,.T.);
#7281 = FACE_BOUND('',#7282,.T.);
#7282 = EDGE_LOOP('',(#7283,#7306,#7334,#7355));
#7283 = ORIENTED_EDGE('',*,*,#7284,.T.);
#7284 = EDGE_CURVE('',#1676,#7285,#7287,.T.);
#7285 = VERTEX_POINT('',#7286);
#7286 = CARTESIAN_POINT('',(16.482498372396,9.345003000895,19.8));
#7287 = SURFACE_CURVE('',#7288,(#7292,#7299),.PCURVE_S1.);
#7288 = LINE('',#7289,#7290);
#7289 = CARTESIAN_POINT('',(16.482498372396,9.345003000895,20.3));
#7290 = VECTOR('',#7291,1.);
#7291 = DIRECTION('',(-0.,-0.,-1.));
#7292 = PCURVE('',#1693,#7293);
#7293 = DEFINITIONAL_REPRESENTATION('',(#7294),#7298);
#7294 = LINE('',#7295,#7296);
#7295 = CARTESIAN_POINT('',(0.,0.));
#7296 = VECTOR('',#7297,1.);
#7297 = DIRECTION('',(0.,-1.));
#7298 = ( GEOMETRIC_REPRESENTATION_CONTEXT(2) 
PARAMETRIC_REPRESENTATION_CONTEXT() REPRESENTATION_CONTEXT('2D SPACE',''
  ) );
#7299 = PCURVE('',#1979,#7300);
#7300 = DEFINITIONAL_REPRESENTATION('',(#7301),#7305);
#7301 = LINE('',#7302,#7303);
#7302 = CARTESIAN_POINT('',(1.,0.));
#7303 = VECTOR('',#7304,1.);
#7304 = DIRECTION('',(0.,-1.));
#7305 = ( GEOMETRIC_REPRESENTATION_CONTEXT(2) 
PARAMETRIC_REPRESENTATION_CONTEXT() REPRESENTATION_CONTEXT('2D SPACE',''
  ) );
#7306 = ORIENTED_EDGE('',*,*,#7307,.T.);
#7307 = EDGE_CURVE('',#7285,#7308,#7310,.T.);
#7308 = VERTEX_POINT('',#7309);
#7309 = CARTESIAN_POINT('',(16.642491861979,9.329996490479,19.8));
#7310 = SURFACE_CURVE('',#7311,(#7315,#7322),.PCURVE_S1.);
#7311 = B_SPLINE_CURVE_WITH_KNOTS('',2,(#7312,#7313,#7314),
  .UNSPECIFIED.,.F.,.F.,(3,3),(0.,1.),.PIECEWISE_BEZIER_KNOTS.);
#7312 = CARTESIAN_POINT('',(16.482498372396,9.345003000895,19.8));
#7313 = CARTESIAN_POINT('',(16.537495117188,9.345003000895,19.8));
#7314 = CARTESIAN_POINT('',(16.642491861979,9.329996490479,19.8));
#7315 = PCURVE('',#1693,#7316);
#7316 = DEFINITIONAL_REPRESENTATION('',(#7317),#7321);
#7317 = LINE('',#7318,#7319);
#7318 = CARTESIAN_POINT('',(0.,-0.5));
#7319 = VECTOR('',#7320,1.);
#7320 = DIRECTION('',(1.,0.));
#7321 = ( GEOMETRIC_REPRESENTATION_CONTEXT(2) 
PARAMETRIC_REPRESENTATION_CONTEXT() REPRESENTATION_CONTEXT('2D SPACE',''
  ) );
#7322 = PCURVE('',#7323,#7328);
#7323 = PLANE('',#7324);
#7324 = AXIS2_PLACEMENT_3D('',#7325,#7326,#7327);
#7325 = CARTESIAN_POINT('',(15.082498372396,6.649999745687,19.8));
#7326 = DIRECTION('',(0.,0.,1.));
#7327 = DIRECTION('',(1.,0.,0.));
#7328 = DEFINITIONAL_REPRESENTATION('',(#7329),#7333);
#7329 = B_SPLINE_CURVE_WITH_KNOTS('',2,(#7330,#7331,#7332),
  .UNSPECIFIED.,.F.,.F.,(3,3),(0.,1.),.PIECEWISE_BEZIER_KNOTS.);
#7330 = CARTESIAN_POINT('',(1.4,2.695003255208));
#7331 = CARTESIAN_POINT('',(1.454996744792,2.695003255208));
#7332 = CARTESIAN_POINT('',(1.559993489583,2.679996744792));
#7333 = ( GEOMETRIC_REPRESENTATION_CONTEXT(2) 
PARAMETRIC_REPRESENTATION_CONTEXT() REPRESENTATION_CONTEXT('2D SPACE',''
  ) );
#7334 = ORIENTED_EDGE('',*,*,#7335,.F.);
#7335 = EDGE_CURVE('',#1678,#7308,#7336,.T.);
#7336 = SURFACE_CURVE('',#7337,(#7341,#7348),.PCURVE_S1.);
#7337 = LINE('',#7338,#7339);
#7338 = CARTESIAN_POINT('',(16.642491861979,9.329996490479,20.3));
#7339 = VECTOR('',#7340,1.);
#7340 = DIRECTION('',(-0.,-0.,-1.));
#7341 = PCURVE('',#1693,#7342);
#7342 = DEFINITIONAL_REPRESENTATION('',(#7343),#7347);
#7343 = LINE('',#7344,#7345);
#7344 = CARTESIAN_POINT('',(1.,0.));
#7345 = VECTOR('',#7346,1.);
#7346 = DIRECTION('',(0.,-1.));
#7347 = ( GEOMETRIC_REPRESENTATION_CONTEXT(2) 
PARAMETRIC_REPRESENTATION_CONTEXT() REPRESENTATION_CONTEXT('2D SPACE',''
  ) );
#7348 = PCURVE('',#1723,#7349);
#7349 = DEFINITIONAL_REPRESENTATION('',(#7350),#7354);
#7350 = LINE('',#7351,#7352);
#7351 = CARTESIAN_POINT('',(0.,0.));
#7352 = VECTOR('',#7353,1.);
#7353 = DIRECTION('',(0.,-1.));
#7354 = ( GEOMETRIC_REPRESENTATION_CONTEXT(2) 
PARAMETRIC_REPRESENTATION_CONTEXT() REPRESENTATION_CONTEXT('2D SPACE',''
  ) );
#7355 = ORIENTED_EDGE('',*,*,#1675,.F.);
#7356 = ADVANCED_FACE('',(#7357),#1979,.T.);
#7357 = FACE_BOUND('',#7358,.T.);
#7358 = EDGE_LOOP('',(#7359,#7382,#7403,#7404));
#7359 = ORIENTED_EDGE('',*,*,#7360,.T.);
#7360 = EDGE_CURVE('',#1936,#7361,#7363,.T.);
#7361 = VERTEX_POINT('',#7362);
#7362 = CARTESIAN_POINT('',(16.115001627604,9.217504628499,19.8));
#7363 = SURFACE_CURVE('',#7364,(#7368,#7375),.PCURVE_S1.);
#7364 = LINE('',#7365,#7366);
#7365 = CARTESIAN_POINT('',(16.115001627604,9.217504628499,20.3));
#7366 = VECTOR('',#7367,1.);
#7367 = DIRECTION('',(-0.,-0.,-1.));
#7368 = PCURVE('',#1979,#7369);
#7369 = DEFINITIONAL_REPRESENTATION('',(#7370),#7374);
#7370 = LINE('',#7371,#7372);
#7371 = CARTESIAN_POINT('',(0.,0.));
#7372 = VECTOR('',#7373,1.);
#7373 = DIRECTION('',(0.,-1.));
#7374 = ( GEOMETRIC_REPRESENTATION_CONTEXT(2) 
PARAMETRIC_REPRESENTATION_CONTEXT() REPRESENTATION_CONTEXT('2D SPACE',''
  ) );
#7375 = PCURVE('',#1951,#7376);
#7376 = DEFINITIONAL_REPRESENTATION('',(#7377),#7381);
#7377 = LINE('',#7378,#7379);
#7378 = CARTESIAN_POINT('',(1.,0.));
#7379 = VECTOR('',#7380,1.);
#7380 = DIRECTION('',(0.,-1.));
#7381 = ( GEOMETRIC_REPRESENTATION_CONTEXT(2) 
PARAMETRIC_REPRESENTATION_CONTEXT() REPRESENTATION_CONTEXT('2D SPACE',''
  ) );
#7382 = ORIENTED_EDGE('',*,*,#7383,.T.);
#7383 = EDGE_CURVE('',#7361,#7285,#7384,.T.);
#7384 = SURFACE_CURVE('',#7385,(#7389,#7396),.PCURVE_S1.);
#7385 = B_SPLINE_CURVE_WITH_KNOTS('',2,(#7386,#7387,#7388),
  .UNSPECIFIED.,.F.,.F.,(3,3),(0.,1.),.PIECEWISE_BEZIER_KNOTS.);
#7386 = CARTESIAN_POINT('',(16.115001627604,9.217504628499,19.8));
#7387 = CARTESIAN_POINT('',(16.282498372396,9.345003000895,19.8));
#7388 = CARTESIAN_POINT('',(16.482498372396,9.345003000895,19.8));
#7389 = PCURVE('',#1979,#7390);
#7390 = DEFINITIONAL_REPRESENTATION('',(#7391),#7395);
#7391 = LINE('',#7392,#7393);
#7392 = CARTESIAN_POINT('',(0.,-0.5));
#7393 = VECTOR('',#7394,1.);
#7394 = DIRECTION('',(1.,0.));
#7395 = ( GEOMETRIC_REPRESENTATION_CONTEXT(2) 
PARAMETRIC_REPRESENTATION_CONTEXT() REPRESENTATION_CONTEXT('2D SPACE',''
  ) );
#7396 = PCURVE('',#7323,#7397);
#7397 = DEFINITIONAL_REPRESENTATION('',(#7398),#7402);
#7398 = B_SPLINE_CURVE_WITH_KNOTS('',2,(#7399,#7400,#7401),
  .UNSPECIFIED.,.F.,.F.,(3,3),(0.,1.),.PIECEWISE_BEZIER_KNOTS.);
#7399 = CARTESIAN_POINT('',(1.032503255208,2.567504882812));
#7400 = CARTESIAN_POINT('',(1.2,2.695003255208));
#7401 = CARTESIAN_POINT('',(1.4,2.695003255208));
#7402 = ( GEOMETRIC_REPRESENTATION_CONTEXT(2) 
PARAMETRIC_REPRESENTATION_CONTEXT() REPRESENTATION_CONTEXT('2D SPACE',''
  ) );
#7403 = ORIENTED_EDGE('',*,*,#7284,.F.);
#7404 = ORIENTED_EDGE('',*,*,#1965,.F.);
#7405 = ADVANCED_FACE('',(#7406),#1951,.T.);
#7406 = FACE_BOUND('',#7407,.T.);
#7407 = EDGE_LOOP('',(#7408,#7431,#7452,#7453));
#7408 = ORIENTED_EDGE('',*,*,#7409,.T.);
#7409 = EDGE_CURVE('',#1908,#7410,#7412,.T.);
#7410 = VERTEX_POINT('',#7411);
#7411 = CARTESIAN_POINT('',(15.767491861979,8.795003000895,19.8));
#7412 = SURFACE_CURVE('',#7413,(#7417,#7424),.PCURVE_S1.);
#7413 = LINE('',#7414,#7415);
#7414 = CARTESIAN_POINT('',(15.767491861979,8.795003000895,20.3));
#7415 = VECTOR('',#7416,1.);
#7416 = DIRECTION('',(-0.,-0.,-1.));
#7417 = PCURVE('',#1951,#7418);
#7418 = DEFINITIONAL_REPRESENTATION('',(#7419),#7423);
#7419 = LINE('',#7420,#7421);
#7420 = CARTESIAN_POINT('',(0.,0.));
#7421 = VECTOR('',#7422,1.);
#7422 = DIRECTION('',(0.,-1.));
#7423 = ( GEOMETRIC_REPRESENTATION_CONTEXT(2) 
PARAMETRIC_REPRESENTATION_CONTEXT() REPRESENTATION_CONTEXT('2D SPACE',''
  ) );
#7424 = PCURVE('',#1923,#7425);
#7425 = DEFINITIONAL_REPRESENTATION('',(#7426),#7430);
#7426 = LINE('',#7427,#7428);
#7427 = CARTESIAN_POINT('',(0.475,0.));
#7428 = VECTOR('',#7429,1.);
#7429 = DIRECTION('',(0.,-1.));
#7430 = ( GEOMETRIC_REPRESENTATION_CONTEXT(2) 
PARAMETRIC_REPRESENTATION_CONTEXT() REPRESENTATION_CONTEXT('2D SPACE',''
  ) );
#7431 = ORIENTED_EDGE('',*,*,#7432,.T.);
#7432 = EDGE_CURVE('',#7410,#7361,#7433,.T.);
#7433 = SURFACE_CURVE('',#7434,(#7438,#7445),.PCURVE_S1.);
#7434 = B_SPLINE_CURVE_WITH_KNOTS('',2,(#7435,#7436,#7437),
  .UNSPECIFIED.,.F.,.F.,(3,3),(0.,1.),.PIECEWISE_BEZIER_KNOTS.);
#7435 = CARTESIAN_POINT('',(15.767491861979,8.795003000895,19.8));
#7436 = CARTESIAN_POINT('',(15.947504882812,9.090006256104,19.8));
#7437 = CARTESIAN_POINT('',(16.115001627604,9.217504628499,19.8));
#7438 = PCURVE('',#1951,#7439);
#7439 = DEFINITIONAL_REPRESENTATION('',(#7440),#7444);
#7440 = LINE('',#7441,#7442);
#7441 = CARTESIAN_POINT('',(0.,-0.5));
#7442 = VECTOR('',#7443,1.);
#7443 = DIRECTION('',(1.,0.));
#7444 = ( GEOMETRIC_REPRESENTATION_CONTEXT(2) 
PARAMETRIC_REPRESENTATION_CONTEXT() REPRESENTATION_CONTEXT('2D SPACE',''
  ) );
#7445 = PCURVE('',#7323,#7446);
#7446 = DEFINITIONAL_REPRESENTATION('',(#7447),#7451);
#7447 = B_SPLINE_CURVE_WITH_KNOTS('',2,(#7448,#7449,#7450),
  .UNSPECIFIED.,.F.,.F.,(3,3),(0.,1.),.PIECEWISE_BEZIER_KNOTS.);
#7448 = CARTESIAN_POINT('',(0.684993489583,2.145003255208));
#7449 = CARTESIAN_POINT('',(0.865006510417,2.440006510417));
#7450 = CARTESIAN_POINT('',(1.032503255208,2.567504882812));
#7451 = ( GEOMETRIC_REPRESENTATION_CONTEXT(2) 
PARAMETRIC_REPRESENTATION_CONTEXT() REPRESENTATION_CONTEXT('2D SPACE',''
  ) );
#7452 = ORIENTED_EDGE('',*,*,#7360,.F.);
#7453 = ORIENTED_EDGE('',*,*,#1935,.F.);
#7454 = ADVANCED_FACE('',(#7455),#1923,.T.);
#7455 = FACE_BOUND('',#7456,.T.);
#7456 = EDGE_LOOP('',(#7457,#7480,#7501,#7502));
#7457 = ORIENTED_EDGE('',*,*,#7458,.T.);
#7458 = EDGE_CURVE('',#1880,#7459,#7461,.T.);
#7459 = VERTEX_POINT('',#7460);
#7460 = CARTESIAN_POINT('',(15.767491861979,9.270003000895,19.8));
#7461 = SURFACE_CURVE('',#7462,(#7466,#7473),.PCURVE_S1.);
#7462 = LINE('',#7463,#7464);
#7463 = CARTESIAN_POINT('',(15.767491861979,9.270003000895,20.3));
#7464 = VECTOR('',#7465,1.);
#7465 = DIRECTION('',(-0.,-0.,-1.));
#7466 = PCURVE('',#1923,#7467);
#7467 = DEFINITIONAL_REPRESENTATION('',(#7468),#7472);
#7468 = LINE('',#7469,#7470);
#7469 = CARTESIAN_POINT('',(0.,0.));
#7470 = VECTOR('',#7471,1.);
#7471 = DIRECTION('',(0.,-1.));
#7472 = ( GEOMETRIC_REPRESENTATION_CONTEXT(2) 
PARAMETRIC_REPRESENTATION_CONTEXT() REPRESENTATION_CONTEXT('2D SPACE',''
  ) );
#7473 = PCURVE('',#1895,#7474);
#7474 = DEFINITIONAL_REPRESENTATION('',(#7475),#7479);
#7475 = LINE('',#7476,#7477);
#7476 = CARTESIAN_POINT('',(0.384993489583,0.));
#7477 = VECTOR('',#7478,1.);
#7478 = DIRECTION('',(0.,-1.));
#7479 = ( GEOMETRIC_REPRESENTATION_CONTEXT(2) 
PARAMETRIC_REPRESENTATION_CONTEXT() REPRESENTATION_CONTEXT('2D SPACE',''
  ) );
#7480 = ORIENTED_EDGE('',*,*,#7481,.T.);
#7481 = EDGE_CURVE('',#7459,#7410,#7482,.T.);
#7482 = SURFACE_CURVE('',#7483,(#7487,#7494),.PCURVE_S1.);
#7483 = LINE('',#7484,#7485);
#7484 = CARTESIAN_POINT('',(15.767491861979,9.270003000895,19.8));
#7485 = VECTOR('',#7486,1.);
#7486 = DIRECTION('',(0.,-1.,0.));
#7487 = PCURVE('',#1923,#7488);
#7488 = DEFINITIONAL_REPRESENTATION('',(#7489),#7493);
#7489 = LINE('',#7490,#7491);
#7490 = CARTESIAN_POINT('',(0.,-0.5));
#7491 = VECTOR('',#7492,1.);
#7492 = DIRECTION('',(1.,0.));
#7493 = ( GEOMETRIC_REPRESENTATION_CONTEXT(2) 
PARAMETRIC_REPRESENTATION_CONTEXT() REPRESENTATION_CONTEXT('2D SPACE',''
  ) );
#7494 = PCURVE('',#7323,#7495);
#7495 = DEFINITIONAL_REPRESENTATION('',(#7496),#7500);
#7496 = LINE('',#7497,#7498);
#7497 = CARTESIAN_POINT('',(0.684993489583,2.620003255208));
#7498 = VECTOR('',#7499,1.);
#7499 = DIRECTION('',(0.,-1.));
#7500 = ( GEOMETRIC_REPRESENTATION_CONTEXT(2) 
PARAMETRIC_REPRESENTATION_CONTEXT() REPRESENTATION_CONTEXT('2D SPACE',''
  ) );
#7501 = ORIENTED_EDGE('',*,*,#7409,.F.);
#7502 = ORIENTED_EDGE('',*,*,#1907,.F.);
#7503 = ADVANCED_FACE('',(#7504),#1895,.T.);
#7504 = FACE_BOUND('',#7505,.T.);
#7505 = EDGE_LOOP('',(#7506,#7529,#7550,#7551));
#7506 = ORIENTED_EDGE('',*,*,#7507,.T.);
#7507 = EDGE_CURVE('',#1852,#7508,#7510,.T.);
#7508 = VERTEX_POINT('',#7509);
#7509 = CARTESIAN_POINT('',(15.382498372396,9.270003000895,19.8));
#7510 = SURFACE_CURVE('',#7511,(#7515,#7522),.PCURVE_S1.);
#7511 = LINE('',#7512,#7513);
#7512 = CARTESIAN_POINT('',(15.382498372396,9.270003000895,20.3));
#7513 = VECTOR('',#7514,1.);
#7514 = DIRECTION('',(-0.,-0.,-1.));
#7515 = PCURVE('',#1895,#7516);
#7516 = DEFINITIONAL_REPRESENTATION('',(#7517),#7521);
#7517 = LINE('',#7518,#7519);
#7518 = CARTESIAN_POINT('',(0.,0.));
#7519 = VECTOR('',#7520,1.);
#7520 = DIRECTION('',(0.,-1.));
#7521 = ( GEOMETRIC_REPRESENTATION_CONTEXT(2) 
PARAMETRIC_REPRESENTATION_CONTEXT() REPRESENTATION_CONTEXT('2D SPACE',''
  ) );
#7522 = PCURVE('',#1867,#7523);
#7523 = DEFINITIONAL_REPRESENTATION('',(#7524),#7528);
#7524 = LINE('',#7525,#7526);
#7525 = CARTESIAN_POINT('',(2.620003255208,0.));
#7526 = VECTOR('',#7527,1.);
#7527 = DIRECTION('',(0.,-1.));
#7528 = ( GEOMETRIC_REPRESENTATION_CONTEXT(2) 
PARAMETRIC_REPRESENTATION_CONTEXT() REPRESENTATION_CONTEXT('2D SPACE',''
  ) );
#7529 = ORIENTED_EDGE('',*,*,#7530,.T.);
#7530 = EDGE_CURVE('',#7508,#7459,#7531,.T.);
#7531 = SURFACE_CURVE('',#7532,(#7536,#7543),.PCURVE_S1.);
#7532 = LINE('',#7533,#7534);
#7533 = CARTESIAN_POINT('',(15.382498372396,9.270003000895,19.8));
#7534 = VECTOR('',#7535,1.);
#7535 = DIRECTION('',(1.,0.,0.));
#7536 = PCURVE('',#1895,#7537);
#7537 = DEFINITIONAL_REPRESENTATION('',(#7538),#7542);
#7538 = LINE('',#7539,#7540);
#7539 = CARTESIAN_POINT('',(0.,-0.5));
#7540 = VECTOR('',#7541,1.);
#7541 = DIRECTION('',(1.,0.));
#7542 = ( GEOMETRIC_REPRESENTATION_CONTEXT(2) 
PARAMETRIC_REPRESENTATION_CONTEXT() REPRESENTATION_CONTEXT('2D SPACE',''
  ) );
#7543 = PCURVE('',#7323,#7544);
#7544 = DEFINITIONAL_REPRESENTATION('',(#7545),#7549);
#7545 = LINE('',#7546,#7547);
#7546 = CARTESIAN_POINT('',(0.3,2.620003255208));
#7547 = VECTOR('',#7548,1.);
#7548 = DIRECTION('',(1.,0.));
#7549 = ( GEOMETRIC_REPRESENTATION_CONTEXT(2) 
PARAMETRIC_REPRESENTATION_CONTEXT() REPRESENTATION_CONTEXT('2D SPACE',''
  ) );
#7550 = ORIENTED_EDGE('',*,*,#7458,.F.);
#7551 = ORIENTED_EDGE('',*,*,#1879,.F.);
#7552 = ADVANCED_FACE('',(#7553),#1867,.T.);
#7553 = FACE_BOUND('',#7554,.T.);
#7554 = EDGE_LOOP('',(#7555,#7578,#7599,#7600));
#7555 = ORIENTED_EDGE('',*,*,#7556,.T.);
#7556 = EDGE_CURVE('',#1824,#7557,#7559,.T.);
#7557 = VERTEX_POINT('',#7558);
#7558 = CARTESIAN_POINT('',(15.382498372396,6.649999745687,19.8));
#7559 = SURFACE_CURVE('',#7560,(#7564,#7571),.PCURVE_S1.);
#7560 = LINE('',#7561,#7562);
#7561 = CARTESIAN_POINT('',(15.382498372396,6.649999745687,20.3));
#7562 = VECTOR('',#7563,1.);
#7563 = DIRECTION('',(-0.,-0.,-1.));
#7564 = PCURVE('',#1867,#7565);
#7565 = DEFINITIONAL_REPRESENTATION('',(#7566),#7570);
#7566 = LINE('',#7567,#7568);
#7567 = CARTESIAN_POINT('',(0.,0.));
#7568 = VECTOR('',#7569,1.);
#7569 = DIRECTION('',(0.,-1.));
#7570 = ( GEOMETRIC_REPRESENTATION_CONTEXT(2) 
PARAMETRIC_REPRESENTATION_CONTEXT() REPRESENTATION_CONTEXT('2D SPACE',''
  ) );
#7571 = PCURVE('',#1839,#7572);
#7572 = DEFINITIONAL_REPRESENTATION('',(#7573),#7577);
#7573 = LINE('',#7574,#7575);
#7574 = CARTESIAN_POINT('',(0.420003255208,0.));
#7575 = VECTOR('',#7576,1.);
#7576 = DIRECTION('',(0.,-1.));
#7577 = ( GEOMETRIC_REPRESENTATION_CONTEXT(2) 
PARAMETRIC_REPRESENTATION_CONTEXT() REPRESENTATION_CONTEXT('2D SPACE',''
  ) );
#7578 = ORIENTED_EDGE('',*,*,#7579,.T.);
#7579 = EDGE_CURVE('',#7557,#7508,#7580,.T.);
#7580 = SURFACE_CURVE('',#7581,(#7585,#7592),.PCURVE_S1.);
#7581 = LINE('',#7582,#7583);
#7582 = CARTESIAN_POINT('',(15.382498372396,6.649999745687,19.8));
#7583 = VECTOR('',#7584,1.);
#7584 = DIRECTION('',(0.,1.,0.));
#7585 = PCURVE('',#1867,#7586);
#7586 = DEFINITIONAL_REPRESENTATION('',(#7587),#7591);
#7587 = LINE('',#7588,#7589);
#7588 = CARTESIAN_POINT('',(0.,-0.5));
#7589 = VECTOR('',#7590,1.);
#7590 = DIRECTION('',(1.,0.));
#7591 = ( GEOMETRIC_REPRESENTATION_CONTEXT(2) 
PARAMETRIC_REPRESENTATION_CONTEXT() REPRESENTATION_CONTEXT('2D SPACE',''
  ) );
#7592 = PCURVE('',#7323,#7593);
#7593 = DEFINITIONAL_REPRESENTATION('',(#7594),#7598);
#7594 = LINE('',#7595,#7596);
#7595 = CARTESIAN_POINT('',(0.3,0.));
#7596 = VECTOR('',#7597,1.);
#7597 = DIRECTION('',(0.,1.));
#7598 = ( GEOMETRIC_REPRESENTATION_CONTEXT(2) 
PARAMETRIC_REPRESENTATION_CONTEXT() REPRESENTATION_CONTEXT('2D SPACE',''
  ) );
#7599 = ORIENTED_EDGE('',*,*,#7507,.F.);
#7600 = ORIENTED_EDGE('',*,*,#1851,.F.);
#7601 = ADVANCED_FACE('',(#7602),#1839,.T.);
#7602 = FACE_BOUND('',#7603,.T.);
#7603 = EDGE_LOOP('',(#7604,#7627,#7648,#7649));
#7604 = ORIENTED_EDGE('',*,*,#7605,.T.);
#7605 = EDGE_CURVE('',#1796,#7606,#7608,.T.);
#7606 = VERTEX_POINT('',#7607);
#7607 = CARTESIAN_POINT('',(15.802501627604,6.649999745687,19.8));
#7608 = SURFACE_CURVE('',#7609,(#7613,#7620),.PCURVE_S1.);
#7609 = LINE('',#7610,#7611);
#7610 = CARTESIAN_POINT('',(15.802501627604,6.649999745687,20.3));
#7611 = VECTOR('',#7612,1.);
#7612 = DIRECTION('',(-0.,-0.,-1.));
#7613 = PCURVE('',#1839,#7614);
#7614 = DEFINITIONAL_REPRESENTATION('',(#7615),#7619);
#7615 = LINE('',#7616,#7617);
#7616 = CARTESIAN_POINT('',(0.,0.));
#7617 = VECTOR('',#7618,1.);
#7618 = DIRECTION('',(0.,-1.));
#7619 = ( GEOMETRIC_REPRESENTATION_CONTEXT(2) 
PARAMETRIC_REPRESENTATION_CONTEXT() REPRESENTATION_CONTEXT('2D SPACE',''
  ) );
#7620 = PCURVE('',#1811,#7621);
#7621 = DEFINITIONAL_REPRESENTATION('',(#7622),#7626);
#7622 = LINE('',#7623,#7624);
#7623 = CARTESIAN_POINT('',(1.359993489583,0.));
#7624 = VECTOR('',#7625,1.);
#7625 = DIRECTION('',(0.,-1.));
#7626 = ( GEOMETRIC_REPRESENTATION_CONTEXT(2) 
PARAMETRIC_REPRESENTATION_CONTEXT() REPRESENTATION_CONTEXT('2D SPACE',''
  ) );
#7627 = ORIENTED_EDGE('',*,*,#7628,.T.);
#7628 = EDGE_CURVE('',#7606,#7557,#7629,.T.);
#7629 = SURFACE_CURVE('',#7630,(#7634,#7641),.PCURVE_S1.);
#7630 = LINE('',#7631,#7632);
#7631 = CARTESIAN_POINT('',(15.802501627604,6.649999745687,19.8));
#7632 = VECTOR('',#7633,1.);
#7633 = DIRECTION('',(-1.,0.,0.));
#7634 = PCURVE('',#1839,#7635);
#7635 = DEFINITIONAL_REPRESENTATION('',(#7636),#7640);
#7636 = LINE('',#7637,#7638);
#7637 = CARTESIAN_POINT('',(0.,-0.5));
#7638 = VECTOR('',#7639,1.);
#7639 = DIRECTION('',(1.,0.));
#7640 = ( GEOMETRIC_REPRESENTATION_CONTEXT(2) 
PARAMETRIC_REPRESENTATION_CONTEXT() REPRESENTATION_CONTEXT('2D SPACE',''
  ) );
#7641 = PCURVE('',#7323,#7642);
#7642 = DEFINITIONAL_REPRESENTATION('',(#7643),#7647);
#7643 = LINE('',#7644,#7645);
#7644 = CARTESIAN_POINT('',(0.720003255208,0.));
#7645 = VECTOR('',#7646,1.);
#7646 = DIRECTION('',(-1.,0.));
#7647 = ( GEOMETRIC_REPRESENTATION_CONTEXT(2) 
PARAMETRIC_REPRESENTATION_CONTEXT() REPRESENTATION_CONTEXT('2D SPACE',''
  ) );
#7648 = ORIENTED_EDGE('',*,*,#7556,.F.);
#7649 = ORIENTED_EDGE('',*,*,#1823,.F.);
#7650 = ADVANCED_FACE('',(#7651),#1811,.T.);
#7651 = FACE_BOUND('',#7652,.T.);
#7652 = EDGE_LOOP('',(#7653,#7676,#7697,#7698));
#7653 = ORIENTED_EDGE('',*,*,#7654,.T.);
#7654 = EDGE_CURVE('',#1766,#7655,#7657,.T.);
#7655 = VERTEX_POINT('',#7656);
#7656 = CARTESIAN_POINT('',(15.802501627604,8.00999323527,19.8));
#7657 = SURFACE_CURVE('',#7658,(#7662,#7669),.PCURVE_S1.);
#7658 = LINE('',#7659,#7660);
#7659 = CARTESIAN_POINT('',(15.802501627604,8.00999323527,20.3));
#7660 = VECTOR('',#7661,1.);
#7661 = DIRECTION('',(-0.,-0.,-1.));
#7662 = PCURVE('',#1811,#7663);
#7663 = DEFINITIONAL_REPRESENTATION('',(#7664),#7668);
#7664 = LINE('',#7665,#7666);
#7665 = CARTESIAN_POINT('',(0.,0.));
#7666 = VECTOR('',#7667,1.);
#7667 = DIRECTION('',(0.,-1.));
#7668 = ( GEOMETRIC_REPRESENTATION_CONTEXT(2) 
PARAMETRIC_REPRESENTATION_CONTEXT() REPRESENTATION_CONTEXT('2D SPACE',''
  ) );
#7669 = PCURVE('',#1781,#7670);
#7670 = DEFINITIONAL_REPRESENTATION('',(#7671),#7675);
#7671 = LINE('',#7672,#7673);
#7672 = CARTESIAN_POINT('',(1.,0.));
#7673 = VECTOR('',#7674,1.);
#7674 = DIRECTION('',(0.,-1.));
#7675 = ( GEOMETRIC_REPRESENTATION_CONTEXT(2) 
PARAMETRIC_REPRESENTATION_CONTEXT() REPRESENTATION_CONTEXT('2D SPACE',''
  ) );
#7676 = ORIENTED_EDGE('',*,*,#7677,.T.);
#7677 = EDGE_CURVE('',#7655,#7606,#7678,.T.);
#7678 = SURFACE_CURVE('',#7679,(#7683,#7690),.PCURVE_S1.);
#7679 = LINE('',#7680,#7681);
#7680 = CARTESIAN_POINT('',(15.802501627604,8.00999323527,19.8));
#7681 = VECTOR('',#7682,1.);
#7682 = DIRECTION('',(0.,-1.,0.));
#7683 = PCURVE('',#1811,#7684);
#7684 = DEFINITIONAL_REPRESENTATION('',(#7685),#7689);
#7685 = LINE('',#7686,#7687);
#7686 = CARTESIAN_POINT('',(0.,-0.5));
#7687 = VECTOR('',#7688,1.);
#7688 = DIRECTION('',(1.,0.));
#7689 = ( GEOMETRIC_REPRESENTATION_CONTEXT(2) 
PARAMETRIC_REPRESENTATION_CONTEXT() REPRESENTATION_CONTEXT('2D SPACE',''
  ) );
#7690 = PCURVE('',#7323,#7691);
#7691 = DEFINITIONAL_REPRESENTATION('',(#7692),#7696);
#7692 = LINE('',#7693,#7694);
#7693 = CARTESIAN_POINT('',(0.720003255208,1.359993489583));
#7694 = VECTOR('',#7695,1.);
#7695 = DIRECTION('',(0.,-1.));
#7696 = ( GEOMETRIC_REPRESENTATION_CONTEXT(2) 
PARAMETRIC_REPRESENTATION_CONTEXT() REPRESENTATION_CONTEXT('2D SPACE',''
  ) );
#7697 = ORIENTED_EDGE('',*,*,#7605,.F.);
#7698 = ORIENTED_EDGE('',*,*,#1795,.F.);
#7699 = ADVANCED_FACE('',(#7700),#1781,.T.);
#7700 = FACE_BOUND('',#7701,.T.);
#7701 = EDGE_LOOP('',(#7702,#7725,#7746,#7747));
#7702 = ORIENTED_EDGE('',*,*,#7703,.T.);
#7703 = EDGE_CURVE('',#1736,#7704,#7706,.T.);
#7704 = VERTEX_POINT('',#7705);
#7705 = CARTESIAN_POINT('',(16.012503255208,8.710001373291,19.8));
#7706 = SURFACE_CURVE('',#7707,(#7711,#7718),.PCURVE_S1.);
#7707 = LINE('',#7708,#7709);
#7708 = CARTESIAN_POINT('',(16.012503255208,8.710001373291,20.3));
#7709 = VECTOR('',#7710,1.);
#7710 = DIRECTION('',(-0.,-0.,-1.));
#7711 = PCURVE('',#1781,#7712);
#7712 = DEFINITIONAL_REPRESENTATION('',(#7713),#7717);
#7713 = LINE('',#7714,#7715);
#7714 = CARTESIAN_POINT('',(0.,0.));
#7715 = VECTOR('',#7716,1.);
#7716 = DIRECTION('',(0.,-1.));
#7717 = ( GEOMETRIC_REPRESENTATION_CONTEXT(2) 
PARAMETRIC_REPRESENTATION_CONTEXT() REPRESENTATION_CONTEXT('2D SPACE',''
  ) );
#7718 = PCURVE('',#1751,#7719);
#7719 = DEFINITIONAL_REPRESENTATION('',(#7720),#7724);
#7720 = LINE('',#7721,#7722);
#7721 = CARTESIAN_POINT('',(1.,0.));
#7722 = VECTOR('',#7723,1.);
#7723 = DIRECTION('',(0.,-1.));
#7724 = ( GEOMETRIC_REPRESENTATION_CONTEXT(2) 
PARAMETRIC_REPRESENTATION_CONTEXT() REPRESENTATION_CONTEXT('2D SPACE',''
  ) );
#7725 = ORIENTED_EDGE('',*,*,#7726,.T.);
#7726 = EDGE_CURVE('',#7704,#7655,#7727,.T.);
#7727 = SURFACE_CURVE('',#7728,(#7732,#7739),.PCURVE_S1.);
#7728 = B_SPLINE_CURVE_WITH_KNOTS('',2,(#7729,#7730,#7731),
  .UNSPECIFIED.,.F.,.F.,(3,3),(0.,1.),.PIECEWISE_BEZIER_KNOTS.);
#7729 = CARTESIAN_POINT('',(16.012503255208,8.710001373291,19.8));
#7730 = CARTESIAN_POINT('',(15.802501627604,8.524999745687,19.8));
#7731 = CARTESIAN_POINT('',(15.802501627604,8.00999323527,19.8));
#7732 = PCURVE('',#1781,#7733);
#7733 = DEFINITIONAL_REPRESENTATION('',(#7734),#7738);
#7734 = LINE('',#7735,#7736);
#7735 = CARTESIAN_POINT('',(0.,-0.5));
#7736 = VECTOR('',#7737,1.);
#7737 = DIRECTION('',(1.,0.));
#7738 = ( GEOMETRIC_REPRESENTATION_CONTEXT(2) 
PARAMETRIC_REPRESENTATION_CONTEXT() REPRESENTATION_CONTEXT('2D SPACE',''
  ) );
#7739 = PCURVE('',#7323,#7740);
#7740 = DEFINITIONAL_REPRESENTATION('',(#7741),#7745);
#7741 = B_SPLINE_CURVE_WITH_KNOTS('',2,(#7742,#7743,#7744),
  .UNSPECIFIED.,.F.,.F.,(3,3),(0.,1.),.PIECEWISE_BEZIER_KNOTS.);
#7742 = CARTESIAN_POINT('',(0.930004882812,2.060001627604));
#7743 = CARTESIAN_POINT('',(0.720003255208,1.875));
#7744 = CARTESIAN_POINT('',(0.720003255208,1.359993489583));
#7745 = ( GEOMETRIC_REPRESENTATION_CONTEXT(2) 
PARAMETRIC_REPRESENTATION_CONTEXT() REPRESENTATION_CONTEXT('2D SPACE',''
  ) );
#7746 = ORIENTED_EDGE('',*,*,#7654,.F.);
#7747 = ORIENTED_EDGE('',*,*,#1765,.F.);
#7748 = ADVANCED_FACE('',(#7749),#1751,.T.);
#7749 = FACE_BOUND('',#7750,.T.);
#7750 = EDGE_LOOP('',(#7751,#7774,#7795,#7796));
#7751 = ORIENTED_EDGE('',*,*,#7752,.T.);
#7752 = EDGE_CURVE('',#1708,#7753,#7755,.T.);
#7753 = VERTEX_POINT('',#7754);
#7754 = CARTESIAN_POINT('',(16.642491861979,8.904996490479,19.8));
#7755 = SURFACE_CURVE('',#7756,(#7760,#7767),.PCURVE_S1.);
#7756 = LINE('',#7757,#7758);
#7757 = CARTESIAN_POINT('',(16.642491861979,8.904996490479,20.3));
#7758 = VECTOR('',#7759,1.);
#7759 = DIRECTION('',(-0.,-0.,-1.));
#7760 = PCURVE('',#1751,#7761);
#7761 = DEFINITIONAL_REPRESENTATION('',(#7762),#7766);
#7762 = LINE('',#7763,#7764);
#7763 = CARTESIAN_POINT('',(0.,0.));
#7764 = VECTOR('',#7765,1.);
#7765 = DIRECTION('',(0.,-1.));
#7766 = ( GEOMETRIC_REPRESENTATION_CONTEXT(2) 
PARAMETRIC_REPRESENTATION_CONTEXT() REPRESENTATION_CONTEXT('2D SPACE',''
  ) );
#7767 = PCURVE('',#1723,#7768);
#7768 = DEFINITIONAL_REPRESENTATION('',(#7769),#7773);
#7769 = LINE('',#7770,#7771);
#7770 = CARTESIAN_POINT('',(0.425,0.));
#7771 = VECTOR('',#7772,1.);
#7772 = DIRECTION('',(0.,-1.));
#7773 = ( GEOMETRIC_REPRESENTATION_CONTEXT(2) 
PARAMETRIC_REPRESENTATION_CONTEXT() REPRESENTATION_CONTEXT('2D SPACE',''
  ) );
#7774 = ORIENTED_EDGE('',*,*,#7775,.T.);
#7775 = EDGE_CURVE('',#7753,#7704,#7776,.T.);
#7776 = SURFACE_CURVE('',#7777,(#7781,#7788),.PCURVE_S1.);
#7777 = B_SPLINE_CURVE_WITH_KNOTS('',2,(#7778,#7779,#7780),
  .UNSPECIFIED.,.F.,.F.,(3,3),(0.,1.),.PIECEWISE_BEZIER_KNOTS.);
#7778 = CARTESIAN_POINT('',(16.642491861979,8.904996490479,19.8));
#7779 = CARTESIAN_POINT('',(16.222504882812,8.895003000895,19.8));
#7780 = CARTESIAN_POINT('',(16.012503255208,8.710001373291,19.8));
#7781 = PCURVE('',#1751,#7782);
#7782 = DEFINITIONAL_REPRESENTATION('',(#7783),#7787);
#7783 = LINE('',#7784,#7785);
#7784 = CARTESIAN_POINT('',(0.,-0.5));
#7785 = VECTOR('',#7786,1.);
#7786 = DIRECTION('',(1.,0.));
#7787 = ( GEOMETRIC_REPRESENTATION_CONTEXT(2) 
PARAMETRIC_REPRESENTATION_CONTEXT() REPRESENTATION_CONTEXT('2D SPACE',''
  ) );
#7788 = PCURVE('',#7323,#7789);
#7789 = DEFINITIONAL_REPRESENTATION('',(#7790),#7794);
#7790 = B_SPLINE_CURVE_WITH_KNOTS('',2,(#7791,#7792,#7793),
  .UNSPECIFIED.,.F.,.F.,(3,3),(0.,1.),.PIECEWISE_BEZIER_KNOTS.);
#7791 = CARTESIAN_POINT('',(1.559993489583,2.254996744792));
#7792 = CARTESIAN_POINT('',(1.140006510417,2.245003255208));
#7793 = CARTESIAN_POINT('',(0.930004882812,2.060001627604));
#7794 = ( GEOMETRIC_REPRESENTATION_CONTEXT(2) 
PARAMETRIC_REPRESENTATION_CONTEXT() REPRESENTATION_CONTEXT('2D SPACE',''
  ) );
#7795 = ORIENTED_EDGE('',*,*,#7703,.F.);
#7796 = ORIENTED_EDGE('',*,*,#1735,.F.);
#7797 = ADVANCED_FACE('',(#7798),#1723,.T.);
#7798 = FACE_BOUND('',#7799,.T.);
#7799 = EDGE_LOOP('',(#7800,#7801,#7822,#7823));
#7800 = ORIENTED_EDGE('',*,*,#7335,.T.);
#7801 = ORIENTED_EDGE('',*,*,#7802,.T.);
#7802 = EDGE_CURVE('',#7308,#7753,#7803,.T.);
#7803 = SURFACE_CURVE('',#7804,(#7808,#7815),.PCURVE_S1.);
#7804 = LINE('',#7805,#7806);
#7805 = CARTESIAN_POINT('',(16.642491861979,9.329996490479,19.8));
#7806 = VECTOR('',#7807,1.);
#7807 = DIRECTION('',(0.,-1.,0.));
#7808 = PCURVE('',#1723,#7809);
#7809 = DEFINITIONAL_REPRESENTATION('',(#7810),#7814);
#7810 = LINE('',#7811,#7812);
#7811 = CARTESIAN_POINT('',(0.,-0.5));
#7812 = VECTOR('',#7813,1.);
#7813 = DIRECTION('',(1.,0.));
#7814 = ( GEOMETRIC_REPRESENTATION_CONTEXT(2) 
PARAMETRIC_REPRESENTATION_CONTEXT() REPRESENTATION_CONTEXT('2D SPACE',''
  ) );
#7815 = PCURVE('',#7323,#7816);
#7816 = DEFINITIONAL_REPRESENTATION('',(#7817),#7821);
#7817 = LINE('',#7818,#7819);
#7818 = CARTESIAN_POINT('',(1.559993489583,2.679996744792));
#7819 = VECTOR('',#7820,1.);
#7820 = DIRECTION('',(0.,-1.));
#7821 = ( GEOMETRIC_REPRESENTATION_CONTEXT(2) 
PARAMETRIC_REPRESENTATION_CONTEXT() REPRESENTATION_CONTEXT('2D SPACE',''
  ) );
#7822 = ORIENTED_EDGE('',*,*,#7752,.F.);
#7823 = ORIENTED_EDGE('',*,*,#1707,.F.);
#7824 = ADVANCED_FACE('',(#7825),#2013,.T.);
#7825 = FACE_BOUND('',#7826,.T.);
#7826 = EDGE_LOOP('',(#7827,#7850,#7878,#7899));
#7827 = ORIENTED_EDGE('',*,*,#7828,.T.);
#7828 = EDGE_CURVE('',#1996,#7829,#7831,.T.);
#7829 = VERTEX_POINT('',#7830);
#7830 = CARTESIAN_POINT('',(14.615001627604,10.017504628499,19.8));
#7831 = SURFACE_CURVE('',#7832,(#7836,#7843),.PCURVE_S1.);
#7832 = LINE('',#7833,#7834);
#7833 = CARTESIAN_POINT('',(14.615001627604,10.017504628499,20.3));
#7834 = VECTOR('',#7835,1.);
#7835 = DIRECTION('',(-0.,-0.,-1.));
#7836 = PCURVE('',#2013,#7837);
#7837 = DEFINITIONAL_REPRESENTATION('',(#7838),#7842);
#7838 = LINE('',#7839,#7840);
#7839 = CARTESIAN_POINT('',(0.,0.));
#7840 = VECTOR('',#7841,1.);
#7841 = DIRECTION('',(0.,-1.));
#7842 = ( GEOMETRIC_REPRESENTATION_CONTEXT(2) 
PARAMETRIC_REPRESENTATION_CONTEXT() REPRESENTATION_CONTEXT('2D SPACE',''
  ) );
#7843 = PCURVE('',#2241,#7844);
#7844 = DEFINITIONAL_REPRESENTATION('',(#7845),#7849);
#7845 = LINE('',#7846,#7847);
#7846 = CARTESIAN_POINT('',(1.,0.));
#7847 = VECTOR('',#7848,1.);
#7848 = DIRECTION('',(0.,-1.));
#7849 = ( GEOMETRIC_REPRESENTATION_CONTEXT(2) 
PARAMETRIC_REPRESENTATION_CONTEXT() REPRESENTATION_CONTEXT('2D SPACE',''
  ) );
#7850 = ORIENTED_EDGE('',*,*,#7851,.T.);
#7851 = EDGE_CURVE('',#7829,#7852,#7854,.T.);
#7852 = VERTEX_POINT('',#7853);
#7853 = CARTESIAN_POINT('',(14.907498372396,9.224999745687,19.8));
#7854 = SURFACE_CURVE('',#7855,(#7859,#7866),.PCURVE_S1.);
#7855 = B_SPLINE_CURVE_WITH_KNOTS('',2,(#7856,#7857,#7858),
  .UNSPECIFIED.,.F.,.F.,(3,3),(0.,1.),.PIECEWISE_BEZIER_KNOTS.);
#7856 = CARTESIAN_POINT('',(14.615001627604,10.017504628499,19.8));
#7857 = CARTESIAN_POINT('',(14.907498372396,9.740006256104,19.8));
#7858 = CARTESIAN_POINT('',(14.907498372396,9.224999745687,19.8));
#7859 = PCURVE('',#2013,#7860);
#7860 = DEFINITIONAL_REPRESENTATION('',(#7861),#7865);
#7861 = LINE('',#7862,#7863);
#7862 = CARTESIAN_POINT('',(0.,-0.5));
#7863 = VECTOR('',#7864,1.);
#7864 = DIRECTION('',(1.,0.));
#7865 = ( GEOMETRIC_REPRESENTATION_CONTEXT(2) 
PARAMETRIC_REPRESENTATION_CONTEXT() REPRESENTATION_CONTEXT('2D SPACE',''
  ) );
#7866 = PCURVE('',#7867,#7872);
#7867 = PLANE('',#7868);
#7868 = AXIS2_PLACEMENT_3D('',#7869,#7870,#7871);
#7869 = CARTESIAN_POINT('',(11.877501627604,6.649999745687,19.8));
#7870 = DIRECTION('',(0.,0.,1.));
#7871 = DIRECTION('',(1.,0.,0.));
#7872 = DEFINITIONAL_REPRESENTATION('',(#7873),#7877);
#7873 = B_SPLINE_CURVE_WITH_KNOTS('',2,(#7874,#7875,#7876),
  .UNSPECIFIED.,.F.,.F.,(3,3),(0.,1.),.PIECEWISE_BEZIER_KNOTS.);
#7874 = CARTESIAN_POINT('',(2.7375,3.367504882812));
#7875 = CARTESIAN_POINT('',(3.029996744792,3.090006510417));
#7876 = CARTESIAN_POINT('',(3.029996744792,2.575));
#7877 = ( GEOMETRIC_REPRESENTATION_CONTEXT(2) 
PARAMETRIC_REPRESENTATION_CONTEXT() REPRESENTATION_CONTEXT('2D SPACE',''
  ) );
#7878 = ORIENTED_EDGE('',*,*,#7879,.F.);
#7879 = EDGE_CURVE('',#1998,#7852,#7880,.T.);
#7880 = SURFACE_CURVE('',#7881,(#7885,#7892),.PCURVE_S1.);
#7881 = LINE('',#7882,#7883);
#7882 = CARTESIAN_POINT('',(14.907498372396,9.224999745687,20.3));
#7883 = VECTOR('',#7884,1.);
#7884 = DIRECTION('',(-0.,-0.,-1.));
#7885 = PCURVE('',#2013,#7886);
#7886 = DEFINITIONAL_REPRESENTATION('',(#7887),#7891);
#7887 = LINE('',#7888,#7889);
#7888 = CARTESIAN_POINT('',(1.,0.));
#7889 = VECTOR('',#7890,1.);
#7890 = DIRECTION('',(0.,-1.));
#7891 = ( GEOMETRIC_REPRESENTATION_CONTEXT(2) 
PARAMETRIC_REPRESENTATION_CONTEXT() REPRESENTATION_CONTEXT('2D SPACE',''
  ) );
#7892 = PCURVE('',#2043,#7893);
#7893 = DEFINITIONAL_REPRESENTATION('',(#7894),#7898);
#7894 = LINE('',#7895,#7896);
#7895 = CARTESIAN_POINT('',(0.,0.));
#7896 = VECTOR('',#7897,1.);
#7897 = DIRECTION('',(0.,-1.));
#7898 = ( GEOMETRIC_REPRESENTATION_CONTEXT(2) 
PARAMETRIC_REPRESENTATION_CONTEXT() REPRESENTATION_CONTEXT('2D SPACE',''
  ) );
#7899 = ORIENTED_EDGE('',*,*,#1995,.F.);
#7900 = ADVANCED_FACE('',(#7901),#2241,.T.);
#7901 = FACE_BOUND('',#7902,.T.);
#7902 = EDGE_LOOP('',(#7903,#7926,#7947,#7948));
#7903 = ORIENTED_EDGE('',*,*,#7904,.T.);
#7904 = EDGE_CURVE('',#2200,#7905,#7907,.T.);
#7905 = VERTEX_POINT('',#7906);
#7906 = CARTESIAN_POINT('',(13.782498372396,10.295003000895,19.8));
#7907 = SURFACE_CURVE('',#7908,(#7912,#7919),.PCURVE_S1.);
#7908 = LINE('',#7909,#7910);
#7909 = CARTESIAN_POINT('',(13.782498372396,10.295003000895,20.3));
#7910 = VECTOR('',#7911,1.);
#7911 = DIRECTION('',(-0.,-0.,-1.));
#7912 = PCURVE('',#2241,#7913);
#7913 = DEFINITIONAL_REPRESENTATION('',(#7914),#7918);
#7914 = LINE('',#7915,#7916);
#7915 = CARTESIAN_POINT('',(0.,0.));
#7916 = VECTOR('',#7917,1.);
#7917 = DIRECTION('',(0.,-1.));
#7918 = ( GEOMETRIC_REPRESENTATION_CONTEXT(2) 
PARAMETRIC_REPRESENTATION_CONTEXT() REPRESENTATION_CONTEXT('2D SPACE',''
  ) );
#7919 = PCURVE('',#2215,#7920);
#7920 = DEFINITIONAL_REPRESENTATION('',(#7921),#7925);
#7921 = LINE('',#7922,#7923);
#7922 = CARTESIAN_POINT('',(1.504996744792,0.));
#7923 = VECTOR('',#7924,1.);
#7924 = DIRECTION('',(0.,-1.));
#7925 = ( GEOMETRIC_REPRESENTATION_CONTEXT(2) 
PARAMETRIC_REPRESENTATION_CONTEXT() REPRESENTATION_CONTEXT('2D SPACE',''
  ) );
#7926 = ORIENTED_EDGE('',*,*,#7927,.T.);
#7927 = EDGE_CURVE('',#7905,#7829,#7928,.T.);
#7928 = SURFACE_CURVE('',#7929,(#7933,#7940),.PCURVE_S1.);
#7929 = B_SPLINE_CURVE_WITH_KNOTS('',2,(#7930,#7931,#7932),
  .UNSPECIFIED.,.F.,.F.,(3,3),(0.,1.),.PIECEWISE_BEZIER_KNOTS.);
#7930 = CARTESIAN_POINT('',(13.782498372396,10.295003000895,19.8));
#7931 = CARTESIAN_POINT('',(14.322504882812,10.295003000895,19.8));
#7932 = CARTESIAN_POINT('',(14.615001627604,10.017504628499,19.8));
#7933 = PCURVE('',#2241,#7934);
#7934 = DEFINITIONAL_REPRESENTATION('',(#7935),#7939);
#7935 = LINE('',#7936,#7937);
#7936 = CARTESIAN_POINT('',(0.,-0.5));
#7937 = VECTOR('',#7938,1.);
#7938 = DIRECTION('',(1.,0.));
#7939 = ( GEOMETRIC_REPRESENTATION_CONTEXT(2) 
PARAMETRIC_REPRESENTATION_CONTEXT() REPRESENTATION_CONTEXT('2D SPACE',''
  ) );
#7940 = PCURVE('',#7867,#7941);
#7941 = DEFINITIONAL_REPRESENTATION('',(#7942),#7946);
#7942 = B_SPLINE_CURVE_WITH_KNOTS('',2,(#7943,#7944,#7945),
  .UNSPECIFIED.,.F.,.F.,(3,3),(0.,1.),.PIECEWISE_BEZIER_KNOTS.);
#7943 = CARTESIAN_POINT('',(1.904996744792,3.645003255208));
#7944 = CARTESIAN_POINT('',(2.445003255208,3.645003255208));
#7945 = CARTESIAN_POINT('',(2.7375,3.367504882812));
#7946 = ( GEOMETRIC_REPRESENTATION_CONTEXT(2) 
PARAMETRIC_REPRESENTATION_CONTEXT() REPRESENTATION_CONTEXT('2D SPACE',''
  ) );
#7947 = ORIENTED_EDGE('',*,*,#7828,.F.);
#7948 = ORIENTED_EDGE('',*,*,#2227,.F.);
#7949 = ADVANCED_FACE('',(#7950),#2215,.T.);
#7950 = FACE_BOUND('',#7951,.T.);
#7951 = EDGE_LOOP('',(#7952,#7975,#7996,#7997));
#7952 = ORIENTED_EDGE('',*,*,#7953,.T.);
#7953 = EDGE_CURVE('',#2172,#7954,#7956,.T.);
#7954 = VERTEX_POINT('',#7955);
#7955 = CARTESIAN_POINT('',(12.277501627604,10.295003000895,19.8));
#7956 = SURFACE_CURVE('',#7957,(#7961,#7968),.PCURVE_S1.);
#7957 = LINE('',#7958,#7959);
#7958 = CARTESIAN_POINT('',(12.277501627604,10.295003000895,20.3));
#7959 = VECTOR('',#7960,1.);
#7960 = DIRECTION('',(-0.,-0.,-1.));
#7961 = PCURVE('',#2215,#7962);
#7962 = DEFINITIONAL_REPRESENTATION('',(#7963),#7967);
#7963 = LINE('',#7964,#7965);
#7964 = CARTESIAN_POINT('',(0.,0.));
#7965 = VECTOR('',#7966,1.);
#7966 = DIRECTION('',(0.,-1.));
#7967 = ( GEOMETRIC_REPRESENTATION_CONTEXT(2) 
PARAMETRIC_REPRESENTATION_CONTEXT() REPRESENTATION_CONTEXT('2D SPACE',''
  ) );
#7968 = PCURVE('',#2187,#7969);
#7969 = DEFINITIONAL_REPRESENTATION('',(#7970),#7974);
#7970 = LINE('',#7971,#7972);
#7971 = CARTESIAN_POINT('',(3.645003255208,0.));
#7972 = VECTOR('',#7973,1.);
#7973 = DIRECTION('',(0.,-1.));
#7974 = ( GEOMETRIC_REPRESENTATION_CONTEXT(2) 
PARAMETRIC_REPRESENTATION_CONTEXT() REPRESENTATION_CONTEXT('2D SPACE',''
  ) );
#7975 = ORIENTED_EDGE('',*,*,#7976,.T.);
#7976 = EDGE_CURVE('',#7954,#7905,#7977,.T.);
#7977 = SURFACE_CURVE('',#7978,(#7982,#7989),.PCURVE_S1.);
#7978 = LINE('',#7979,#7980);
#7979 = CARTESIAN_POINT('',(12.277501627604,10.295003000895,19.8));
#7980 = VECTOR('',#7981,1.);
#7981 = DIRECTION('',(1.,0.,0.));
#7982 = PCURVE('',#2215,#7983);
#7983 = DEFINITIONAL_REPRESENTATION('',(#7984),#7988);
#7984 = LINE('',#7985,#7986);
#7985 = CARTESIAN_POINT('',(0.,-0.5));
#7986 = VECTOR('',#7987,1.);
#7987 = DIRECTION('',(1.,0.));
#7988 = ( GEOMETRIC_REPRESENTATION_CONTEXT(2) 
PARAMETRIC_REPRESENTATION_CONTEXT() REPRESENTATION_CONTEXT('2D SPACE',''
  ) );
#7989 = PCURVE('',#7867,#7990);
#7990 = DEFINITIONAL_REPRESENTATION('',(#7991),#7995);
#7991 = LINE('',#7992,#7993);
#7992 = CARTESIAN_POINT('',(0.4,3.645003255208));
#7993 = VECTOR('',#7994,1.);
#7994 = DIRECTION('',(1.,0.));
#7995 = ( GEOMETRIC_REPRESENTATION_CONTEXT(2) 
PARAMETRIC_REPRESENTATION_CONTEXT() REPRESENTATION_CONTEXT('2D SPACE',''
  ) );
#7996 = ORIENTED_EDGE('',*,*,#7904,.F.);
#7997 = ORIENTED_EDGE('',*,*,#2199,.F.);
#7998 = ADVANCED_FACE('',(#7999),#2187,.T.);
#7999 = FACE_BOUND('',#8000,.T.);
#8000 = EDGE_LOOP('',(#8001,#8024,#8045,#8046));
#8001 = ORIENTED_EDGE('',*,*,#8002,.T.);
#8002 = EDGE_CURVE('',#2144,#8003,#8005,.T.);
#8003 = VERTEX_POINT('',#8004);
#8004 = CARTESIAN_POINT('',(12.277501627604,6.649999745687,19.8));
#8005 = SURFACE_CURVE('',#8006,(#8010,#8017),.PCURVE_S1.);
#8006 = LINE('',#8007,#8008);
#8007 = CARTESIAN_POINT('',(12.277501627604,6.649999745687,20.3));
#8008 = VECTOR('',#8009,1.);
#8009 = DIRECTION('',(-0.,-0.,-1.));
#8010 = PCURVE('',#2187,#8011);
#8011 = DEFINITIONAL_REPRESENTATION('',(#8012),#8016);
#8012 = LINE('',#8013,#8014);
#8013 = CARTESIAN_POINT('',(0.,0.));
#8014 = VECTOR('',#8015,1.);
#8015 = DIRECTION('',(0.,-1.));
#8016 = ( GEOMETRIC_REPRESENTATION_CONTEXT(2) 
PARAMETRIC_REPRESENTATION_CONTEXT() REPRESENTATION_CONTEXT('2D SPACE',''
  ) );
#8017 = PCURVE('',#2159,#8018);
#8018 = DEFINITIONAL_REPRESENTATION('',(#8019),#8023);
#8019 = LINE('',#8020,#8021);
#8020 = CARTESIAN_POINT('',(0.465006510417,0.));
#8021 = VECTOR('',#8022,1.);
#8022 = DIRECTION('',(0.,-1.));
#8023 = ( GEOMETRIC_REPRESENTATION_CONTEXT(2) 
PARAMETRIC_REPRESENTATION_CONTEXT() REPRESENTATION_CONTEXT('2D SPACE',''
  ) );
#8024 = ORIENTED_EDGE('',*,*,#8025,.T.);
#8025 = EDGE_CURVE('',#8003,#7954,#8026,.T.);
#8026 = SURFACE_CURVE('',#8027,(#8031,#8038),.PCURVE_S1.);
#8027 = LINE('',#8028,#8029);
#8028 = CARTESIAN_POINT('',(12.277501627604,6.649999745687,19.8));
#8029 = VECTOR('',#8030,1.);
#8030 = DIRECTION('',(0.,1.,0.));
#8031 = PCURVE('',#2187,#8032);
#8032 = DEFINITIONAL_REPRESENTATION('',(#8033),#8037);
#8033 = LINE('',#8034,#8035);
#8034 = CARTESIAN_POINT('',(0.,-0.5));
#8035 = VECTOR('',#8036,1.);
#8036 = DIRECTION('',(1.,0.));
#8037 = ( GEOMETRIC_REPRESENTATION_CONTEXT(2) 
PARAMETRIC_REPRESENTATION_CONTEXT() REPRESENTATION_CONTEXT('2D SPACE',''
  ) );
#8038 = PCURVE('',#7867,#8039);
#8039 = DEFINITIONAL_REPRESENTATION('',(#8040),#8044);
#8040 = LINE('',#8041,#8042);
#8041 = CARTESIAN_POINT('',(0.4,0.));
#8042 = VECTOR('',#8043,1.);
#8043 = DIRECTION('',(0.,1.));
#8044 = ( GEOMETRIC_REPRESENTATION_CONTEXT(2) 
PARAMETRIC_REPRESENTATION_CONTEXT() REPRESENTATION_CONTEXT('2D SPACE',''
  ) );
#8045 = ORIENTED_EDGE('',*,*,#7953,.F.);
#8046 = ORIENTED_EDGE('',*,*,#2171,.F.);
#8047 = ADVANCED_FACE('',(#8048),#2159,.T.);
#8048 = FACE_BOUND('',#8049,.T.);
#8049 = EDGE_LOOP('',(#8050,#8073,#8094,#8095));
#8050 = ORIENTED_EDGE('',*,*,#8051,.T.);
#8051 = EDGE_CURVE('',#2116,#8052,#8054,.T.);
#8052 = VERTEX_POINT('',#8053);
#8053 = CARTESIAN_POINT('',(12.742508138021,6.649999745687,19.8));
#8054 = SURFACE_CURVE('',#8055,(#8059,#8066),.PCURVE_S1.);
#8055 = LINE('',#8056,#8057);
#8056 = CARTESIAN_POINT('',(12.742508138021,6.649999745687,20.3));
#8057 = VECTOR('',#8058,1.);
#8058 = DIRECTION('',(-0.,-0.,-1.));
#8059 = PCURVE('',#2159,#8060);
#8060 = DEFINITIONAL_REPRESENTATION('',(#8061),#8065);
#8061 = LINE('',#8062,#8063);
#8062 = CARTESIAN_POINT('',(0.,0.));
#8063 = VECTOR('',#8064,1.);
#8064 = DIRECTION('',(0.,-1.));
#8065 = ( GEOMETRIC_REPRESENTATION_CONTEXT(2) 
PARAMETRIC_REPRESENTATION_CONTEXT() REPRESENTATION_CONTEXT('2D SPACE',''
  ) );
#8066 = PCURVE('',#2131,#8067);
#8067 = DEFINITIONAL_REPRESENTATION('',(#8068),#8072);
#8068 = LINE('',#8069,#8070);
#8069 = CARTESIAN_POINT('',(1.545003255208,0.));
#8070 = VECTOR('',#8071,1.);
#8071 = DIRECTION('',(0.,-1.));
#8072 = ( GEOMETRIC_REPRESENTATION_CONTEXT(2) 
PARAMETRIC_REPRESENTATION_CONTEXT() REPRESENTATION_CONTEXT('2D SPACE',''
  ) );
#8073 = ORIENTED_EDGE('',*,*,#8074,.T.);
#8074 = EDGE_CURVE('',#8052,#8003,#8075,.T.);
#8075 = SURFACE_CURVE('',#8076,(#8080,#8087),.PCURVE_S1.);
#8076 = LINE('',#8077,#8078);
#8077 = CARTESIAN_POINT('',(12.742508138021,6.649999745687,19.8));
#8078 = VECTOR('',#8079,1.);
#8079 = DIRECTION('',(-1.,0.,0.));
#8080 = PCURVE('',#2159,#8081);
#8081 = DEFINITIONAL_REPRESENTATION('',(#8082),#8086);
#8082 = LINE('',#8083,#8084);
#8083 = CARTESIAN_POINT('',(0.,-0.5));
#8084 = VECTOR('',#8085,1.);
#8085 = DIRECTION('',(1.,0.));
#8086 = ( GEOMETRIC_REPRESENTATION_CONTEXT(2) 
PARAMETRIC_REPRESENTATION_CONTEXT() REPRESENTATION_CONTEXT('2D SPACE',''
  ) );
#8087 = PCURVE('',#7867,#8088);
#8088 = DEFINITIONAL_REPRESENTATION('',(#8089),#8093);
#8089 = LINE('',#8090,#8091);
#8090 = CARTESIAN_POINT('',(0.865006510417,0.));
#8091 = VECTOR('',#8092,1.);
#8092 = DIRECTION('',(-1.,0.));
#8093 = ( GEOMETRIC_REPRESENTATION_CONTEXT(2) 
PARAMETRIC_REPRESENTATION_CONTEXT() REPRESENTATION_CONTEXT('2D SPACE',''
  ) );
#8094 = ORIENTED_EDGE('',*,*,#8002,.F.);
#8095 = ORIENTED_EDGE('',*,*,#2143,.F.);
#8096 = ADVANCED_FACE('',(#8097),#2131,.T.);
#8097 = FACE_BOUND('',#8098,.T.);
#8098 = EDGE_LOOP('',(#8099,#8122,#8143,#8144));
#8099 = ORIENTED_EDGE('',*,*,#8100,.T.);
#8100 = EDGE_CURVE('',#2088,#8101,#8103,.T.);
#8101 = VERTEX_POINT('',#8102);
#8102 = CARTESIAN_POINT('',(12.742508138021,8.195003000895,19.8));
#8103 = SURFACE_CURVE('',#8104,(#8108,#8115),.PCURVE_S1.);
#8104 = LINE('',#8105,#8106);
#8105 = CARTESIAN_POINT('',(12.742508138021,8.195003000895,20.3));
#8106 = VECTOR('',#8107,1.);
#8107 = DIRECTION('',(-0.,-0.,-1.));
#8108 = PCURVE('',#2131,#8109);
#8109 = DEFINITIONAL_REPRESENTATION('',(#8110),#8114);
#8110 = LINE('',#8111,#8112);
#8111 = CARTESIAN_POINT('',(0.,0.));
#8112 = VECTOR('',#8113,1.);
#8113 = DIRECTION('',(0.,-1.));
#8114 = ( GEOMETRIC_REPRESENTATION_CONTEXT(2) 
PARAMETRIC_REPRESENTATION_CONTEXT() REPRESENTATION_CONTEXT('2D SPACE',''
  ) );
#8115 = PCURVE('',#2103,#8116);
#8116 = DEFINITIONAL_REPRESENTATION('',(#8117),#8121);
#8117 = LINE('',#8118,#8119);
#8118 = CARTESIAN_POINT('',(1.144986979167,0.));
#8119 = VECTOR('',#8120,1.);
#8120 = DIRECTION('',(0.,-1.));
#8121 = ( GEOMETRIC_REPRESENTATION_CONTEXT(2) 
PARAMETRIC_REPRESENTATION_CONTEXT() REPRESENTATION_CONTEXT('2D SPACE',''
  ) );
#8122 = ORIENTED_EDGE('',*,*,#8123,.T.);
#8123 = EDGE_CURVE('',#8101,#8052,#8124,.T.);
#8124 = SURFACE_CURVE('',#8125,(#8129,#8136),.PCURVE_S1.);
#8125 = LINE('',#8126,#8127);
#8126 = CARTESIAN_POINT('',(12.742508138021,8.195003000895,19.8));
#8127 = VECTOR('',#8128,1.);
#8128 = DIRECTION('',(0.,-1.,0.));
#8129 = PCURVE('',#2131,#8130);
#8130 = DEFINITIONAL_REPRESENTATION('',(#8131),#8135);
#8131 = LINE('',#8132,#8133);
#8132 = CARTESIAN_POINT('',(0.,-0.5));
#8133 = VECTOR('',#8134,1.);
#8134 = DIRECTION('',(1.,0.));
#8135 = ( GEOMETRIC_REPRESENTATION_CONTEXT(2) 
PARAMETRIC_REPRESENTATION_CONTEXT() REPRESENTATION_CONTEXT('2D SPACE',''
  ) );
#8136 = PCURVE('',#7867,#8137);
#8137 = DEFINITIONAL_REPRESENTATION('',(#8138),#8142);
#8138 = LINE('',#8139,#8140);
#8139 = CARTESIAN_POINT('',(0.865006510417,1.545003255208));
#8140 = VECTOR('',#8141,1.);
#8141 = DIRECTION('',(0.,-1.));
#8142 = ( GEOMETRIC_REPRESENTATION_CONTEXT(2) 
PARAMETRIC_REPRESENTATION_CONTEXT() REPRESENTATION_CONTEXT('2D SPACE',''
  ) );
#8143 = ORIENTED_EDGE('',*,*,#8051,.F.);
#8144 = ORIENTED_EDGE('',*,*,#2115,.F.);
#8145 = ADVANCED_FACE('',(#8146),#2103,.T.);
#8146 = FACE_BOUND('',#8147,.T.);
#8147 = EDGE_LOOP('',(#8148,#8171,#8192,#8193));
#8148 = ORIENTED_EDGE('',*,*,#8149,.T.);
#8149 = EDGE_CURVE('',#2058,#8150,#8152,.T.);
#8150 = VERTEX_POINT('',#8151);
#8151 = CARTESIAN_POINT('',(13.887495117188,8.195003000895,19.8));
#8152 = SURFACE_CURVE('',#8153,(#8157,#8164),.PCURVE_S1.);
#8153 = LINE('',#8154,#8155);
#8154 = CARTESIAN_POINT('',(13.887495117188,8.195003000895,20.3));
#8155 = VECTOR('',#8156,1.);
#8156 = DIRECTION('',(-0.,-0.,-1.));
#8157 = PCURVE('',#2103,#8158);
#8158 = DEFINITIONAL_REPRESENTATION('',(#8159),#8163);
#8159 = LINE('',#8160,#8161);
#8160 = CARTESIAN_POINT('',(0.,0.));
#8161 = VECTOR('',#8162,1.);
#8162 = DIRECTION('',(0.,-1.));
#8163 = ( GEOMETRIC_REPRESENTATION_CONTEXT(2) 
PARAMETRIC_REPRESENTATION_CONTEXT() REPRESENTATION_CONTEXT('2D SPACE',''
  ) );
#8164 = PCURVE('',#2073,#8165);
#8165 = DEFINITIONAL_REPRESENTATION('',(#8166),#8170);
#8166 = LINE('',#8167,#8168);
#8167 = CARTESIAN_POINT('',(1.,0.));
#8168 = VECTOR('',#8169,1.);
#8169 = DIRECTION('',(0.,-1.));
#8170 = ( GEOMETRIC_REPRESENTATION_CONTEXT(2) 
PARAMETRIC_REPRESENTATION_CONTEXT() REPRESENTATION_CONTEXT('2D SPACE',''
  ) );
#8171 = ORIENTED_EDGE('',*,*,#8172,.T.);
#8172 = EDGE_CURVE('',#8150,#8101,#8173,.T.);
#8173 = SURFACE_CURVE('',#8174,(#8178,#8185),.PCURVE_S1.);
#8174 = LINE('',#8175,#8176);
#8175 = CARTESIAN_POINT('',(13.887495117188,8.195003000895,19.8));
#8176 = VECTOR('',#8177,1.);
#8177 = DIRECTION('',(-1.,0.,0.));
#8178 = PCURVE('',#2103,#8179);
#8179 = DEFINITIONAL_REPRESENTATION('',(#8180),#8184);
#8180 = LINE('',#8181,#8182);
#8181 = CARTESIAN_POINT('',(0.,-0.5));
#8182 = VECTOR('',#8183,1.);
#8183 = DIRECTION('',(1.,0.));
#8184 = ( GEOMETRIC_REPRESENTATION_CONTEXT(2) 
PARAMETRIC_REPRESENTATION_CONTEXT() REPRESENTATION_CONTEXT('2D SPACE',''
  ) );
#8185 = PCURVE('',#7867,#8186);
#8186 = DEFINITIONAL_REPRESENTATION('',(#8187),#8191);
#8187 = LINE('',#8188,#8189);
#8188 = CARTESIAN_POINT('',(2.009993489583,1.545003255208));
#8189 = VECTOR('',#8190,1.);
#8190 = DIRECTION('',(-1.,0.));
#8191 = ( GEOMETRIC_REPRESENTATION_CONTEXT(2) 
PARAMETRIC_REPRESENTATION_CONTEXT() REPRESENTATION_CONTEXT('2D SPACE',''
  ) );
#8192 = ORIENTED_EDGE('',*,*,#8100,.F.);
#8193 = ORIENTED_EDGE('',*,*,#2087,.F.);
#8194 = ADVANCED_FACE('',(#8195),#2073,.T.);
#8195 = FACE_BOUND('',#8196,.T.);
#8196 = EDGE_LOOP('',(#8197,#8220,#8241,#8242));
#8197 = ORIENTED_EDGE('',*,*,#8198,.T.);
#8198 = EDGE_CURVE('',#2028,#8199,#8201,.T.);
#8199 = VERTEX_POINT('',#8200);
#8200 = CARTESIAN_POINT('',(14.625003255208,8.477498118083,19.8));
#8201 = SURFACE_CURVE('',#8202,(#8206,#8213),.PCURVE_S1.);
#8202 = LINE('',#8203,#8204);
#8203 = CARTESIAN_POINT('',(14.625003255208,8.477498118083,20.3));
#8204 = VECTOR('',#8205,1.);
#8205 = DIRECTION('',(-0.,-0.,-1.));
#8206 = PCURVE('',#2073,#8207);
#8207 = DEFINITIONAL_REPRESENTATION('',(#8208),#8212);
#8208 = LINE('',#8209,#8210);
#8209 = CARTESIAN_POINT('',(0.,0.));
#8210 = VECTOR('',#8211,1.);
#8211 = DIRECTION('',(0.,-1.));
#8212 = ( GEOMETRIC_REPRESENTATION_CONTEXT(2) 
PARAMETRIC_REPRESENTATION_CONTEXT() REPRESENTATION_CONTEXT('2D SPACE',''
  ) );
#8213 = PCURVE('',#2043,#8214);
#8214 = DEFINITIONAL_REPRESENTATION('',(#8215),#8219);
#8215 = LINE('',#8216,#8217);
#8216 = CARTESIAN_POINT('',(1.,0.));
#8217 = VECTOR('',#8218,1.);
#8218 = DIRECTION('',(0.,-1.));
#8219 = ( GEOMETRIC_REPRESENTATION_CONTEXT(2) 
PARAMETRIC_REPRESENTATION_CONTEXT() REPRESENTATION_CONTEXT('2D SPACE',''
  ) );
#8220 = ORIENTED_EDGE('',*,*,#8221,.T.);
#8221 = EDGE_CURVE('',#8199,#8150,#8222,.T.);
#8222 = SURFACE_CURVE('',#8223,(#8227,#8234),.PCURVE_S1.);
#8223 = B_SPLINE_CURVE_WITH_KNOTS('',2,(#8224,#8225,#8226),
  .UNSPECIFIED.,.F.,.F.,(3,3),(0.,1.),.PIECEWISE_BEZIER_KNOTS.);
#8224 = CARTESIAN_POINT('',(14.625003255208,8.477498118083,19.8));
#8225 = CARTESIAN_POINT('',(14.342508138021,8.195003000895,19.8));
#8226 = CARTESIAN_POINT('',(13.887495117188,8.195003000895,19.8));
#8227 = PCURVE('',#2073,#8228);
#8228 = DEFINITIONAL_REPRESENTATION('',(#8229),#8233);
#8229 = LINE('',#8230,#8231);
#8230 = CARTESIAN_POINT('',(0.,-0.5));
#8231 = VECTOR('',#8232,1.);
#8232 = DIRECTION('',(1.,0.));
#8233 = ( GEOMETRIC_REPRESENTATION_CONTEXT(2) 
PARAMETRIC_REPRESENTATION_CONTEXT() REPRESENTATION_CONTEXT('2D SPACE',''
  ) );
#8234 = PCURVE('',#7867,#8235);
#8235 = DEFINITIONAL_REPRESENTATION('',(#8236),#8240);
#8236 = B_SPLINE_CURVE_WITH_KNOTS('',2,(#8237,#8238,#8239),
  .UNSPECIFIED.,.F.,.F.,(3,3),(0.,1.),.PIECEWISE_BEZIER_KNOTS.);
#8237 = CARTESIAN_POINT('',(2.747501627604,1.827498372396));
#8238 = CARTESIAN_POINT('',(2.465006510417,1.545003255208));
#8239 = CARTESIAN_POINT('',(2.009993489583,1.545003255208));
#8240 = ( GEOMETRIC_REPRESENTATION_CONTEXT(2) 
PARAMETRIC_REPRESENTATION_CONTEXT() REPRESENTATION_CONTEXT('2D SPACE',''
  ) );
#8241 = ORIENTED_EDGE('',*,*,#8149,.F.);
#8242 = ORIENTED_EDGE('',*,*,#2057,.F.);
#8243 = ADVANCED_FACE('',(#8244),#2043,.T.);
#8244 = FACE_BOUND('',#8245,.T.);
#8245 = EDGE_LOOP('',(#8246,#8247,#8268,#8269));
#8246 = ORIENTED_EDGE('',*,*,#7879,.T.);
#8247 = ORIENTED_EDGE('',*,*,#8248,.T.);
#8248 = EDGE_CURVE('',#7852,#8199,#8249,.T.);
#8249 = SURFACE_CURVE('',#8250,(#8254,#8261),.PCURVE_S1.);
#8250 = B_SPLINE_CURVE_WITH_KNOTS('',2,(#8251,#8252,#8253),
  .UNSPECIFIED.,.F.,.F.,(3,3),(0.,1.),.PIECEWISE_BEZIER_KNOTS.);
#8251 = CARTESIAN_POINT('',(14.907498372396,9.224999745687,19.8));
#8252 = CARTESIAN_POINT('',(14.907498372396,8.75999323527,19.8));
#8253 = CARTESIAN_POINT('',(14.625003255208,8.477498118083,19.8));
#8254 = PCURVE('',#2043,#8255);
#8255 = DEFINITIONAL_REPRESENTATION('',(#8256),#8260);
#8256 = LINE('',#8257,#8258);
#8257 = CARTESIAN_POINT('',(0.,-0.5));
#8258 = VECTOR('',#8259,1.);
#8259 = DIRECTION('',(1.,0.));
#8260 = ( GEOMETRIC_REPRESENTATION_CONTEXT(2) 
PARAMETRIC_REPRESENTATION_CONTEXT() REPRESENTATION_CONTEXT('2D SPACE',''
  ) );
#8261 = PCURVE('',#7867,#8262);
#8262 = DEFINITIONAL_REPRESENTATION('',(#8263),#8267);
#8263 = B_SPLINE_CURVE_WITH_KNOTS('',2,(#8264,#8265,#8266),
  .UNSPECIFIED.,.F.,.F.,(3,3),(0.,1.),.PIECEWISE_BEZIER_KNOTS.);
#8264 = CARTESIAN_POINT('',(3.029996744792,2.575));
#8265 = CARTESIAN_POINT('',(3.029996744792,2.109993489583));
#8266 = CARTESIAN_POINT('',(2.747501627604,1.827498372396));
#8267 = ( GEOMETRIC_REPRESENTATION_CONTEXT(2) 
PARAMETRIC_REPRESENTATION_CONTEXT() REPRESENTATION_CONTEXT('2D SPACE',''
  ) );
#8268 = ORIENTED_EDGE('',*,*,#8198,.F.);
#8269 = ORIENTED_EDGE('',*,*,#2027,.F.);
#8270 = ADVANCED_FACE('',(#8271),#2275,.T.);
#8271 = FACE_BOUND('',#8272,.T.);
#8272 = EDGE_LOOP('',(#8273,#8296,#8324,#8345));
#8273 = ORIENTED_EDGE('',*,*,#8274,.T.);
#8274 = EDGE_CURVE('',#2258,#8275,#8277,.T.);
#8275 = VERTEX_POINT('',#8276);
#8276 = CARTESIAN_POINT('',(17.167483723958,8.972501373291,19.8));
#8277 = SURFACE_CURVE('',#8278,(#8282,#8289),.PCURVE_S1.);
#8278 = LINE('',#8279,#8280);
#8279 = CARTESIAN_POINT('',(17.167483723958,8.972501373291,20.3));
#8280 = VECTOR('',#8281,1.);
#8281 = DIRECTION('',(-0.,-0.,-1.));
#8282 = PCURVE('',#2275,#8283);
#8283 = DEFINITIONAL_REPRESENTATION('',(#8284),#8288);
#8284 = LINE('',#8285,#8286);
#8285 = CARTESIAN_POINT('',(0.,0.));
#8286 = VECTOR('',#8287,1.);
#8287 = DIRECTION('',(0.,-1.));
#8288 = ( GEOMETRIC_REPRESENTATION_CONTEXT(2) 
PARAMETRIC_REPRESENTATION_CONTEXT() REPRESENTATION_CONTEXT('2D SPACE',''
  ) );
#8289 = PCURVE('',#2483,#8290);
#8290 = DEFINITIONAL_REPRESENTATION('',(#8291),#8295);
#8291 = LINE('',#8292,#8293);
#8292 = CARTESIAN_POINT('',(1.,0.));
#8293 = VECTOR('',#8294,1.);
#8294 = DIRECTION('',(0.,-1.));
#8295 = ( GEOMETRIC_REPRESENTATION_CONTEXT(2) 
PARAMETRIC_REPRESENTATION_CONTEXT() REPRESENTATION_CONTEXT('2D SPACE',''
  ) );
#8296 = ORIENTED_EDGE('',*,*,#8297,.T.);
#8297 = EDGE_CURVE('',#8275,#8298,#8300,.T.);
#8298 = VERTEX_POINT('',#8299);
#8299 = CARTESIAN_POINT('',(18.032482096354,9.345003000895,19.8));
#8300 = SURFACE_CURVE('',#8301,(#8305,#8312),.PCURVE_S1.);
#8301 = B_SPLINE_CURVE_WITH_KNOTS('',2,(#8302,#8303,#8304),
  .UNSPECIFIED.,.F.,.F.,(3,3),(0.,1.),.PIECEWISE_BEZIER_KNOTS.);
#8302 = CARTESIAN_POINT('',(17.167483723958,8.972501373291,19.8));
#8303 = CARTESIAN_POINT('',(17.482482096354,9.345003000895,19.8));
#8304 = CARTESIAN_POINT('',(18.032482096354,9.345003000895,19.8));
#8305 = PCURVE('',#2275,#8306);
#8306 = DEFINITIONAL_REPRESENTATION('',(#8307),#8311);
#8307 = LINE('',#8308,#8309);
#8308 = CARTESIAN_POINT('',(0.,-0.5));
#8309 = VECTOR('',#8310,1.);
#8310 = DIRECTION('',(1.,0.));
#8311 = ( GEOMETRIC_REPRESENTATION_CONTEXT(2) 
PARAMETRIC_REPRESENTATION_CONTEXT() REPRESENTATION_CONTEXT('2D SPACE',''
  ) );
#8312 = PCURVE('',#8313,#8318);
#8313 = PLANE('',#8314);
#8314 = AXIS2_PLACEMENT_3D('',#8315,#8316,#8317);
#8315 = CARTESIAN_POINT('',(16.702485351563,6.649999745687,19.8));
#8316 = DIRECTION('',(0.,0.,1.));
#8317 = DIRECTION('',(1.,0.,0.));
#8318 = DEFINITIONAL_REPRESENTATION('',(#8319),#8323);
#8319 = B_SPLINE_CURVE_WITH_KNOTS('',2,(#8320,#8321,#8322),
  .UNSPECIFIED.,.F.,.F.,(3,3),(0.,1.),.PIECEWISE_BEZIER_KNOTS.);
#8320 = CARTESIAN_POINT('',(0.464998372396,2.322501627604));
#8321 = CARTESIAN_POINT('',(0.779996744792,2.695003255208));
#8322 = CARTESIAN_POINT('',(1.329996744792,2.695003255208));
#8323 = ( GEOMETRIC_REPRESENTATION_CONTEXT(2) 
PARAMETRIC_REPRESENTATION_CONTEXT() REPRESENTATION_CONTEXT('2D SPACE',''
  ) );
#8324 = ORIENTED_EDGE('',*,*,#8325,.F.);
#8325 = EDGE_CURVE('',#2260,#8298,#8326,.T.);
#8326 = SURFACE_CURVE('',#8327,(#8331,#8338),.PCURVE_S1.);
#8327 = LINE('',#8328,#8329);
#8328 = CARTESIAN_POINT('',(18.032482096354,9.345003000895,20.3));
#8329 = VECTOR('',#8330,1.);
#8330 = DIRECTION('',(-0.,-0.,-1.));
#8331 = PCURVE('',#2275,#8332);
#8332 = DEFINITIONAL_REPRESENTATION('',(#8333),#8337);
#8333 = LINE('',#8334,#8335);
#8334 = CARTESIAN_POINT('',(1.,0.));
#8335 = VECTOR('',#8336,1.);
#8336 = DIRECTION('',(0.,-1.));
#8337 = ( GEOMETRIC_REPRESENTATION_CONTEXT(2) 
PARAMETRIC_REPRESENTATION_CONTEXT() REPRESENTATION_CONTEXT('2D SPACE',''
  ) );
#8338 = PCURVE('',#2305,#8339);
#8339 = DEFINITIONAL_REPRESENTATION('',(#8340),#8344);
#8340 = LINE('',#8341,#8342);
#8341 = CARTESIAN_POINT('',(0.,0.));
#8342 = VECTOR('',#8343,1.);
#8343 = DIRECTION('',(0.,-1.));
#8344 = ( GEOMETRIC_REPRESENTATION_CONTEXT(2) 
PARAMETRIC_REPRESENTATION_CONTEXT() REPRESENTATION_CONTEXT('2D SPACE',''
  ) );
#8345 = ORIENTED_EDGE('',*,*,#2257,.F.);
#8346 = ADVANCED_FACE('',(#8347),#2483,.T.);
#8347 = FACE_BOUND('',#8348,.T.);
#8348 = EDGE_LOOP('',(#8349,#8372,#8393,#8394));
#8349 = ORIENTED_EDGE('',*,*,#8350,.T.);
#8350 = EDGE_CURVE('',#2440,#8351,#8353,.T.);
#8351 = VERTEX_POINT('',#8352);
#8352 = CARTESIAN_POINT('',(16.852485351562,7.939998118083,19.8));
#8353 = SURFACE_CURVE('',#8354,(#8358,#8365),.PCURVE_S1.);
#8354 = LINE('',#8355,#8356);
#8355 = CARTESIAN_POINT('',(16.852485351562,7.939998118083,20.3));
#8356 = VECTOR('',#8357,1.);
#8357 = DIRECTION('',(-0.,-0.,-1.));
#8358 = PCURVE('',#2483,#8359);
#8359 = DEFINITIONAL_REPRESENTATION('',(#8360),#8364);
#8360 = LINE('',#8361,#8362);
#8361 = CARTESIAN_POINT('',(0.,0.));
#8362 = VECTOR('',#8363,1.);
#8363 = DIRECTION('',(0.,-1.));
#8364 = ( GEOMETRIC_REPRESENTATION_CONTEXT(2) 
PARAMETRIC_REPRESENTATION_CONTEXT() REPRESENTATION_CONTEXT('2D SPACE',''
  ) );
#8365 = PCURVE('',#2455,#8366);
#8366 = DEFINITIONAL_REPRESENTATION('',(#8367),#8371);
#8367 = LINE('',#8368,#8369);
#8368 = CARTESIAN_POINT('',(1.,0.));
#8369 = VECTOR('',#8370,1.);
#8370 = DIRECTION('',(0.,-1.));
#8371 = ( GEOMETRIC_REPRESENTATION_CONTEXT(2) 
PARAMETRIC_REPRESENTATION_CONTEXT() REPRESENTATION_CONTEXT('2D SPACE',''
  ) );
#8372 = ORIENTED_EDGE('',*,*,#8373,.T.);
#8373 = EDGE_CURVE('',#8351,#8275,#8374,.T.);
#8374 = SURFACE_CURVE('',#8375,(#8379,#8386),.PCURVE_S1.);
#8375 = B_SPLINE_CURVE_WITH_KNOTS('',2,(#8376,#8377,#8378),
  .UNSPECIFIED.,.F.,.F.,(3,3),(0.,1.),.PIECEWISE_BEZIER_KNOTS.);
#8376 = CARTESIAN_POINT('',(16.852485351562,7.939998118083,19.8));
#8377 = CARTESIAN_POINT('',(16.852485351562,8.599999745687,19.8));
#8378 = CARTESIAN_POINT('',(17.167483723958,8.972501373291,19.8));
#8379 = PCURVE('',#2483,#8380);
#8380 = DEFINITIONAL_REPRESENTATION('',(#8381),#8385);
#8381 = LINE('',#8382,#8383);
#8382 = CARTESIAN_POINT('',(0.,-0.5));
#8383 = VECTOR('',#8384,1.);
#8384 = DIRECTION('',(1.,0.));
#8385 = ( GEOMETRIC_REPRESENTATION_CONTEXT(2) 
PARAMETRIC_REPRESENTATION_CONTEXT() REPRESENTATION_CONTEXT('2D SPACE',''
  ) );
#8386 = PCURVE('',#8313,#8387);
#8387 = DEFINITIONAL_REPRESENTATION('',(#8388),#8392);
#8388 = B_SPLINE_CURVE_WITH_KNOTS('',2,(#8389,#8390,#8391),
  .UNSPECIFIED.,.F.,.F.,(3,3),(0.,1.),.PIECEWISE_BEZIER_KNOTS.);
#8389 = CARTESIAN_POINT('',(0.15,1.289998372396));
#8390 = CARTESIAN_POINT('',(0.15,1.95));
#8391 = CARTESIAN_POINT('',(0.464998372396,2.322501627604));
#8392 = ( GEOMETRIC_REPRESENTATION_CONTEXT(2) 
PARAMETRIC_REPRESENTATION_CONTEXT() REPRESENTATION_CONTEXT('2D SPACE',''
  ) );
#8393 = ORIENTED_EDGE('',*,*,#8274,.F.);
#8394 = ORIENTED_EDGE('',*,*,#2469,.F.);
#8395 = ADVANCED_FACE('',(#8396),#2455,.T.);
#8396 = FACE_BOUND('',#8397,.T.);
#8397 = EDGE_LOOP('',(#8398,#8421,#8442,#8443));
#8398 = ORIENTED_EDGE('',*,*,#8399,.T.);
#8399 = EDGE_CURVE('',#2410,#8400,#8402,.T.);
#8400 = VERTEX_POINT('',#8401);
#8401 = CARTESIAN_POINT('',(17.164985351562,6.907494862874,19.8));
#8402 = SURFACE_CURVE('',#8403,(#8407,#8414),.PCURVE_S1.);
#8403 = LINE('',#8404,#8405);
#8404 = CARTESIAN_POINT('',(17.164985351562,6.907494862874,20.3));
#8405 = VECTOR('',#8406,1.);
#8406 = DIRECTION('',(-0.,-0.,-1.));
#8407 = PCURVE('',#2455,#8408);
#8408 = DEFINITIONAL_REPRESENTATION('',(#8409),#8413);
#8409 = LINE('',#8410,#8411);
#8410 = CARTESIAN_POINT('',(0.,0.));
#8411 = VECTOR('',#8412,1.);
#8412 = DIRECTION('',(0.,-1.));
#8413 = ( GEOMETRIC_REPRESENTATION_CONTEXT(2) 
PARAMETRIC_REPRESENTATION_CONTEXT() REPRESENTATION_CONTEXT('2D SPACE',''
  ) );
#8414 = PCURVE('',#2425,#8415);
#8415 = DEFINITIONAL_REPRESENTATION('',(#8416),#8420);
#8416 = LINE('',#8417,#8418);
#8417 = CARTESIAN_POINT('',(1.,0.));
#8418 = VECTOR('',#8419,1.);
#8419 = DIRECTION('',(0.,-1.));
#8420 = ( GEOMETRIC_REPRESENTATION_CONTEXT(2) 
PARAMETRIC_REPRESENTATION_CONTEXT() REPRESENTATION_CONTEXT('2D SPACE',''
  ) );
#8421 = ORIENTED_EDGE('',*,*,#8422,.T.);
#8422 = EDGE_CURVE('',#8400,#8351,#8423,.T.);
#8423 = SURFACE_CURVE('',#8424,(#8428,#8435),.PCURVE_S1.);
#8424 = B_SPLINE_CURVE_WITH_KNOTS('',2,(#8425,#8426,#8427),
  .UNSPECIFIED.,.F.,.F.,(3,3),(0.,1.),.PIECEWISE_BEZIER_KNOTS.);
#8425 = CARTESIAN_POINT('',(17.164985351562,6.907494862874,19.8));
#8426 = CARTESIAN_POINT('',(16.852485351562,7.279996490479,19.8));
#8427 = CARTESIAN_POINT('',(16.852485351562,7.939998118083,19.8));
#8428 = PCURVE('',#2455,#8429);
#8429 = DEFINITIONAL_REPRESENTATION('',(#8430),#8434);
#8430 = LINE('',#8431,#8432);
#8431 = CARTESIAN_POINT('',(0.,-0.5));
#8432 = VECTOR('',#8433,1.);
#8433 = DIRECTION('',(1.,0.));
#8434 = ( GEOMETRIC_REPRESENTATION_CONTEXT(2) 
PARAMETRIC_REPRESENTATION_CONTEXT() REPRESENTATION_CONTEXT('2D SPACE',''
  ) );
#8435 = PCURVE('',#8313,#8436);
#8436 = DEFINITIONAL_REPRESENTATION('',(#8437),#8441);
#8437 = B_SPLINE_CURVE_WITH_KNOTS('',2,(#8438,#8439,#8440),
  .UNSPECIFIED.,.F.,.F.,(3,3),(0.,1.),.PIECEWISE_BEZIER_KNOTS.);
#8438 = CARTESIAN_POINT('',(0.4625,0.257495117188));
#8439 = CARTESIAN_POINT('',(0.15,0.629996744792));
#8440 = CARTESIAN_POINT('',(0.15,1.289998372396));
#8441 = ( GEOMETRIC_REPRESENTATION_CONTEXT(2) 
PARAMETRIC_REPRESENTATION_CONTEXT() REPRESENTATION_CONTEXT('2D SPACE',''
  ) );
#8442 = ORIENTED_EDGE('',*,*,#8350,.F.);
#8443 = ORIENTED_EDGE('',*,*,#2439,.F.);
#8444 = ADVANCED_FACE('',(#8445),#2425,.T.);
#8445 = FACE_BOUND('',#8446,.T.);
#8446 = EDGE_LOOP('',(#8447,#8470,#8491,#8492));
#8447 = ORIENTED_EDGE('',*,*,#8448,.T.);
#8448 = EDGE_CURVE('',#2380,#8449,#8451,.T.);
#8449 = VERTEX_POINT('',#8450);
#8450 = CARTESIAN_POINT('',(18.037478841146,6.53499323527,19.8));
#8451 = SURFACE_CURVE('',#8452,(#8456,#8463),.PCURVE_S1.);
#8452 = LINE('',#8453,#8454);
#8453 = CARTESIAN_POINT('',(18.037478841146,6.53499323527,20.3));
#8454 = VECTOR('',#8455,1.);
#8455 = DIRECTION('',(-0.,-0.,-1.));
#8456 = PCURVE('',#2425,#8457);
#8457 = DEFINITIONAL_REPRESENTATION('',(#8458),#8462);
#8458 = LINE('',#8459,#8460);
#8459 = CARTESIAN_POINT('',(0.,0.));
#8460 = VECTOR('',#8461,1.);
#8461 = DIRECTION('',(0.,-1.));
#8462 = ( GEOMETRIC_REPRESENTATION_CONTEXT(2) 
PARAMETRIC_REPRESENTATION_CONTEXT() REPRESENTATION_CONTEXT('2D SPACE',''
  ) );
#8463 = PCURVE('',#2395,#8464);
#8464 = DEFINITIONAL_REPRESENTATION('',(#8465),#8469);
#8465 = LINE('',#8466,#8467);
#8466 = CARTESIAN_POINT('',(1.,0.));
#8467 = VECTOR('',#8468,1.);
#8468 = DIRECTION('',(0.,-1.));
#8469 = ( GEOMETRIC_REPRESENTATION_CONTEXT(2) 
PARAMETRIC_REPRESENTATION_CONTEXT() REPRESENTATION_CONTEXT('2D SPACE',''
  ) );
#8470 = ORIENTED_EDGE('',*,*,#8471,.T.);
#8471 = EDGE_CURVE('',#8449,#8400,#8472,.T.);
#8472 = SURFACE_CURVE('',#8473,(#8477,#8484),.PCURVE_S1.);
#8473 = B_SPLINE_CURVE_WITH_KNOTS('',2,(#8474,#8475,#8476),
  .UNSPECIFIED.,.F.,.F.,(3,3),(0.,1.),.PIECEWISE_BEZIER_KNOTS.);
#8474 = CARTESIAN_POINT('',(18.037478841146,6.53499323527,19.8));
#8475 = CARTESIAN_POINT('',(17.477485351562,6.53499323527,19.8));
#8476 = CARTESIAN_POINT('',(17.164985351562,6.907494862874,19.8));
#8477 = PCURVE('',#2425,#8478);
#8478 = DEFINITIONAL_REPRESENTATION('',(#8479),#8483);
#8479 = LINE('',#8480,#8481);
#8480 = CARTESIAN_POINT('',(0.,-0.5));
#8481 = VECTOR('',#8482,1.);
#8482 = DIRECTION('',(1.,0.));
#8483 = ( GEOMETRIC_REPRESENTATION_CONTEXT(2) 
PARAMETRIC_REPRESENTATION_CONTEXT() REPRESENTATION_CONTEXT('2D SPACE',''
  ) );
#8484 = PCURVE('',#8313,#8485);
#8485 = DEFINITIONAL_REPRESENTATION('',(#8486),#8490);
#8486 = B_SPLINE_CURVE_WITH_KNOTS('',2,(#8487,#8488,#8489),
  .UNSPECIFIED.,.F.,.F.,(3,3),(0.,1.),.PIECEWISE_BEZIER_KNOTS.);
#8487 = CARTESIAN_POINT('',(1.334993489583,-0.115006510417));
#8488 = CARTESIAN_POINT('',(0.775,-0.115006510417));
#8489 = CARTESIAN_POINT('',(0.4625,0.257495117188));
#8490 = ( GEOMETRIC_REPRESENTATION_CONTEXT(2) 
PARAMETRIC_REPRESENTATION_CONTEXT() REPRESENTATION_CONTEXT('2D SPACE',''
  ) );
#8491 = ORIENTED_EDGE('',*,*,#8399,.F.);
#8492 = ORIENTED_EDGE('',*,*,#2409,.F.);
#8493 = ADVANCED_FACE('',(#8494),#2395,.T.);
#8494 = FACE_BOUND('',#8495,.T.);
#8495 = EDGE_LOOP('',(#8496,#8519,#8540,#8541));
#8496 = ORIENTED_EDGE('',*,*,#8497,.T.);
#8497 = EDGE_CURVE('',#2350,#8498,#8500,.T.);
#8498 = VERTEX_POINT('',#8499);
#8499 = CARTESIAN_POINT('',(18.904983723958,6.904996490479,19.8));
#8500 = SURFACE_CURVE('',#8501,(#8505,#8512),.PCURVE_S1.);
#8501 = LINE('',#8502,#8503);
#8502 = CARTESIAN_POINT('',(18.904983723958,6.904996490479,20.3));
#8503 = VECTOR('',#8504,1.);
#8504 = DIRECTION('',(-0.,-0.,-1.));
#8505 = PCURVE('',#2395,#8506);
#8506 = DEFINITIONAL_REPRESENTATION('',(#8507),#8511);
#8507 = LINE('',#8508,#8509);
#8508 = CARTESIAN_POINT('',(0.,0.));
#8509 = VECTOR('',#8510,1.);
#8510 = DIRECTION('',(0.,-1.));
#8511 = ( GEOMETRIC_REPRESENTATION_CONTEXT(2) 
PARAMETRIC_REPRESENTATION_CONTEXT() REPRESENTATION_CONTEXT('2D SPACE',''
  ) );
#8512 = PCURVE('',#2365,#8513);
#8513 = DEFINITIONAL_REPRESENTATION('',(#8514),#8518);
#8514 = LINE('',#8515,#8516);
#8515 = CARTESIAN_POINT('',(1.,0.));
#8516 = VECTOR('',#8517,1.);
#8517 = DIRECTION('',(0.,-1.));
#8518 = ( GEOMETRIC_REPRESENTATION_CONTEXT(2) 
PARAMETRIC_REPRESENTATION_CONTEXT() REPRESENTATION_CONTEXT('2D SPACE',''
  ) );
#8519 = ORIENTED_EDGE('',*,*,#8520,.T.);
#8520 = EDGE_CURVE('',#8498,#8449,#8521,.T.);
#8521 = SURFACE_CURVE('',#8522,(#8526,#8533),.PCURVE_S1.);
#8522 = B_SPLINE_CURVE_WITH_KNOTS('',2,(#8523,#8524,#8525),
  .UNSPECIFIED.,.F.,.F.,(3,3),(0.,1.),.PIECEWISE_BEZIER_KNOTS.);
#8523 = CARTESIAN_POINT('',(18.904983723958,6.904996490479,19.8));
#8524 = CARTESIAN_POINT('',(18.587478841146,6.53499323527,19.8));
#8525 = CARTESIAN_POINT('',(18.037478841146,6.53499323527,19.8));
#8526 = PCURVE('',#2395,#8527);
#8527 = DEFINITIONAL_REPRESENTATION('',(#8528),#8532);
#8528 = LINE('',#8529,#8530);
#8529 = CARTESIAN_POINT('',(0.,-0.5));
#8530 = VECTOR('',#8531,1.);
#8531 = DIRECTION('',(1.,0.));
#8532 = ( GEOMETRIC_REPRESENTATION_CONTEXT(2) 
PARAMETRIC_REPRESENTATION_CONTEXT() REPRESENTATION_CONTEXT('2D SPACE',''
  ) );
#8533 = PCURVE('',#8313,#8534);
#8534 = DEFINITIONAL_REPRESENTATION('',(#8535),#8539);
#8535 = B_SPLINE_CURVE_WITH_KNOTS('',2,(#8536,#8537,#8538),
  .UNSPECIFIED.,.F.,.F.,(3,3),(0.,1.),.PIECEWISE_BEZIER_KNOTS.);
#8536 = CARTESIAN_POINT('',(2.202498372396,0.254996744792));
#8537 = CARTESIAN_POINT('',(1.884993489583,-0.115006510417));
#8538 = CARTESIAN_POINT('',(1.334993489583,-0.115006510417));
#8539 = ( GEOMETRIC_REPRESENTATION_CONTEXT(2) 
PARAMETRIC_REPRESENTATION_CONTEXT() REPRESENTATION_CONTEXT('2D SPACE',''
  ) );
#8540 = ORIENTED_EDGE('',*,*,#8448,.F.);
#8541 = ORIENTED_EDGE('',*,*,#2379,.F.);
#8542 = ADVANCED_FACE('',(#8543),#2365,.T.);
#8543 = FACE_BOUND('',#8544,.T.);
#8544 = EDGE_LOOP('',(#8545,#8568,#8589,#8590));
#8545 = ORIENTED_EDGE('',*,*,#8546,.T.);
#8546 = EDGE_CURVE('',#2320,#8547,#8549,.T.);
#8547 = VERTEX_POINT('',#8548);
#8548 = CARTESIAN_POINT('',(19.222488606771,7.920003000895,19.8));
#8549 = SURFACE_CURVE('',#8550,(#8554,#8561),.PCURVE_S1.);
#8550 = LINE('',#8551,#8552);
#8551 = CARTESIAN_POINT('',(19.222488606771,7.920003000895,20.3));
#8552 = VECTOR('',#8553,1.);
#8553 = DIRECTION('',(-0.,-0.,-1.));
#8554 = PCURVE('',#2365,#8555);
#8555 = DEFINITIONAL_REPRESENTATION('',(#8556),#8560);
#8556 = LINE('',#8557,#8558);
#8557 = CARTESIAN_POINT('',(0.,0.));
#8558 = VECTOR('',#8559,1.);
#8559 = DIRECTION('',(0.,-1.));
#8560 = ( GEOMETRIC_REPRESENTATION_CONTEXT(2) 
PARAMETRIC_REPRESENTATION_CONTEXT() REPRESENTATION_CONTEXT('2D SPACE',''
  ) );
#8561 = PCURVE('',#2335,#8562);
#8562 = DEFINITIONAL_REPRESENTATION('',(#8563),#8567);
#8563 = LINE('',#8564,#8565);
#8564 = CARTESIAN_POINT('',(1.,0.));
#8565 = VECTOR('',#8566,1.);
#8566 = DIRECTION('',(0.,-1.));
#8567 = ( GEOMETRIC_REPRESENTATION_CONTEXT(2) 
PARAMETRIC_REPRESENTATION_CONTEXT() REPRESENTATION_CONTEXT('2D SPACE',''
  ) );
#8568 = ORIENTED_EDGE('',*,*,#8569,.T.);
#8569 = EDGE_CURVE('',#8547,#8498,#8570,.T.);
#8570 = SURFACE_CURVE('',#8571,(#8575,#8582),.PCURVE_S1.);
#8571 = B_SPLINE_CURVE_WITH_KNOTS('',2,(#8572,#8573,#8574),
  .UNSPECIFIED.,.F.,.F.,(3,3),(0.,1.),.PIECEWISE_BEZIER_KNOTS.);
#8572 = CARTESIAN_POINT('',(19.222488606771,7.920003000895,19.8));
#8573 = CARTESIAN_POINT('',(19.222488606771,7.274999745687,19.8));
#8574 = CARTESIAN_POINT('',(18.904983723958,6.904996490479,19.8));
#8575 = PCURVE('',#2365,#8576);
#8576 = DEFINITIONAL_REPRESENTATION('',(#8577),#8581);
#8577 = LINE('',#8578,#8579);
#8578 = CARTESIAN_POINT('',(0.,-0.5));
#8579 = VECTOR('',#8580,1.);
#8580 = DIRECTION('',(1.,0.));
#8581 = ( GEOMETRIC_REPRESENTATION_CONTEXT(2) 
PARAMETRIC_REPRESENTATION_CONTEXT() REPRESENTATION_CONTEXT('2D SPACE',''
  ) );
#8582 = PCURVE('',#8313,#8583);
#8583 = DEFINITIONAL_REPRESENTATION('',(#8584),#8588);
#8584 = B_SPLINE_CURVE_WITH_KNOTS('',2,(#8585,#8586,#8587),
  .UNSPECIFIED.,.F.,.F.,(3,3),(0.,1.),.PIECEWISE_BEZIER_KNOTS.);
#8585 = CARTESIAN_POINT('',(2.520003255208,1.270003255208));
#8586 = CARTESIAN_POINT('',(2.520003255208,0.625));
#8587 = CARTESIAN_POINT('',(2.202498372396,0.254996744792));
#8588 = ( GEOMETRIC_REPRESENTATION_CONTEXT(2) 
PARAMETRIC_REPRESENTATION_CONTEXT() REPRESENTATION_CONTEXT('2D SPACE',''
  ) );
#8589 = ORIENTED_EDGE('',*,*,#8497,.F.);
#8590 = ORIENTED_EDGE('',*,*,#2349,.F.);
#8591 = ADVANCED_FACE('',(#8592),#2335,.T.);
#8592 = FACE_BOUND('',#8593,.T.);
#8593 = EDGE_LOOP('',(#8594,#8617,#8638,#8639));
#8594 = ORIENTED_EDGE('',*,*,#8595,.T.);
#8595 = EDGE_CURVE('',#2290,#8596,#8598,.T.);
#8596 = VERTEX_POINT('',#8597);
#8597 = CARTESIAN_POINT('',(18.909988606771,8.972501373291,19.8));
#8598 = SURFACE_CURVE('',#8599,(#8603,#8610),.PCURVE_S1.);
#8599 = LINE('',#8600,#8601);
#8600 = CARTESIAN_POINT('',(18.909988606771,8.972501373291,20.3));
#8601 = VECTOR('',#8602,1.);
#8602 = DIRECTION('',(-0.,-0.,-1.));
#8603 = PCURVE('',#2335,#8604);
#8604 = DEFINITIONAL_REPRESENTATION('',(#8605),#8609);
#8605 = LINE('',#8606,#8607);
#8606 = CARTESIAN_POINT('',(0.,0.));
#8607 = VECTOR('',#8608,1.);
#8608 = DIRECTION('',(0.,-1.));
#8609 = ( GEOMETRIC_REPRESENTATION_CONTEXT(2) 
PARAMETRIC_REPRESENTATION_CONTEXT() REPRESENTATION_CONTEXT('2D SPACE',''
  ) );
#8610 = PCURVE('',#2305,#8611);
#8611 = DEFINITIONAL_REPRESENTATION('',(#8612),#8616);
#8612 = LINE('',#8613,#8614);
#8613 = CARTESIAN_POINT('',(1.,0.));
#8614 = VECTOR('',#8615,1.);
#8615 = DIRECTION('',(0.,-1.));
#8616 = ( GEOMETRIC_REPRESENTATION_CONTEXT(2) 
PARAMETRIC_REPRESENTATION_CONTEXT() REPRESENTATION_CONTEXT('2D SPACE',''
  ) );
#8617 = ORIENTED_EDGE('',*,*,#8618,.T.);
#8618 = EDGE_CURVE('',#8596,#8547,#8619,.T.);
#8619 = SURFACE_CURVE('',#8620,(#8624,#8631),.PCURVE_S1.);
#8620 = B_SPLINE_CURVE_WITH_KNOTS('',2,(#8621,#8622,#8623),
  .UNSPECIFIED.,.F.,.F.,(3,3),(0.,1.),.PIECEWISE_BEZIER_KNOTS.);
#8621 = CARTESIAN_POINT('',(18.909988606771,8.972501373291,19.8));
#8622 = CARTESIAN_POINT('',(19.222488606771,8.599999745687,19.8));
#8623 = CARTESIAN_POINT('',(19.222488606771,7.920003000895,19.8));
#8624 = PCURVE('',#2335,#8625);
#8625 = DEFINITIONAL_REPRESENTATION('',(#8626),#8630);
#8626 = LINE('',#8627,#8628);
#8627 = CARTESIAN_POINT('',(0.,-0.5));
#8628 = VECTOR('',#8629,1.);
#8629 = DIRECTION('',(1.,0.));
#8630 = ( GEOMETRIC_REPRESENTATION_CONTEXT(2) 
PARAMETRIC_REPRESENTATION_CONTEXT() REPRESENTATION_CONTEXT('2D SPACE',''
  ) );
#8631 = PCURVE('',#8313,#8632);
#8632 = DEFINITIONAL_REPRESENTATION('',(#8633),#8637);
#8633 = B_SPLINE_CURVE_WITH_KNOTS('',2,(#8634,#8635,#8636),
  .UNSPECIFIED.,.F.,.F.,(3,3),(0.,1.),.PIECEWISE_BEZIER_KNOTS.);
#8634 = CARTESIAN_POINT('',(2.207503255208,2.322501627604));
#8635 = CARTESIAN_POINT('',(2.520003255208,1.95));
#8636 = CARTESIAN_POINT('',(2.520003255208,1.270003255208));
#8637 = ( GEOMETRIC_REPRESENTATION_CONTEXT(2) 
PARAMETRIC_REPRESENTATION_CONTEXT() REPRESENTATION_CONTEXT('2D SPACE',''
  ) );
#8638 = ORIENTED_EDGE('',*,*,#8546,.F.);
#8639 = ORIENTED_EDGE('',*,*,#2319,.F.);
#8640 = ADVANCED_FACE('',(#8641),#2305,.T.);
#8641 = FACE_BOUND('',#8642,.T.);
#8642 = EDGE_LOOP('',(#8643,#8644,#8665,#8666));
#8643 = ORIENTED_EDGE('',*,*,#8325,.T.);
#8644 = ORIENTED_EDGE('',*,*,#8645,.T.);
#8645 = EDGE_CURVE('',#8298,#8596,#8646,.T.);
#8646 = SURFACE_CURVE('',#8647,(#8651,#8658),.PCURVE_S1.);
#8647 = B_SPLINE_CURVE_WITH_KNOTS('',2,(#8648,#8649,#8650),
  .UNSPECIFIED.,.F.,.F.,(3,3),(0.,1.),.PIECEWISE_BEZIER_KNOTS.);
#8648 = CARTESIAN_POINT('',(18.032482096354,9.345003000895,19.8));
#8649 = CARTESIAN_POINT('',(18.597488606771,9.345003000895,19.8));
#8650 = CARTESIAN_POINT('',(18.909988606771,8.972501373291,19.8));
#8651 = PCURVE('',#2305,#8652);
#8652 = DEFINITIONAL_REPRESENTATION('',(#8653),#8657);
#8653 = LINE('',#8654,#8655);
#8654 = CARTESIAN_POINT('',(0.,-0.5));
#8655 = VECTOR('',#8656,1.);
#8656 = DIRECTION('',(1.,0.));
#8657 = ( GEOMETRIC_REPRESENTATION_CONTEXT(2) 
PARAMETRIC_REPRESENTATION_CONTEXT() REPRESENTATION_CONTEXT('2D SPACE',''
  ) );
#8658 = PCURVE('',#8313,#8659);
#8659 = DEFINITIONAL_REPRESENTATION('',(#8660),#8664);
#8660 = B_SPLINE_CURVE_WITH_KNOTS('',2,(#8661,#8662,#8663),
  .UNSPECIFIED.,.F.,.F.,(3,3),(0.,1.),.PIECEWISE_BEZIER_KNOTS.);
#8661 = CARTESIAN_POINT('',(1.329996744792,2.695003255208));
#8662 = CARTESIAN_POINT('',(1.895003255208,2.695003255208));
#8663 = CARTESIAN_POINT('',(2.207503255208,2.322501627604));
#8664 = ( GEOMETRIC_REPRESENTATION_CONTEXT(2) 
PARAMETRIC_REPRESENTATION_CONTEXT() REPRESENTATION_CONTEXT('2D SPACE',''
  ) );
#8665 = ORIENTED_EDGE('',*,*,#8595,.F.);
#8666 = ORIENTED_EDGE('',*,*,#2289,.F.);
#8667 = ADVANCED_FACE('',(#8668),#2517,.T.);
#8668 = FACE_BOUND('',#8669,.T.);
#8669 = EDGE_LOOP('',(#8670,#8693,#8721,#8742));
#8670 = ORIENTED_EDGE('',*,*,#8671,.T.);
#8671 = EDGE_CURVE('',#2500,#8672,#8674,.T.);
#8672 = VERTEX_POINT('',#8673);
#8673 = CARTESIAN_POINT('',(22.932482096354,6.649999745687,19.8));
#8674 = SURFACE_CURVE('',#8675,(#8679,#8686),.PCURVE_S1.);
#8675 = LINE('',#8676,#8677);
#8676 = CARTESIAN_POINT('',(22.932482096354,6.649999745687,20.3));
#8677 = VECTOR('',#8678,1.);
#8678 = DIRECTION('',(-0.,-0.,-1.));
#8679 = PCURVE('',#2517,#8680);
#8680 = DEFINITIONAL_REPRESENTATION('',(#8681),#8685);
#8681 = LINE('',#8682,#8683);
#8682 = CARTESIAN_POINT('',(0.,0.));
#8683 = VECTOR('',#8684,1.);
#8684 = DIRECTION('',(0.,-1.));
#8685 = ( GEOMETRIC_REPRESENTATION_CONTEXT(2) 
PARAMETRIC_REPRESENTATION_CONTEXT() REPRESENTATION_CONTEXT('2D SPACE',''
  ) );
#8686 = PCURVE('',#2599,#8687);
#8687 = DEFINITIONAL_REPRESENTATION('',(#8688),#8692);
#8688 = LINE('',#8689,#8690);
#8689 = CARTESIAN_POINT('',(0.415006510417,0.));
#8690 = VECTOR('',#8691,1.);
#8691 = DIRECTION('',(0.,-1.));
#8692 = ( GEOMETRIC_REPRESENTATION_CONTEXT(2) 
PARAMETRIC_REPRESENTATION_CONTEXT() REPRESENTATION_CONTEXT('2D SPACE',''
  ) );
#8693 = ORIENTED_EDGE('',*,*,#8694,.T.);
#8694 = EDGE_CURVE('',#8672,#8695,#8697,.T.);
#8695 = VERTEX_POINT('',#8696);
#8696 = CARTESIAN_POINT('',(22.932482096354,9.270003000895,19.8));
#8697 = SURFACE_CURVE('',#8698,(#8702,#8709),.PCURVE_S1.);
#8698 = LINE('',#8699,#8700);
#8699 = CARTESIAN_POINT('',(22.932482096354,6.649999745687,19.8));
#8700 = VECTOR('',#8701,1.);
#8701 = DIRECTION('',(0.,1.,0.));
#8702 = PCURVE('',#2517,#8703);
#8703 = DEFINITIONAL_REPRESENTATION('',(#8704),#8708);
#8704 = LINE('',#8705,#8706);
#8705 = CARTESIAN_POINT('',(0.,-0.5));
#8706 = VECTOR('',#8707,1.);
#8707 = DIRECTION('',(1.,0.));
#8708 = ( GEOMETRIC_REPRESENTATION_CONTEXT(2) 
PARAMETRIC_REPRESENTATION_CONTEXT() REPRESENTATION_CONTEXT('2D SPACE',''
  ) );
#8709 = PCURVE('',#8710,#8715);
#8710 = PLANE('',#8711);
#8711 = AXIS2_PLACEMENT_3D('',#8712,#8713,#8714);
#8712 = CARTESIAN_POINT('',(22.597488606771,6.649999745687,19.8));
#8713 = DIRECTION('',(0.,0.,1.));
#8714 = DIRECTION('',(1.,0.,0.));
#8715 = DEFINITIONAL_REPRESENTATION('',(#8716),#8720);
#8716 = LINE('',#8717,#8718);
#8717 = CARTESIAN_POINT('',(0.334993489583,0.));
#8718 = VECTOR('',#8719,1.);
#8719 = DIRECTION('',(0.,1.));
#8720 = ( GEOMETRIC_REPRESENTATION_CONTEXT(2) 
PARAMETRIC_REPRESENTATION_CONTEXT() REPRESENTATION_CONTEXT('2D SPACE',''
  ) );
#8721 = ORIENTED_EDGE('',*,*,#8722,.F.);
#8722 = EDGE_CURVE('',#2502,#8695,#8723,.T.);
#8723 = SURFACE_CURVE('',#8724,(#8728,#8735),.PCURVE_S1.);
#8724 = LINE('',#8725,#8726);
#8725 = CARTESIAN_POINT('',(22.932482096354,9.270003000895,20.3));
#8726 = VECTOR('',#8727,1.);
#8727 = DIRECTION('',(-0.,-0.,-1.));
#8728 = PCURVE('',#2517,#8729);
#8729 = DEFINITIONAL_REPRESENTATION('',(#8730),#8734);
#8730 = LINE('',#8731,#8732);
#8731 = CARTESIAN_POINT('',(2.620003255208,0.));
#8732 = VECTOR('',#8733,1.);
#8733 = DIRECTION('',(0.,-1.));
#8734 = ( GEOMETRIC_REPRESENTATION_CONTEXT(2) 
PARAMETRIC_REPRESENTATION_CONTEXT() REPRESENTATION_CONTEXT('2D SPACE',''
  ) );
#8735 = PCURVE('',#2545,#8736);
#8736 = DEFINITIONAL_REPRESENTATION('',(#8737),#8741);
#8737 = LINE('',#8738,#8739);
#8738 = CARTESIAN_POINT('',(0.,0.));
#8739 = VECTOR('',#8740,1.);
#8740 = DIRECTION('',(0.,-1.));
#8741 = ( GEOMETRIC_REPRESENTATION_CONTEXT(2) 
PARAMETRIC_REPRESENTATION_CONTEXT() REPRESENTATION_CONTEXT('2D SPACE',''
  ) );
#8742 = ORIENTED_EDGE('',*,*,#2499,.F.);
#8743 = ADVANCED_FACE('',(#8744),#2599,.T.);
#8744 = FACE_BOUND('',#8745,.T.);
#8745 = EDGE_LOOP('',(#8746,#8769,#8790,#8791));
#8746 = ORIENTED_EDGE('',*,*,#8747,.T.);
#8747 = EDGE_CURVE('',#2558,#8748,#8750,.T.);
#8748 = VERTEX_POINT('',#8749);
#8749 = CARTESIAN_POINT('',(23.347488606771,6.649999745687,19.8));
#8750 = SURFACE_CURVE('',#8751,(#8755,#8762),.PCURVE_S1.);
#8751 = LINE('',#8752,#8753);
#8752 = CARTESIAN_POINT('',(23.347488606771,6.649999745687,20.3));
#8753 = VECTOR('',#8754,1.);
#8754 = DIRECTION('',(-0.,-0.,-1.));
#8755 = PCURVE('',#2599,#8756);
#8756 = DEFINITIONAL_REPRESENTATION('',(#8757),#8761);
#8757 = LINE('',#8758,#8759);
#8758 = CARTESIAN_POINT('',(0.,0.));
#8759 = VECTOR('',#8760,1.);
#8760 = DIRECTION('',(0.,-1.));
#8761 = ( GEOMETRIC_REPRESENTATION_CONTEXT(2) 
PARAMETRIC_REPRESENTATION_CONTEXT() REPRESENTATION_CONTEXT('2D SPACE',''
  ) );
#8762 = PCURVE('',#2573,#8763);
#8763 = DEFINITIONAL_REPRESENTATION('',(#8764),#8768);
#8764 = LINE('',#8765,#8766);
#8765 = CARTESIAN_POINT('',(2.620003255208,0.));
#8766 = VECTOR('',#8767,1.);
#8767 = DIRECTION('',(0.,-1.));
#8768 = ( GEOMETRIC_REPRESENTATION_CONTEXT(2) 
PARAMETRIC_REPRESENTATION_CONTEXT() REPRESENTATION_CONTEXT('2D SPACE',''
  ) );
#8769 = ORIENTED_EDGE('',*,*,#8770,.T.);
#8770 = EDGE_CURVE('',#8748,#8672,#8771,.T.);
#8771 = SURFACE_CURVE('',#8772,(#8776,#8783),.PCURVE_S1.);
#8772 = LINE('',#8773,#8774);
#8773 = CARTESIAN_POINT('',(23.347488606771,6.649999745687,19.8));
#8774 = VECTOR('',#8775,1.);
#8775 = DIRECTION('',(-1.,0.,0.));
#8776 = PCURVE('',#2599,#8777);
#8777 = DEFINITIONAL_REPRESENTATION('',(#8778),#8782);
#8778 = LINE('',#8779,#8780);
#8779 = CARTESIAN_POINT('',(0.,-0.5));
#8780 = VECTOR('',#8781,1.);
#8781 = DIRECTION('',(1.,0.));
#8782 = ( GEOMETRIC_REPRESENTATION_CONTEXT(2) 
PARAMETRIC_REPRESENTATION_CONTEXT() REPRESENTATION_CONTEXT('2D SPACE',''
  ) );
#8783 = PCURVE('',#8710,#8784);
#8784 = DEFINITIONAL_REPRESENTATION('',(#8785),#8789);
#8785 = LINE('',#8786,#8787);
#8786 = CARTESIAN_POINT('',(0.75,0.));
#8787 = VECTOR('',#8788,1.);
#8788 = DIRECTION('',(-1.,0.));
#8789 = ( GEOMETRIC_REPRESENTATION_CONTEXT(2) 
PARAMETRIC_REPRESENTATION_CONTEXT() REPRESENTATION_CONTEXT('2D SPACE',''
  ) );
#8790 = ORIENTED_EDGE('',*,*,#8671,.F.);
#8791 = ORIENTED_EDGE('',*,*,#2585,.F.);
#8792 = ADVANCED_FACE('',(#8793),#2573,.T.);
#8793 = FACE_BOUND('',#8794,.T.);
#8794 = EDGE_LOOP('',(#8795,#8818,#8839,#8840));
#8795 = ORIENTED_EDGE('',*,*,#8796,.T.);
#8796 = EDGE_CURVE('',#2530,#8797,#8799,.T.);
#8797 = VERTEX_POINT('',#8798);
#8798 = CARTESIAN_POINT('',(23.347488606771,9.270003000895,19.8));
#8799 = SURFACE_CURVE('',#8800,(#8804,#8811),.PCURVE_S1.);
#8800 = LINE('',#8801,#8802);
#8801 = CARTESIAN_POINT('',(23.347488606771,9.270003000895,20.3));
#8802 = VECTOR('',#8803,1.);
#8803 = DIRECTION('',(-0.,-0.,-1.));
#8804 = PCURVE('',#2573,#8805);
#8805 = DEFINITIONAL_REPRESENTATION('',(#8806),#8810);
#8806 = LINE('',#8807,#8808);
#8807 = CARTESIAN_POINT('',(0.,0.));
#8808 = VECTOR('',#8809,1.);
#8809 = DIRECTION('',(0.,-1.));
#8810 = ( GEOMETRIC_REPRESENTATION_CONTEXT(2) 
PARAMETRIC_REPRESENTATION_CONTEXT() REPRESENTATION_CONTEXT('2D SPACE',''
  ) );
#8811 = PCURVE('',#2545,#8812);
#8812 = DEFINITIONAL_REPRESENTATION('',(#8813),#8817);
#8813 = LINE('',#8814,#8815);
#8814 = CARTESIAN_POINT('',(0.415006510417,0.));
#8815 = VECTOR('',#8816,1.);
#8816 = DIRECTION('',(0.,-1.));
#8817 = ( GEOMETRIC_REPRESENTATION_CONTEXT(2) 
PARAMETRIC_REPRESENTATION_CONTEXT() REPRESENTATION_CONTEXT('2D SPACE',''
  ) );
#8818 = ORIENTED_EDGE('',*,*,#8819,.T.);
#8819 = EDGE_CURVE('',#8797,#8748,#8820,.T.);
#8820 = SURFACE_CURVE('',#8821,(#8825,#8832),.PCURVE_S1.);
#8821 = LINE('',#8822,#8823);
#8822 = CARTESIAN_POINT('',(23.347488606771,9.270003000895,19.8));
#8823 = VECTOR('',#8824,1.);
#8824 = DIRECTION('',(0.,-1.,0.));
#8825 = PCURVE('',#2573,#8826);
#8826 = DEFINITIONAL_REPRESENTATION('',(#8827),#8831);
#8827 = LINE('',#8828,#8829);
#8828 = CARTESIAN_POINT('',(0.,-0.5));
#8829 = VECTOR('',#8830,1.);
#8830 = DIRECTION('',(1.,0.));
#8831 = ( GEOMETRIC_REPRESENTATION_CONTEXT(2) 
PARAMETRIC_REPRESENTATION_CONTEXT() REPRESENTATION_CONTEXT('2D SPACE',''
  ) );
#8832 = PCURVE('',#8710,#8833);
#8833 = DEFINITIONAL_REPRESENTATION('',(#8834),#8838);
#8834 = LINE('',#8835,#8836);
#8835 = CARTESIAN_POINT('',(0.75,2.620003255208));
#8836 = VECTOR('',#8837,1.);
#8837 = DIRECTION('',(0.,-1.));
#8838 = ( GEOMETRIC_REPRESENTATION_CONTEXT(2) 
PARAMETRIC_REPRESENTATION_CONTEXT() REPRESENTATION_CONTEXT('2D SPACE',''
  ) );
#8839 = ORIENTED_EDGE('',*,*,#8747,.F.);
#8840 = ORIENTED_EDGE('',*,*,#2557,.F.);
#8841 = ADVANCED_FACE('',(#8842),#2545,.T.);
#8842 = FACE_BOUND('',#8843,.T.);
#8843 = EDGE_LOOP('',(#8844,#8845,#8866,#8867));
#8844 = ORIENTED_EDGE('',*,*,#8722,.T.);
#8845 = ORIENTED_EDGE('',*,*,#8846,.T.);
#8846 = EDGE_CURVE('',#8695,#8797,#8847,.T.);
#8847 = SURFACE_CURVE('',#8848,(#8852,#8859),.PCURVE_S1.);
#8848 = LINE('',#8849,#8850);
#8849 = CARTESIAN_POINT('',(22.932482096354,9.270003000895,19.8));
#8850 = VECTOR('',#8851,1.);
#8851 = DIRECTION('',(1.,0.,0.));
#8852 = PCURVE('',#2545,#8853);
#8853 = DEFINITIONAL_REPRESENTATION('',(#8854),#8858);
#8854 = LINE('',#8855,#8856);
#8855 = CARTESIAN_POINT('',(0.,-0.5));
#8856 = VECTOR('',#8857,1.);
#8857 = DIRECTION('',(1.,0.));
#8858 = ( GEOMETRIC_REPRESENTATION_CONTEXT(2) 
PARAMETRIC_REPRESENTATION_CONTEXT() REPRESENTATION_CONTEXT('2D SPACE',''
  ) );
#8859 = PCURVE('',#8710,#8860);
#8860 = DEFINITIONAL_REPRESENTATION('',(#8861),#8865);
#8861 = LINE('',#8862,#8863);
#8862 = CARTESIAN_POINT('',(0.334993489583,2.620003255208));
#8863 = VECTOR('',#8864,1.);
#8864 = DIRECTION('',(1.,0.));
#8865 = ( GEOMETRIC_REPRESENTATION_CONTEXT(2) 
PARAMETRIC_REPRESENTATION_CONTEXT() REPRESENTATION_CONTEXT('2D SPACE',''
  ) );
#8866 = ORIENTED_EDGE('',*,*,#8796,.F.);
#8867 = ORIENTED_EDGE('',*,*,#2529,.F.);
#8868 = ADVANCED_FACE('',(#8869),#2631,.T.);
#8869 = FACE_BOUND('',#8870,.T.);
#8870 = EDGE_LOOP('',(#8871,#8894,#8922,#8943));
#8871 = ORIENTED_EDGE('',*,*,#8872,.T.);
#8872 = EDGE_CURVE('',#2614,#8873,#8875,.T.);
#8873 = VERTEX_POINT('',#8874);
#8874 = CARTESIAN_POINT('',(17.952485351563,9.60999323527,19.8));
#8875 = SURFACE_CURVE('',#8876,(#8880,#8887),.PCURVE_S1.);
#8876 = LINE('',#8877,#8878);
#8877 = CARTESIAN_POINT('',(17.952485351563,9.60999323527,20.3));
#8878 = VECTOR('',#8879,1.);
#8879 = DIRECTION('',(-0.,-0.,-1.));
#8880 = PCURVE('',#2631,#8881);
#8881 = DEFINITIONAL_REPRESENTATION('',(#8882),#8886);
#8882 = LINE('',#8883,#8884);
#8883 = CARTESIAN_POINT('',(0.,0.));
#8884 = VECTOR('',#8885,1.);
#8885 = DIRECTION('',(0.,-1.));
#8886 = ( GEOMETRIC_REPRESENTATION_CONTEXT(2) 
PARAMETRIC_REPRESENTATION_CONTEXT() REPRESENTATION_CONTEXT('2D SPACE',''
  ) );
#8887 = PCURVE('',#2713,#8888);
#8888 = DEFINITIONAL_REPRESENTATION('',(#8889),#8893);
#8889 = LINE('',#8890,#8891);
#8890 = CARTESIAN_POINT('',(1.050066419675,0.));
#8891 = VECTOR('',#8892,1.);
#8892 = DIRECTION('',(0.,-1.));
#8893 = ( GEOMETRIC_REPRESENTATION_CONTEXT(2) 
PARAMETRIC_REPRESENTATION_CONTEXT() REPRESENTATION_CONTEXT('2D SPACE',''
  ) );
#8894 = ORIENTED_EDGE('',*,*,#8895,.T.);
#8895 = EDGE_CURVE('',#8873,#8896,#8898,.T.);
#8896 = VERTEX_POINT('',#8897);
#8897 = CARTESIAN_POINT('',(17.652485351563,9.60999323527,19.8));
#8898 = SURFACE_CURVE('',#8899,(#8903,#8910),.PCURVE_S1.);
#8899 = LINE('',#8900,#8901);
#8900 = CARTESIAN_POINT('',(17.952485351563,9.60999323527,19.8));
#8901 = VECTOR('',#8902,1.);
#8902 = DIRECTION('',(-1.,0.,0.));
#8903 = PCURVE('',#2631,#8904);
#8904 = DEFINITIONAL_REPRESENTATION('',(#8905),#8909);
#8905 = LINE('',#8906,#8907);
#8906 = CARTESIAN_POINT('',(0.,-0.5));
#8907 = VECTOR('',#8908,1.);
#8908 = DIRECTION('',(1.,0.));
#8909 = ( GEOMETRIC_REPRESENTATION_CONTEXT(2) 
PARAMETRIC_REPRESENTATION_CONTEXT() REPRESENTATION_CONTEXT('2D SPACE',''
  ) );
#8910 = PCURVE('',#8911,#8916);
#8911 = PLANE('',#8912);
#8912 = AXIS2_PLACEMENT_3D('',#8913,#8914,#8915);
#8913 = CARTESIAN_POINT('',(16.702485351563,6.649999745687,19.8));
#8914 = DIRECTION('',(0.,0.,1.));
#8915 = DIRECTION('',(1.,0.,0.));
#8916 = DEFINITIONAL_REPRESENTATION('',(#8917),#8921);
#8917 = LINE('',#8918,#8919);
#8918 = CARTESIAN_POINT('',(1.25,2.959993489583));
#8919 = VECTOR('',#8920,1.);
#8920 = DIRECTION('',(-1.,0.));
#8921 = ( GEOMETRIC_REPRESENTATION_CONTEXT(2) 
PARAMETRIC_REPRESENTATION_CONTEXT() REPRESENTATION_CONTEXT('2D SPACE',''
  ) );
#8922 = ORIENTED_EDGE('',*,*,#8923,.F.);
#8923 = EDGE_CURVE('',#2616,#8896,#8924,.T.);
#8924 = SURFACE_CURVE('',#8925,(#8929,#8936),.PCURVE_S1.);
#8925 = LINE('',#8926,#8927);
#8926 = CARTESIAN_POINT('',(17.652485351563,9.60999323527,20.3));
#8927 = VECTOR('',#8928,1.);
#8928 = DIRECTION('',(-0.,-0.,-1.));
#8929 = PCURVE('',#2631,#8930);
#8930 = DEFINITIONAL_REPRESENTATION('',(#8931),#8935);
#8931 = LINE('',#8932,#8933);
#8932 = CARTESIAN_POINT('',(0.3,0.));
#8933 = VECTOR('',#8934,1.);
#8934 = DIRECTION('',(0.,-1.));
#8935 = ( GEOMETRIC_REPRESENTATION_CONTEXT(2) 
PARAMETRIC_REPRESENTATION_CONTEXT() REPRESENTATION_CONTEXT('2D SPACE',''
  ) );
#8936 = PCURVE('',#2659,#8937);
#8937 = DEFINITIONAL_REPRESENTATION('',(#8938),#8942);
#8938 = LINE('',#8939,#8940);
#8939 = CARTESIAN_POINT('',(0.,0.));
#8940 = VECTOR('',#8941,1.);
#8941 = DIRECTION('',(0.,-1.));
#8942 = ( GEOMETRIC_REPRESENTATION_CONTEXT(2) 
PARAMETRIC_REPRESENTATION_CONTEXT() REPRESENTATION_CONTEXT('2D SPACE',''
  ) );
#8943 = ORIENTED_EDGE('',*,*,#2613,.F.);
#8944 = ADVANCED_FACE('',(#8945),#2713,.T.);
#8945 = FACE_BOUND('',#8946,.T.);
#8946 = EDGE_LOOP('',(#8947,#8970,#8991,#8992));
#8947 = ORIENTED_EDGE('',*,*,#8948,.T.);
#8948 = EDGE_CURVE('',#2672,#8949,#8951,.T.);
#8949 = VERTEX_POINT('',#8950);
#8950 = CARTESIAN_POINT('',(18.697488606771,10.349999745687,19.8));
#8951 = SURFACE_CURVE('',#8952,(#8956,#8963),.PCURVE_S1.);
#8952 = LINE('',#8953,#8954);
#8953 = CARTESIAN_POINT('',(18.697488606771,10.349999745687,20.3));
#8954 = VECTOR('',#8955,1.);
#8955 = DIRECTION('',(-0.,-0.,-1.));
#8956 = PCURVE('',#2713,#8957);
#8957 = DEFINITIONAL_REPRESENTATION('',(#8958),#8962);
#8958 = LINE('',#8959,#8960);
#8959 = CARTESIAN_POINT('',(0.,0.));
#8960 = VECTOR('',#8961,1.);
#8961 = DIRECTION('',(0.,-1.));
#8962 = ( GEOMETRIC_REPRESENTATION_CONTEXT(2) 
PARAMETRIC_REPRESENTATION_CONTEXT() REPRESENTATION_CONTEXT('2D SPACE',''
  ) );
#8963 = PCURVE('',#2687,#8964);
#8964 = DEFINITIONAL_REPRESENTATION('',(#8965),#8969);
#8965 = LINE('',#8966,#8967);
#8966 = CARTESIAN_POINT('',(0.564990234375,0.));
#8967 = VECTOR('',#8968,1.);
#8968 = DIRECTION('',(0.,-1.));
#8969 = ( GEOMETRIC_REPRESENTATION_CONTEXT(2) 
PARAMETRIC_REPRESENTATION_CONTEXT() REPRESENTATION_CONTEXT('2D SPACE',''
  ) );
#8970 = ORIENTED_EDGE('',*,*,#8971,.T.);
#8971 = EDGE_CURVE('',#8949,#8873,#8972,.T.);
#8972 = SURFACE_CURVE('',#8973,(#8977,#8984),.PCURVE_S1.);
#8973 = LINE('',#8974,#8975);
#8974 = CARTESIAN_POINT('',(18.697488606771,10.349999745687,19.8));
#8975 = VECTOR('',#8976,1.);
#8976 = DIRECTION('',(-0.709482030135,-0.70472352658,0.));
#8977 = PCURVE('',#2713,#8978);
#8978 = DEFINITIONAL_REPRESENTATION('',(#8979),#8983);
#8979 = LINE('',#8980,#8981);
#8980 = CARTESIAN_POINT('',(-0.,-0.5));
#8981 = VECTOR('',#8982,1.);
#8982 = DIRECTION('',(1.,0.));
#8983 = ( GEOMETRIC_REPRESENTATION_CONTEXT(2) 
PARAMETRIC_REPRESENTATION_CONTEXT() REPRESENTATION_CONTEXT('2D SPACE',''
  ) );
#8984 = PCURVE('',#8911,#8985);
#8985 = DEFINITIONAL_REPRESENTATION('',(#8986),#8990);
#8986 = LINE('',#8987,#8988);
#8987 = CARTESIAN_POINT('',(1.995003255208,3.7));
#8988 = VECTOR('',#8989,1.);
#8989 = DIRECTION('',(-0.709482030135,-0.70472352658));
#8990 = ( GEOMETRIC_REPRESENTATION_CONTEXT(2) 
PARAMETRIC_REPRESENTATION_CONTEXT() REPRESENTATION_CONTEXT('2D SPACE',''
  ) );
#8991 = ORIENTED_EDGE('',*,*,#8872,.F.);
#8992 = ORIENTED_EDGE('',*,*,#2699,.F.);
#8993 = ADVANCED_FACE('',(#8994),#2687,.T.);
#8994 = FACE_BOUND('',#8995,.T.);
#8995 = EDGE_LOOP('',(#8996,#9019,#9040,#9041));
#8996 = ORIENTED_EDGE('',*,*,#8997,.T.);
#8997 = EDGE_CURVE('',#2644,#8998,#9000,.T.);
#8998 = VERTEX_POINT('',#8999);
#8999 = CARTESIAN_POINT('',(18.132498372396,10.349999745687,19.8));
#9000 = SURFACE_CURVE('',#9001,(#9005,#9012),.PCURVE_S1.);
#9001 = LINE('',#9002,#9003);
#9002 = CARTESIAN_POINT('',(18.132498372396,10.349999745687,20.3));
#9003 = VECTOR('',#9004,1.);
#9004 = DIRECTION('',(-0.,-0.,-1.));
#9005 = PCURVE('',#2687,#9006);
#9006 = DEFINITIONAL_REPRESENTATION('',(#9007),#9011);
#9007 = LINE('',#9008,#9009);
#9008 = CARTESIAN_POINT('',(0.,0.));
#9009 = VECTOR('',#9010,1.);
#9010 = DIRECTION('',(0.,-1.));
#9011 = ( GEOMETRIC_REPRESENTATION_CONTEXT(2) 
PARAMETRIC_REPRESENTATION_CONTEXT() REPRESENTATION_CONTEXT('2D SPACE',''
  ) );
#9012 = PCURVE('',#2659,#9013);
#9013 = DEFINITIONAL_REPRESENTATION('',(#9014),#9018);
#9014 = LINE('',#9015,#9016);
#9015 = CARTESIAN_POINT('',(0.882055630688,0.));
#9016 = VECTOR('',#9017,1.);
#9017 = DIRECTION('',(0.,-1.));
#9018 = ( GEOMETRIC_REPRESENTATION_CONTEXT(2) 
PARAMETRIC_REPRESENTATION_CONTEXT() REPRESENTATION_CONTEXT('2D SPACE',''
  ) );
#9019 = ORIENTED_EDGE('',*,*,#9020,.T.);
#9020 = EDGE_CURVE('',#8998,#8949,#9021,.T.);
#9021 = SURFACE_CURVE('',#9022,(#9026,#9033),.PCURVE_S1.);
#9022 = LINE('',#9023,#9024);
#9023 = CARTESIAN_POINT('',(18.132498372396,10.349999745687,19.8));
#9024 = VECTOR('',#9025,1.);
#9025 = DIRECTION('',(1.,0.,0.));
#9026 = PCURVE('',#2687,#9027);
#9027 = DEFINITIONAL_REPRESENTATION('',(#9028),#9032);
#9028 = LINE('',#9029,#9030);
#9029 = CARTESIAN_POINT('',(0.,-0.5));
#9030 = VECTOR('',#9031,1.);
#9031 = DIRECTION('',(1.,0.));
#9032 = ( GEOMETRIC_REPRESENTATION_CONTEXT(2) 
PARAMETRIC_REPRESENTATION_CONTEXT() REPRESENTATION_CONTEXT('2D SPACE',''
  ) );
#9033 = PCURVE('',#8911,#9034);
#9034 = DEFINITIONAL_REPRESENTATION('',(#9035),#9039);
#9035 = LINE('',#9036,#9037);
#9036 = CARTESIAN_POINT('',(1.430013020833,3.7));
#9037 = VECTOR('',#9038,1.);
#9038 = DIRECTION('',(1.,0.));
#9039 = ( GEOMETRIC_REPRESENTATION_CONTEXT(2) 
PARAMETRIC_REPRESENTATION_CONTEXT() REPRESENTATION_CONTEXT('2D SPACE',''
  ) );
#9040 = ORIENTED_EDGE('',*,*,#8948,.F.);
#9041 = ORIENTED_EDGE('',*,*,#2671,.F.);
#9042 = ADVANCED_FACE('',(#9043),#2659,.T.);
#9043 = FACE_BOUND('',#9044,.T.);
#9044 = EDGE_LOOP('',(#9045,#9046,#9067,#9068));
#9045 = ORIENTED_EDGE('',*,*,#8923,.T.);
#9046 = ORIENTED_EDGE('',*,*,#9047,.T.);
#9047 = EDGE_CURVE('',#8896,#8998,#9048,.T.);
#9048 = SURFACE_CURVE('',#9049,(#9053,#9060),.PCURVE_S1.);
#9049 = LINE('',#9050,#9051);
#9050 = CARTESIAN_POINT('',(17.652485351563,9.60999323527,19.8));
#9051 = VECTOR('',#9052,1.);
#9052 = DIRECTION('',(0.54419812553,0.838956733193,0.));
#9053 = PCURVE('',#2659,#9054);
#9054 = DEFINITIONAL_REPRESENTATION('',(#9055),#9059);
#9055 = LINE('',#9056,#9057);
#9056 = CARTESIAN_POINT('',(0.,-0.5));
#9057 = VECTOR('',#9058,1.);
#9058 = DIRECTION('',(1.,0.));
#9059 = ( GEOMETRIC_REPRESENTATION_CONTEXT(2) 
PARAMETRIC_REPRESENTATION_CONTEXT() REPRESENTATION_CONTEXT('2D SPACE',''
  ) );
#9060 = PCURVE('',#8911,#9061);
#9061 = DEFINITIONAL_REPRESENTATION('',(#9062),#9066);
#9062 = LINE('',#9063,#9064);
#9063 = CARTESIAN_POINT('',(0.95,2.959993489583));
#9064 = VECTOR('',#9065,1.);
#9065 = DIRECTION('',(0.54419812553,0.838956733193));
#9066 = ( GEOMETRIC_REPRESENTATION_CONTEXT(2) 
PARAMETRIC_REPRESENTATION_CONTEXT() REPRESENTATION_CONTEXT('2D SPACE',''
  ) );
#9067 = ORIENTED_EDGE('',*,*,#8997,.F.);
#9068 = ORIENTED_EDGE('',*,*,#2643,.F.);
#9069 = ADVANCED_FACE('',(#9070),#2745,.T.);
#9070 = FACE_BOUND('',#9071,.T.);
#9071 = EDGE_LOOP('',(#9072,#9095,#9123,#9144));
#9072 = ORIENTED_EDGE('',*,*,#9073,.T.);
#9073 = EDGE_CURVE('',#2728,#9074,#9076,.T.);
#9074 = VERTEX_POINT('',#9075);
#9075 = CARTESIAN_POINT('',(22.027485351563,10.295003000895,19.8));
#9076 = SURFACE_CURVE('',#9077,(#9081,#9088),.PCURVE_S1.);
#9077 = LINE('',#9078,#9079);
#9078 = CARTESIAN_POINT('',(22.027485351563,10.295003000895,20.3));
#9079 = VECTOR('',#9080,1.);
#9080 = DIRECTION('',(-0.,-0.,-1.));
#9081 = PCURVE('',#2745,#9082);
#9082 = DEFINITIONAL_REPRESENTATION('',(#9083),#9087);
#9083 = LINE('',#9084,#9085);
#9084 = CARTESIAN_POINT('',(0.,0.));
#9085 = VECTOR('',#9086,1.);
#9086 = DIRECTION('',(0.,-1.));
#9087 = ( GEOMETRIC_REPRESENTATION_CONTEXT(2) 
PARAMETRIC_REPRESENTATION_CONTEXT() REPRESENTATION_CONTEXT('2D SPACE',''
  ) );
#9088 = PCURVE('',#2911,#9089);
#9089 = DEFINITIONAL_REPRESENTATION('',(#9090),#9094);
#9090 = LINE('',#9091,#9092);
#9091 = CARTESIAN_POINT('',(3.246131867778,0.));
#9092 = VECTOR('',#9093,1.);
#9093 = DIRECTION('',(0.,-1.));
#9094 = ( GEOMETRIC_REPRESENTATION_CONTEXT(2) 
PARAMETRIC_REPRESENTATION_CONTEXT() REPRESENTATION_CONTEXT('2D SPACE',''
  ) );
#9095 = ORIENTED_EDGE('',*,*,#9096,.T.);
#9096 = EDGE_CURVE('',#9074,#9097,#9099,.T.);
#9097 = VERTEX_POINT('',#9098);
#9098 = CARTESIAN_POINT('',(22.522488606771,10.295003000895,19.8));
#9099 = SURFACE_CURVE('',#9100,(#9104,#9111),.PCURVE_S1.);
#9100 = LINE('',#9101,#9102);
#9101 = CARTESIAN_POINT('',(22.027485351563,10.295003000895,19.8));
#9102 = VECTOR('',#9103,1.);
#9103 = DIRECTION('',(1.,0.,0.));
#9104 = PCURVE('',#2745,#9105);
#9105 = DEFINITIONAL_REPRESENTATION('',(#9106),#9110);
#9106 = LINE('',#9107,#9108);
#9107 = CARTESIAN_POINT('',(0.,-0.5));
#9108 = VECTOR('',#9109,1.);
#9109 = DIRECTION('',(1.,0.));
#9110 = ( GEOMETRIC_REPRESENTATION_CONTEXT(2) 
PARAMETRIC_REPRESENTATION_CONTEXT() REPRESENTATION_CONTEXT('2D SPACE',''
  ) );
#9111 = PCURVE('',#9112,#9117);
#9112 = PLANE('',#9113);
#9113 = AXIS2_PLACEMENT_3D('',#9114,#9115,#9116);
#9114 = CARTESIAN_POINT('',(19.372488606771,6.649999745687,19.8));
#9115 = DIRECTION('',(0.,0.,1.));
#9116 = DIRECTION('',(1.,0.,0.));
#9117 = DEFINITIONAL_REPRESENTATION('',(#9118),#9122);
#9118 = LINE('',#9119,#9120);
#9119 = CARTESIAN_POINT('',(2.654996744792,3.645003255208));
#9120 = VECTOR('',#9121,1.);
#9121 = DIRECTION('',(1.,0.));
#9122 = ( GEOMETRIC_REPRESENTATION_CONTEXT(2) 
PARAMETRIC_REPRESENTATION_CONTEXT() REPRESENTATION_CONTEXT('2D SPACE',''
  ) );
#9123 = ORIENTED_EDGE('',*,*,#9124,.F.);
#9124 = EDGE_CURVE('',#2730,#9097,#9125,.T.);
#9125 = SURFACE_CURVE('',#9126,(#9130,#9137),.PCURVE_S1.);
#9126 = LINE('',#9127,#9128);
#9127 = CARTESIAN_POINT('',(22.522488606771,10.295003000895,20.3));
#9128 = VECTOR('',#9129,1.);
#9129 = DIRECTION('',(-0.,-0.,-1.));
#9130 = PCURVE('',#2745,#9131);
#9131 = DEFINITIONAL_REPRESENTATION('',(#9132),#9136);
#9132 = LINE('',#9133,#9134);
#9133 = CARTESIAN_POINT('',(0.495003255208,0.));
#9134 = VECTOR('',#9135,1.);
#9135 = DIRECTION('',(0.,-1.));
#9136 = ( GEOMETRIC_REPRESENTATION_CONTEXT(2) 
PARAMETRIC_REPRESENTATION_CONTEXT() REPRESENTATION_CONTEXT('2D SPACE',''
  ) );
#9137 = PCURVE('',#2773,#9138);
#9138 = DEFINITIONAL_REPRESENTATION('',(#9139),#9143);
#9139 = LINE('',#9140,#9141);
#9140 = CARTESIAN_POINT('',(0.,0.));
#9141 = VECTOR('',#9142,1.);
#9142 = DIRECTION('',(0.,-1.));
#9143 = ( GEOMETRIC_REPRESENTATION_CONTEXT(2) 
PARAMETRIC_REPRESENTATION_CONTEXT() REPRESENTATION_CONTEXT('2D SPACE',''
  ) );
#9144 = ORIENTED_EDGE('',*,*,#2727,.F.);
#9145 = ADVANCED_FACE('',(#9146),#2911,.T.);
#9146 = FACE_BOUND('',#9147,.T.);
#9147 = EDGE_LOOP('',(#9148,#9171,#9192,#9193));
#9148 = ORIENTED_EDGE('',*,*,#9149,.T.);
#9149 = EDGE_CURVE('',#2870,#9150,#9152,.T.);
#9150 = VERTEX_POINT('',#9151);
#9151 = CARTESIAN_POINT('',(21.017491861979,7.20999323527,19.8));
#9152 = SURFACE_CURVE('',#9153,(#9157,#9164),.PCURVE_S1.);
#9153 = LINE('',#9154,#9155);
#9154 = CARTESIAN_POINT('',(21.017491861979,7.20999323527,20.3));
#9155 = VECTOR('',#9156,1.);
#9156 = DIRECTION('',(-0.,-0.,-1.));
#9157 = PCURVE('',#2911,#9158);
#9158 = DEFINITIONAL_REPRESENTATION('',(#9159),#9163);
#9159 = LINE('',#9160,#9161);
#9160 = CARTESIAN_POINT('',(1.055116986155E-16,0.));
#9161 = VECTOR('',#9162,1.);
#9162 = DIRECTION('',(0.,-1.));
#9163 = ( GEOMETRIC_REPRESENTATION_CONTEXT(2) 
PARAMETRIC_REPRESENTATION_CONTEXT() REPRESENTATION_CONTEXT('2D SPACE',''
  ) );
#9164 = PCURVE('',#2885,#9165);
#9165 = DEFINITIONAL_REPRESENTATION('',(#9166),#9170);
#9166 = LINE('',#9167,#9168);
#9167 = CARTESIAN_POINT('',(3.265301244933,0.));
#9168 = VECTOR('',#9169,1.);
#9169 = DIRECTION('',(0.,-1.));
#9170 = ( GEOMETRIC_REPRESENTATION_CONTEXT(2) 
PARAMETRIC_REPRESENTATION_CONTEXT() REPRESENTATION_CONTEXT('2D SPACE',''
  ) );
#9171 = ORIENTED_EDGE('',*,*,#9172,.T.);
#9172 = EDGE_CURVE('',#9150,#9074,#9173,.T.);
#9173 = SURFACE_CURVE('',#9174,(#9178,#9185),.PCURVE_S1.);
#9174 = LINE('',#9175,#9176);
#9175 = CARTESIAN_POINT('',(21.017491861979,7.20999323527,19.8));
#9176 = VECTOR('',#9177,1.);
#9177 = DIRECTION('',(0.311137541764,0.950364893136,0.));
#9178 = PCURVE('',#2911,#9179);
#9179 = DEFINITIONAL_REPRESENTATION('',(#9180),#9184);
#9180 = LINE('',#9181,#9182);
#9181 = CARTESIAN_POINT('',(0.,-0.5));
#9182 = VECTOR('',#9183,1.);
#9183 = DIRECTION('',(1.,0.));
#9184 = ( GEOMETRIC_REPRESENTATION_CONTEXT(2) 
PARAMETRIC_REPRESENTATION_CONTEXT() REPRESENTATION_CONTEXT('2D SPACE',''
  ) );
#9185 = PCURVE('',#9112,#9186);
#9186 = DEFINITIONAL_REPRESENTATION('',(#9187),#9191);
#9187 = LINE('',#9188,#9189);
#9188 = CARTESIAN_POINT('',(1.645003255208,0.559993489583));
#9189 = VECTOR('',#9190,1.);
#9190 = DIRECTION('',(0.311137541764,0.950364893136));
#9191 = ( GEOMETRIC_REPRESENTATION_CONTEXT(2) 
PARAMETRIC_REPRESENTATION_CONTEXT() REPRESENTATION_CONTEXT('2D SPACE',''
  ) );
#9192 = ORIENTED_EDGE('',*,*,#9073,.F.);
#9193 = ORIENTED_EDGE('',*,*,#2897,.F.);
#9194 = ADVANCED_FACE('',(#9195),#2885,.T.);
#9195 = FACE_BOUND('',#9196,.T.);
#9196 = EDGE_LOOP('',(#9197,#9220,#9241,#9242));
#9197 = ORIENTED_EDGE('',*,*,#9198,.T.);
#9198 = EDGE_CURVE('',#2842,#9199,#9201,.T.);
#9199 = VERTEX_POINT('',#9200);
#9200 = CARTESIAN_POINT('',(19.947488606771,10.295003000895,19.8));
#9201 = SURFACE_CURVE('',#9202,(#9206,#9213),.PCURVE_S1.);
#9202 = LINE('',#9203,#9204);
#9203 = CARTESIAN_POINT('',(19.947488606771,10.295003000895,20.3));
#9204 = VECTOR('',#9205,1.);
#9205 = DIRECTION('',(-0.,-0.,-1.));
#9206 = PCURVE('',#2885,#9207);
#9207 = DEFINITIONAL_REPRESENTATION('',(#9208),#9212);
#9208 = LINE('',#9209,#9210);
#9209 = CARTESIAN_POINT('',(0.,0.));
#9210 = VECTOR('',#9211,1.);
#9211 = DIRECTION('',(0.,-1.));
#9212 = ( GEOMETRIC_REPRESENTATION_CONTEXT(2) 
PARAMETRIC_REPRESENTATION_CONTEXT() REPRESENTATION_CONTEXT('2D SPACE',''
  ) );
#9213 = PCURVE('',#2857,#9214);
#9214 = DEFINITIONAL_REPRESENTATION('',(#9215),#9219);
#9215 = LINE('',#9216,#9217);
#9216 = CARTESIAN_POINT('',(0.5,0.));
#9217 = VECTOR('',#9218,1.);
#9218 = DIRECTION('',(0.,-1.));
#9219 = ( GEOMETRIC_REPRESENTATION_CONTEXT(2) 
PARAMETRIC_REPRESENTATION_CONTEXT() REPRESENTATION_CONTEXT('2D SPACE',''
  ) );
#9220 = ORIENTED_EDGE('',*,*,#9221,.T.);
#9221 = EDGE_CURVE('',#9199,#9150,#9222,.T.);
#9222 = SURFACE_CURVE('',#9223,(#9227,#9234),.PCURVE_S1.);
#9223 = LINE('',#9224,#9225);
#9224 = CARTESIAN_POINT('',(19.947488606771,10.295003000895,19.8));
#9225 = VECTOR('',#9226,1.);
#9226 = DIRECTION('',(0.32768898639,-0.944785651986,0.));
#9227 = PCURVE('',#2885,#9228);
#9228 = DEFINITIONAL_REPRESENTATION('',(#9229),#9233);
#9229 = LINE('',#9230,#9231);
#9230 = CARTESIAN_POINT('',(0.,-0.5));
#9231 = VECTOR('',#9232,1.);
#9232 = DIRECTION('',(1.,0.));
#9233 = ( GEOMETRIC_REPRESENTATION_CONTEXT(2) 
PARAMETRIC_REPRESENTATION_CONTEXT() REPRESENTATION_CONTEXT('2D SPACE',''
  ) );
#9234 = PCURVE('',#9112,#9235);
#9235 = DEFINITIONAL_REPRESENTATION('',(#9236),#9240);
#9236 = LINE('',#9237,#9238);
#9237 = CARTESIAN_POINT('',(0.575,3.645003255208));
#9238 = VECTOR('',#9239,1.);
#9239 = DIRECTION('',(0.32768898639,-0.944785651986));
#9240 = ( GEOMETRIC_REPRESENTATION_CONTEXT(2) 
PARAMETRIC_REPRESENTATION_CONTEXT() REPRESENTATION_CONTEXT('2D SPACE',''
  ) );
#9241 = ORIENTED_EDGE('',*,*,#9149,.F.);
#9242 = ORIENTED_EDGE('',*,*,#2869,.F.);
#9243 = ADVANCED_FACE('',(#9244),#2857,.T.);
#9244 = FACE_BOUND('',#9245,.T.);
#9245 = EDGE_LOOP('',(#9246,#9269,#9290,#9291));
#9246 = ORIENTED_EDGE('',*,*,#9247,.T.);
#9247 = EDGE_CURVE('',#2814,#9248,#9250,.T.);
#9248 = VERTEX_POINT('',#9249);
#9249 = CARTESIAN_POINT('',(19.447488606771,10.295003000895,19.8));
#9250 = SURFACE_CURVE('',#9251,(#9255,#9262),.PCURVE_S1.);
#9251 = LINE('',#9252,#9253);
#9252 = CARTESIAN_POINT('',(19.447488606771,10.295003000895,20.3));
#9253 = VECTOR('',#9254,1.);
#9254 = DIRECTION('',(-0.,-0.,-1.));
#9255 = PCURVE('',#2857,#9256);
#9256 = DEFINITIONAL_REPRESENTATION('',(#9257),#9261);
#9257 = LINE('',#9258,#9259);
#9258 = CARTESIAN_POINT('',(0.,0.));
#9259 = VECTOR('',#9260,1.);
#9260 = DIRECTION('',(0.,-1.));
#9261 = ( GEOMETRIC_REPRESENTATION_CONTEXT(2) 
PARAMETRIC_REPRESENTATION_CONTEXT() REPRESENTATION_CONTEXT('2D SPACE',''
  ) );
#9262 = PCURVE('',#2829,#9263);
#9263 = DEFINITIONAL_REPRESENTATION('',(#9264),#9268);
#9264 = LINE('',#9265,#9266);
#9265 = CARTESIAN_POINT('',(3.873258534262,0.));
#9266 = VECTOR('',#9267,1.);
#9267 = DIRECTION('',(0.,-1.));
#9268 = ( GEOMETRIC_REPRESENTATION_CONTEXT(2) 
PARAMETRIC_REPRESENTATION_CONTEXT() REPRESENTATION_CONTEXT('2D SPACE',''
  ) );
#9269 = ORIENTED_EDGE('',*,*,#9270,.T.);
#9270 = EDGE_CURVE('',#9248,#9199,#9271,.T.);
#9271 = SURFACE_CURVE('',#9272,(#9276,#9283),.PCURVE_S1.);
#9272 = LINE('',#9273,#9274);
#9273 = CARTESIAN_POINT('',(19.447488606771,10.295003000895,19.8));
#9274 = VECTOR('',#9275,1.);
#9275 = DIRECTION('',(1.,0.,0.));
#9276 = PCURVE('',#2857,#9277);
#9277 = DEFINITIONAL_REPRESENTATION('',(#9278),#9282);
#9278 = LINE('',#9279,#9280);
#9279 = CARTESIAN_POINT('',(0.,-0.5));
#9280 = VECTOR('',#9281,1.);
#9281 = DIRECTION('',(1.,0.));
#9282 = ( GEOMETRIC_REPRESENTATION_CONTEXT(2) 
PARAMETRIC_REPRESENTATION_CONTEXT() REPRESENTATION_CONTEXT('2D SPACE',''
  ) );
#9283 = PCURVE('',#9112,#9284);
#9284 = DEFINITIONAL_REPRESENTATION('',(#9285),#9289);
#9285 = LINE('',#9286,#9287);
#9286 = CARTESIAN_POINT('',(7.5E-02,3.645003255208));
#9287 = VECTOR('',#9288,1.);
#9288 = DIRECTION('',(1.,0.));
#9289 = ( GEOMETRIC_REPRESENTATION_CONTEXT(2) 
PARAMETRIC_REPRESENTATION_CONTEXT() REPRESENTATION_CONTEXT('2D SPACE',''
  ) );
#9290 = ORIENTED_EDGE('',*,*,#9198,.F.);
#9291 = ORIENTED_EDGE('',*,*,#2841,.F.);
#9292 = ADVANCED_FACE('',(#9293),#2829,.T.);
#9293 = FACE_BOUND('',#9294,.T.);
#9294 = EDGE_LOOP('',(#9295,#9318,#9339,#9340));
#9295 = ORIENTED_EDGE('',*,*,#9296,.T.);
#9296 = EDGE_CURVE('',#2786,#9297,#9299,.T.);
#9297 = VERTEX_POINT('',#9298);
#9298 = CARTESIAN_POINT('',(20.757482096354,6.649999745687,19.8));
#9299 = SURFACE_CURVE('',#9300,(#9304,#9311),.PCURVE_S1.);
#9300 = LINE('',#9301,#9302);
#9301 = CARTESIAN_POINT('',(20.757482096354,6.649999745687,20.3));
#9302 = VECTOR('',#9303,1.);
#9303 = DIRECTION('',(-0.,-0.,-1.));
#9304 = PCURVE('',#2829,#9305);
#9305 = DEFINITIONAL_REPRESENTATION('',(#9306),#9310);
#9306 = LINE('',#9307,#9308);
#9307 = CARTESIAN_POINT('',(0.,0.));
#9308 = VECTOR('',#9309,1.);
#9309 = DIRECTION('',(0.,-1.));
#9310 = ( GEOMETRIC_REPRESENTATION_CONTEXT(2) 
PARAMETRIC_REPRESENTATION_CONTEXT() REPRESENTATION_CONTEXT('2D SPACE',''
  ) );
#9311 = PCURVE('',#2801,#9312);
#9312 = DEFINITIONAL_REPRESENTATION('',(#9313),#9317);
#9313 = LINE('',#9314,#9315);
#9314 = CARTESIAN_POINT('',(0.5,0.));
#9315 = VECTOR('',#9316,1.);
#9316 = DIRECTION('',(0.,-1.));
#9317 = ( GEOMETRIC_REPRESENTATION_CONTEXT(2) 
PARAMETRIC_REPRESENTATION_CONTEXT() REPRESENTATION_CONTEXT('2D SPACE',''
  ) );
#9318 = ORIENTED_EDGE('',*,*,#9319,.T.);
#9319 = EDGE_CURVE('',#9297,#9248,#9320,.T.);
#9320 = SURFACE_CURVE('',#9321,(#9325,#9332),.PCURVE_S1.);
#9321 = LINE('',#9322,#9323);
#9322 = CARTESIAN_POINT('',(20.757482096354,6.649999745687,19.8));
#9323 = VECTOR('',#9324,1.);
#9324 = DIRECTION('',(-0.338214833323,0.941068927614,0.));
#9325 = PCURVE('',#2829,#9326);
#9326 = DEFINITIONAL_REPRESENTATION('',(#9327),#9331);
#9327 = LINE('',#9328,#9329);
#9328 = CARTESIAN_POINT('',(0.,-0.5));
#9329 = VECTOR('',#9330,1.);
#9330 = DIRECTION('',(1.,0.));
#9331 = ( GEOMETRIC_REPRESENTATION_CONTEXT(2) 
PARAMETRIC_REPRESENTATION_CONTEXT() REPRESENTATION_CONTEXT('2D SPACE',''
  ) );
#9332 = PCURVE('',#9112,#9333);
#9333 = DEFINITIONAL_REPRESENTATION('',(#9334),#9338);
#9334 = LINE('',#9335,#9336);
#9335 = CARTESIAN_POINT('',(1.384993489583,0.));
#9336 = VECTOR('',#9337,1.);
#9337 = DIRECTION('',(-0.338214833323,0.941068927614));
#9338 = ( GEOMETRIC_REPRESENTATION_CONTEXT(2) 
PARAMETRIC_REPRESENTATION_CONTEXT() REPRESENTATION_CONTEXT('2D SPACE',''
  ) );
#9339 = ORIENTED_EDGE('',*,*,#9247,.F.);
#9340 = ORIENTED_EDGE('',*,*,#2813,.F.);
#9341 = ADVANCED_FACE('',(#9342),#2801,.T.);
#9342 = FACE_BOUND('',#9343,.T.);
#9343 = EDGE_LOOP('',(#9344,#9367,#9388,#9389));
#9344 = ORIENTED_EDGE('',*,*,#9345,.T.);
#9345 = EDGE_CURVE('',#2758,#9346,#9348,.T.);
#9346 = VERTEX_POINT('',#9347);
#9347 = CARTESIAN_POINT('',(21.257482096354,6.649999745687,19.8));
#9348 = SURFACE_CURVE('',#9349,(#9353,#9360),.PCURVE_S1.);
#9349 = LINE('',#9350,#9351);
#9350 = CARTESIAN_POINT('',(21.257482096354,6.649999745687,20.3));
#9351 = VECTOR('',#9352,1.);
#9352 = DIRECTION('',(-0.,-0.,-1.));
#9353 = PCURVE('',#2801,#9354);
#9354 = DEFINITIONAL_REPRESENTATION('',(#9355),#9359);
#9355 = LINE('',#9356,#9357);
#9356 = CARTESIAN_POINT('',(0.,0.));
#9357 = VECTOR('',#9358,1.);
#9358 = DIRECTION('',(0.,-1.));
#9359 = ( GEOMETRIC_REPRESENTATION_CONTEXT(2) 
PARAMETRIC_REPRESENTATION_CONTEXT() REPRESENTATION_CONTEXT('2D SPACE',''
  ) );
#9360 = PCURVE('',#2773,#9361);
#9361 = DEFINITIONAL_REPRESENTATION('',(#9362),#9366);
#9362 = LINE('',#9363,#9364);
#9363 = CARTESIAN_POINT('',(3.858275547687,0.));
#9364 = VECTOR('',#9365,1.);
#9365 = DIRECTION('',(0.,-1.));
#9366 = ( GEOMETRIC_REPRESENTATION_CONTEXT(2) 
PARAMETRIC_REPRESENTATION_CONTEXT() REPRESENTATION_CONTEXT('2D SPACE',''
  ) );
#9367 = ORIENTED_EDGE('',*,*,#9368,.T.);
#9368 = EDGE_CURVE('',#9346,#9297,#9369,.T.);
#9369 = SURFACE_CURVE('',#9370,(#9374,#9381),.PCURVE_S1.);
#9370 = LINE('',#9371,#9372);
#9371 = CARTESIAN_POINT('',(21.257482096354,6.649999745687,19.8));
#9372 = VECTOR('',#9373,1.);
#9373 = DIRECTION('',(-1.,0.,0.));
#9374 = PCURVE('',#2801,#9375);
#9375 = DEFINITIONAL_REPRESENTATION('',(#9376),#9380);
#9376 = LINE('',#9377,#9378);
#9377 = CARTESIAN_POINT('',(0.,-0.5));
#9378 = VECTOR('',#9379,1.);
#9379 = DIRECTION('',(1.,0.));
#9380 = ( GEOMETRIC_REPRESENTATION_CONTEXT(2) 
PARAMETRIC_REPRESENTATION_CONTEXT() REPRESENTATION_CONTEXT('2D SPACE',''
  ) );
#9381 = PCURVE('',#9112,#9382);
#9382 = DEFINITIONAL_REPRESENTATION('',(#9383),#9387);
#9383 = LINE('',#9384,#9385);
#9384 = CARTESIAN_POINT('',(1.884993489583,0.));
#9385 = VECTOR('',#9386,1.);
#9386 = DIRECTION('',(-1.,0.));
#9387 = ( GEOMETRIC_REPRESENTATION_CONTEXT(2) 
PARAMETRIC_REPRESENTATION_CONTEXT() REPRESENTATION_CONTEXT('2D SPACE',''
  ) );
#9388 = ORIENTED_EDGE('',*,*,#9296,.F.);
#9389 = ORIENTED_EDGE('',*,*,#2785,.F.);
#9390 = ADVANCED_FACE('',(#9391),#2773,.T.);
#9391 = FACE_BOUND('',#9392,.T.);
#9392 = EDGE_LOOP('',(#9393,#9394,#9415,#9416));
#9393 = ORIENTED_EDGE('',*,*,#9124,.T.);
#9394 = ORIENTED_EDGE('',*,*,#9395,.T.);
#9395 = EDGE_CURVE('',#9097,#9346,#9396,.T.);
#9396 = SURFACE_CURVE('',#9397,(#9401,#9408),.PCURVE_S1.);
#9397 = LINE('',#9398,#9399);
#9398 = CARTESIAN_POINT('',(22.522488606771,10.295003000895,19.8));
#9399 = VECTOR('',#9400,1.);
#9400 = DIRECTION('',(-0.327868368856,-0.944723415982,0.));
#9401 = PCURVE('',#2773,#9402);
#9402 = DEFINITIONAL_REPRESENTATION('',(#9403),#9407);
#9403 = LINE('',#9404,#9405);
#9404 = CARTESIAN_POINT('',(-0.,-0.5));
#9405 = VECTOR('',#9406,1.);
#9406 = DIRECTION('',(1.,0.));
#9407 = ( GEOMETRIC_REPRESENTATION_CONTEXT(2) 
PARAMETRIC_REPRESENTATION_CONTEXT() REPRESENTATION_CONTEXT('2D SPACE',''
  ) );
#9408 = PCURVE('',#9112,#9409);
#9409 = DEFINITIONAL_REPRESENTATION('',(#9410),#9414);
#9410 = LINE('',#9411,#9412);
#9411 = CARTESIAN_POINT('',(3.15,3.645003255208));
#9412 = VECTOR('',#9413,1.);
#9413 = DIRECTION('',(-0.327868368856,-0.944723415982));
#9414 = ( GEOMETRIC_REPRESENTATION_CONTEXT(2) 
PARAMETRIC_REPRESENTATION_CONTEXT() REPRESENTATION_CONTEXT('2D SPACE',''
  ) );
#9415 = ORIENTED_EDGE('',*,*,#9345,.F.);
#9416 = ORIENTED_EDGE('',*,*,#2757,.F.);
#9417 = ADVANCED_FACE('',(#9418),#2943,.T.);
#9418 = FACE_BOUND('',#9419,.T.);
#9419 = EDGE_LOOP('',(#9420,#9443,#9471,#9492));
#9420 = ORIENTED_EDGE('',*,*,#9421,.T.);
#9421 = EDGE_CURVE('',#2926,#9422,#9424,.T.);
#9422 = VERTEX_POINT('',#9423);
#9423 = CARTESIAN_POINT('',(22.927485351563,9.770003000895,19.8));
#9424 = SURFACE_CURVE('',#9425,(#9429,#9436),.PCURVE_S1.);
#9425 = LINE('',#9426,#9427);
#9426 = CARTESIAN_POINT('',(22.927485351562,9.770003000895,20.3));
#9427 = VECTOR('',#9428,1.);
#9428 = DIRECTION('',(-0.,-0.,-1.));
#9429 = PCURVE('',#2943,#9430);
#9430 = DEFINITIONAL_REPRESENTATION('',(#9431),#9435);
#9431 = LINE('',#9432,#9433);
#9432 = CARTESIAN_POINT('',(0.,0.));
#9433 = VECTOR('',#9434,1.);
#9434 = DIRECTION('',(0.,-1.));
#9435 = ( GEOMETRIC_REPRESENTATION_CONTEXT(2) 
PARAMETRIC_REPRESENTATION_CONTEXT() REPRESENTATION_CONTEXT('2D SPACE',''
  ) );
#9436 = PCURVE('',#3025,#9437);
#9437 = DEFINITIONAL_REPRESENTATION('',(#9438),#9442);
#9438 = LINE('',#9439,#9440);
#9439 = CARTESIAN_POINT('',(0.420003255208,0.));
#9440 = VECTOR('',#9441,1.);
#9441 = DIRECTION('',(0.,-1.));
#9442 = ( GEOMETRIC_REPRESENTATION_CONTEXT(2) 
PARAMETRIC_REPRESENTATION_CONTEXT() REPRESENTATION_CONTEXT('2D SPACE',''
  ) );
#9443 = ORIENTED_EDGE('',*,*,#9444,.T.);
#9444 = EDGE_CURVE('',#9422,#9445,#9447,.T.);
#9445 = VERTEX_POINT('',#9446);
#9446 = CARTESIAN_POINT('',(22.927485351563,10.295003000895,19.8));
#9447 = SURFACE_CURVE('',#9448,(#9452,#9459),.PCURVE_S1.);
#9448 = LINE('',#9449,#9450);
#9449 = CARTESIAN_POINT('',(22.927485351563,9.770003000895,19.8));
#9450 = VECTOR('',#9451,1.);
#9451 = DIRECTION('',(0.,1.,0.));
#9452 = PCURVE('',#2943,#9453);
#9453 = DEFINITIONAL_REPRESENTATION('',(#9454),#9458);
#9454 = LINE('',#9455,#9456);
#9455 = CARTESIAN_POINT('',(0.,-0.5));
#9456 = VECTOR('',#9457,1.);
#9457 = DIRECTION('',(1.,0.));
#9458 = ( GEOMETRIC_REPRESENTATION_CONTEXT(2) 
PARAMETRIC_REPRESENTATION_CONTEXT() REPRESENTATION_CONTEXT('2D SPACE',''
  ) );
#9459 = PCURVE('',#9460,#9465);
#9460 = PLANE('',#9461);
#9461 = AXIS2_PLACEMENT_3D('',#9462,#9463,#9464);
#9462 = CARTESIAN_POINT('',(22.597488606771,6.649999745687,19.8));
#9463 = DIRECTION('',(0.,0.,1.));
#9464 = DIRECTION('',(1.,0.,0.));
#9465 = DEFINITIONAL_REPRESENTATION('',(#9466),#9470);
#9466 = LINE('',#9467,#9468);
#9467 = CARTESIAN_POINT('',(0.329996744792,3.120003255208));
#9468 = VECTOR('',#9469,1.);
#9469 = DIRECTION('',(0.,1.));
#9470 = ( GEOMETRIC_REPRESENTATION_CONTEXT(2) 
PARAMETRIC_REPRESENTATION_CONTEXT() REPRESENTATION_CONTEXT('2D SPACE',''
  ) );
#9471 = ORIENTED_EDGE('',*,*,#9472,.F.);
#9472 = EDGE_CURVE('',#2928,#9445,#9473,.T.);
#9473 = SURFACE_CURVE('',#9474,(#9478,#9485),.PCURVE_S1.);
#9474 = LINE('',#9475,#9476);
#9475 = CARTESIAN_POINT('',(22.927485351562,10.295003000895,20.3));
#9476 = VECTOR('',#9477,1.);
#9477 = DIRECTION('',(-0.,-0.,-1.));
#9478 = PCURVE('',#2943,#9479);
#9479 = DEFINITIONAL_REPRESENTATION('',(#9480),#9484);
#9480 = LINE('',#9481,#9482);
#9481 = CARTESIAN_POINT('',(0.525,0.));
#9482 = VECTOR('',#9483,1.);
#9483 = DIRECTION('',(0.,-1.));
#9484 = ( GEOMETRIC_REPRESENTATION_CONTEXT(2) 
PARAMETRIC_REPRESENTATION_CONTEXT() REPRESENTATION_CONTEXT('2D SPACE',''
  ) );
#9485 = PCURVE('',#2971,#9486);
#9486 = DEFINITIONAL_REPRESENTATION('',(#9487),#9491);
#9487 = LINE('',#9488,#9489);
#9488 = CARTESIAN_POINT('',(0.,0.));
#9489 = VECTOR('',#9490,1.);
#9490 = DIRECTION('',(0.,-1.));
#9491 = ( GEOMETRIC_REPRESENTATION_CONTEXT(2) 
PARAMETRIC_REPRESENTATION_CONTEXT() REPRESENTATION_CONTEXT('2D SPACE',''
  ) );
#9492 = ORIENTED_EDGE('',*,*,#2925,.F.);
#9493 = ADVANCED_FACE('',(#9494),#3025,.T.);
#9494 = FACE_BOUND('',#9495,.T.);
#9495 = EDGE_LOOP('',(#9496,#9519,#9540,#9541));
#9496 = ORIENTED_EDGE('',*,*,#9497,.T.);
#9497 = EDGE_CURVE('',#2984,#9498,#9500,.T.);
#9498 = VERTEX_POINT('',#9499);
#9499 = CARTESIAN_POINT('',(23.347488606771,9.770003000895,19.8));
#9500 = SURFACE_CURVE('',#9501,(#9505,#9512),.PCURVE_S1.);
#9501 = LINE('',#9502,#9503);
#9502 = CARTESIAN_POINT('',(23.347488606771,9.770003000895,20.3));
#9503 = VECTOR('',#9504,1.);
#9504 = DIRECTION('',(-0.,-0.,-1.));
#9505 = PCURVE('',#3025,#9506);
#9506 = DEFINITIONAL_REPRESENTATION('',(#9507),#9511);
#9507 = LINE('',#9508,#9509);
#9508 = CARTESIAN_POINT('',(0.,0.));
#9509 = VECTOR('',#9510,1.);
#9510 = DIRECTION('',(0.,-1.));
#9511 = ( GEOMETRIC_REPRESENTATION_CONTEXT(2) 
PARAMETRIC_REPRESENTATION_CONTEXT() REPRESENTATION_CONTEXT('2D SPACE',''
  ) );
#9512 = PCURVE('',#2999,#9513);
#9513 = DEFINITIONAL_REPRESENTATION('',(#9514),#9518);
#9514 = LINE('',#9515,#9516);
#9515 = CARTESIAN_POINT('',(0.525,0.));
#9516 = VECTOR('',#9517,1.);
#9517 = DIRECTION('',(0.,-1.));
#9518 = ( GEOMETRIC_REPRESENTATION_CONTEXT(2) 
PARAMETRIC_REPRESENTATION_CONTEXT() REPRESENTATION_CONTEXT('2D SPACE',''
  ) );
#9519 = ORIENTED_EDGE('',*,*,#9520,.T.);
#9520 = EDGE_CURVE('',#9498,#9422,#9521,.T.);
#9521 = SURFACE_CURVE('',#9522,(#9526,#9533),.PCURVE_S1.);
#9522 = LINE('',#9523,#9524);
#9523 = CARTESIAN_POINT('',(23.347488606771,9.770003000895,19.8));
#9524 = VECTOR('',#9525,1.);
#9525 = DIRECTION('',(-1.,0.,0.));
#9526 = PCURVE('',#3025,#9527);
#9527 = DEFINITIONAL_REPRESENTATION('',(#9528),#9532);
#9528 = LINE('',#9529,#9530);
#9529 = CARTESIAN_POINT('',(0.,-0.5));
#9530 = VECTOR('',#9531,1.);
#9531 = DIRECTION('',(1.,0.));
#9532 = ( GEOMETRIC_REPRESENTATION_CONTEXT(2) 
PARAMETRIC_REPRESENTATION_CONTEXT() REPRESENTATION_CONTEXT('2D SPACE',''
  ) );
#9533 = PCURVE('',#9460,#9534);
#9534 = DEFINITIONAL_REPRESENTATION('',(#9535),#9539);
#9535 = LINE('',#9536,#9537);
#9536 = CARTESIAN_POINT('',(0.75,3.120003255208));
#9537 = VECTOR('',#9538,1.);
#9538 = DIRECTION('',(-1.,0.));
#9539 = ( GEOMETRIC_REPRESENTATION_CONTEXT(2) 
PARAMETRIC_REPRESENTATION_CONTEXT() REPRESENTATION_CONTEXT('2D SPACE',''
  ) );
#9540 = ORIENTED_EDGE('',*,*,#9421,.F.);
#9541 = ORIENTED_EDGE('',*,*,#3011,.F.);
#9542 = ADVANCED_FACE('',(#9543),#2999,.T.);
#9543 = FACE_BOUND('',#9544,.T.);
#9544 = EDGE_LOOP('',(#9545,#9568,#9589,#9590));
#9545 = ORIENTED_EDGE('',*,*,#9546,.T.);
#9546 = EDGE_CURVE('',#2956,#9547,#9549,.T.);
#9547 = VERTEX_POINT('',#9548);
#9548 = CARTESIAN_POINT('',(23.347488606771,10.295003000895,19.8));
#9549 = SURFACE_CURVE('',#9550,(#9554,#9561),.PCURVE_S1.);
#9550 = LINE('',#9551,#9552);
#9551 = CARTESIAN_POINT('',(23.347488606771,10.295003000895,20.3));
#9552 = VECTOR('',#9553,1.);
#9553 = DIRECTION('',(-0.,-0.,-1.));
#9554 = PCURVE('',#2999,#9555);
#9555 = DEFINITIONAL_REPRESENTATION('',(#9556),#9560);
#9556 = LINE('',#9557,#9558);
#9557 = CARTESIAN_POINT('',(0.,0.));
#9558 = VECTOR('',#9559,1.);
#9559 = DIRECTION('',(0.,-1.));
#9560 = ( GEOMETRIC_REPRESENTATION_CONTEXT(2) 
PARAMETRIC_REPRESENTATION_CONTEXT() REPRESENTATION_CONTEXT('2D SPACE',''
  ) );
#9561 = PCURVE('',#2971,#9562);
#9562 = DEFINITIONAL_REPRESENTATION('',(#9563),#9567);
#9563 = LINE('',#9564,#9565);
#9564 = CARTESIAN_POINT('',(0.420003255208,0.));
#9565 = VECTOR('',#9566,1.);
#9566 = DIRECTION('',(0.,-1.));
#9567 = ( GEOMETRIC_REPRESENTATION_CONTEXT(2) 
PARAMETRIC_REPRESENTATION_CONTEXT() REPRESENTATION_CONTEXT('2D SPACE',''
  ) );
#9568 = ORIENTED_EDGE('',*,*,#9569,.T.);
#9569 = EDGE_CURVE('',#9547,#9498,#9570,.T.);
#9570 = SURFACE_CURVE('',#9571,(#9575,#9582),.PCURVE_S1.);
#9571 = LINE('',#9572,#9573);
#9572 = CARTESIAN_POINT('',(23.347488606771,10.295003000895,19.8));
#9573 = VECTOR('',#9574,1.);
#9574 = DIRECTION('',(0.,-1.,0.));
#9575 = PCURVE('',#2999,#9576);
#9576 = DEFINITIONAL_REPRESENTATION('',(#9577),#9581);
#9577 = LINE('',#9578,#9579);
#9578 = CARTESIAN_POINT('',(0.,-0.5));
#9579 = VECTOR('',#9580,1.);
#9580 = DIRECTION('',(1.,0.));
#9581 = ( GEOMETRIC_REPRESENTATION_CONTEXT(2) 
PARAMETRIC_REPRESENTATION_CONTEXT() REPRESENTATION_CONTEXT('2D SPACE',''
  ) );
#9582 = PCURVE('',#9460,#9583);
#9583 = DEFINITIONAL_REPRESENTATION('',(#9584),#9588);
#9584 = LINE('',#9585,#9586);
#9585 = CARTESIAN_POINT('',(0.75,3.645003255208));
#9586 = VECTOR('',#9587,1.);
#9587 = DIRECTION('',(0.,-1.));
#9588 = ( GEOMETRIC_REPRESENTATION_CONTEXT(2) 
PARAMETRIC_REPRESENTATION_CONTEXT() REPRESENTATION_CONTEXT('2D SPACE',''
  ) );
#9589 = ORIENTED_EDGE('',*,*,#9497,.F.);
#9590 = ORIENTED_EDGE('',*,*,#2983,.F.);
#9591 = ADVANCED_FACE('',(#9592),#2971,.T.);
#9592 = FACE_BOUND('',#9593,.T.);
#9593 = EDGE_LOOP('',(#9594,#9595,#9616,#9617));
#9594 = ORIENTED_EDGE('',*,*,#9472,.T.);
#9595 = ORIENTED_EDGE('',*,*,#9596,.T.);
#9596 = EDGE_CURVE('',#9445,#9547,#9597,.T.);
#9597 = SURFACE_CURVE('',#9598,(#9602,#9609),.PCURVE_S1.);
#9598 = LINE('',#9599,#9600);
#9599 = CARTESIAN_POINT('',(22.927485351563,10.295003000895,19.8));
#9600 = VECTOR('',#9601,1.);
#9601 = DIRECTION('',(1.,0.,0.));
#9602 = PCURVE('',#2971,#9603);
#9603 = DEFINITIONAL_REPRESENTATION('',(#9604),#9608);
#9604 = LINE('',#9605,#9606);
#9605 = CARTESIAN_POINT('',(0.,-0.5));
#9606 = VECTOR('',#9607,1.);
#9607 = DIRECTION('',(1.,0.));
#9608 = ( GEOMETRIC_REPRESENTATION_CONTEXT(2) 
PARAMETRIC_REPRESENTATION_CONTEXT() REPRESENTATION_CONTEXT('2D SPACE',''
  ) );
#9609 = PCURVE('',#9460,#9610);
#9610 = DEFINITIONAL_REPRESENTATION('',(#9611),#9615);
#9611 = LINE('',#9612,#9613);
#9612 = CARTESIAN_POINT('',(0.329996744792,3.645003255208));
#9613 = VECTOR('',#9614,1.);
#9614 = DIRECTION('',(1.,0.));
#9615 = ( GEOMETRIC_REPRESENTATION_CONTEXT(2) 
PARAMETRIC_REPRESENTATION_CONTEXT() REPRESENTATION_CONTEXT('2D SPACE',''
  ) );
#9616 = ORIENTED_EDGE('',*,*,#9546,.F.);
#9617 = ORIENTED_EDGE('',*,*,#2955,.F.);
#9618 = ADVANCED_FACE('',(#9619),#3057,.T.);
#9619 = FACE_BOUND('',#9620,.T.);
#9620 = EDGE_LOOP('',(#9621,#9644,#9672,#9693));
#9621 = ORIENTED_EDGE('',*,*,#9622,.T.);
#9622 = EDGE_CURVE('',#3040,#9623,#9625,.T.);
#9623 = VERTEX_POINT('',#9624);
#9624 = CARTESIAN_POINT('',(24.897488606771,6.53499323527,19.8));
#9625 = SURFACE_CURVE('',#9626,(#9630,#9637),.PCURVE_S1.);
#9626 = LINE('',#9627,#9628);
#9627 = CARTESIAN_POINT('',(24.897488606771,6.53499323527,20.3));
#9628 = VECTOR('',#9629,1.);
#9629 = DIRECTION('',(-0.,-0.,-1.));
#9630 = PCURVE('',#3057,#9631);
#9631 = DEFINITIONAL_REPRESENTATION('',(#9632),#9636);
#9632 = LINE('',#9633,#9634);
#9633 = CARTESIAN_POINT('',(0.,0.));
#9634 = VECTOR('',#9635,1.);
#9635 = DIRECTION('',(0.,-1.));
#9636 = ( GEOMETRIC_REPRESENTATION_CONTEXT(2) 
PARAMETRIC_REPRESENTATION_CONTEXT() REPRESENTATION_CONTEXT('2D SPACE',''
  ) );
#9637 = PCURVE('',#3797,#9638);
#9638 = DEFINITIONAL_REPRESENTATION('',(#9639),#9643);
#9639 = LINE('',#9640,#9641);
#9640 = CARTESIAN_POINT('',(1.,0.));
#9641 = VECTOR('',#9642,1.);
#9642 = DIRECTION('',(0.,-1.));
#9643 = ( GEOMETRIC_REPRESENTATION_CONTEXT(2) 
PARAMETRIC_REPRESENTATION_CONTEXT() REPRESENTATION_CONTEXT('2D SPACE',''
  ) );
#9644 = ORIENTED_EDGE('',*,*,#9645,.T.);
#9645 = EDGE_CURVE('',#9623,#9646,#9648,.T.);
#9646 = VERTEX_POINT('',#9647);
#9647 = CARTESIAN_POINT('',(23.852485351562,7.429996490479,19.8));
#9648 = SURFACE_CURVE('',#9649,(#9653,#9660),.PCURVE_S1.);
#9649 = B_SPLINE_CURVE_WITH_KNOTS('',2,(#9650,#9651,#9652),
  .UNSPECIFIED.,.F.,.F.,(3,3),(0.,1.),.PIECEWISE_BEZIER_KNOTS.);
#9650 = CARTESIAN_POINT('',(24.897488606771,6.53499323527,19.8));
#9651 = CARTESIAN_POINT('',(23.882482096354,6.53499323527,19.8));
#9652 = CARTESIAN_POINT('',(23.852485351562,7.429996490479,19.8));
#9653 = PCURVE('',#3057,#9654);
#9654 = DEFINITIONAL_REPRESENTATION('',(#9655),#9659);
#9655 = LINE('',#9656,#9657);
#9656 = CARTESIAN_POINT('',(0.,-0.5));
#9657 = VECTOR('',#9658,1.);
#9658 = DIRECTION('',(1.,0.));
#9659 = ( GEOMETRIC_REPRESENTATION_CONTEXT(2) 
PARAMETRIC_REPRESENTATION_CONTEXT() REPRESENTATION_CONTEXT('2D SPACE',''
  ) );
#9660 = PCURVE('',#9661,#9666);
#9661 = PLANE('',#9662);
#9662 = AXIS2_PLACEMENT_3D('',#9663,#9664,#9665);
#9663 = CARTESIAN_POINT('',(23.682482096354,6.649999745687,19.8));
#9664 = DIRECTION('',(0.,0.,1.));
#9665 = DIRECTION('',(1.,0.,0.));
#9666 = DEFINITIONAL_REPRESENTATION('',(#9667),#9671);
#9667 = B_SPLINE_CURVE_WITH_KNOTS('',2,(#9668,#9669,#9670),
  .UNSPECIFIED.,.F.,.F.,(3,3),(0.,1.),.PIECEWISE_BEZIER_KNOTS.);
#9668 = CARTESIAN_POINT('',(1.215006510417,-0.115006510417));
#9669 = CARTESIAN_POINT('',(0.2,-0.115006510417));
#9670 = CARTESIAN_POINT('',(0.170003255208,0.779996744792));
#9671 = ( GEOMETRIC_REPRESENTATION_CONTEXT(2) 
PARAMETRIC_REPRESENTATION_CONTEXT() REPRESENTATION_CONTEXT('2D SPACE',''
  ) );
#9672 = ORIENTED_EDGE('',*,*,#9673,.F.);
#9673 = EDGE_CURVE('',#3042,#9646,#9674,.T.);
#9674 = SURFACE_CURVE('',#9675,(#9679,#9686),.PCURVE_S1.);
#9675 = LINE('',#9676,#9677);
#9676 = CARTESIAN_POINT('',(23.852485351562,7.429996490479,20.3));
#9677 = VECTOR('',#9678,1.);
#9678 = DIRECTION('',(-0.,-0.,-1.));
#9679 = PCURVE('',#3057,#9680);
#9680 = DEFINITIONAL_REPRESENTATION('',(#9681),#9685);
#9681 = LINE('',#9682,#9683);
#9682 = CARTESIAN_POINT('',(1.,0.));
#9683 = VECTOR('',#9684,1.);
#9684 = DIRECTION('',(0.,-1.));
#9685 = ( GEOMETRIC_REPRESENTATION_CONTEXT(2) 
PARAMETRIC_REPRESENTATION_CONTEXT() REPRESENTATION_CONTEXT('2D SPACE',''
  ) );
#9686 = PCURVE('',#3087,#9687);
#9687 = DEFINITIONAL_REPRESENTATION('',(#9688),#9692);
#9688 = LINE('',#9689,#9690);
#9689 = CARTESIAN_POINT('',(0.,0.));
#9690 = VECTOR('',#9691,1.);
#9691 = DIRECTION('',(0.,-1.));
#9692 = ( GEOMETRIC_REPRESENTATION_CONTEXT(2) 
PARAMETRIC_REPRESENTATION_CONTEXT() REPRESENTATION_CONTEXT('2D SPACE',''
  ) );
#9693 = ORIENTED_EDGE('',*,*,#3039,.F.);
#9694 = ADVANCED_FACE('',(#9695),#3797,.T.);
#9695 = FACE_BOUND('',#9696,.T.);
#9696 = EDGE_LOOP('',(#9697,#9720,#9741,#9742));
#9697 = ORIENTED_EDGE('',*,*,#9698,.T.);
#9698 = EDGE_CURVE('',#3754,#9699,#9701,.T.);
#9699 = VERTEX_POINT('',#9700);
#9700 = CARTESIAN_POINT('',(25.68498046875,6.75999323527,19.8));
#9701 = SURFACE_CURVE('',#9702,(#9706,#9713),.PCURVE_S1.);
#9702 = LINE('',#9703,#9704);
#9703 = CARTESIAN_POINT('',(25.68498046875,6.75999323527,20.3));
#9704 = VECTOR('',#9705,1.);
#9705 = DIRECTION('',(-0.,-0.,-1.));
#9706 = PCURVE('',#3797,#9707);
#9707 = DEFINITIONAL_REPRESENTATION('',(#9708),#9712);
#9708 = LINE('',#9709,#9710);
#9709 = CARTESIAN_POINT('',(0.,0.));
#9710 = VECTOR('',#9711,1.);
#9711 = DIRECTION('',(0.,-1.));
#9712 = ( GEOMETRIC_REPRESENTATION_CONTEXT(2) 
PARAMETRIC_REPRESENTATION_CONTEXT() REPRESENTATION_CONTEXT('2D SPACE',''
  ) );
#9713 = PCURVE('',#3769,#9714);
#9714 = DEFINITIONAL_REPRESENTATION('',(#9715),#9719);
#9715 = LINE('',#9716,#9717);
#9716 = CARTESIAN_POINT('',(1.,0.));
#9717 = VECTOR('',#9718,1.);
#9718 = DIRECTION('',(0.,-1.));
#9719 = ( GEOMETRIC_REPRESENTATION_CONTEXT(2) 
PARAMETRIC_REPRESENTATION_CONTEXT() REPRESENTATION_CONTEXT('2D SPACE',''
  ) );
#9720 = ORIENTED_EDGE('',*,*,#9721,.T.);
#9721 = EDGE_CURVE('',#9699,#9623,#9722,.T.);
#9722 = SURFACE_CURVE('',#9723,(#9727,#9734),.PCURVE_S1.);
#9723 = B_SPLINE_CURVE_WITH_KNOTS('',2,(#9724,#9725,#9726),
  .UNSPECIFIED.,.F.,.F.,(3,3),(0.,1.),.PIECEWISE_BEZIER_KNOTS.);
#9724 = CARTESIAN_POINT('',(25.68498046875,6.75999323527,19.8));
#9725 = CARTESIAN_POINT('',(25.392475585938,6.53499323527,19.8));
#9726 = CARTESIAN_POINT('',(24.897488606771,6.53499323527,19.8));
#9727 = PCURVE('',#3797,#9728);
#9728 = DEFINITIONAL_REPRESENTATION('',(#9729),#9733);
#9729 = LINE('',#9730,#9731);
#9730 = CARTESIAN_POINT('',(0.,-0.5));
#9731 = VECTOR('',#9732,1.);
#9732 = DIRECTION('',(1.,0.));
#9733 = ( GEOMETRIC_REPRESENTATION_CONTEXT(2) 
PARAMETRIC_REPRESENTATION_CONTEXT() REPRESENTATION_CONTEXT('2D SPACE',''
  ) );
#9734 = PCURVE('',#9661,#9735);
#9735 = DEFINITIONAL_REPRESENTATION('',(#9736),#9740);
#9736 = B_SPLINE_CURVE_WITH_KNOTS('',2,(#9737,#9738,#9739),
  .UNSPECIFIED.,.F.,.F.,(3,3),(0.,1.),.PIECEWISE_BEZIER_KNOTS.);
#9737 = CARTESIAN_POINT('',(2.002498372396,0.109993489583));
#9738 = CARTESIAN_POINT('',(1.709993489583,-0.115006510417));
#9739 = CARTESIAN_POINT('',(1.215006510417,-0.115006510417));
#9740 = ( GEOMETRIC_REPRESENTATION_CONTEXT(2) 
PARAMETRIC_REPRESENTATION_CONTEXT() REPRESENTATION_CONTEXT('2D SPACE',''
  ) );
#9741 = ORIENTED_EDGE('',*,*,#9622,.F.);
#9742 = ORIENTED_EDGE('',*,*,#3783,.F.);
#9743 = ADVANCED_FACE('',(#9744),#3769,.T.);
#9744 = FACE_BOUND('',#9745,.T.);
#9745 = EDGE_LOOP('',(#9746,#9769,#9790,#9791));
#9746 = ORIENTED_EDGE('',*,*,#9747,.T.);
#9747 = EDGE_CURVE('',#3724,#9748,#9750,.T.);
#9748 = VERTEX_POINT('',#9749);
#9749 = CARTESIAN_POINT('',(25.977485351562,7.365006256104,19.8));
#9750 = SURFACE_CURVE('',#9751,(#9755,#9762),.PCURVE_S1.);
#9751 = LINE('',#9752,#9753);
#9752 = CARTESIAN_POINT('',(25.977485351562,7.365006256104,20.3));
#9753 = VECTOR('',#9754,1.);
#9754 = DIRECTION('',(-0.,-0.,-1.));
#9755 = PCURVE('',#3769,#9756);
#9756 = DEFINITIONAL_REPRESENTATION('',(#9757),#9761);
#9757 = LINE('',#9758,#9759);
#9758 = CARTESIAN_POINT('',(0.,0.));
#9759 = VECTOR('',#9760,1.);
#9760 = DIRECTION('',(0.,-1.));
#9761 = ( GEOMETRIC_REPRESENTATION_CONTEXT(2) 
PARAMETRIC_REPRESENTATION_CONTEXT() REPRESENTATION_CONTEXT('2D SPACE',''
  ) );
#9762 = PCURVE('',#3739,#9763);
#9763 = DEFINITIONAL_REPRESENTATION('',(#9764),#9768);
#9764 = LINE('',#9765,#9766);
#9765 = CARTESIAN_POINT('',(1.,0.));
#9766 = VECTOR('',#9767,1.);
#9767 = DIRECTION('',(0.,-1.));
#9768 = ( GEOMETRIC_REPRESENTATION_CONTEXT(2) 
PARAMETRIC_REPRESENTATION_CONTEXT() REPRESENTATION_CONTEXT('2D SPACE',''
  ) );
#9769 = ORIENTED_EDGE('',*,*,#9770,.T.);
#9770 = EDGE_CURVE('',#9748,#9699,#9771,.T.);
#9771 = SURFACE_CURVE('',#9772,(#9776,#9783),.PCURVE_S1.);
#9772 = B_SPLINE_CURVE_WITH_KNOTS('',2,(#9773,#9774,#9775),
  .UNSPECIFIED.,.F.,.F.,(3,3),(0.,1.),.PIECEWISE_BEZIER_KNOTS.);
#9773 = CARTESIAN_POINT('',(25.977485351562,7.365006256104,19.8));
#9774 = CARTESIAN_POINT('',(25.977485351562,6.98499323527,19.8));
#9775 = CARTESIAN_POINT('',(25.68498046875,6.75999323527,19.8));
#9776 = PCURVE('',#3769,#9777);
#9777 = DEFINITIONAL_REPRESENTATION('',(#9778),#9782);
#9778 = LINE('',#9779,#9780);
#9779 = CARTESIAN_POINT('',(0.,-0.5));
#9780 = VECTOR('',#9781,1.);
#9781 = DIRECTION('',(1.,0.));
#9782 = ( GEOMETRIC_REPRESENTATION_CONTEXT(2) 
PARAMETRIC_REPRESENTATION_CONTEXT() REPRESENTATION_CONTEXT('2D SPACE',''
  ) );
#9783 = PCURVE('',#9661,#9784);
#9784 = DEFINITIONAL_REPRESENTATION('',(#9785),#9789);
#9785 = B_SPLINE_CURVE_WITH_KNOTS('',2,(#9786,#9787,#9788),
  .UNSPECIFIED.,.F.,.F.,(3,3),(0.,1.),.PIECEWISE_BEZIER_KNOTS.);
#9786 = CARTESIAN_POINT('',(2.295003255208,0.715006510417));
#9787 = CARTESIAN_POINT('',(2.295003255208,0.334993489583));
#9788 = CARTESIAN_POINT('',(2.002498372396,0.109993489583));
#9789 = ( GEOMETRIC_REPRESENTATION_CONTEXT(2) 
PARAMETRIC_REPRESENTATION_CONTEXT() REPRESENTATION_CONTEXT('2D SPACE',''
  ) );
#9790 = ORIENTED_EDGE('',*,*,#9698,.F.);
#9791 = ORIENTED_EDGE('',*,*,#3753,.F.);
#9792 = ADVANCED_FACE('',(#9793),#3739,.T.);
#9793 = FACE_BOUND('',#9794,.T.);
#9794 = EDGE_LOOP('',(#9795,#9818,#9839,#9840));
#9795 = ORIENTED_EDGE('',*,*,#9796,.T.);
#9796 = EDGE_CURVE('',#3694,#9797,#9799,.T.);
#9797 = VERTEX_POINT('',#9798);
#9798 = CARTESIAN_POINT('',(25.802485351563,7.827498118083,19.8));
#9799 = SURFACE_CURVE('',#9800,(#9804,#9811),.PCURVE_S1.);
#9800 = LINE('',#9801,#9802);
#9801 = CARTESIAN_POINT('',(25.802485351562,7.827498118083,20.3));
#9802 = VECTOR('',#9803,1.);
#9803 = DIRECTION('',(-0.,-0.,-1.));
#9804 = PCURVE('',#3739,#9805);
#9805 = DEFINITIONAL_REPRESENTATION('',(#9806),#9810);
#9806 = LINE('',#9807,#9808);
#9807 = CARTESIAN_POINT('',(0.,0.));
#9808 = VECTOR('',#9809,1.);
#9809 = DIRECTION('',(0.,-1.));
#9810 = ( GEOMETRIC_REPRESENTATION_CONTEXT(2) 
PARAMETRIC_REPRESENTATION_CONTEXT() REPRESENTATION_CONTEXT('2D SPACE',''
  ) );
#9811 = PCURVE('',#3709,#9812);
#9812 = DEFINITIONAL_REPRESENTATION('',(#9813),#9817);
#9813 = LINE('',#9814,#9815);
#9814 = CARTESIAN_POINT('',(1.,0.));
#9815 = VECTOR('',#9816,1.);
#9816 = DIRECTION('',(0.,-1.));
#9817 = ( GEOMETRIC_REPRESENTATION_CONTEXT(2) 
PARAMETRIC_REPRESENTATION_CONTEXT() REPRESENTATION_CONTEXT('2D SPACE',''
  ) );
#9818 = ORIENTED_EDGE('',*,*,#9819,.T.);
#9819 = EDGE_CURVE('',#9797,#9748,#9820,.T.);
#9820 = SURFACE_CURVE('',#9821,(#9825,#9832),.PCURVE_S1.);
#9821 = B_SPLINE_CURVE_WITH_KNOTS('',2,(#9822,#9823,#9824),
  .UNSPECIFIED.,.F.,.F.,(3,3),(0.,1.),.PIECEWISE_BEZIER_KNOTS.);
#9822 = CARTESIAN_POINT('',(25.802485351563,7.827498118083,19.8));
#9823 = CARTESIAN_POINT('',(25.977485351562,7.654996490479,19.8));
#9824 = CARTESIAN_POINT('',(25.977485351562,7.365006256104,19.8));
#9825 = PCURVE('',#3739,#9826);
#9826 = DEFINITIONAL_REPRESENTATION('',(#9827),#9831);
#9827 = LINE('',#9828,#9829);
#9828 = CARTESIAN_POINT('',(0.,-0.5));
#9829 = VECTOR('',#9830,1.);
#9830 = DIRECTION('',(1.,0.));
#9831 = ( GEOMETRIC_REPRESENTATION_CONTEXT(2) 
PARAMETRIC_REPRESENTATION_CONTEXT() REPRESENTATION_CONTEXT('2D SPACE',''
  ) );
#9832 = PCURVE('',#9661,#9833);
#9833 = DEFINITIONAL_REPRESENTATION('',(#9834),#9838);
#9834 = B_SPLINE_CURVE_WITH_KNOTS('',2,(#9835,#9836,#9837),
  .UNSPECIFIED.,.F.,.F.,(3,3),(0.,1.),.PIECEWISE_BEZIER_KNOTS.);
#9835 = CARTESIAN_POINT('',(2.120003255208,1.177498372396));
#9836 = CARTESIAN_POINT('',(2.295003255208,1.004996744792));
#9837 = CARTESIAN_POINT('',(2.295003255208,0.715006510417));
#9838 = ( GEOMETRIC_REPRESENTATION_CONTEXT(2) 
PARAMETRIC_REPRESENTATION_CONTEXT() REPRESENTATION_CONTEXT('2D SPACE',''
  ) );
#9839 = ORIENTED_EDGE('',*,*,#9747,.F.);
#9840 = ORIENTED_EDGE('',*,*,#3723,.F.);
#9841 = ADVANCED_FACE('',(#9842),#3709,.T.);
#9842 = FACE_BOUND('',#9843,.T.);
#9843 = EDGE_LOOP('',(#9844,#9867,#9888,#9889));
#9844 = ORIENTED_EDGE('',*,*,#9845,.T.);
#9845 = EDGE_CURVE('',#3666,#9846,#9848,.T.);
#9846 = VERTEX_POINT('',#9847);
#9847 = CARTESIAN_POINT('',(25.237478841146,8.095003000895,19.8));
#9848 = SURFACE_CURVE('',#9849,(#9853,#9860),.PCURVE_S1.);
#9849 = LINE('',#9850,#9851);
#9850 = CARTESIAN_POINT('',(25.237478841146,8.095003000895,20.3));
#9851 = VECTOR('',#9852,1.);
#9852 = DIRECTION('',(-0.,-0.,-1.));
#9853 = PCURVE('',#3709,#9854);
#9854 = DEFINITIONAL_REPRESENTATION('',(#9855),#9859);
#9855 = LINE('',#9856,#9857);
#9856 = CARTESIAN_POINT('',(0.,0.));
#9857 = VECTOR('',#9858,1.);
#9858 = DIRECTION('',(0.,-1.));
#9859 = ( GEOMETRIC_REPRESENTATION_CONTEXT(2) 
PARAMETRIC_REPRESENTATION_CONTEXT() REPRESENTATION_CONTEXT('2D SPACE',''
  ) );
#9860 = PCURVE('',#3681,#9861);
#9861 = DEFINITIONAL_REPRESENTATION('',(#9862),#9866);
#9862 = LINE('',#9863,#9864);
#9863 = CARTESIAN_POINT('',(0.411127253415,0.));
#9864 = VECTOR('',#9865,1.);
#9865 = DIRECTION('',(0.,-1.));
#9866 = ( GEOMETRIC_REPRESENTATION_CONTEXT(2) 
PARAMETRIC_REPRESENTATION_CONTEXT() REPRESENTATION_CONTEXT('2D SPACE',''
  ) );
#9867 = ORIENTED_EDGE('',*,*,#9868,.T.);
#9868 = EDGE_CURVE('',#9846,#9797,#9869,.T.);
#9869 = SURFACE_CURVE('',#9870,(#9874,#9881),.PCURVE_S1.);
#9870 = B_SPLINE_CURVE_WITH_KNOTS('',2,(#9871,#9872,#9873),
  .UNSPECIFIED.,.F.,.F.,(3,3),(0.,1.),.PIECEWISE_BEZIER_KNOTS.);
#9871 = CARTESIAN_POINT('',(25.237478841146,8.095003000895,19.8));
#9872 = CARTESIAN_POINT('',(25.627485351563,7.999999745687,19.8));
#9873 = CARTESIAN_POINT('',(25.802485351563,7.827498118083,19.8));
#9874 = PCURVE('',#3709,#9875);
#9875 = DEFINITIONAL_REPRESENTATION('',(#9876),#9880);
#9876 = LINE('',#9877,#9878);
#9877 = CARTESIAN_POINT('',(0.,-0.5));
#9878 = VECTOR('',#9879,1.);
#9879 = DIRECTION('',(1.,0.));
#9880 = ( GEOMETRIC_REPRESENTATION_CONTEXT(2) 
PARAMETRIC_REPRESENTATION_CONTEXT() REPRESENTATION_CONTEXT('2D SPACE',''
  ) );
#9881 = PCURVE('',#9661,#9882);
#9882 = DEFINITIONAL_REPRESENTATION('',(#9883),#9887);
#9883 = B_SPLINE_CURVE_WITH_KNOTS('',2,(#9884,#9885,#9886),
  .UNSPECIFIED.,.F.,.F.,(3,3),(0.,1.),.PIECEWISE_BEZIER_KNOTS.);
#9884 = CARTESIAN_POINT('',(1.554996744792,1.445003255208));
#9885 = CARTESIAN_POINT('',(1.945003255208,1.35));
#9886 = CARTESIAN_POINT('',(2.120003255208,1.177498372396));
#9887 = ( GEOMETRIC_REPRESENTATION_CONTEXT(2) 
PARAMETRIC_REPRESENTATION_CONTEXT() REPRESENTATION_CONTEXT('2D SPACE',''
  ) );
#9888 = ORIENTED_EDGE('',*,*,#9796,.F.);
#9889 = ORIENTED_EDGE('',*,*,#3693,.F.);
#9890 = ADVANCED_FACE('',(#9891),#3681,.T.);
#9891 = FACE_BOUND('',#9892,.T.);
#9892 = EDGE_LOOP('',(#9893,#9916,#9937,#9938));
#9893 = ORIENTED_EDGE('',*,*,#9894,.T.);
#9894 = EDGE_CURVE('',#3636,#9895,#9897,.T.);
#9895 = VERTEX_POINT('',#9896);
#9896 = CARTESIAN_POINT('',(24.837478841146,8.190006256104,19.8));
#9897 = SURFACE_CURVE('',#9898,(#9902,#9909),.PCURVE_S1.);
#9898 = LINE('',#9899,#9900);
#9899 = CARTESIAN_POINT('',(24.837478841146,8.190006256104,20.3));
#9900 = VECTOR('',#9901,1.);
#9901 = DIRECTION('',(-0.,-0.,-1.));
#9902 = PCURVE('',#3681,#9903);
#9903 = DEFINITIONAL_REPRESENTATION('',(#9904),#9908);
#9904 = LINE('',#9905,#9906);
#9905 = CARTESIAN_POINT('',(0.,0.));
#9906 = VECTOR('',#9907,1.);
#9907 = DIRECTION('',(0.,-1.));
#9908 = ( GEOMETRIC_REPRESENTATION_CONTEXT(2) 
PARAMETRIC_REPRESENTATION_CONTEXT() REPRESENTATION_CONTEXT('2D SPACE',''
  ) );
#9909 = PCURVE('',#3651,#9910);
#9910 = DEFINITIONAL_REPRESENTATION('',(#9911),#9915);
#9911 = LINE('',#9912,#9913);
#9912 = CARTESIAN_POINT('',(1.,0.));
#9913 = VECTOR('',#9914,1.);
#9914 = DIRECTION('',(0.,-1.));
#9915 = ( GEOMETRIC_REPRESENTATION_CONTEXT(2) 
PARAMETRIC_REPRESENTATION_CONTEXT() REPRESENTATION_CONTEXT('2D SPACE',''
  ) );
#9916 = ORIENTED_EDGE('',*,*,#9917,.T.);
#9917 = EDGE_CURVE('',#9895,#9846,#9918,.T.);
#9918 = SURFACE_CURVE('',#9919,(#9923,#9930),.PCURVE_S1.);
#9919 = LINE('',#9920,#9921);
#9920 = CARTESIAN_POINT('',(24.837478841146,8.190006256104,19.8));
#9921 = VECTOR('',#9922,1.);
#9922 = DIRECTION('',(0.972934770629,-0.231079925788,0.));
#9923 = PCURVE('',#3681,#9924);
#9924 = DEFINITIONAL_REPRESENTATION('',(#9925),#9929);
#9925 = LINE('',#9926,#9927);
#9926 = CARTESIAN_POINT('',(0.,-0.5));
#9927 = VECTOR('',#9928,1.);
#9928 = DIRECTION('',(1.,0.));
#9929 = ( GEOMETRIC_REPRESENTATION_CONTEXT(2) 
PARAMETRIC_REPRESENTATION_CONTEXT() REPRESENTATION_CONTEXT('2D SPACE',''
  ) );
#9930 = PCURVE('',#9661,#9931);
#9931 = DEFINITIONAL_REPRESENTATION('',(#9932),#9936);
#9932 = LINE('',#9933,#9934);
#9933 = CARTESIAN_POINT('',(1.154996744792,1.540006510417));
#9934 = VECTOR('',#9935,1.);
#9935 = DIRECTION('',(0.972934770629,-0.231079925788));
#9936 = ( GEOMETRIC_REPRESENTATION_CONTEXT(2) 
PARAMETRIC_REPRESENTATION_CONTEXT() REPRESENTATION_CONTEXT('2D SPACE',''
  ) );
#9937 = ORIENTED_EDGE('',*,*,#9845,.F.);
#9938 = ORIENTED_EDGE('',*,*,#3665,.F.);
#9939 = ADVANCED_FACE('',(#9940),#3651,.T.);
#9940 = FACE_BOUND('',#9941,.T.);
#9941 = EDGE_LOOP('',(#9942,#9965,#9986,#9987));
#9942 = ORIENTED_EDGE('',*,*,#9943,.T.);
#9943 = EDGE_CURVE('',#3606,#9944,#9946,.T.);
#9944 = VERTEX_POINT('',#9945);
#9945 = CARTESIAN_POINT('',(24.467483723958,8.337499745687,19.8));
#9946 = SURFACE_CURVE('',#9947,(#9951,#9958),.PCURVE_S1.);
#9947 = LINE('',#9948,#9949);
#9948 = CARTESIAN_POINT('',(24.467483723958,8.337499745687,20.3));
#9949 = VECTOR('',#9950,1.);
#9950 = DIRECTION('',(-0.,-0.,-1.));
#9951 = PCURVE('',#3651,#9952);
#9952 = DEFINITIONAL_REPRESENTATION('',(#9953),#9957);
#9953 = LINE('',#9954,#9955);
#9954 = CARTESIAN_POINT('',(0.,0.));
#9955 = VECTOR('',#9956,1.);
#9956 = DIRECTION('',(0.,-1.));
#9957 = ( GEOMETRIC_REPRESENTATION_CONTEXT(2) 
PARAMETRIC_REPRESENTATION_CONTEXT() REPRESENTATION_CONTEXT('2D SPACE',''
  ) );
#9958 = PCURVE('',#3621,#9959);
#9959 = DEFINITIONAL_REPRESENTATION('',(#9960),#9964);
#9960 = LINE('',#9961,#9962);
#9961 = CARTESIAN_POINT('',(1.,0.));
#9962 = VECTOR('',#9963,1.);
#9963 = DIRECTION('',(0.,-1.));
#9964 = ( GEOMETRIC_REPRESENTATION_CONTEXT(2) 
PARAMETRIC_REPRESENTATION_CONTEXT() REPRESENTATION_CONTEXT('2D SPACE',''
  ) );
#9965 = ORIENTED_EDGE('',*,*,#9966,.T.);
#9966 = EDGE_CURVE('',#9944,#9895,#9967,.T.);
#9967 = SURFACE_CURVE('',#9968,(#9972,#9979),.PCURVE_S1.);
#9968 = B_SPLINE_CURVE_WITH_KNOTS('',2,(#9969,#9970,#9971),
  .UNSPECIFIED.,.F.,.F.,(3,3),(0.,1.),.PIECEWISE_BEZIER_KNOTS.);
#9969 = CARTESIAN_POINT('',(24.467483723958,8.337499745687,19.8));
#9970 = CARTESIAN_POINT('',(24.582482096354,8.249999745687,19.8));
#9971 = CARTESIAN_POINT('',(24.837478841146,8.190006256104,19.8));
#9972 = PCURVE('',#3651,#9973);
#9973 = DEFINITIONAL_REPRESENTATION('',(#9974),#9978);
#9974 = LINE('',#9975,#9976);
#9975 = CARTESIAN_POINT('',(0.,-0.5));
#9976 = VECTOR('',#9977,1.);
#9977 = DIRECTION('',(1.,0.));
#9978 = ( GEOMETRIC_REPRESENTATION_CONTEXT(2) 
PARAMETRIC_REPRESENTATION_CONTEXT() REPRESENTATION_CONTEXT('2D SPACE',''
  ) );
#9979 = PCURVE('',#9661,#9980);
#9980 = DEFINITIONAL_REPRESENTATION('',(#9981),#9985);
#9981 = B_SPLINE_CURVE_WITH_KNOTS('',2,(#9982,#9983,#9984),
  .UNSPECIFIED.,.F.,.F.,(3,3),(0.,1.),.PIECEWISE_BEZIER_KNOTS.);
#9982 = CARTESIAN_POINT('',(0.785001627604,1.6875));
#9983 = CARTESIAN_POINT('',(0.9,1.6));
#9984 = CARTESIAN_POINT('',(1.154996744792,1.540006510417));
#9985 = ( GEOMETRIC_REPRESENTATION_CONTEXT(2) 
PARAMETRIC_REPRESENTATION_CONTEXT() REPRESENTATION_CONTEXT('2D SPACE',''
  ) );
#9986 = ORIENTED_EDGE('',*,*,#9894,.F.);
#9987 = ORIENTED_EDGE('',*,*,#3635,.F.);
#9988 = ADVANCED_FACE('',(#9989),#3621,.T.);
#9989 = FACE_BOUND('',#9990,.T.);
#9990 = EDGE_LOOP('',(#9991,#10014,#10035,#10036));
#9991 = ORIENTED_EDGE('',*,*,#9992,.T.);
#9992 = EDGE_CURVE('',#3576,#9993,#9995,.T.);
#9993 = VERTEX_POINT('',#9994);
#9994 = CARTESIAN_POINT('',(24.352485351562,8.565006256104,19.8));
#9995 = SURFACE_CURVE('',#9996,(#10000,#10007),.PCURVE_S1.);
#9996 = LINE('',#9997,#9998);
#9997 = CARTESIAN_POINT('',(24.352485351562,8.565006256104,20.3));
#9998 = VECTOR('',#9999,1.);
#9999 = DIRECTION('',(-0.,-0.,-1.));
#10000 = PCURVE('',#3621,#10001);
#10001 = DEFINITIONAL_REPRESENTATION('',(#10002),#10006);
#10002 = LINE('',#10003,#10004);
#10003 = CARTESIAN_POINT('',(0.,0.));
#10004 = VECTOR('',#10005,1.);
#10005 = DIRECTION('',(0.,-1.));
#10006 = ( GEOMETRIC_REPRESENTATION_CONTEXT(2) 
PARAMETRIC_REPRESENTATION_CONTEXT() REPRESENTATION_CONTEXT('2D SPACE',''
  ) );
#10007 = PCURVE('',#3591,#10008);
#10008 = DEFINITIONAL_REPRESENTATION('',(#10009),#10013);
#10009 = LINE('',#10010,#10011);
#10010 = CARTESIAN_POINT('',(1.,0.));
#10011 = VECTOR('',#10012,1.);
#10012 = DIRECTION('',(0.,-1.));
#10013 = ( GEOMETRIC_REPRESENTATION_CONTEXT(2) 
PARAMETRIC_REPRESENTATION_CONTEXT() REPRESENTATION_CONTEXT('2D SPACE',''
  ) );
#10014 = ORIENTED_EDGE('',*,*,#10015,.T.);
#10015 = EDGE_CURVE('',#9993,#9944,#10016,.T.);
#10016 = SURFACE_CURVE('',#10017,(#10021,#10028),.PCURVE_S1.);
#10017 = B_SPLINE_CURVE_WITH_KNOTS('',2,(#10018,#10019,#10020),
  .UNSPECIFIED.,.F.,.F.,(3,3),(0.,1.),.PIECEWISE_BEZIER_KNOTS.);
#10018 = CARTESIAN_POINT('',(24.352485351562,8.565006256104,19.8));
#10019 = CARTESIAN_POINT('',(24.352485351562,8.424999745687,19.8));
#10020 = CARTESIAN_POINT('',(24.467483723958,8.337499745687,19.8));
#10021 = PCURVE('',#3621,#10022);
#10022 = DEFINITIONAL_REPRESENTATION('',(#10023),#10027);
#10023 = LINE('',#10024,#10025);
#10024 = CARTESIAN_POINT('',(0.,-0.5));
#10025 = VECTOR('',#10026,1.);
#10026 = DIRECTION('',(1.,0.));
#10027 = ( GEOMETRIC_REPRESENTATION_CONTEXT(2) 
PARAMETRIC_REPRESENTATION_CONTEXT() REPRESENTATION_CONTEXT('2D SPACE',''
  ) );
#10028 = PCURVE('',#9661,#10029);
#10029 = DEFINITIONAL_REPRESENTATION('',(#10030),#10034);
#10030 = B_SPLINE_CURVE_WITH_KNOTS('',2,(#10031,#10032,#10033),
  .UNSPECIFIED.,.F.,.F.,(3,3),(0.,1.),.PIECEWISE_BEZIER_KNOTS.);
#10031 = CARTESIAN_POINT('',(0.670003255208,1.915006510417));
#10032 = CARTESIAN_POINT('',(0.670003255208,1.775));
#10033 = CARTESIAN_POINT('',(0.785001627604,1.6875));
#10034 = ( GEOMETRIC_REPRESENTATION_CONTEXT(2) 
PARAMETRIC_REPRESENTATION_CONTEXT() REPRESENTATION_CONTEXT('2D SPACE',''
  ) );
#10035 = ORIENTED_EDGE('',*,*,#9943,.F.);
#10036 = ORIENTED_EDGE('',*,*,#3605,.F.);
#10037 = ADVANCED_FACE('',(#10038),#3591,.T.);
#10038 = FACE_BOUND('',#10039,.T.);
#10039 = EDGE_LOOP('',(#10040,#10063,#10084,#10085));
#10040 = ORIENTED_EDGE('',*,*,#10041,.T.);
#10041 = EDGE_CURVE('',#3546,#10042,#10044,.T.);
#10042 = VERTEX_POINT('',#10043);
#10043 = CARTESIAN_POINT('',(24.502485351563,8.852498118083,19.8));
#10044 = SURFACE_CURVE('',#10045,(#10049,#10056),.PCURVE_S1.);
#10045 = LINE('',#10046,#10047);
#10046 = CARTESIAN_POINT('',(24.502485351562,8.852498118083,20.3));
#10047 = VECTOR('',#10048,1.);
#10048 = DIRECTION('',(-0.,-0.,-1.));
#10049 = PCURVE('',#3591,#10050);
#10050 = DEFINITIONAL_REPRESENTATION('',(#10051),#10055);
#10051 = LINE('',#10052,#10053);
#10052 = CARTESIAN_POINT('',(0.,0.));
#10053 = VECTOR('',#10054,1.);
#10054 = DIRECTION('',(0.,-1.));
#10055 = ( GEOMETRIC_REPRESENTATION_CONTEXT(2) 
PARAMETRIC_REPRESENTATION_CONTEXT() REPRESENTATION_CONTEXT('2D SPACE',''
  ) );
#10056 = PCURVE('',#3561,#10057);
#10057 = DEFINITIONAL_REPRESENTATION('',(#10058),#10062);
#10058 = LINE('',#10059,#10060);
#10059 = CARTESIAN_POINT('',(1.,0.));
#10060 = VECTOR('',#10061,1.);
#10061 = DIRECTION('',(0.,-1.));
#10062 = ( GEOMETRIC_REPRESENTATION_CONTEXT(2) 
PARAMETRIC_REPRESENTATION_CONTEXT() REPRESENTATION_CONTEXT('2D SPACE',''
  ) );
#10063 = ORIENTED_EDGE('',*,*,#10064,.T.);
#10064 = EDGE_CURVE('',#10042,#9993,#10065,.T.);
#10065 = SURFACE_CURVE('',#10066,(#10070,#10077),.PCURVE_S1.);
#10066 = B_SPLINE_CURVE_WITH_KNOTS('',2,(#10067,#10068,#10069),
  .UNSPECIFIED.,.F.,.F.,(3,3),(0.,1.),.PIECEWISE_BEZIER_KNOTS.);
#10067 = CARTESIAN_POINT('',(24.502485351563,8.852498118083,19.8));
#10068 = CARTESIAN_POINT('',(24.352485351562,8.745003000895,19.8));
#10069 = CARTESIAN_POINT('',(24.352485351562,8.565006256104,19.8));
#10070 = PCURVE('',#3591,#10071);
#10071 = DEFINITIONAL_REPRESENTATION('',(#10072),#10076);
#10072 = LINE('',#10073,#10074);
#10073 = CARTESIAN_POINT('',(0.,-0.5));
#10074 = VECTOR('',#10075,1.);
#10075 = DIRECTION('',(1.,0.));
#10076 = ( GEOMETRIC_REPRESENTATION_CONTEXT(2) 
PARAMETRIC_REPRESENTATION_CONTEXT() REPRESENTATION_CONTEXT('2D SPACE',''
  ) );
#10077 = PCURVE('',#9661,#10078);
#10078 = DEFINITIONAL_REPRESENTATION('',(#10079),#10083);
#10079 = B_SPLINE_CURVE_WITH_KNOTS('',2,(#10080,#10081,#10082),
  .UNSPECIFIED.,.F.,.F.,(3,3),(0.,1.),.PIECEWISE_BEZIER_KNOTS.);
#10080 = CARTESIAN_POINT('',(0.820003255208,2.202498372396));
#10081 = CARTESIAN_POINT('',(0.670003255208,2.095003255208));
#10082 = CARTESIAN_POINT('',(0.670003255208,1.915006510417));
#10083 = ( GEOMETRIC_REPRESENTATION_CONTEXT(2) 
PARAMETRIC_REPRESENTATION_CONTEXT() REPRESENTATION_CONTEXT('2D SPACE',''
  ) );
#10084 = ORIENTED_EDGE('',*,*,#9992,.F.);
#10085 = ORIENTED_EDGE('',*,*,#3575,.F.);
#10086 = ADVANCED_FACE('',(#10087),#3561,.T.);
#10087 = FACE_BOUND('',#10088,.T.);
#10088 = EDGE_LOOP('',(#10089,#10112,#10133,#10134));
#10089 = ORIENTED_EDGE('',*,*,#10090,.T.);
#10090 = EDGE_CURVE('',#3516,#10091,#10093,.T.);
#10091 = VERTEX_POINT('',#10092);
#10092 = CARTESIAN_POINT('',(24.907482096354,8.95999323527,19.8));
#10093 = SURFACE_CURVE('',#10094,(#10098,#10105),.PCURVE_S1.);
#10094 = LINE('',#10095,#10096);
#10095 = CARTESIAN_POINT('',(24.907482096354,8.95999323527,20.3));
#10096 = VECTOR('',#10097,1.);
#10097 = DIRECTION('',(-0.,-0.,-1.));
#10098 = PCURVE('',#3561,#10099);
#10099 = DEFINITIONAL_REPRESENTATION('',(#10100),#10104);
#10100 = LINE('',#10101,#10102);
#10101 = CARTESIAN_POINT('',(0.,0.));
#10102 = VECTOR('',#10103,1.);
#10103 = DIRECTION('',(0.,-1.));
#10104 = ( GEOMETRIC_REPRESENTATION_CONTEXT(2) 
PARAMETRIC_REPRESENTATION_CONTEXT() REPRESENTATION_CONTEXT('2D SPACE',''
  ) );
#10105 = PCURVE('',#3531,#10106);
#10106 = DEFINITIONAL_REPRESENTATION('',(#10107),#10111);
#10107 = LINE('',#10108,#10109);
#10108 = CARTESIAN_POINT('',(1.,0.));
#10109 = VECTOR('',#10110,1.);
#10110 = DIRECTION('',(0.,-1.));
#10111 = ( GEOMETRIC_REPRESENTATION_CONTEXT(2) 
PARAMETRIC_REPRESENTATION_CONTEXT() REPRESENTATION_CONTEXT('2D SPACE',''
  ) );
#10112 = ORIENTED_EDGE('',*,*,#10113,.T.);
#10113 = EDGE_CURVE('',#10091,#10042,#10114,.T.);
#10114 = SURFACE_CURVE('',#10115,(#10119,#10126),.PCURVE_S1.);
#10115 = B_SPLINE_CURVE_WITH_KNOTS('',2,(#10116,#10117,#10118),
  .UNSPECIFIED.,.F.,.F.,(3,3),(0.,1.),.PIECEWISE_BEZIER_KNOTS.);
#10116 = CARTESIAN_POINT('',(24.907482096354,8.95999323527,19.8));
#10117 = CARTESIAN_POINT('',(24.652485351563,8.95999323527,19.8));
#10118 = CARTESIAN_POINT('',(24.502485351563,8.852498118083,19.8));
#10119 = PCURVE('',#3561,#10120);
#10120 = DEFINITIONAL_REPRESENTATION('',(#10121),#10125);
#10121 = LINE('',#10122,#10123);
#10122 = CARTESIAN_POINT('',(0.,-0.5));
#10123 = VECTOR('',#10124,1.);
#10124 = DIRECTION('',(1.,0.));
#10125 = ( GEOMETRIC_REPRESENTATION_CONTEXT(2) 
PARAMETRIC_REPRESENTATION_CONTEXT() REPRESENTATION_CONTEXT('2D SPACE',''
  ) );
#10126 = PCURVE('',#9661,#10127);
#10127 = DEFINITIONAL_REPRESENTATION('',(#10128),#10132);
#10128 = B_SPLINE_CURVE_WITH_KNOTS('',2,(#10129,#10130,#10131),
  .UNSPECIFIED.,.F.,.F.,(3,3),(0.,1.),.PIECEWISE_BEZIER_KNOTS.);
#10129 = CARTESIAN_POINT('',(1.225,2.309993489583));
#10130 = CARTESIAN_POINT('',(0.970003255208,2.309993489583));
#10131 = CARTESIAN_POINT('',(0.820003255208,2.202498372396));
#10132 = ( GEOMETRIC_REPRESENTATION_CONTEXT(2) 
PARAMETRIC_REPRESENTATION_CONTEXT() REPRESENTATION_CONTEXT('2D SPACE',''
  ) );
#10133 = ORIENTED_EDGE('',*,*,#10041,.F.);
#10134 = ORIENTED_EDGE('',*,*,#3545,.F.);
#10135 = ADVANCED_FACE('',(#10136),#3531,.T.);
#10136 = FACE_BOUND('',#10137,.T.);
#10137 = EDGE_LOOP('',(#10138,#10161,#10182,#10183));
#10138 = ORIENTED_EDGE('',*,*,#10139,.T.);
#10139 = EDGE_CURVE('',#3488,#10140,#10142,.T.);
#10140 = VERTEX_POINT('',#10141);
#10141 = CARTESIAN_POINT('',(25.432482096354,8.540006256104,19.8));
#10142 = SURFACE_CURVE('',#10143,(#10147,#10154),.PCURVE_S1.);
#10143 = LINE('',#10144,#10145);
#10144 = CARTESIAN_POINT('',(25.432482096354,8.540006256104,20.3));
#10145 = VECTOR('',#10146,1.);
#10146 = DIRECTION('',(-0.,-0.,-1.));
#10147 = PCURVE('',#3531,#10148);
#10148 = DEFINITIONAL_REPRESENTATION('',(#10149),#10153);
#10149 = LINE('',#10150,#10151);
#10150 = CARTESIAN_POINT('',(0.,0.));
#10151 = VECTOR('',#10152,1.);
#10152 = DIRECTION('',(0.,-1.));
#10153 = ( GEOMETRIC_REPRESENTATION_CONTEXT(2) 
PARAMETRIC_REPRESENTATION_CONTEXT() REPRESENTATION_CONTEXT('2D SPACE',''
  ) );
#10154 = PCURVE('',#3503,#10155);
#10155 = DEFINITIONAL_REPRESENTATION('',(#10156),#10160);
#10156 = LINE('',#10157,#10158);
#10157 = CARTESIAN_POINT('',(0.440006510417,0.));
#10158 = VECTOR('',#10159,1.);
#10159 = DIRECTION('',(0.,-1.));
#10160 = ( GEOMETRIC_REPRESENTATION_CONTEXT(2) 
PARAMETRIC_REPRESENTATION_CONTEXT() REPRESENTATION_CONTEXT('2D SPACE',''
  ) );
#10161 = ORIENTED_EDGE('',*,*,#10162,.T.);
#10162 = EDGE_CURVE('',#10140,#10091,#10163,.T.);
#10163 = SURFACE_CURVE('',#10164,(#10168,#10175),.PCURVE_S1.);
#10164 = B_SPLINE_CURVE_WITH_KNOTS('',2,(#10165,#10166,#10167),
  .UNSPECIFIED.,.F.,.F.,(3,3),(0.,1.),.PIECEWISE_BEZIER_KNOTS.);
#10165 = CARTESIAN_POINT('',(25.432482096354,8.540006256104,19.8));
#10166 = CARTESIAN_POINT('',(25.417475585938,8.95999323527,19.8));
#10167 = CARTESIAN_POINT('',(24.907482096354,8.95999323527,19.8));
#10168 = PCURVE('',#3531,#10169);
#10169 = DEFINITIONAL_REPRESENTATION('',(#10170),#10174);
#10170 = LINE('',#10171,#10172);
#10171 = CARTESIAN_POINT('',(0.,-0.5));
#10172 = VECTOR('',#10173,1.);
#10173 = DIRECTION('',(1.,0.));
#10174 = ( GEOMETRIC_REPRESENTATION_CONTEXT(2) 
PARAMETRIC_REPRESENTATION_CONTEXT() REPRESENTATION_CONTEXT('2D SPACE',''
  ) );
#10175 = PCURVE('',#9661,#10176);
#10176 = DEFINITIONAL_REPRESENTATION('',(#10177),#10181);
#10177 = B_SPLINE_CURVE_WITH_KNOTS('',2,(#10178,#10179,#10180),
  .UNSPECIFIED.,.F.,.F.,(3,3),(0.,1.),.PIECEWISE_BEZIER_KNOTS.);
#10178 = CARTESIAN_POINT('',(1.75,1.890006510417));
#10179 = CARTESIAN_POINT('',(1.734993489583,2.309993489583));
#10180 = CARTESIAN_POINT('',(1.225,2.309993489583));
#10181 = ( GEOMETRIC_REPRESENTATION_CONTEXT(2) 
PARAMETRIC_REPRESENTATION_CONTEXT() REPRESENTATION_CONTEXT('2D SPACE',''
  ) );
#10182 = ORIENTED_EDGE('',*,*,#10090,.F.);
#10183 = ORIENTED_EDGE('',*,*,#3515,.F.);
#10184 = ADVANCED_FACE('',(#10185),#3503,.T.);
#10185 = FACE_BOUND('',#10186,.T.);
#10186 = EDGE_LOOP('',(#10187,#10210,#10231,#10232));
#10187 = ORIENTED_EDGE('',*,*,#10188,.T.);
#10188 = EDGE_CURVE('',#3458,#10189,#10191,.T.);
#10189 = VERTEX_POINT('',#10190);
#10190 = CARTESIAN_POINT('',(25.872488606771,8.540006256104,19.8));
#10191 = SURFACE_CURVE('',#10192,(#10196,#10203),.PCURVE_S1.);
#10192 = LINE('',#10193,#10194);
#10193 = CARTESIAN_POINT('',(25.872488606771,8.540006256104,20.3));
#10194 = VECTOR('',#10195,1.);
#10195 = DIRECTION('',(-0.,-0.,-1.));
#10196 = PCURVE('',#3503,#10197);
#10197 = DEFINITIONAL_REPRESENTATION('',(#10198),#10202);
#10198 = LINE('',#10199,#10200);
#10199 = CARTESIAN_POINT('',(0.,0.));
#10200 = VECTOR('',#10201,1.);
#10201 = DIRECTION('',(0.,-1.));
#10202 = ( GEOMETRIC_REPRESENTATION_CONTEXT(2) 
PARAMETRIC_REPRESENTATION_CONTEXT() REPRESENTATION_CONTEXT('2D SPACE',''
  ) );
#10203 = PCURVE('',#3473,#10204);
#10204 = DEFINITIONAL_REPRESENTATION('',(#10205),#10209);
#10205 = LINE('',#10206,#10207);
#10206 = CARTESIAN_POINT('',(1.,0.));
#10207 = VECTOR('',#10208,1.);
#10208 = DIRECTION('',(0.,-1.));
#10209 = ( GEOMETRIC_REPRESENTATION_CONTEXT(2) 
PARAMETRIC_REPRESENTATION_CONTEXT() REPRESENTATION_CONTEXT('2D SPACE',''
  ) );
#10210 = ORIENTED_EDGE('',*,*,#10211,.T.);
#10211 = EDGE_CURVE('',#10189,#10140,#10212,.T.);
#10212 = SURFACE_CURVE('',#10213,(#10217,#10224),.PCURVE_S1.);
#10213 = LINE('',#10214,#10215);
#10214 = CARTESIAN_POINT('',(25.872488606771,8.540006256104,19.8));
#10215 = VECTOR('',#10216,1.);
#10216 = DIRECTION('',(-1.,0.,0.));
#10217 = PCURVE('',#3503,#10218);
#10218 = DEFINITIONAL_REPRESENTATION('',(#10219),#10223);
#10219 = LINE('',#10220,#10221);
#10220 = CARTESIAN_POINT('',(0.,-0.5));
#10221 = VECTOR('',#10222,1.);
#10222 = DIRECTION('',(1.,0.));
#10223 = ( GEOMETRIC_REPRESENTATION_CONTEXT(2) 
PARAMETRIC_REPRESENTATION_CONTEXT() REPRESENTATION_CONTEXT('2D SPACE',''
  ) );
#10224 = PCURVE('',#9661,#10225);
#10225 = DEFINITIONAL_REPRESENTATION('',(#10226),#10230);
#10226 = LINE('',#10227,#10228);
#10227 = CARTESIAN_POINT('',(2.190006510417,1.890006510417));
#10228 = VECTOR('',#10229,1.);
#10229 = DIRECTION('',(-1.,0.));
#10230 = ( GEOMETRIC_REPRESENTATION_CONTEXT(2) 
PARAMETRIC_REPRESENTATION_CONTEXT() REPRESENTATION_CONTEXT('2D SPACE',''
  ) );
#10231 = ORIENTED_EDGE('',*,*,#10139,.F.);
#10232 = ORIENTED_EDGE('',*,*,#3487,.F.);
#10233 = ADVANCED_FACE('',(#10234),#3473,.T.);
#10234 = FACE_BOUND('',#10235,.T.);
#10235 = EDGE_LOOP('',(#10236,#10259,#10280,#10281));
#10236 = ORIENTED_EDGE('',*,*,#10237,.T.);
#10237 = EDGE_CURVE('',#3428,#10238,#10240,.T.);
#10238 = VERTEX_POINT('',#10239);
#10239 = CARTESIAN_POINT('',(25.62248046875,9.135001373291,19.8));
#10240 = SURFACE_CURVE('',#10241,(#10245,#10252),.PCURVE_S1.);
#10241 = LINE('',#10242,#10243);
#10242 = CARTESIAN_POINT('',(25.62248046875,9.135001373291,20.3));
#10243 = VECTOR('',#10244,1.);
#10244 = DIRECTION('',(-0.,-0.,-1.));
#10245 = PCURVE('',#3473,#10246);
#10246 = DEFINITIONAL_REPRESENTATION('',(#10247),#10251);
#10247 = LINE('',#10248,#10249);
#10248 = CARTESIAN_POINT('',(0.,0.));
#10249 = VECTOR('',#10250,1.);
#10250 = DIRECTION('',(0.,-1.));
#10251 = ( GEOMETRIC_REPRESENTATION_CONTEXT(2) 
PARAMETRIC_REPRESENTATION_CONTEXT() REPRESENTATION_CONTEXT('2D SPACE',''
  ) );
#10252 = PCURVE('',#3443,#10253);
#10253 = DEFINITIONAL_REPRESENTATION('',(#10254),#10258);
#10254 = LINE('',#10255,#10256);
#10255 = CARTESIAN_POINT('',(1.,0.));
#10256 = VECTOR('',#10257,1.);
#10257 = DIRECTION('',(0.,-1.));
#10258 = ( GEOMETRIC_REPRESENTATION_CONTEXT(2) 
PARAMETRIC_REPRESENTATION_CONTEXT() REPRESENTATION_CONTEXT('2D SPACE',''
  ) );
#10259 = ORIENTED_EDGE('',*,*,#10260,.T.);
#10260 = EDGE_CURVE('',#10238,#10189,#10261,.T.);
#10261 = SURFACE_CURVE('',#10262,(#10266,#10273),.PCURVE_S1.);
#10262 = B_SPLINE_CURVE_WITH_KNOTS('',2,(#10263,#10264,#10265),
  .UNSPECIFIED.,.F.,.F.,(3,3),(0.,1.),.PIECEWISE_BEZIER_KNOTS.);
#10263 = CARTESIAN_POINT('',(25.62248046875,9.135001373291,19.8));
#10264 = CARTESIAN_POINT('',(25.867475585938,8.924999745687,19.8));
#10265 = CARTESIAN_POINT('',(25.872488606771,8.540006256104,19.8));
#10266 = PCURVE('',#3473,#10267);
#10267 = DEFINITIONAL_REPRESENTATION('',(#10268),#10272);
#10268 = LINE('',#10269,#10270);
#10269 = CARTESIAN_POINT('',(0.,-0.5));
#10270 = VECTOR('',#10271,1.);
#10271 = DIRECTION('',(1.,0.));
#10272 = ( GEOMETRIC_REPRESENTATION_CONTEXT(2) 
PARAMETRIC_REPRESENTATION_CONTEXT() REPRESENTATION_CONTEXT('2D SPACE',''
  ) );
#10273 = PCURVE('',#9661,#10274);
#10274 = DEFINITIONAL_REPRESENTATION('',(#10275),#10279);
#10275 = B_SPLINE_CURVE_WITH_KNOTS('',2,(#10276,#10277,#10278),
  .UNSPECIFIED.,.F.,.F.,(3,3),(0.,1.),.PIECEWISE_BEZIER_KNOTS.);
#10276 = CARTESIAN_POINT('',(1.939998372396,2.485001627604));
#10277 = CARTESIAN_POINT('',(2.184993489583,2.275));
#10278 = CARTESIAN_POINT('',(2.190006510417,1.890006510417));
#10279 = ( GEOMETRIC_REPRESENTATION_CONTEXT(2) 
PARAMETRIC_REPRESENTATION_CONTEXT() REPRESENTATION_CONTEXT('2D SPACE',''
  ) );
#10280 = ORIENTED_EDGE('',*,*,#10188,.F.);
#10281 = ORIENTED_EDGE('',*,*,#3457,.F.);
#10282 = ADVANCED_FACE('',(#10283),#3443,.T.);
#10283 = FACE_BOUND('',#10284,.T.);
#10284 = EDGE_LOOP('',(#10285,#10308,#10329,#10330));
#10285 = ORIENTED_EDGE('',*,*,#10286,.T.);
#10286 = EDGE_CURVE('',#3398,#10287,#10289,.T.);
#10287 = VERTEX_POINT('',#10288);
#10288 = CARTESIAN_POINT('',(24.92248046875,9.345003000895,19.8));
#10289 = SURFACE_CURVE('',#10290,(#10294,#10301),.PCURVE_S1.);
#10290 = LINE('',#10291,#10292);
#10291 = CARTESIAN_POINT('',(24.92248046875,9.345003000895,20.3));
#10292 = VECTOR('',#10293,1.);
#10293 = DIRECTION('',(-0.,-0.,-1.));
#10294 = PCURVE('',#3443,#10295);
#10295 = DEFINITIONAL_REPRESENTATION('',(#10296),#10300);
#10296 = LINE('',#10297,#10298);
#10297 = CARTESIAN_POINT('',(0.,0.));
#10298 = VECTOR('',#10299,1.);
#10299 = DIRECTION('',(0.,-1.));
#10300 = ( GEOMETRIC_REPRESENTATION_CONTEXT(2) 
PARAMETRIC_REPRESENTATION_CONTEXT() REPRESENTATION_CONTEXT('2D SPACE',''
  ) );
#10301 = PCURVE('',#3413,#10302);
#10302 = DEFINITIONAL_REPRESENTATION('',(#10303),#10307);
#10303 = LINE('',#10304,#10305);
#10304 = CARTESIAN_POINT('',(1.,0.));
#10305 = VECTOR('',#10306,1.);
#10306 = DIRECTION('',(0.,-1.));
#10307 = ( GEOMETRIC_REPRESENTATION_CONTEXT(2) 
PARAMETRIC_REPRESENTATION_CONTEXT() REPRESENTATION_CONTEXT('2D SPACE',''
  ) );
#10308 = ORIENTED_EDGE('',*,*,#10309,.T.);
#10309 = EDGE_CURVE('',#10287,#10238,#10310,.T.);
#10310 = SURFACE_CURVE('',#10311,(#10315,#10322),.PCURVE_S1.);
#10311 = B_SPLINE_CURVE_WITH_KNOTS('',2,(#10312,#10313,#10314),
  .UNSPECIFIED.,.F.,.F.,(3,3),(0.,1.),.PIECEWISE_BEZIER_KNOTS.);
#10312 = CARTESIAN_POINT('',(24.92248046875,9.345003000895,19.8));
#10313 = CARTESIAN_POINT('',(25.377485351563,9.345003000895,19.8));
#10314 = CARTESIAN_POINT('',(25.62248046875,9.135001373291,19.8));
#10315 = PCURVE('',#3443,#10316);
#10316 = DEFINITIONAL_REPRESENTATION('',(#10317),#10321);
#10317 = LINE('',#10318,#10319);
#10318 = CARTESIAN_POINT('',(0.,-0.5));
#10319 = VECTOR('',#10320,1.);
#10320 = DIRECTION('',(1.,0.));
#10321 = ( GEOMETRIC_REPRESENTATION_CONTEXT(2) 
PARAMETRIC_REPRESENTATION_CONTEXT() REPRESENTATION_CONTEXT('2D SPACE',''
  ) );
#10322 = PCURVE('',#9661,#10323);
#10323 = DEFINITIONAL_REPRESENTATION('',(#10324),#10328);
#10324 = B_SPLINE_CURVE_WITH_KNOTS('',2,(#10325,#10326,#10327),
  .UNSPECIFIED.,.F.,.F.,(3,3),(0.,1.),.PIECEWISE_BEZIER_KNOTS.);
#10325 = CARTESIAN_POINT('',(1.239998372396,2.695003255208));
#10326 = CARTESIAN_POINT('',(1.695003255208,2.695003255208));
#10327 = CARTESIAN_POINT('',(1.939998372396,2.485001627604));
#10328 = ( GEOMETRIC_REPRESENTATION_CONTEXT(2) 
PARAMETRIC_REPRESENTATION_CONTEXT() REPRESENTATION_CONTEXT('2D SPACE',''
  ) );
#10329 = ORIENTED_EDGE('',*,*,#10237,.F.);
#10330 = ORIENTED_EDGE('',*,*,#3427,.F.);
#10331 = ADVANCED_FACE('',(#10332),#3413,.T.);
#10332 = FACE_BOUND('',#10333,.T.);
#10333 = EDGE_LOOP('',(#10334,#10357,#10378,#10379));
#10334 = ORIENTED_EDGE('',*,*,#10335,.T.);
#10335 = EDGE_CURVE('',#3368,#10336,#10338,.T.);
#10336 = VERTEX_POINT('',#10337);
#10337 = CARTESIAN_POINT('',(24.192475585938,9.127498118083,19.8));
#10338 = SURFACE_CURVE('',#10339,(#10343,#10350),.PCURVE_S1.);
#10339 = LINE('',#10340,#10341);
#10340 = CARTESIAN_POINT('',(24.192475585938,9.127498118083,20.3));
#10341 = VECTOR('',#10342,1.);
#10342 = DIRECTION('',(-0.,-0.,-1.));
#10343 = PCURVE('',#3413,#10344);
#10344 = DEFINITIONAL_REPRESENTATION('',(#10345),#10349);
#10345 = LINE('',#10346,#10347);
#10346 = CARTESIAN_POINT('',(0.,0.));
#10347 = VECTOR('',#10348,1.);
#10348 = DIRECTION('',(0.,-1.));
#10349 = ( GEOMETRIC_REPRESENTATION_CONTEXT(2) 
PARAMETRIC_REPRESENTATION_CONTEXT() REPRESENTATION_CONTEXT('2D SPACE',''
  ) );
#10350 = PCURVE('',#3383,#10351);
#10351 = DEFINITIONAL_REPRESENTATION('',(#10352),#10356);
#10352 = LINE('',#10353,#10354);
#10353 = CARTESIAN_POINT('',(1.,0.));
#10354 = VECTOR('',#10355,1.);
#10355 = DIRECTION('',(0.,-1.));
#10356 = ( GEOMETRIC_REPRESENTATION_CONTEXT(2) 
PARAMETRIC_REPRESENTATION_CONTEXT() REPRESENTATION_CONTEXT('2D SPACE',''
  ) );
#10357 = ORIENTED_EDGE('',*,*,#10358,.T.);
#10358 = EDGE_CURVE('',#10336,#10287,#10359,.T.);
#10359 = SURFACE_CURVE('',#10360,(#10364,#10371),.PCURVE_S1.);
#10360 = B_SPLINE_CURVE_WITH_KNOTS('',2,(#10361,#10362,#10363),
  .UNSPECIFIED.,.F.,.F.,(3,3),(0.,1.),.PIECEWISE_BEZIER_KNOTS.);
#10361 = CARTESIAN_POINT('',(24.192475585938,9.127498118083,19.8));
#10362 = CARTESIAN_POINT('',(24.467475585937,9.345003000895,19.8));
#10363 = CARTESIAN_POINT('',(24.92248046875,9.345003000895,19.8));
#10364 = PCURVE('',#3413,#10365);
#10365 = DEFINITIONAL_REPRESENTATION('',(#10366),#10370);
#10366 = LINE('',#10367,#10368);
#10367 = CARTESIAN_POINT('',(0.,-0.5));
#10368 = VECTOR('',#10369,1.);
#10369 = DIRECTION('',(1.,0.));
#10370 = ( GEOMETRIC_REPRESENTATION_CONTEXT(2) 
PARAMETRIC_REPRESENTATION_CONTEXT() REPRESENTATION_CONTEXT('2D SPACE',''
  ) );
#10371 = PCURVE('',#9661,#10372);
#10372 = DEFINITIONAL_REPRESENTATION('',(#10373),#10377);
#10373 = B_SPLINE_CURVE_WITH_KNOTS('',2,(#10374,#10375,#10376),
  .UNSPECIFIED.,.F.,.F.,(3,3),(0.,1.),.PIECEWISE_BEZIER_KNOTS.);
#10374 = CARTESIAN_POINT('',(0.509993489583,2.477498372396));
#10375 = CARTESIAN_POINT('',(0.784993489583,2.695003255208));
#10376 = CARTESIAN_POINT('',(1.239998372396,2.695003255208));
#10377 = ( GEOMETRIC_REPRESENTATION_CONTEXT(2) 
PARAMETRIC_REPRESENTATION_CONTEXT() REPRESENTATION_CONTEXT('2D SPACE',''
  ) );
#10378 = ORIENTED_EDGE('',*,*,#10286,.F.);
#10379 = ORIENTED_EDGE('',*,*,#3397,.F.);
#10380 = ADVANCED_FACE('',(#10381),#3383,.T.);
#10381 = FACE_BOUND('',#10382,.T.);
#10382 = EDGE_LOOP('',(#10383,#10406,#10427,#10428));
#10383 = ORIENTED_EDGE('',*,*,#10384,.T.);
#10384 = EDGE_CURVE('',#3338,#10385,#10387,.T.);
#10385 = VERTEX_POINT('',#10386);
#10386 = CARTESIAN_POINT('',(23.917475585938,8.545003000895,19.8));
#10387 = SURFACE_CURVE('',#10388,(#10392,#10399),.PCURVE_S1.);
#10388 = LINE('',#10389,#10390);
#10389 = CARTESIAN_POINT('',(23.917475585937,8.545003000895,20.3));
#10390 = VECTOR('',#10391,1.);
#10391 = DIRECTION('',(-0.,-0.,-1.));
#10392 = PCURVE('',#3383,#10393);
#10393 = DEFINITIONAL_REPRESENTATION('',(#10394),#10398);
#10394 = LINE('',#10395,#10396);
#10395 = CARTESIAN_POINT('',(0.,0.));
#10396 = VECTOR('',#10397,1.);
#10397 = DIRECTION('',(0.,-1.));
#10398 = ( GEOMETRIC_REPRESENTATION_CONTEXT(2) 
PARAMETRIC_REPRESENTATION_CONTEXT() REPRESENTATION_CONTEXT('2D SPACE',''
  ) );
#10399 = PCURVE('',#3353,#10400);
#10400 = DEFINITIONAL_REPRESENTATION('',(#10401),#10405);
#10401 = LINE('',#10402,#10403);
#10402 = CARTESIAN_POINT('',(1.,0.));
#10403 = VECTOR('',#10404,1.);
#10404 = DIRECTION('',(0.,-1.));
#10405 = ( GEOMETRIC_REPRESENTATION_CONTEXT(2) 
PARAMETRIC_REPRESENTATION_CONTEXT() REPRESENTATION_CONTEXT('2D SPACE',''
  ) );
#10406 = ORIENTED_EDGE('',*,*,#10407,.T.);
#10407 = EDGE_CURVE('',#10385,#10336,#10408,.T.);
#10408 = SURFACE_CURVE('',#10409,(#10413,#10420),.PCURVE_S1.);
#10409 = B_SPLINE_CURVE_WITH_KNOTS('',2,(#10410,#10411,#10412),
  .UNSPECIFIED.,.F.,.F.,(3,3),(0.,1.),.PIECEWISE_BEZIER_KNOTS.);
#10410 = CARTESIAN_POINT('',(23.917475585938,8.545003000895,19.8));
#10411 = CARTESIAN_POINT('',(23.917475585938,8.90999323527,19.8));
#10412 = CARTESIAN_POINT('',(24.192475585938,9.127498118083,19.8));
#10413 = PCURVE('',#3383,#10414);
#10414 = DEFINITIONAL_REPRESENTATION('',(#10415),#10419);
#10415 = LINE('',#10416,#10417);
#10416 = CARTESIAN_POINT('',(0.,-0.5));
#10417 = VECTOR('',#10418,1.);
#10418 = DIRECTION('',(1.,0.));
#10419 = ( GEOMETRIC_REPRESENTATION_CONTEXT(2) 
PARAMETRIC_REPRESENTATION_CONTEXT() REPRESENTATION_CONTEXT('2D SPACE',''
  ) );
#10420 = PCURVE('',#9661,#10421);
#10421 = DEFINITIONAL_REPRESENTATION('',(#10422),#10426);
#10422 = B_SPLINE_CURVE_WITH_KNOTS('',2,(#10423,#10424,#10425),
  .UNSPECIFIED.,.F.,.F.,(3,3),(0.,1.),.PIECEWISE_BEZIER_KNOTS.);
#10423 = CARTESIAN_POINT('',(0.234993489583,1.895003255208));
#10424 = CARTESIAN_POINT('',(0.234993489583,2.259993489583));
#10425 = CARTESIAN_POINT('',(0.509993489583,2.477498372396));
#10426 = ( GEOMETRIC_REPRESENTATION_CONTEXT(2) 
PARAMETRIC_REPRESENTATION_CONTEXT() REPRESENTATION_CONTEXT('2D SPACE',''
  ) );
#10427 = ORIENTED_EDGE('',*,*,#10335,.F.);
#10428 = ORIENTED_EDGE('',*,*,#3367,.F.);
#10429 = ADVANCED_FACE('',(#10430),#3353,.T.);
#10430 = FACE_BOUND('',#10431,.T.);
#10431 = EDGE_LOOP('',(#10432,#10455,#10476,#10477));
#10432 = ORIENTED_EDGE('',*,*,#10433,.T.);
#10433 = EDGE_CURVE('',#3308,#10434,#10436,.T.);
#10434 = VERTEX_POINT('',#10435);
#10435 = CARTESIAN_POINT('',(24.099978841146,8.067496490479,19.8));
#10436 = SURFACE_CURVE('',#10437,(#10441,#10448),.PCURVE_S1.);
#10437 = LINE('',#10438,#10439);
#10438 = CARTESIAN_POINT('',(24.099978841146,8.067496490479,20.3));
#10439 = VECTOR('',#10440,1.);
#10440 = DIRECTION('',(-0.,-0.,-1.));
#10441 = PCURVE('',#3353,#10442);
#10442 = DEFINITIONAL_REPRESENTATION('',(#10443),#10447);
#10443 = LINE('',#10444,#10445);
#10444 = CARTESIAN_POINT('',(0.,0.));
#10445 = VECTOR('',#10446,1.);
#10446 = DIRECTION('',(0.,-1.));
#10447 = ( GEOMETRIC_REPRESENTATION_CONTEXT(2) 
PARAMETRIC_REPRESENTATION_CONTEXT() REPRESENTATION_CONTEXT('2D SPACE',''
  ) );
#10448 = PCURVE('',#3323,#10449);
#10449 = DEFINITIONAL_REPRESENTATION('',(#10450),#10454);
#10450 = LINE('',#10451,#10452);
#10451 = CARTESIAN_POINT('',(1.,0.));
#10452 = VECTOR('',#10453,1.);
#10453 = DIRECTION('',(0.,-1.));
#10454 = ( GEOMETRIC_REPRESENTATION_CONTEXT(2) 
PARAMETRIC_REPRESENTATION_CONTEXT() REPRESENTATION_CONTEXT('2D SPACE',''
  ) );
#10455 = ORIENTED_EDGE('',*,*,#10456,.T.);
#10456 = EDGE_CURVE('',#10434,#10385,#10457,.T.);
#10457 = SURFACE_CURVE('',#10458,(#10462,#10469),.PCURVE_S1.);
#10458 = B_SPLINE_CURVE_WITH_KNOTS('',2,(#10459,#10460,#10461),
  .UNSPECIFIED.,.F.,.F.,(3,3),(0.,1.),.PIECEWISE_BEZIER_KNOTS.);
#10459 = CARTESIAN_POINT('',(24.099978841146,8.067496490479,19.8));
#10460 = CARTESIAN_POINT('',(23.917475585938,8.23499323527,19.8));
#10461 = CARTESIAN_POINT('',(23.917475585938,8.545003000895,19.8));
#10462 = PCURVE('',#3353,#10463);
#10463 = DEFINITIONAL_REPRESENTATION('',(#10464),#10468);
#10464 = LINE('',#10465,#10466);
#10465 = CARTESIAN_POINT('',(0.,-0.5));
#10466 = VECTOR('',#10467,1.);
#10467 = DIRECTION('',(1.,0.));
#10468 = ( GEOMETRIC_REPRESENTATION_CONTEXT(2) 
PARAMETRIC_REPRESENTATION_CONTEXT() REPRESENTATION_CONTEXT('2D SPACE',''
  ) );
#10469 = PCURVE('',#9661,#10470);
#10470 = DEFINITIONAL_REPRESENTATION('',(#10471),#10475);
#10471 = B_SPLINE_CURVE_WITH_KNOTS('',2,(#10472,#10473,#10474),
  .UNSPECIFIED.,.F.,.F.,(3,3),(0.,1.),.PIECEWISE_BEZIER_KNOTS.);
#10472 = CARTESIAN_POINT('',(0.417496744792,1.417496744792));
#10473 = CARTESIAN_POINT('',(0.234993489583,1.584993489583));
#10474 = CARTESIAN_POINT('',(0.234993489583,1.895003255208));
#10475 = ( GEOMETRIC_REPRESENTATION_CONTEXT(2) 
PARAMETRIC_REPRESENTATION_CONTEXT() REPRESENTATION_CONTEXT('2D SPACE',''
  ) );
#10476 = ORIENTED_EDGE('',*,*,#10384,.F.);
#10477 = ORIENTED_EDGE('',*,*,#3337,.F.);
#10478 = ADVANCED_FACE('',(#10479),#3323,.T.);
#10479 = FACE_BOUND('',#10480,.T.);
#10480 = EDGE_LOOP('',(#10481,#10504,#10525,#10526));
#10481 = ORIENTED_EDGE('',*,*,#10482,.T.);
#10482 = EDGE_CURVE('',#3280,#10483,#10485,.T.);
#10483 = VERTEX_POINT('',#10484);
#10484 = CARTESIAN_POINT('',(24.747488606771,7.790006256104,19.8));
#10485 = SURFACE_CURVE('',#10486,(#10490,#10497),.PCURVE_S1.);
#10486 = LINE('',#10487,#10488);
#10487 = CARTESIAN_POINT('',(24.747488606771,7.790006256104,20.3));
#10488 = VECTOR('',#10489,1.);
#10489 = DIRECTION('',(-0.,-0.,-1.));
#10490 = PCURVE('',#3323,#10491);
#10491 = DEFINITIONAL_REPRESENTATION('',(#10492),#10496);
#10492 = LINE('',#10493,#10494);
#10493 = CARTESIAN_POINT('',(0.,0.));
#10494 = VECTOR('',#10495,1.);
#10495 = DIRECTION('',(0.,-1.));
#10496 = ( GEOMETRIC_REPRESENTATION_CONTEXT(2) 
PARAMETRIC_REPRESENTATION_CONTEXT() REPRESENTATION_CONTEXT('2D SPACE',''
  ) );
#10497 = PCURVE('',#3295,#10498);
#10498 = DEFINITIONAL_REPRESENTATION('',(#10499),#10503);
#10499 = LINE('',#10500,#10501);
#10500 = CARTESIAN_POINT('',(0.401395068988,0.));
#10501 = VECTOR('',#10502,1.);
#10502 = DIRECTION('',(0.,-1.));
#10503 = ( GEOMETRIC_REPRESENTATION_CONTEXT(2) 
PARAMETRIC_REPRESENTATION_CONTEXT() REPRESENTATION_CONTEXT('2D SPACE',''
  ) );
#10504 = ORIENTED_EDGE('',*,*,#10505,.T.);
#10505 = EDGE_CURVE('',#10483,#10434,#10506,.T.);
#10506 = SURFACE_CURVE('',#10507,(#10511,#10518),.PCURVE_S1.);
#10507 = B_SPLINE_CURVE_WITH_KNOTS('',2,(#10508,#10509,#10510),
  .UNSPECIFIED.,.F.,.F.,(3,3),(0.,1.),.PIECEWISE_BEZIER_KNOTS.);
#10508 = CARTESIAN_POINT('',(24.747488606771,7.790006256104,19.8));
#10509 = CARTESIAN_POINT('',(24.282482096354,7.899999745687,19.8));
#10510 = CARTESIAN_POINT('',(24.099978841146,8.067496490479,19.8));
#10511 = PCURVE('',#3323,#10512);
#10512 = DEFINITIONAL_REPRESENTATION('',(#10513),#10517);
#10513 = LINE('',#10514,#10515);
#10514 = CARTESIAN_POINT('',(0.,-0.5));
#10515 = VECTOR('',#10516,1.);
#10516 = DIRECTION('',(1.,0.));
#10517 = ( GEOMETRIC_REPRESENTATION_CONTEXT(2) 
PARAMETRIC_REPRESENTATION_CONTEXT() REPRESENTATION_CONTEXT('2D SPACE',''
  ) );
#10518 = PCURVE('',#9661,#10519);
#10519 = DEFINITIONAL_REPRESENTATION('',(#10520),#10524);
#10520 = B_SPLINE_CURVE_WITH_KNOTS('',2,(#10521,#10522,#10523),
  .UNSPECIFIED.,.F.,.F.,(3,3),(0.,1.),.PIECEWISE_BEZIER_KNOTS.);
#10521 = CARTESIAN_POINT('',(1.065006510417,1.140006510417));
#10522 = CARTESIAN_POINT('',(0.6,1.25));
#10523 = CARTESIAN_POINT('',(0.417496744792,1.417496744792));
#10524 = ( GEOMETRIC_REPRESENTATION_CONTEXT(2) 
PARAMETRIC_REPRESENTATION_CONTEXT() REPRESENTATION_CONTEXT('2D SPACE',''
  ) );
#10525 = ORIENTED_EDGE('',*,*,#10433,.F.);
#10526 = ORIENTED_EDGE('',*,*,#3307,.F.);
#10527 = ADVANCED_FACE('',(#10528),#3295,.T.);
#10528 = FACE_BOUND('',#10529,.T.);
#10529 = EDGE_LOOP('',(#10530,#10553,#10574,#10575));
#10530 = ORIENTED_EDGE('',*,*,#10531,.T.);
#10531 = EDGE_CURVE('',#3250,#10532,#10534,.T.);
#10532 = VERTEX_POINT('',#10533);
#10533 = CARTESIAN_POINT('',(25.137478841146,7.695003000895,19.8));
#10534 = SURFACE_CURVE('',#10535,(#10539,#10546),.PCURVE_S1.);
#10535 = LINE('',#10536,#10537);
#10536 = CARTESIAN_POINT('',(25.137478841146,7.695003000895,20.3));
#10537 = VECTOR('',#10538,1.);
#10538 = DIRECTION('',(-0.,-0.,-1.));
#10539 = PCURVE('',#3295,#10540);
#10540 = DEFINITIONAL_REPRESENTATION('',(#10541),#10545);
#10541 = LINE('',#10542,#10543);
#10542 = CARTESIAN_POINT('',(0.,0.));
#10543 = VECTOR('',#10544,1.);
#10544 = DIRECTION('',(0.,-1.));
#10545 = ( GEOMETRIC_REPRESENTATION_CONTEXT(2) 
PARAMETRIC_REPRESENTATION_CONTEXT() REPRESENTATION_CONTEXT('2D SPACE',''
  ) );
#10546 = PCURVE('',#3265,#10547);
#10547 = DEFINITIONAL_REPRESENTATION('',(#10548),#10552);
#10548 = LINE('',#10549,#10550);
#10549 = CARTESIAN_POINT('',(1.,0.));
#10550 = VECTOR('',#10551,1.);
#10551 = DIRECTION('',(0.,-1.));
#10552 = ( GEOMETRIC_REPRESENTATION_CONTEXT(2) 
PARAMETRIC_REPRESENTATION_CONTEXT() REPRESENTATION_CONTEXT('2D SPACE',''
  ) );
#10553 = ORIENTED_EDGE('',*,*,#10554,.T.);
#10554 = EDGE_CURVE('',#10532,#10483,#10555,.T.);
#10555 = SURFACE_CURVE('',#10556,(#10560,#10567),.PCURVE_S1.);
#10556 = LINE('',#10557,#10558);
#10557 = CARTESIAN_POINT('',(25.137478841146,7.695003000895,19.8));
#10558 = VECTOR('',#10559,1.);
#10559 = DIRECTION('',(-0.971587008675,0.236682666401,0.));
#10560 = PCURVE('',#3295,#10561);
#10561 = DEFINITIONAL_REPRESENTATION('',(#10562),#10566);
#10562 = LINE('',#10563,#10564);
#10563 = CARTESIAN_POINT('',(0.,-0.5));
#10564 = VECTOR('',#10565,1.);
#10565 = DIRECTION('',(1.,0.));
#10566 = ( GEOMETRIC_REPRESENTATION_CONTEXT(2) 
PARAMETRIC_REPRESENTATION_CONTEXT() REPRESENTATION_CONTEXT('2D SPACE',''
  ) );
#10567 = PCURVE('',#9661,#10568);
#10568 = DEFINITIONAL_REPRESENTATION('',(#10569),#10573);
#10569 = LINE('',#10570,#10571);
#10570 = CARTESIAN_POINT('',(1.454996744792,1.045003255208));
#10571 = VECTOR('',#10572,1.);
#10572 = DIRECTION('',(-0.971587008675,0.236682666401));
#10573 = ( GEOMETRIC_REPRESENTATION_CONTEXT(2) 
PARAMETRIC_REPRESENTATION_CONTEXT() REPRESENTATION_CONTEXT('2D SPACE',''
  ) );
#10574 = ORIENTED_EDGE('',*,*,#10482,.F.);
#10575 = ORIENTED_EDGE('',*,*,#3279,.F.);
#10576 = ADVANCED_FACE('',(#10577),#3265,.T.);
#10577 = FACE_BOUND('',#10578,.T.);
#10578 = EDGE_LOOP('',(#10579,#10602,#10623,#10624));
#10579 = ORIENTED_EDGE('',*,*,#10580,.T.);
#10580 = EDGE_CURVE('',#3220,#10581,#10583,.T.);
#10581 = VERTEX_POINT('',#10582);
#10582 = CARTESIAN_POINT('',(25.44748046875,7.560001373291,19.8));
#10583 = SURFACE_CURVE('',#10584,(#10588,#10595),.PCURVE_S1.);
#10584 = LINE('',#10585,#10586);
#10585 = CARTESIAN_POINT('',(25.44748046875,7.560001373291,20.3));
#10586 = VECTOR('',#10587,1.);
#10587 = DIRECTION('',(-0.,-0.,-1.));
#10588 = PCURVE('',#3265,#10589);
#10589 = DEFINITIONAL_REPRESENTATION('',(#10590),#10594);
#10590 = LINE('',#10591,#10592);
#10591 = CARTESIAN_POINT('',(0.,0.));
#10592 = VECTOR('',#10593,1.);
#10593 = DIRECTION('',(0.,-1.));
#10594 = ( GEOMETRIC_REPRESENTATION_CONTEXT(2) 
PARAMETRIC_REPRESENTATION_CONTEXT() REPRESENTATION_CONTEXT('2D SPACE',''
  ) );
#10595 = PCURVE('',#3235,#10596);
#10596 = DEFINITIONAL_REPRESENTATION('',(#10597),#10601);
#10597 = LINE('',#10598,#10599);
#10598 = CARTESIAN_POINT('',(1.,0.));
#10599 = VECTOR('',#10600,1.);
#10600 = DIRECTION('',(0.,-1.));
#10601 = ( GEOMETRIC_REPRESENTATION_CONTEXT(2) 
PARAMETRIC_REPRESENTATION_CONTEXT() REPRESENTATION_CONTEXT('2D SPACE',''
  ) );
#10602 = ORIENTED_EDGE('',*,*,#10603,.T.);
#10603 = EDGE_CURVE('',#10581,#10532,#10604,.T.);
#10604 = SURFACE_CURVE('',#10605,(#10609,#10616),.PCURVE_S1.);
#10605 = B_SPLINE_CURVE_WITH_KNOTS('',2,(#10606,#10607,#10608),
  .UNSPECIFIED.,.F.,.F.,(3,3),(0.,1.),.PIECEWISE_BEZIER_KNOTS.);
#10606 = CARTESIAN_POINT('',(25.44748046875,7.560001373291,19.8));
#10607 = CARTESIAN_POINT('',(25.352485351562,7.645003000895,19.8));
#10608 = CARTESIAN_POINT('',(25.137478841146,7.695003000895,19.8));
#10609 = PCURVE('',#3265,#10610);
#10610 = DEFINITIONAL_REPRESENTATION('',(#10611),#10615);
#10611 = LINE('',#10612,#10613);
#10612 = CARTESIAN_POINT('',(0.,-0.5));
#10613 = VECTOR('',#10614,1.);
#10614 = DIRECTION('',(1.,0.));
#10615 = ( GEOMETRIC_REPRESENTATION_CONTEXT(2) 
PARAMETRIC_REPRESENTATION_CONTEXT() REPRESENTATION_CONTEXT('2D SPACE',''
  ) );
#10616 = PCURVE('',#9661,#10617);
#10617 = DEFINITIONAL_REPRESENTATION('',(#10618),#10622);
#10618 = B_SPLINE_CURVE_WITH_KNOTS('',2,(#10619,#10620,#10621),
  .UNSPECIFIED.,.F.,.F.,(3,3),(0.,1.),.PIECEWISE_BEZIER_KNOTS.);
#10619 = CARTESIAN_POINT('',(1.764998372396,0.910001627604));
#10620 = CARTESIAN_POINT('',(1.670003255208,0.995003255208));
#10621 = CARTESIAN_POINT('',(1.454996744792,1.045003255208));
#10622 = ( GEOMETRIC_REPRESENTATION_CONTEXT(2) 
PARAMETRIC_REPRESENTATION_CONTEXT() REPRESENTATION_CONTEXT('2D SPACE',''
  ) );
#10623 = ORIENTED_EDGE('',*,*,#10531,.F.);
#10624 = ORIENTED_EDGE('',*,*,#3249,.F.);
#10625 = ADVANCED_FACE('',(#10626),#3235,.T.);
#10626 = FACE_BOUND('',#10627,.T.);
#10627 = EDGE_LOOP('',(#10628,#10651,#10672,#10673));
#10628 = ORIENTED_EDGE('',*,*,#10629,.T.);
#10629 = EDGE_CURVE('',#3190,#10630,#10632,.T.);
#10630 = VERTEX_POINT('',#10631);
#10631 = CARTESIAN_POINT('',(25.542475585938,7.329996490479,19.8));
#10632 = SURFACE_CURVE('',#10633,(#10637,#10644),.PCURVE_S1.);
#10633 = LINE('',#10634,#10635);
#10634 = CARTESIAN_POINT('',(25.542475585937,7.329996490479,20.3));
#10635 = VECTOR('',#10636,1.);
#10636 = DIRECTION('',(-0.,-0.,-1.));
#10637 = PCURVE('',#3235,#10638);
#10638 = DEFINITIONAL_REPRESENTATION('',(#10639),#10643);
#10639 = LINE('',#10640,#10641);
#10640 = CARTESIAN_POINT('',(0.,0.));
#10641 = VECTOR('',#10642,1.);
#10642 = DIRECTION('',(0.,-1.));
#10643 = ( GEOMETRIC_REPRESENTATION_CONTEXT(2) 
PARAMETRIC_REPRESENTATION_CONTEXT() REPRESENTATION_CONTEXT('2D SPACE',''
  ) );
#10644 = PCURVE('',#3205,#10645);
#10645 = DEFINITIONAL_REPRESENTATION('',(#10646),#10650);
#10646 = LINE('',#10647,#10648);
#10647 = CARTESIAN_POINT('',(1.,0.));
#10648 = VECTOR('',#10649,1.);
#10649 = DIRECTION('',(0.,-1.));
#10650 = ( GEOMETRIC_REPRESENTATION_CONTEXT(2) 
PARAMETRIC_REPRESENTATION_CONTEXT() REPRESENTATION_CONTEXT('2D SPACE',''
  ) );
#10651 = ORIENTED_EDGE('',*,*,#10652,.T.);
#10652 = EDGE_CURVE('',#10630,#10581,#10653,.T.);
#10653 = SURFACE_CURVE('',#10654,(#10658,#10665),.PCURVE_S1.);
#10654 = B_SPLINE_CURVE_WITH_KNOTS('',2,(#10655,#10656,#10657),
  .UNSPECIFIED.,.F.,.F.,(3,3),(0.,1.),.PIECEWISE_BEZIER_KNOTS.);
#10655 = CARTESIAN_POINT('',(25.542475585938,7.329996490479,19.8));
#10656 = CARTESIAN_POINT('',(25.542475585938,7.474999745687,19.8));
#10657 = CARTESIAN_POINT('',(25.44748046875,7.560001373291,19.8));
#10658 = PCURVE('',#3235,#10659);
#10659 = DEFINITIONAL_REPRESENTATION('',(#10660),#10664);
#10660 = LINE('',#10661,#10662);
#10661 = CARTESIAN_POINT('',(0.,-0.5));
#10662 = VECTOR('',#10663,1.);
#10663 = DIRECTION('',(1.,0.));
#10664 = ( GEOMETRIC_REPRESENTATION_CONTEXT(2) 
PARAMETRIC_REPRESENTATION_CONTEXT() REPRESENTATION_CONTEXT('2D SPACE',''
  ) );
#10665 = PCURVE('',#9661,#10666);
#10666 = DEFINITIONAL_REPRESENTATION('',(#10667),#10671);
#10667 = B_SPLINE_CURVE_WITH_KNOTS('',2,(#10668,#10669,#10670),
  .UNSPECIFIED.,.F.,.F.,(3,3),(0.,1.),.PIECEWISE_BEZIER_KNOTS.);
#10668 = CARTESIAN_POINT('',(1.859993489583,0.679996744792));
#10669 = CARTESIAN_POINT('',(1.859993489583,0.825));
#10670 = CARTESIAN_POINT('',(1.764998372396,0.910001627604));
#10671 = ( GEOMETRIC_REPRESENTATION_CONTEXT(2) 
PARAMETRIC_REPRESENTATION_CONTEXT() REPRESENTATION_CONTEXT('2D SPACE',''
  ) );
#10672 = ORIENTED_EDGE('',*,*,#10580,.F.);
#10673 = ORIENTED_EDGE('',*,*,#3219,.F.);
#10674 = ADVANCED_FACE('',(#10675),#3205,.T.);
#10675 = FACE_BOUND('',#10676,.T.);
#10676 = EDGE_LOOP('',(#10677,#10700,#10721,#10722));
#10677 = ORIENTED_EDGE('',*,*,#10678,.T.);
#10678 = EDGE_CURVE('',#3160,#10679,#10681,.T.);
#10679 = VERTEX_POINT('',#10680);
#10680 = CARTESIAN_POINT('',(25.374978841146,7.032503000895,19.8));
#10681 = SURFACE_CURVE('',#10682,(#10686,#10693),.PCURVE_S1.);
#10682 = LINE('',#10683,#10684);
#10683 = CARTESIAN_POINT('',(25.374978841146,7.032503000895,20.3));
#10684 = VECTOR('',#10685,1.);
#10685 = DIRECTION('',(-0.,-0.,-1.));
#10686 = PCURVE('',#3205,#10687);
#10687 = DEFINITIONAL_REPRESENTATION('',(#10688),#10692);
#10688 = LINE('',#10689,#10690);
#10689 = CARTESIAN_POINT('',(0.,0.));
#10690 = VECTOR('',#10691,1.);
#10691 = DIRECTION('',(0.,-1.));
#10692 = ( GEOMETRIC_REPRESENTATION_CONTEXT(2) 
PARAMETRIC_REPRESENTATION_CONTEXT() REPRESENTATION_CONTEXT('2D SPACE',''
  ) );
#10693 = PCURVE('',#3175,#10694);
#10694 = DEFINITIONAL_REPRESENTATION('',(#10695),#10699);
#10695 = LINE('',#10696,#10697);
#10696 = CARTESIAN_POINT('',(1.,0.));
#10697 = VECTOR('',#10698,1.);
#10698 = DIRECTION('',(0.,-1.));
#10699 = ( GEOMETRIC_REPRESENTATION_CONTEXT(2) 
PARAMETRIC_REPRESENTATION_CONTEXT() REPRESENTATION_CONTEXT('2D SPACE',''
  ) );
#10700 = ORIENTED_EDGE('',*,*,#10701,.T.);
#10701 = EDGE_CURVE('',#10679,#10630,#10702,.T.);
#10702 = SURFACE_CURVE('',#10703,(#10707,#10714),.PCURVE_S1.);
#10703 = B_SPLINE_CURVE_WITH_KNOTS('',2,(#10704,#10705,#10706),
  .UNSPECIFIED.,.F.,.F.,(3,3),(0.,1.),.PIECEWISE_BEZIER_KNOTS.);
#10704 = CARTESIAN_POINT('',(25.374978841146,7.032503000895,19.8));
#10705 = CARTESIAN_POINT('',(25.542475585938,7.145003000895,19.8));
#10706 = CARTESIAN_POINT('',(25.542475585938,7.329996490479,19.8));
#10707 = PCURVE('',#3205,#10708);
#10708 = DEFINITIONAL_REPRESENTATION('',(#10709),#10713);
#10709 = LINE('',#10710,#10711);
#10710 = CARTESIAN_POINT('',(0.,-0.5));
#10711 = VECTOR('',#10712,1.);
#10712 = DIRECTION('',(1.,0.));
#10713 = ( GEOMETRIC_REPRESENTATION_CONTEXT(2) 
PARAMETRIC_REPRESENTATION_CONTEXT() REPRESENTATION_CONTEXT('2D SPACE',''
  ) );
#10714 = PCURVE('',#9661,#10715);
#10715 = DEFINITIONAL_REPRESENTATION('',(#10716),#10720);
#10716 = B_SPLINE_CURVE_WITH_KNOTS('',2,(#10717,#10718,#10719),
  .UNSPECIFIED.,.F.,.F.,(3,3),(0.,1.),.PIECEWISE_BEZIER_KNOTS.);
#10717 = CARTESIAN_POINT('',(1.692496744792,0.382503255208));
#10718 = CARTESIAN_POINT('',(1.859993489583,0.495003255208));
#10719 = CARTESIAN_POINT('',(1.859993489583,0.679996744792));
#10720 = ( GEOMETRIC_REPRESENTATION_CONTEXT(2) 
PARAMETRIC_REPRESENTATION_CONTEXT() REPRESENTATION_CONTEXT('2D SPACE',''
  ) );
#10721 = ORIENTED_EDGE('',*,*,#10629,.F.);
#10722 = ORIENTED_EDGE('',*,*,#3189,.F.);
#10723 = ADVANCED_FACE('',(#10724),#3175,.T.);
#10724 = FACE_BOUND('',#10725,.T.);
#10725 = EDGE_LOOP('',(#10726,#10749,#10770,#10771));
#10726 = ORIENTED_EDGE('',*,*,#10727,.T.);
#10727 = EDGE_CURVE('',#3130,#10728,#10730,.T.);
#10728 = VERTEX_POINT('',#10729);
#10729 = CARTESIAN_POINT('',(24.932482096354,6.920003000895,19.8));
#10730 = SURFACE_CURVE('',#10731,(#10735,#10742),.PCURVE_S1.);
#10731 = LINE('',#10732,#10733);
#10732 = CARTESIAN_POINT('',(24.932482096354,6.920003000895,20.3));
#10733 = VECTOR('',#10734,1.);
#10734 = DIRECTION('',(-0.,-0.,-1.));
#10735 = PCURVE('',#3175,#10736);
#10736 = DEFINITIONAL_REPRESENTATION('',(#10737),#10741);
#10737 = LINE('',#10738,#10739);
#10738 = CARTESIAN_POINT('',(0.,0.));
#10739 = VECTOR('',#10740,1.);
#10740 = DIRECTION('',(0.,-1.));
#10741 = ( GEOMETRIC_REPRESENTATION_CONTEXT(2) 
PARAMETRIC_REPRESENTATION_CONTEXT() REPRESENTATION_CONTEXT('2D SPACE',''
  ) );
#10742 = PCURVE('',#3145,#10743);
#10743 = DEFINITIONAL_REPRESENTATION('',(#10744),#10748);
#10744 = LINE('',#10745,#10746);
#10745 = CARTESIAN_POINT('',(1.,0.));
#10746 = VECTOR('',#10747,1.);
#10747 = DIRECTION('',(0.,-1.));
#10748 = ( GEOMETRIC_REPRESENTATION_CONTEXT(2) 
PARAMETRIC_REPRESENTATION_CONTEXT() REPRESENTATION_CONTEXT('2D SPACE',''
  ) );
#10749 = ORIENTED_EDGE('',*,*,#10750,.T.);
#10750 = EDGE_CURVE('',#10728,#10679,#10751,.T.);
#10751 = SURFACE_CURVE('',#10752,(#10756,#10763),.PCURVE_S1.);
#10752 = B_SPLINE_CURVE_WITH_KNOTS('',2,(#10753,#10754,#10755),
  .UNSPECIFIED.,.F.,.F.,(3,3),(0.,1.),.PIECEWISE_BEZIER_KNOTS.);
#10753 = CARTESIAN_POINT('',(24.932482096354,6.920003000895,19.8));
#10754 = CARTESIAN_POINT('',(25.207482096354,6.920003000895,19.8));
#10755 = CARTESIAN_POINT('',(25.374978841146,7.032503000895,19.8));
#10756 = PCURVE('',#3175,#10757);
#10757 = DEFINITIONAL_REPRESENTATION('',(#10758),#10762);
#10758 = LINE('',#10759,#10760);
#10759 = CARTESIAN_POINT('',(0.,-0.5));
#10760 = VECTOR('',#10761,1.);
#10761 = DIRECTION('',(1.,0.));
#10762 = ( GEOMETRIC_REPRESENTATION_CONTEXT(2) 
PARAMETRIC_REPRESENTATION_CONTEXT() REPRESENTATION_CONTEXT('2D SPACE',''
  ) );
#10763 = PCURVE('',#9661,#10764);
#10764 = DEFINITIONAL_REPRESENTATION('',(#10765),#10769);
#10765 = B_SPLINE_CURVE_WITH_KNOTS('',2,(#10766,#10767,#10768),
  .UNSPECIFIED.,.F.,.F.,(3,3),(0.,1.),.PIECEWISE_BEZIER_KNOTS.);
#10766 = CARTESIAN_POINT('',(1.25,0.270003255208));
#10767 = CARTESIAN_POINT('',(1.525,0.270003255208));
#10768 = CARTESIAN_POINT('',(1.692496744792,0.382503255208));
#10769 = ( GEOMETRIC_REPRESENTATION_CONTEXT(2) 
PARAMETRIC_REPRESENTATION_CONTEXT() REPRESENTATION_CONTEXT('2D SPACE',''
  ) );
#10770 = ORIENTED_EDGE('',*,*,#10678,.F.);
#10771 = ORIENTED_EDGE('',*,*,#3159,.F.);
#10772 = ADVANCED_FACE('',(#10773),#3145,.T.);
#10773 = FACE_BOUND('',#10774,.T.);
#10774 = EDGE_LOOP('',(#10775,#10798,#10819,#10820));
#10775 = ORIENTED_EDGE('',*,*,#10776,.T.);
#10776 = EDGE_CURVE('',#3100,#10777,#10779,.T.);
#10777 = VERTEX_POINT('',#10778);
#10778 = CARTESIAN_POINT('',(24.454983723958,7.057503000895,19.8));
#10779 = SURFACE_CURVE('',#10780,(#10784,#10791),.PCURVE_S1.);
#10780 = LINE('',#10781,#10782);
#10781 = CARTESIAN_POINT('',(24.454983723958,7.057503000895,20.3));
#10782 = VECTOR('',#10783,1.);
#10783 = DIRECTION('',(-0.,-0.,-1.));
#10784 = PCURVE('',#3145,#10785);
#10785 = DEFINITIONAL_REPRESENTATION('',(#10786),#10790);
#10786 = LINE('',#10787,#10788);
#10787 = CARTESIAN_POINT('',(0.,0.));
#10788 = VECTOR('',#10789,1.);
#10789 = DIRECTION('',(0.,-1.));
#10790 = ( GEOMETRIC_REPRESENTATION_CONTEXT(2) 
PARAMETRIC_REPRESENTATION_CONTEXT() REPRESENTATION_CONTEXT('2D SPACE',''
  ) );
#10791 = PCURVE('',#3115,#10792);
#10792 = DEFINITIONAL_REPRESENTATION('',(#10793),#10797);
#10793 = LINE('',#10794,#10795);
#10794 = CARTESIAN_POINT('',(1.,0.));
#10795 = VECTOR('',#10796,1.);
#10796 = DIRECTION('',(0.,-1.));
#10797 = ( GEOMETRIC_REPRESENTATION_CONTEXT(2) 
PARAMETRIC_REPRESENTATION_CONTEXT() REPRESENTATION_CONTEXT('2D SPACE',''
  ) );
#10798 = ORIENTED_EDGE('',*,*,#10799,.T.);
#10799 = EDGE_CURVE('',#10777,#10728,#10800,.T.);
#10800 = SURFACE_CURVE('',#10801,(#10805,#10812),.PCURVE_S1.);
#10801 = B_SPLINE_CURVE_WITH_KNOTS('',2,(#10802,#10803,#10804),
  .UNSPECIFIED.,.F.,.F.,(3,3),(0.,1.),.PIECEWISE_BEZIER_KNOTS.);
#10802 = CARTESIAN_POINT('',(24.454983723958,7.057503000895,19.8));
#10803 = CARTESIAN_POINT('',(24.587478841146,6.920003000895,19.8));
#10804 = CARTESIAN_POINT('',(24.932482096354,6.920003000895,19.8));
#10805 = PCURVE('',#3145,#10806);
#10806 = DEFINITIONAL_REPRESENTATION('',(#10807),#10811);
#10807 = LINE('',#10808,#10809);
#10808 = CARTESIAN_POINT('',(0.,-0.5));
#10809 = VECTOR('',#10810,1.);
#10810 = DIRECTION('',(1.,0.));
#10811 = ( GEOMETRIC_REPRESENTATION_CONTEXT(2) 
PARAMETRIC_REPRESENTATION_CONTEXT() REPRESENTATION_CONTEXT('2D SPACE',''
  ) );
#10812 = PCURVE('',#9661,#10813);
#10813 = DEFINITIONAL_REPRESENTATION('',(#10814),#10818);
#10814 = B_SPLINE_CURVE_WITH_KNOTS('',2,(#10815,#10816,#10817),
  .UNSPECIFIED.,.F.,.F.,(3,3),(0.,1.),.PIECEWISE_BEZIER_KNOTS.);
#10815 = CARTESIAN_POINT('',(0.772501627604,0.407503255208));
#10816 = CARTESIAN_POINT('',(0.904996744792,0.270003255208));
#10817 = CARTESIAN_POINT('',(1.25,0.270003255208));
#10818 = ( GEOMETRIC_REPRESENTATION_CONTEXT(2) 
PARAMETRIC_REPRESENTATION_CONTEXT() REPRESENTATION_CONTEXT('2D SPACE',''
  ) );
#10819 = ORIENTED_EDGE('',*,*,#10727,.F.);
#10820 = ORIENTED_EDGE('',*,*,#3129,.F.);
#10821 = ADVANCED_FACE('',(#10822),#3115,.T.);
#10822 = FACE_BOUND('',#10823,.T.);
#10823 = EDGE_LOOP('',(#10824,#10847,#10868,#10869));
#10824 = ORIENTED_EDGE('',*,*,#10825,.T.);
#10825 = EDGE_CURVE('',#3072,#10826,#10828,.T.);
#10826 = VERTEX_POINT('',#10827);
#10827 = CARTESIAN_POINT('',(24.292475585938,7.429996490479,19.8));
#10828 = SURFACE_CURVE('',#10829,(#10833,#10840),.PCURVE_S1.);
#10829 = LINE('',#10830,#10831);
#10830 = CARTESIAN_POINT('',(24.292475585937,7.429996490479,20.3));
#10831 = VECTOR('',#10832,1.);
#10832 = DIRECTION('',(-0.,-0.,-1.));
#10833 = PCURVE('',#3115,#10834);
#10834 = DEFINITIONAL_REPRESENTATION('',(#10835),#10839);
#10835 = LINE('',#10836,#10837);
#10836 = CARTESIAN_POINT('',(0.,0.));
#10837 = VECTOR('',#10838,1.);
#10838 = DIRECTION('',(0.,-1.));
#10839 = ( GEOMETRIC_REPRESENTATION_CONTEXT(2) 
PARAMETRIC_REPRESENTATION_CONTEXT() REPRESENTATION_CONTEXT('2D SPACE',''
  ) );
#10840 = PCURVE('',#3087,#10841);
#10841 = DEFINITIONAL_REPRESENTATION('',(#10842),#10846);
#10842 = LINE('',#10843,#10844);
#10843 = CARTESIAN_POINT('',(0.439990234375,0.));
#10844 = VECTOR('',#10845,1.);
#10845 = DIRECTION('',(0.,-1.));
#10846 = ( GEOMETRIC_REPRESENTATION_CONTEXT(2) 
PARAMETRIC_REPRESENTATION_CONTEXT() REPRESENTATION_CONTEXT('2D SPACE',''
  ) );
#10847 = ORIENTED_EDGE('',*,*,#10848,.T.);
#10848 = EDGE_CURVE('',#10826,#10777,#10849,.T.);
#10849 = SURFACE_CURVE('',#10850,(#10854,#10861),.PCURVE_S1.);
#10850 = B_SPLINE_CURVE_WITH_KNOTS('',2,(#10851,#10852,#10853),
  .UNSPECIFIED.,.F.,.F.,(3,3),(0.,1.),.PIECEWISE_BEZIER_KNOTS.);
#10851 = CARTESIAN_POINT('',(24.292475585938,7.429996490479,19.8));
#10852 = CARTESIAN_POINT('',(24.322488606771,7.195003000895,19.8));
#10853 = CARTESIAN_POINT('',(24.454983723958,7.057503000895,19.8));
#10854 = PCURVE('',#3115,#10855);
#10855 = DEFINITIONAL_REPRESENTATION('',(#10856),#10860);
#10856 = LINE('',#10857,#10858);
#10857 = CARTESIAN_POINT('',(0.,-0.5));
#10858 = VECTOR('',#10859,1.);
#10859 = DIRECTION('',(1.,0.));
#10860 = ( GEOMETRIC_REPRESENTATION_CONTEXT(2) 
PARAMETRIC_REPRESENTATION_CONTEXT() REPRESENTATION_CONTEXT('2D SPACE',''
  ) );
#10861 = PCURVE('',#9661,#10862);
#10862 = DEFINITIONAL_REPRESENTATION('',(#10863),#10867);
#10863 = B_SPLINE_CURVE_WITH_KNOTS('',2,(#10864,#10865,#10866),
  .UNSPECIFIED.,.F.,.F.,(3,3),(0.,1.),.PIECEWISE_BEZIER_KNOTS.);
#10864 = CARTESIAN_POINT('',(0.609993489583,0.779996744792));
#10865 = CARTESIAN_POINT('',(0.640006510417,0.545003255208));
#10866 = CARTESIAN_POINT('',(0.772501627604,0.407503255208));
#10867 = ( GEOMETRIC_REPRESENTATION_CONTEXT(2) 
PARAMETRIC_REPRESENTATION_CONTEXT() REPRESENTATION_CONTEXT('2D SPACE',''
  ) );
#10868 = ORIENTED_EDGE('',*,*,#10776,.F.);
#10869 = ORIENTED_EDGE('',*,*,#3099,.F.);
#10870 = ADVANCED_FACE('',(#10871),#3087,.T.);
#10871 = FACE_BOUND('',#10872,.T.);
#10872 = EDGE_LOOP('',(#10873,#10874,#10895,#10896));
#10873 = ORIENTED_EDGE('',*,*,#9673,.T.);
#10874 = ORIENTED_EDGE('',*,*,#10875,.T.);
#10875 = EDGE_CURVE('',#9646,#10826,#10876,.T.);
#10876 = SURFACE_CURVE('',#10877,(#10881,#10888),.PCURVE_S1.);
#10877 = LINE('',#10878,#10879);
#10878 = CARTESIAN_POINT('',(23.852485351562,7.429996490479,19.8));
#10879 = VECTOR('',#10880,1.);
#10880 = DIRECTION('',(1.,0.,0.));
#10881 = PCURVE('',#3087,#10882);
#10882 = DEFINITIONAL_REPRESENTATION('',(#10883),#10887);
#10883 = LINE('',#10884,#10885);
#10884 = CARTESIAN_POINT('',(0.,-0.5));
#10885 = VECTOR('',#10886,1.);
#10886 = DIRECTION('',(1.,0.));
#10887 = ( GEOMETRIC_REPRESENTATION_CONTEXT(2) 
PARAMETRIC_REPRESENTATION_CONTEXT() REPRESENTATION_CONTEXT('2D SPACE',''
  ) );
#10888 = PCURVE('',#9661,#10889);
#10889 = DEFINITIONAL_REPRESENTATION('',(#10890),#10894);
#10890 = LINE('',#10891,#10892);
#10891 = CARTESIAN_POINT('',(0.170003255208,0.779996744792));
#10892 = VECTOR('',#10893,1.);
#10893 = DIRECTION('',(1.,0.));
#10894 = ( GEOMETRIC_REPRESENTATION_CONTEXT(2) 
PARAMETRIC_REPRESENTATION_CONTEXT() REPRESENTATION_CONTEXT('2D SPACE',''
  ) );
#10895 = ORIENTED_EDGE('',*,*,#10825,.F.);
#10896 = ORIENTED_EDGE('',*,*,#3071,.F.);
#10897 = ADVANCED_FACE('',(#10898),#3831,.T.);
#10898 = FACE_BOUND('',#10899,.T.);
#10899 = EDGE_LOOP('',(#10900,#10923,#10951,#10972));
#10900 = ORIENTED_EDGE('',*,*,#10901,.T.);
#10901 = EDGE_CURVE('',#3814,#10902,#10904,.T.);
#10902 = VERTEX_POINT('',#10903);
#10903 = CARTESIAN_POINT('',(26.982482096354,8.84749323527,19.8));
#10904 = SURFACE_CURVE('',#10905,(#10909,#10916),.PCURVE_S1.);
#10905 = LINE('',#10906,#10907);
#10906 = CARTESIAN_POINT('',(26.982482096354,8.84749323527,20.3));
#10907 = VECTOR('',#10908,1.);
#10908 = DIRECTION('',(-0.,-0.,-1.));
#10909 = PCURVE('',#3831,#10910);
#10910 = DEFINITIONAL_REPRESENTATION('',(#10911),#10915);
#10911 = LINE('',#10912,#10913);
#10912 = CARTESIAN_POINT('',(0.,0.));
#10913 = VECTOR('',#10914,1.);
#10914 = DIRECTION('',(0.,-1.));
#10915 = ( GEOMETRIC_REPRESENTATION_CONTEXT(2) 
PARAMETRIC_REPRESENTATION_CONTEXT() REPRESENTATION_CONTEXT('2D SPACE',''
  ) );
#10916 = PCURVE('',#4691,#10917);
#10917 = DEFINITIONAL_REPRESENTATION('',(#10918),#10922);
#10918 = LINE('',#10919,#10920);
#10919 = CARTESIAN_POINT('',(1.,0.));
#10920 = VECTOR('',#10921,1.);
#10921 = DIRECTION('',(0.,-1.));
#10922 = ( GEOMETRIC_REPRESENTATION_CONTEXT(2) 
PARAMETRIC_REPRESENTATION_CONTEXT() REPRESENTATION_CONTEXT('2D SPACE',''
  ) );
#10923 = ORIENTED_EDGE('',*,*,#10924,.T.);
#10924 = EDGE_CURVE('',#10902,#10925,#10927,.T.);
#10925 = VERTEX_POINT('',#10926);
#10926 = CARTESIAN_POINT('',(26.807482096354,8.495003000895,19.8));
#10927 = SURFACE_CURVE('',#10928,(#10932,#10939),.PCURVE_S1.);
#10928 = B_SPLINE_CURVE_WITH_KNOTS('',2,(#10929,#10930,#10931),
  .UNSPECIFIED.,.F.,.F.,(3,3),(0.,1.),.PIECEWISE_BEZIER_KNOTS.);
#10929 = CARTESIAN_POINT('',(26.982482096354,8.84749323527,19.8));
#10930 = CARTESIAN_POINT('',(26.832482096354,8.73499323527,19.8));
#10931 = CARTESIAN_POINT('',(26.807482096354,8.495003000895,19.8));
#10932 = PCURVE('',#3831,#10933);
#10933 = DEFINITIONAL_REPRESENTATION('',(#10934),#10938);
#10934 = LINE('',#10935,#10936);
#10935 = CARTESIAN_POINT('',(0.,-0.5));
#10936 = VECTOR('',#10937,1.);
#10937 = DIRECTION('',(1.,0.));
#10938 = ( GEOMETRIC_REPRESENTATION_CONTEXT(2) 
PARAMETRIC_REPRESENTATION_CONTEXT() REPRESENTATION_CONTEXT('2D SPACE',''
  ) );
#10939 = PCURVE('',#10940,#10945);
#10940 = PLANE('',#10941);
#10941 = AXIS2_PLACEMENT_3D('',#10942,#10943,#10944);
#10942 = CARTESIAN_POINT('',(26.122488606771,6.649999745687,19.8));
#10943 = DIRECTION('',(0.,0.,1.));
#10944 = DIRECTION('',(1.,0.,0.));
#10945 = DEFINITIONAL_REPRESENTATION('',(#10946),#10950);
#10946 = B_SPLINE_CURVE_WITH_KNOTS('',2,(#10947,#10948,#10949),
  .UNSPECIFIED.,.F.,.F.,(3,3),(0.,1.),.PIECEWISE_BEZIER_KNOTS.);
#10947 = CARTESIAN_POINT('',(0.859993489583,2.197493489583));
#10948 = CARTESIAN_POINT('',(0.709993489583,2.084993489583));
#10949 = CARTESIAN_POINT('',(0.684993489583,1.845003255208));
#10950 = ( GEOMETRIC_REPRESENTATION_CONTEXT(2) 
PARAMETRIC_REPRESENTATION_CONTEXT() REPRESENTATION_CONTEXT('2D SPACE',''
  ) );
#10951 = ORIENTED_EDGE('',*,*,#10952,.F.);
#10952 = EDGE_CURVE('',#3816,#10925,#10953,.T.);
#10953 = SURFACE_CURVE('',#10954,(#10958,#10965),.PCURVE_S1.);
#10954 = LINE('',#10955,#10956);
#10955 = CARTESIAN_POINT('',(26.807482096354,8.495003000895,20.3));
#10956 = VECTOR('',#10957,1.);
#10957 = DIRECTION('',(-0.,-0.,-1.));
#10958 = PCURVE('',#3831,#10959);
#10959 = DEFINITIONAL_REPRESENTATION('',(#10960),#10964);
#10960 = LINE('',#10961,#10962);
#10961 = CARTESIAN_POINT('',(1.,0.));
#10962 = VECTOR('',#10963,1.);
#10963 = DIRECTION('',(0.,-1.));
#10964 = ( GEOMETRIC_REPRESENTATION_CONTEXT(2) 
PARAMETRIC_REPRESENTATION_CONTEXT() REPRESENTATION_CONTEXT('2D SPACE',''
  ) );
#10965 = PCURVE('',#3861,#10966);
#10966 = DEFINITIONAL_REPRESENTATION('',(#10967),#10971);
#10967 = LINE('',#10968,#10969);
#10968 = CARTESIAN_POINT('',(0.,0.));
#10969 = VECTOR('',#10970,1.);
#10970 = DIRECTION('',(0.,-1.));
#10971 = ( GEOMETRIC_REPRESENTATION_CONTEXT(2) 
PARAMETRIC_REPRESENTATION_CONTEXT() REPRESENTATION_CONTEXT('2D SPACE',''
  ) );
#10972 = ORIENTED_EDGE('',*,*,#3813,.F.);
#10973 = ADVANCED_FACE('',(#10974),#4691,.T.);
#10974 = FACE_BOUND('',#10975,.T.);
#10975 = EDGE_LOOP('',(#10976,#10999,#11020,#11021));
#10976 = ORIENTED_EDGE('',*,*,#10977,.T.);
#10977 = EDGE_CURVE('',#4648,#10978,#10980,.T.);
#10978 = VERTEX_POINT('',#10979);
#10979 = CARTESIAN_POINT('',(27.422488606771,8.95999323527,19.8));
#10980 = SURFACE_CURVE('',#10981,(#10985,#10992),.PCURVE_S1.);
#10981 = LINE('',#10982,#10983);
#10982 = CARTESIAN_POINT('',(27.422488606771,8.95999323527,20.3));
#10983 = VECTOR('',#10984,1.);
#10984 = DIRECTION('',(-0.,-0.,-1.));
#10985 = PCURVE('',#4691,#10986);
#10986 = DEFINITIONAL_REPRESENTATION('',(#10987),#10991);
#10987 = LINE('',#10988,#10989);
#10988 = CARTESIAN_POINT('',(0.,0.));
#10989 = VECTOR('',#10990,1.);
#10990 = DIRECTION('',(0.,-1.));
#10991 = ( GEOMETRIC_REPRESENTATION_CONTEXT(2) 
PARAMETRIC_REPRESENTATION_CONTEXT() REPRESENTATION_CONTEXT('2D SPACE',''
  ) );
#10992 = PCURVE('',#4663,#10993);
#10993 = DEFINITIONAL_REPRESENTATION('',(#10994),#10998);
#10994 = LINE('',#10995,#10996);
#10995 = CARTESIAN_POINT('',(1.,0.));
#10996 = VECTOR('',#10997,1.);
#10997 = DIRECTION('',(0.,-1.));
#10998 = ( GEOMETRIC_REPRESENTATION_CONTEXT(2) 
PARAMETRIC_REPRESENTATION_CONTEXT() REPRESENTATION_CONTEXT('2D SPACE',''
  ) );
#10999 = ORIENTED_EDGE('',*,*,#11000,.T.);
#11000 = EDGE_CURVE('',#10978,#10902,#11001,.T.);
#11001 = SURFACE_CURVE('',#11002,(#11006,#11013),.PCURVE_S1.);
#11002 = B_SPLINE_CURVE_WITH_KNOTS('',2,(#11003,#11004,#11005),
  .UNSPECIFIED.,.F.,.F.,(3,3),(0.,1.),.PIECEWISE_BEZIER_KNOTS.);
#11003 = CARTESIAN_POINT('',(27.422488606771,8.95999323527,19.8));
#11004 = CARTESIAN_POINT('',(27.132482096354,8.95999323527,19.8));
#11005 = CARTESIAN_POINT('',(26.982482096354,8.84749323527,19.8));
#11006 = PCURVE('',#4691,#11007);
#11007 = DEFINITIONAL_REPRESENTATION('',(#11008),#11012);
#11008 = LINE('',#11009,#11010);
#11009 = CARTESIAN_POINT('',(0.,-0.5));
#11010 = VECTOR('',#11011,1.);
#11011 = DIRECTION('',(1.,0.));
#11012 = ( GEOMETRIC_REPRESENTATION_CONTEXT(2) 
PARAMETRIC_REPRESENTATION_CONTEXT() REPRESENTATION_CONTEXT('2D SPACE',''
  ) );
#11013 = PCURVE('',#10940,#11014);
#11014 = DEFINITIONAL_REPRESENTATION('',(#11015),#11019);
#11015 = B_SPLINE_CURVE_WITH_KNOTS('',2,(#11016,#11017,#11018),
  .UNSPECIFIED.,.F.,.F.,(3,3),(0.,1.),.PIECEWISE_BEZIER_KNOTS.);
#11016 = CARTESIAN_POINT('',(1.3,2.309993489583));
#11017 = CARTESIAN_POINT('',(1.009993489583,2.309993489583));
#11018 = CARTESIAN_POINT('',(0.859993489583,2.197493489583));
#11019 = ( GEOMETRIC_REPRESENTATION_CONTEXT(2) 
PARAMETRIC_REPRESENTATION_CONTEXT() REPRESENTATION_CONTEXT('2D SPACE',''
  ) );
#11020 = ORIENTED_EDGE('',*,*,#10901,.F.);
#11021 = ORIENTED_EDGE('',*,*,#4677,.F.);
#11022 = ADVANCED_FACE('',(#11023),#4663,.T.);
#11023 = FACE_BOUND('',#11024,.T.);
#11024 = EDGE_LOOP('',(#11025,#11048,#11069,#11070));
#11025 = ORIENTED_EDGE('',*,*,#11026,.T.);
#11026 = EDGE_CURVE('',#4618,#11027,#11029,.T.);
#11027 = VERTEX_POINT('',#11028);
#11028 = CARTESIAN_POINT('',(27.854983723958,8.85999323527,19.8));
#11029 = SURFACE_CURVE('',#11030,(#11034,#11041),.PCURVE_S1.);
#11030 = LINE('',#11031,#11032);
#11031 = CARTESIAN_POINT('',(27.854983723958,8.85999323527,20.3));
#11032 = VECTOR('',#11033,1.);
#11033 = DIRECTION('',(-0.,-0.,-1.));
#11034 = PCURVE('',#4663,#11035);
#11035 = DEFINITIONAL_REPRESENTATION('',(#11036),#11040);
#11036 = LINE('',#11037,#11038);
#11037 = CARTESIAN_POINT('',(0.,0.));
#11038 = VECTOR('',#11039,1.);
#11039 = DIRECTION('',(0.,-1.));
#11040 = ( GEOMETRIC_REPRESENTATION_CONTEXT(2) 
PARAMETRIC_REPRESENTATION_CONTEXT() REPRESENTATION_CONTEXT('2D SPACE',''
  ) );
#11041 = PCURVE('',#4633,#11042);
#11042 = DEFINITIONAL_REPRESENTATION('',(#11043),#11047);
#11043 = LINE('',#11044,#11045);
#11044 = CARTESIAN_POINT('',(1.,0.));
#11045 = VECTOR('',#11046,1.);
#11046 = DIRECTION('',(0.,-1.));
#11047 = ( GEOMETRIC_REPRESENTATION_CONTEXT(2) 
PARAMETRIC_REPRESENTATION_CONTEXT() REPRESENTATION_CONTEXT('2D SPACE',''
  ) );
#11048 = ORIENTED_EDGE('',*,*,#11049,.T.);
#11049 = EDGE_CURVE('',#11027,#10978,#11050,.T.);
#11050 = SURFACE_CURVE('',#11051,(#11055,#11062),.PCURVE_S1.);
#11051 = B_SPLINE_CURVE_WITH_KNOTS('',2,(#11052,#11053,#11054),
  .UNSPECIFIED.,.F.,.F.,(3,3),(0.,1.),.PIECEWISE_BEZIER_KNOTS.);
#11052 = CARTESIAN_POINT('',(27.854983723958,8.85999323527,19.8));
#11053 = CARTESIAN_POINT('',(27.702485351563,8.95999323527,19.8));
#11054 = CARTESIAN_POINT('',(27.422488606771,8.95999323527,19.8));
#11055 = PCURVE('',#4663,#11056);
#11056 = DEFINITIONAL_REPRESENTATION('',(#11057),#11061);
#11057 = LINE('',#11058,#11059);
#11058 = CARTESIAN_POINT('',(0.,-0.5));
#11059 = VECTOR('',#11060,1.);
#11060 = DIRECTION('',(1.,0.));
#11061 = ( GEOMETRIC_REPRESENTATION_CONTEXT(2) 
PARAMETRIC_REPRESENTATION_CONTEXT() REPRESENTATION_CONTEXT('2D SPACE',''
  ) );
#11062 = PCURVE('',#10940,#11063);
#11063 = DEFINITIONAL_REPRESENTATION('',(#11064),#11068);
#11064 = B_SPLINE_CURVE_WITH_KNOTS('',2,(#11065,#11066,#11067),
  .UNSPECIFIED.,.F.,.F.,(3,3),(0.,1.),.PIECEWISE_BEZIER_KNOTS.);
#11065 = CARTESIAN_POINT('',(1.732495117188,2.209993489583));
#11066 = CARTESIAN_POINT('',(1.579996744792,2.309993489583));
#11067 = CARTESIAN_POINT('',(1.3,2.309993489583));
#11068 = ( GEOMETRIC_REPRESENTATION_CONTEXT(2) 
PARAMETRIC_REPRESENTATION_CONTEXT() REPRESENTATION_CONTEXT('2D SPACE',''
  ) );
#11069 = ORIENTED_EDGE('',*,*,#10977,.F.);
#11070 = ORIENTED_EDGE('',*,*,#4647,.F.);
#11071 = ADVANCED_FACE('',(#11072),#4633,.T.);
#11072 = FACE_BOUND('',#11073,.T.);
#11073 = EDGE_LOOP('',(#11074,#11097,#11118,#11119));
#11074 = ORIENTED_EDGE('',*,*,#11075,.T.);
#11075 = EDGE_CURVE('',#4590,#11076,#11078,.T.);
#11076 = VERTEX_POINT('',#11077);
#11077 = CARTESIAN_POINT('',(28.007482096354,8.570003000895,19.8));
#11078 = SURFACE_CURVE('',#11079,(#11083,#11090),.PCURVE_S1.);
#11079 = LINE('',#11080,#11081);
#11080 = CARTESIAN_POINT('',(28.007482096354,8.570003000895,20.3));
#11081 = VECTOR('',#11082,1.);
#11082 = DIRECTION('',(-0.,-0.,-1.));
#11083 = PCURVE('',#4633,#11084);
#11084 = DEFINITIONAL_REPRESENTATION('',(#11085),#11089);
#11085 = LINE('',#11086,#11087);
#11086 = CARTESIAN_POINT('',(0.,0.));
#11087 = VECTOR('',#11088,1.);
#11088 = DIRECTION('',(0.,-1.));
#11089 = ( GEOMETRIC_REPRESENTATION_CONTEXT(2) 
PARAMETRIC_REPRESENTATION_CONTEXT() REPRESENTATION_CONTEXT('2D SPACE',''
  ) );
#11090 = PCURVE('',#4605,#11091);
#11091 = DEFINITIONAL_REPRESENTATION('',(#11092),#11096);
#11092 = LINE('',#11093,#11094);
#11093 = CARTESIAN_POINT('',(0.110009765625,0.));
#11094 = VECTOR('',#11095,1.);
#11095 = DIRECTION('',(0.,-1.));
#11096 = ( GEOMETRIC_REPRESENTATION_CONTEXT(2) 
PARAMETRIC_REPRESENTATION_CONTEXT() REPRESENTATION_CONTEXT('2D SPACE',''
  ) );
#11097 = ORIENTED_EDGE('',*,*,#11098,.T.);
#11098 = EDGE_CURVE('',#11076,#11027,#11099,.T.);
#11099 = SURFACE_CURVE('',#11100,(#11104,#11111),.PCURVE_S1.);
#11100 = B_SPLINE_CURVE_WITH_KNOTS('',2,(#11101,#11102,#11103),
  .UNSPECIFIED.,.F.,.F.,(3,3),(0.,1.),.PIECEWISE_BEZIER_KNOTS.);
#11101 = CARTESIAN_POINT('',(28.007482096354,8.570003000895,19.8));
#11102 = CARTESIAN_POINT('',(28.007482096354,8.75999323527,19.8));
#11103 = CARTESIAN_POINT('',(27.854983723958,8.85999323527,19.8));
#11104 = PCURVE('',#4633,#11105);
#11105 = DEFINITIONAL_REPRESENTATION('',(#11106),#11110);
#11106 = LINE('',#11107,#11108);
#11107 = CARTESIAN_POINT('',(0.,-0.5));
#11108 = VECTOR('',#11109,1.);
#11109 = DIRECTION('',(1.,0.));
#11110 = ( GEOMETRIC_REPRESENTATION_CONTEXT(2) 
PARAMETRIC_REPRESENTATION_CONTEXT() REPRESENTATION_CONTEXT('2D SPACE',''
  ) );
#11111 = PCURVE('',#10940,#11112);
#11112 = DEFINITIONAL_REPRESENTATION('',(#11113),#11117);
#11113 = B_SPLINE_CURVE_WITH_KNOTS('',2,(#11114,#11115,#11116),
  .UNSPECIFIED.,.F.,.F.,(3,3),(0.,1.),.PIECEWISE_BEZIER_KNOTS.);
#11114 = CARTESIAN_POINT('',(1.884993489583,1.920003255208));
#11115 = CARTESIAN_POINT('',(1.884993489583,2.109993489583));
#11116 = CARTESIAN_POINT('',(1.732495117188,2.209993489583));
#11117 = ( GEOMETRIC_REPRESENTATION_CONTEXT(2) 
PARAMETRIC_REPRESENTATION_CONTEXT() REPRESENTATION_CONTEXT('2D SPACE',''
  ) );
#11118 = ORIENTED_EDGE('',*,*,#11026,.F.);
#11119 = ORIENTED_EDGE('',*,*,#4617,.F.);
#11120 = ADVANCED_FACE('',(#11121),#4605,.T.);
#11121 = FACE_BOUND('',#11122,.T.);
#11122 = EDGE_LOOP('',(#11123,#11146,#11167,#11168));
#11123 = ORIENTED_EDGE('',*,*,#11124,.T.);
#11124 = EDGE_CURVE('',#4560,#11125,#11127,.T.);
#11125 = VERTEX_POINT('',#11126);
#11126 = CARTESIAN_POINT('',(28.007482096354,8.45999323527,19.8));
#11127 = SURFACE_CURVE('',#11128,(#11132,#11139),.PCURVE_S1.);
#11128 = LINE('',#11129,#11130);
#11129 = CARTESIAN_POINT('',(28.007482096354,8.45999323527,20.3));
#11130 = VECTOR('',#11131,1.);
#11131 = DIRECTION('',(-0.,-0.,-1.));
#11132 = PCURVE('',#4605,#11133);
#11133 = DEFINITIONAL_REPRESENTATION('',(#11134),#11138);
#11134 = LINE('',#11135,#11136);
#11135 = CARTESIAN_POINT('',(0.,0.));
#11136 = VECTOR('',#11137,1.);
#11137 = DIRECTION('',(0.,-1.));
#11138 = ( GEOMETRIC_REPRESENTATION_CONTEXT(2) 
PARAMETRIC_REPRESENTATION_CONTEXT() REPRESENTATION_CONTEXT('2D SPACE',''
  ) );
#11139 = PCURVE('',#4575,#11140);
#11140 = DEFINITIONAL_REPRESENTATION('',(#11141),#11145);
#11141 = LINE('',#11142,#11143);
#11142 = CARTESIAN_POINT('',(1.,0.));
#11143 = VECTOR('',#11144,1.);
#11144 = DIRECTION('',(0.,-1.));
#11145 = ( GEOMETRIC_REPRESENTATION_CONTEXT(2) 
PARAMETRIC_REPRESENTATION_CONTEXT() REPRESENTATION_CONTEXT('2D SPACE',''
  ) );
#11146 = ORIENTED_EDGE('',*,*,#11147,.T.);
#11147 = EDGE_CURVE('',#11125,#11076,#11148,.T.);
#11148 = SURFACE_CURVE('',#11149,(#11153,#11160),.PCURVE_S1.);
#11149 = LINE('',#11150,#11151);
#11150 = CARTESIAN_POINT('',(28.007482096354,8.45999323527,19.8));
#11151 = VECTOR('',#11152,1.);
#11152 = DIRECTION('',(0.,1.,0.));
#11153 = PCURVE('',#4605,#11154);
#11154 = DEFINITIONAL_REPRESENTATION('',(#11155),#11159);
#11155 = LINE('',#11156,#11157);
#11156 = CARTESIAN_POINT('',(0.,-0.5));
#11157 = VECTOR('',#11158,1.);
#11158 = DIRECTION('',(1.,0.));
#11159 = ( GEOMETRIC_REPRESENTATION_CONTEXT(2) 
PARAMETRIC_REPRESENTATION_CONTEXT() REPRESENTATION_CONTEXT('2D SPACE',''
  ) );
#11160 = PCURVE('',#10940,#11161);
#11161 = DEFINITIONAL_REPRESENTATION('',(#11162),#11166);
#11162 = LINE('',#11163,#11164);
#11163 = CARTESIAN_POINT('',(1.884993489583,1.809993489583));
#11164 = VECTOR('',#11165,1.);
#11165 = DIRECTION('',(0.,1.));
#11166 = ( GEOMETRIC_REPRESENTATION_CONTEXT(2) 
PARAMETRIC_REPRESENTATION_CONTEXT() REPRESENTATION_CONTEXT('2D SPACE',''
  ) );
#11167 = ORIENTED_EDGE('',*,*,#11075,.F.);
#11168 = ORIENTED_EDGE('',*,*,#4589,.F.);
#11169 = ADVANCED_FACE('',(#11170),#4575,.T.);
#11170 = FACE_BOUND('',#11171,.T.);
#11171 = EDGE_LOOP('',(#11172,#11195,#11216,#11217));
#11172 = ORIENTED_EDGE('',*,*,#11173,.T.);
#11173 = EDGE_CURVE('',#4530,#11174,#11176,.T.);
#11174 = VERTEX_POINT('',#11175);
#11175 = CARTESIAN_POINT('',(27.912486979167,8.264998118083,19.8));
#11176 = SURFACE_CURVE('',#11177,(#11181,#11188),.PCURVE_S1.);
#11177 = LINE('',#11178,#11179);
#11178 = CARTESIAN_POINT('',(27.912486979167,8.264998118083,20.3));
#11179 = VECTOR('',#11180,1.);
#11180 = DIRECTION('',(-0.,-0.,-1.));
#11181 = PCURVE('',#4575,#11182);
#11182 = DEFINITIONAL_REPRESENTATION('',(#11183),#11187);
#11183 = LINE('',#11184,#11185);
#11184 = CARTESIAN_POINT('',(0.,0.));
#11185 = VECTOR('',#11186,1.);
#11186 = DIRECTION('',(0.,-1.));
#11187 = ( GEOMETRIC_REPRESENTATION_CONTEXT(2) 
PARAMETRIC_REPRESENTATION_CONTEXT() REPRESENTATION_CONTEXT('2D SPACE',''
  ) );
#11188 = PCURVE('',#4545,#11189);
#11189 = DEFINITIONAL_REPRESENTATION('',(#11190),#11194);
#11190 = LINE('',#11191,#11192);
#11191 = CARTESIAN_POINT('',(1.,0.));
#11192 = VECTOR('',#11193,1.);
#11193 = DIRECTION('',(0.,-1.));
#11194 = ( GEOMETRIC_REPRESENTATION_CONTEXT(2) 
PARAMETRIC_REPRESENTATION_CONTEXT() REPRESENTATION_CONTEXT('2D SPACE',''
  ) );
#11195 = ORIENTED_EDGE('',*,*,#11196,.T.);
#11196 = EDGE_CURVE('',#11174,#11125,#11197,.T.);
#11197 = SURFACE_CURVE('',#11198,(#11202,#11209),.PCURVE_S1.);
#11198 = B_SPLINE_CURVE_WITH_KNOTS('',2,(#11199,#11200,#11201),
  .UNSPECIFIED.,.F.,.F.,(3,3),(0.,1.),.PIECEWISE_BEZIER_KNOTS.);
#11199 = CARTESIAN_POINT('',(27.912486979167,8.264998118083,19.8));
#11200 = CARTESIAN_POINT('',(28.007482096354,8.329996490479,19.8));
#11201 = CARTESIAN_POINT('',(28.007482096354,8.45999323527,19.8));
#11202 = PCURVE('',#4575,#11203);
#11203 = DEFINITIONAL_REPRESENTATION('',(#11204),#11208);
#11204 = LINE('',#11205,#11206);
#11205 = CARTESIAN_POINT('',(0.,-0.5));
#11206 = VECTOR('',#11207,1.);
#11207 = DIRECTION('',(1.,0.));
#11208 = ( GEOMETRIC_REPRESENTATION_CONTEXT(2) 
PARAMETRIC_REPRESENTATION_CONTEXT() REPRESENTATION_CONTEXT('2D SPACE',''
  ) );
#11209 = PCURVE('',#10940,#11210);
#11210 = DEFINITIONAL_REPRESENTATION('',(#11211),#11215);
#11211 = B_SPLINE_CURVE_WITH_KNOTS('',2,(#11212,#11213,#11214),
  .UNSPECIFIED.,.F.,.F.,(3,3),(0.,1.),.PIECEWISE_BEZIER_KNOTS.);
#11212 = CARTESIAN_POINT('',(1.789998372396,1.614998372396));
#11213 = CARTESIAN_POINT('',(1.884993489583,1.679996744792));
#11214 = CARTESIAN_POINT('',(1.884993489583,1.809993489583));
#11215 = ( GEOMETRIC_REPRESENTATION_CONTEXT(2) 
PARAMETRIC_REPRESENTATION_CONTEXT() REPRESENTATION_CONTEXT('2D SPACE',''
  ) );
#11216 = ORIENTED_EDGE('',*,*,#11124,.F.);
#11217 = ORIENTED_EDGE('',*,*,#4559,.F.);
#11218 = ADVANCED_FACE('',(#11219),#4545,.T.);
#11219 = FACE_BOUND('',#11220,.T.);
#11220 = EDGE_LOOP('',(#11221,#11244,#11265,#11266));
#11221 = ORIENTED_EDGE('',*,*,#11222,.T.);
#11222 = EDGE_CURVE('',#4500,#11223,#11225,.T.);
#11223 = VERTEX_POINT('',#11224);
#11224 = CARTESIAN_POINT('',(27.572488606771,8.170003000895,19.8));
#11225 = SURFACE_CURVE('',#11226,(#11230,#11237),.PCURVE_S1.);
#11226 = LINE('',#11227,#11228);
#11227 = CARTESIAN_POINT('',(27.572488606771,8.170003000895,20.3));
#11228 = VECTOR('',#11229,1.);
#11229 = DIRECTION('',(-0.,-0.,-1.));
#11230 = PCURVE('',#4545,#11231);
#11231 = DEFINITIONAL_REPRESENTATION('',(#11232),#11236);
#11232 = LINE('',#11233,#11234);
#11233 = CARTESIAN_POINT('',(0.,0.));
#11234 = VECTOR('',#11235,1.);
#11235 = DIRECTION('',(0.,-1.));
#11236 = ( GEOMETRIC_REPRESENTATION_CONTEXT(2) 
PARAMETRIC_REPRESENTATION_CONTEXT() REPRESENTATION_CONTEXT('2D SPACE',''
  ) );
#11237 = PCURVE('',#4515,#11238);
#11238 = DEFINITIONAL_REPRESENTATION('',(#11239),#11243);
#11239 = LINE('',#11240,#11241);
#11240 = CARTESIAN_POINT('',(1.,0.));
#11241 = VECTOR('',#11242,1.);
#11242 = DIRECTION('',(0.,-1.));
#11243 = ( GEOMETRIC_REPRESENTATION_CONTEXT(2) 
PARAMETRIC_REPRESENTATION_CONTEXT() REPRESENTATION_CONTEXT('2D SPACE',''
  ) );
#11244 = ORIENTED_EDGE('',*,*,#11245,.T.);
#11245 = EDGE_CURVE('',#11223,#11174,#11246,.T.);
#11246 = SURFACE_CURVE('',#11247,(#11251,#11258),.PCURVE_S1.);
#11247 = B_SPLINE_CURVE_WITH_KNOTS('',2,(#11248,#11249,#11250),
  .UNSPECIFIED.,.F.,.F.,(3,3),(0.,1.),.PIECEWISE_BEZIER_KNOTS.);
#11248 = CARTESIAN_POINT('',(27.572488606771,8.170003000895,19.8));
#11249 = CARTESIAN_POINT('',(27.817491861979,8.199999745687,19.8));
#11250 = CARTESIAN_POINT('',(27.912486979167,8.264998118083,19.8));
#11251 = PCURVE('',#4545,#11252);
#11252 = DEFINITIONAL_REPRESENTATION('',(#11253),#11257);
#11253 = LINE('',#11254,#11255);
#11254 = CARTESIAN_POINT('',(0.,-0.5));
#11255 = VECTOR('',#11256,1.);
#11256 = DIRECTION('',(1.,0.));
#11257 = ( GEOMETRIC_REPRESENTATION_CONTEXT(2) 
PARAMETRIC_REPRESENTATION_CONTEXT() REPRESENTATION_CONTEXT('2D SPACE',''
  ) );
#11258 = PCURVE('',#10940,#11259);
#11259 = DEFINITIONAL_REPRESENTATION('',(#11260),#11264);
#11260 = B_SPLINE_CURVE_WITH_KNOTS('',2,(#11261,#11262,#11263),
  .UNSPECIFIED.,.F.,.F.,(3,3),(0.,1.),.PIECEWISE_BEZIER_KNOTS.);
#11261 = CARTESIAN_POINT('',(1.45,1.520003255208));
#11262 = CARTESIAN_POINT('',(1.695003255208,1.55));
#11263 = CARTESIAN_POINT('',(1.789998372396,1.614998372396));
#11264 = ( GEOMETRIC_REPRESENTATION_CONTEXT(2) 
PARAMETRIC_REPRESENTATION_CONTEXT() REPRESENTATION_CONTEXT('2D SPACE',''
  ) );
#11265 = ORIENTED_EDGE('',*,*,#11173,.F.);
#11266 = ORIENTED_EDGE('',*,*,#4529,.F.);
#11267 = ADVANCED_FACE('',(#11268),#4515,.T.);
#11268 = FACE_BOUND('',#11269,.T.);
#11269 = EDGE_LOOP('',(#11270,#11293,#11314,#11315));
#11270 = ORIENTED_EDGE('',*,*,#11271,.T.);
#11271 = EDGE_CURVE('',#4470,#11272,#11274,.T.);
#11272 = VERTEX_POINT('',#11273);
#11273 = CARTESIAN_POINT('',(27.322488606771,8.135001373291,19.8));
#11274 = SURFACE_CURVE('',#11275,(#11279,#11286),.PCURVE_S1.);
#11275 = LINE('',#11276,#11277);
#11276 = CARTESIAN_POINT('',(27.322488606771,8.135001373291,20.3));
#11277 = VECTOR('',#11278,1.);
#11278 = DIRECTION('',(-0.,-0.,-1.));
#11279 = PCURVE('',#4515,#11280);
#11280 = DEFINITIONAL_REPRESENTATION('',(#11281),#11285);
#11281 = LINE('',#11282,#11283);
#11282 = CARTESIAN_POINT('',(0.,0.));
#11283 = VECTOR('',#11284,1.);
#11284 = DIRECTION('',(0.,-1.));
#11285 = ( GEOMETRIC_REPRESENTATION_CONTEXT(2) 
PARAMETRIC_REPRESENTATION_CONTEXT() REPRESENTATION_CONTEXT('2D SPACE',''
  ) );
#11286 = PCURVE('',#4485,#11287);
#11287 = DEFINITIONAL_REPRESENTATION('',(#11288),#11292);
#11288 = LINE('',#11289,#11290);
#11289 = CARTESIAN_POINT('',(1.,0.));
#11290 = VECTOR('',#11291,1.);
#11291 = DIRECTION('',(0.,-1.));
#11292 = ( GEOMETRIC_REPRESENTATION_CONTEXT(2) 
PARAMETRIC_REPRESENTATION_CONTEXT() REPRESENTATION_CONTEXT('2D SPACE',''
  ) );
#11293 = ORIENTED_EDGE('',*,*,#11294,.T.);
#11294 = EDGE_CURVE('',#11272,#11223,#11295,.T.);
#11295 = SURFACE_CURVE('',#11296,(#11300,#11307),.PCURVE_S1.);
#11296 = B_SPLINE_CURVE_WITH_KNOTS('',2,(#11297,#11298,#11299),
  .UNSPECIFIED.,.F.,.F.,(3,3),(0.,1.),.PIECEWISE_BEZIER_KNOTS.);
#11297 = CARTESIAN_POINT('',(27.322488606771,8.135001373291,19.8));
#11298 = CARTESIAN_POINT('',(27.392491861979,8.145003000895,19.8));
#11299 = CARTESIAN_POINT('',(27.572488606771,8.170003000895,19.8));
#11300 = PCURVE('',#4515,#11301);
#11301 = DEFINITIONAL_REPRESENTATION('',(#11302),#11306);
#11302 = LINE('',#11303,#11304);
#11303 = CARTESIAN_POINT('',(0.,-0.5));
#11304 = VECTOR('',#11305,1.);
#11305 = DIRECTION('',(1.,0.));
#11306 = ( GEOMETRIC_REPRESENTATION_CONTEXT(2) 
PARAMETRIC_REPRESENTATION_CONTEXT() REPRESENTATION_CONTEXT('2D SPACE',''
  ) );
#11307 = PCURVE('',#10940,#11308);
#11308 = DEFINITIONAL_REPRESENTATION('',(#11309),#11313);
#11309 = B_SPLINE_CURVE_WITH_KNOTS('',2,(#11310,#11311,#11312),
  .UNSPECIFIED.,.F.,.F.,(3,3),(0.,1.),.PIECEWISE_BEZIER_KNOTS.);
#11310 = CARTESIAN_POINT('',(1.2,1.485001627604));
#11311 = CARTESIAN_POINT('',(1.270003255208,1.495003255208));
#11312 = CARTESIAN_POINT('',(1.45,1.520003255208));
#11313 = ( GEOMETRIC_REPRESENTATION_CONTEXT(2) 
PARAMETRIC_REPRESENTATION_CONTEXT() REPRESENTATION_CONTEXT('2D SPACE',''
  ) );
#11314 = ORIENTED_EDGE('',*,*,#11222,.F.);
#11315 = ORIENTED_EDGE('',*,*,#4499,.F.);
#11316 = ADVANCED_FACE('',(#11317),#4485,.T.);
#11317 = FACE_BOUND('',#11318,.T.);
#11318 = EDGE_LOOP('',(#11319,#11342,#11363,#11364));
#11319 = ORIENTED_EDGE('',*,*,#11320,.T.);
#11320 = EDGE_CURVE('',#4440,#11321,#11323,.T.);
#11321 = VERTEX_POINT('',#11322);
#11322 = CARTESIAN_POINT('',(27.102485351562,8.099999745687,19.8));
#11323 = SURFACE_CURVE('',#11324,(#11328,#11335),.PCURVE_S1.);
#11324 = LINE('',#11325,#11326);
#11325 = CARTESIAN_POINT('',(27.102485351562,8.099999745687,20.3));
#11326 = VECTOR('',#11327,1.);
#11327 = DIRECTION('',(-0.,-0.,-1.));
#11328 = PCURVE('',#4485,#11329);
#11329 = DEFINITIONAL_REPRESENTATION('',(#11330),#11334);
#11330 = LINE('',#11331,#11332);
#11331 = CARTESIAN_POINT('',(0.,0.));
#11332 = VECTOR('',#11333,1.);
#11333 = DIRECTION('',(0.,-1.));
#11334 = ( GEOMETRIC_REPRESENTATION_CONTEXT(2) 
PARAMETRIC_REPRESENTATION_CONTEXT() REPRESENTATION_CONTEXT('2D SPACE',''
  ) );
#11335 = PCURVE('',#4455,#11336);
#11336 = DEFINITIONAL_REPRESENTATION('',(#11337),#11341);
#11337 = LINE('',#11338,#11339);
#11338 = CARTESIAN_POINT('',(1.,0.));
#11339 = VECTOR('',#11340,1.);
#11340 = DIRECTION('',(0.,-1.));
#11341 = ( GEOMETRIC_REPRESENTATION_CONTEXT(2) 
PARAMETRIC_REPRESENTATION_CONTEXT() REPRESENTATION_CONTEXT('2D SPACE',''
  ) );
#11342 = ORIENTED_EDGE('',*,*,#11343,.T.);
#11343 = EDGE_CURVE('',#11321,#11272,#11344,.T.);
#11344 = SURFACE_CURVE('',#11345,(#11349,#11356),.PCURVE_S1.);
#11345 = B_SPLINE_CURVE_WITH_KNOTS('',2,(#11346,#11347,#11348),
  .UNSPECIFIED.,.F.,.F.,(3,3),(0.,1.),.PIECEWISE_BEZIER_KNOTS.);
#11346 = CARTESIAN_POINT('',(27.102485351562,8.099999745687,19.8));
#11347 = CARTESIAN_POINT('',(27.252485351562,8.124999745687,19.8));
#11348 = CARTESIAN_POINT('',(27.322488606771,8.135001373291,19.8));
#11349 = PCURVE('',#4485,#11350);
#11350 = DEFINITIONAL_REPRESENTATION('',(#11351),#11355);
#11351 = LINE('',#11352,#11353);
#11352 = CARTESIAN_POINT('',(0.,-0.5));
#11353 = VECTOR('',#11354,1.);
#11354 = DIRECTION('',(1.,0.));
#11355 = ( GEOMETRIC_REPRESENTATION_CONTEXT(2) 
PARAMETRIC_REPRESENTATION_CONTEXT() REPRESENTATION_CONTEXT('2D SPACE',''
  ) );
#11356 = PCURVE('',#10940,#11357);
#11357 = DEFINITIONAL_REPRESENTATION('',(#11358),#11362);
#11358 = B_SPLINE_CURVE_WITH_KNOTS('',2,(#11359,#11360,#11361),
  .UNSPECIFIED.,.F.,.F.,(3,3),(0.,1.),.PIECEWISE_BEZIER_KNOTS.);
#11359 = CARTESIAN_POINT('',(0.979996744792,1.45));
#11360 = CARTESIAN_POINT('',(1.129996744792,1.475));
#11361 = CARTESIAN_POINT('',(1.2,1.485001627604));
#11362 = ( GEOMETRIC_REPRESENTATION_CONTEXT(2) 
PARAMETRIC_REPRESENTATION_CONTEXT() REPRESENTATION_CONTEXT('2D SPACE',''
  ) );
#11363 = ORIENTED_EDGE('',*,*,#11271,.F.);
#11364 = ORIENTED_EDGE('',*,*,#4469,.F.);
#11365 = ADVANCED_FACE('',(#11366),#4455,.T.);
#11366 = FACE_BOUND('',#11367,.T.);
#11367 = EDGE_LOOP('',(#11368,#11391,#11412,#11413));
#11368 = ORIENTED_EDGE('',*,*,#11369,.T.);
#11369 = EDGE_CURVE('',#4410,#11370,#11372,.T.);
#11370 = VERTEX_POINT('',#11371);
#11371 = CARTESIAN_POINT('',(26.892483723958,8.057503000895,19.8));
#11372 = SURFACE_CURVE('',#11373,(#11377,#11384),.PCURVE_S1.);
#11373 = LINE('',#11374,#11375);
#11374 = CARTESIAN_POINT('',(26.892483723958,8.057503000895,20.3));
#11375 = VECTOR('',#11376,1.);
#11376 = DIRECTION('',(-0.,-0.,-1.));
#11377 = PCURVE('',#4455,#11378);
#11378 = DEFINITIONAL_REPRESENTATION('',(#11379),#11383);
#11379 = LINE('',#11380,#11381);
#11380 = CARTESIAN_POINT('',(0.,0.));
#11381 = VECTOR('',#11382,1.);
#11382 = DIRECTION('',(0.,-1.));
#11383 = ( GEOMETRIC_REPRESENTATION_CONTEXT(2) 
PARAMETRIC_REPRESENTATION_CONTEXT() REPRESENTATION_CONTEXT('2D SPACE',''
  ) );
#11384 = PCURVE('',#4425,#11385);
#11385 = DEFINITIONAL_REPRESENTATION('',(#11386),#11390);
#11386 = LINE('',#11387,#11388);
#11387 = CARTESIAN_POINT('',(1.,0.));
#11388 = VECTOR('',#11389,1.);
#11389 = DIRECTION('',(0.,-1.));
#11390 = ( GEOMETRIC_REPRESENTATION_CONTEXT(2) 
PARAMETRIC_REPRESENTATION_CONTEXT() REPRESENTATION_CONTEXT('2D SPACE',''
  ) );
#11391 = ORIENTED_EDGE('',*,*,#11392,.T.);
#11392 = EDGE_CURVE('',#11370,#11321,#11393,.T.);
#11393 = SURFACE_CURVE('',#11394,(#11398,#11405),.PCURVE_S1.);
#11394 = B_SPLINE_CURVE_WITH_KNOTS('',2,(#11395,#11396,#11397),
  .UNSPECIFIED.,.F.,.F.,(3,3),(0.,1.),.PIECEWISE_BEZIER_KNOTS.);
#11395 = CARTESIAN_POINT('',(26.892483723958,8.057503000895,19.8));
#11396 = CARTESIAN_POINT('',(26.952485351563,8.074999745687,19.8));
#11397 = CARTESIAN_POINT('',(27.102485351562,8.099999745687,19.8));
#11398 = PCURVE('',#4455,#11399);
#11399 = DEFINITIONAL_REPRESENTATION('',(#11400),#11404);
#11400 = LINE('',#11401,#11402);
#11401 = CARTESIAN_POINT('',(0.,-0.5));
#11402 = VECTOR('',#11403,1.);
#11403 = DIRECTION('',(1.,0.));
#11404 = ( GEOMETRIC_REPRESENTATION_CONTEXT(2) 
PARAMETRIC_REPRESENTATION_CONTEXT() REPRESENTATION_CONTEXT('2D SPACE',''
  ) );
#11405 = PCURVE('',#10940,#11406);
#11406 = DEFINITIONAL_REPRESENTATION('',(#11407),#11411);
#11407 = B_SPLINE_CURVE_WITH_KNOTS('',2,(#11408,#11409,#11410),
  .UNSPECIFIED.,.F.,.F.,(3,3),(0.,1.),.PIECEWISE_BEZIER_KNOTS.);
#11408 = CARTESIAN_POINT('',(0.769995117187,1.407503255208));
#11409 = CARTESIAN_POINT('',(0.829996744792,1.425));
#11410 = CARTESIAN_POINT('',(0.979996744792,1.45));
#11411 = ( GEOMETRIC_REPRESENTATION_CONTEXT(2) 
PARAMETRIC_REPRESENTATION_CONTEXT() REPRESENTATION_CONTEXT('2D SPACE',''
  ) );
#11412 = ORIENTED_EDGE('',*,*,#11320,.F.);
#11413 = ORIENTED_EDGE('',*,*,#4439,.F.);
#11414 = ADVANCED_FACE('',(#11415),#4425,.T.);
#11415 = FACE_BOUND('',#11416,.T.);
#11416 = EDGE_LOOP('',(#11417,#11440,#11461,#11462));
#11417 = ORIENTED_EDGE('',*,*,#11418,.T.);
#11418 = EDGE_CURVE('',#4380,#11419,#11421,.T.);
#11419 = VERTEX_POINT('',#11420);
#11420 = CARTESIAN_POINT('',(26.719982096354,8.002506256104,19.8));
#11421 = SURFACE_CURVE('',#11422,(#11426,#11433),.PCURVE_S1.);
#11422 = LINE('',#11423,#11424);
#11423 = CARTESIAN_POINT('',(26.719982096354,8.002506256104,20.3));
#11424 = VECTOR('',#11425,1.);
#11425 = DIRECTION('',(-0.,-0.,-1.));
#11426 = PCURVE('',#4425,#11427);
#11427 = DEFINITIONAL_REPRESENTATION('',(#11428),#11432);
#11428 = LINE('',#11429,#11430);
#11429 = CARTESIAN_POINT('',(0.,0.));
#11430 = VECTOR('',#11431,1.);
#11431 = DIRECTION('',(0.,-1.));
#11432 = ( GEOMETRIC_REPRESENTATION_CONTEXT(2) 
PARAMETRIC_REPRESENTATION_CONTEXT() REPRESENTATION_CONTEXT('2D SPACE',''
  ) );
#11433 = PCURVE('',#4395,#11434);
#11434 = DEFINITIONAL_REPRESENTATION('',(#11435),#11439);
#11435 = LINE('',#11436,#11437);
#11436 = CARTESIAN_POINT('',(1.,0.));
#11437 = VECTOR('',#11438,1.);
#11438 = DIRECTION('',(0.,-1.));
#11439 = ( GEOMETRIC_REPRESENTATION_CONTEXT(2) 
PARAMETRIC_REPRESENTATION_CONTEXT() REPRESENTATION_CONTEXT('2D SPACE',''
  ) );
#11440 = ORIENTED_EDGE('',*,*,#11441,.T.);
#11441 = EDGE_CURVE('',#11419,#11370,#11442,.T.);
#11442 = SURFACE_CURVE('',#11443,(#11447,#11454),.PCURVE_S1.);
#11443 = B_SPLINE_CURVE_WITH_KNOTS('',2,(#11444,#11445,#11446),
  .UNSPECIFIED.,.F.,.F.,(3,3),(0.,1.),.PIECEWISE_BEZIER_KNOTS.);
#11444 = CARTESIAN_POINT('',(26.719982096354,8.002506256104,19.8));
#11445 = CARTESIAN_POINT('',(26.832482096354,8.040006256104,19.8));
#11446 = CARTESIAN_POINT('',(26.892483723958,8.057503000895,19.8));
#11447 = PCURVE('',#4425,#11448);
#11448 = DEFINITIONAL_REPRESENTATION('',(#11449),#11453);
#11449 = LINE('',#11450,#11451);
#11450 = CARTESIAN_POINT('',(0.,-0.5));
#11451 = VECTOR('',#11452,1.);
#11452 = DIRECTION('',(1.,0.));
#11453 = ( GEOMETRIC_REPRESENTATION_CONTEXT(2) 
PARAMETRIC_REPRESENTATION_CONTEXT() REPRESENTATION_CONTEXT('2D SPACE',''
  ) );
#11454 = PCURVE('',#10940,#11455);
#11455 = DEFINITIONAL_REPRESENTATION('',(#11456),#11460);
#11456 = B_SPLINE_CURVE_WITH_KNOTS('',2,(#11457,#11458,#11459),
  .UNSPECIFIED.,.F.,.F.,(3,3),(0.,1.),.PIECEWISE_BEZIER_KNOTS.);
#11457 = CARTESIAN_POINT('',(0.597493489583,1.352506510417));
#11458 = CARTESIAN_POINT('',(0.709993489583,1.390006510417));
#11459 = CARTESIAN_POINT('',(0.769995117187,1.407503255208));
#11460 = ( GEOMETRIC_REPRESENTATION_CONTEXT(2) 
PARAMETRIC_REPRESENTATION_CONTEXT() REPRESENTATION_CONTEXT('2D SPACE',''
  ) );
#11461 = ORIENTED_EDGE('',*,*,#11369,.F.);
#11462 = ORIENTED_EDGE('',*,*,#4409,.F.);
#11463 = ADVANCED_FACE('',(#11464),#4395,.T.);
#11464 = FACE_BOUND('',#11465,.T.);
#11465 = EDGE_LOOP('',(#11466,#11489,#11510,#11511));
#11466 = ORIENTED_EDGE('',*,*,#11467,.T.);
#11467 = EDGE_CURVE('',#4350,#11468,#11470,.T.);
#11468 = VERTEX_POINT('',#11469);
#11469 = CARTESIAN_POINT('',(26.559988606771,7.924999745687,19.8));
#11470 = SURFACE_CURVE('',#11471,(#11475,#11482),.PCURVE_S1.);
#11471 = LINE('',#11472,#11473);
#11472 = CARTESIAN_POINT('',(26.559988606771,7.924999745687,20.3));
#11473 = VECTOR('',#11474,1.);
#11474 = DIRECTION('',(-0.,-0.,-1.));
#11475 = PCURVE('',#4395,#11476);
#11476 = DEFINITIONAL_REPRESENTATION('',(#11477),#11481);
#11477 = LINE('',#11478,#11479);
#11478 = CARTESIAN_POINT('',(0.,0.));
#11479 = VECTOR('',#11480,1.);
#11480 = DIRECTION('',(0.,-1.));
#11481 = ( GEOMETRIC_REPRESENTATION_CONTEXT(2) 
PARAMETRIC_REPRESENTATION_CONTEXT() REPRESENTATION_CONTEXT('2D SPACE',''
  ) );
#11482 = PCURVE('',#4365,#11483);
#11483 = DEFINITIONAL_REPRESENTATION('',(#11484),#11488);
#11484 = LINE('',#11485,#11486);
#11485 = CARTESIAN_POINT('',(1.,0.));
#11486 = VECTOR('',#11487,1.);
#11487 = DIRECTION('',(0.,-1.));
#11488 = ( GEOMETRIC_REPRESENTATION_CONTEXT(2) 
PARAMETRIC_REPRESENTATION_CONTEXT() REPRESENTATION_CONTEXT('2D SPACE',''
  ) );
#11489 = ORIENTED_EDGE('',*,*,#11490,.T.);
#11490 = EDGE_CURVE('',#11468,#11419,#11491,.T.);
#11491 = SURFACE_CURVE('',#11492,(#11496,#11503),.PCURVE_S1.);
#11492 = B_SPLINE_CURVE_WITH_KNOTS('',2,(#11493,#11494,#11495),
  .UNSPECIFIED.,.F.,.F.,(3,3),(0.,1.),.PIECEWISE_BEZIER_KNOTS.);
#11493 = CARTESIAN_POINT('',(26.559988606771,7.924999745687,19.8));
#11494 = CARTESIAN_POINT('',(26.607482096354,7.965006256104,19.8));
#11495 = CARTESIAN_POINT('',(26.719982096354,8.002506256104,19.8));
#11496 = PCURVE('',#4395,#11497);
#11497 = DEFINITIONAL_REPRESENTATION('',(#11498),#11502);
#11498 = LINE('',#11499,#11500);
#11499 = CARTESIAN_POINT('',(0.,-0.5));
#11500 = VECTOR('',#11501,1.);
#11501 = DIRECTION('',(1.,0.));
#11502 = ( GEOMETRIC_REPRESENTATION_CONTEXT(2) 
PARAMETRIC_REPRESENTATION_CONTEXT() REPRESENTATION_CONTEXT('2D SPACE',''
  ) );
#11503 = PCURVE('',#10940,#11504);
#11504 = DEFINITIONAL_REPRESENTATION('',(#11505),#11509);
#11505 = B_SPLINE_CURVE_WITH_KNOTS('',2,(#11506,#11507,#11508),
  .UNSPECIFIED.,.F.,.F.,(3,3),(0.,1.),.PIECEWISE_BEZIER_KNOTS.);
#11506 = CARTESIAN_POINT('',(0.4375,1.275));
#11507 = CARTESIAN_POINT('',(0.484993489583,1.315006510417));
#11508 = CARTESIAN_POINT('',(0.597493489583,1.352506510417));
#11509 = ( GEOMETRIC_REPRESENTATION_CONTEXT(2) 
PARAMETRIC_REPRESENTATION_CONTEXT() REPRESENTATION_CONTEXT('2D SPACE',''
  ) );
#11510 = ORIENTED_EDGE('',*,*,#11418,.F.);
#11511 = ORIENTED_EDGE('',*,*,#4379,.F.);
#11512 = ADVANCED_FACE('',(#11513),#4365,.T.);
#11513 = FACE_BOUND('',#11514,.T.);
#11514 = EDGE_LOOP('',(#11515,#11538,#11559,#11560));
#11515 = ORIENTED_EDGE('',*,*,#11516,.T.);
#11516 = EDGE_CURVE('',#4320,#11517,#11519,.T.);
#11517 = VERTEX_POINT('',#11518);
#11518 = CARTESIAN_POINT('',(26.442491861979,7.82249323527,19.8));
#11519 = SURFACE_CURVE('',#11520,(#11524,#11531),.PCURVE_S1.);
#11520 = LINE('',#11521,#11522);
#11521 = CARTESIAN_POINT('',(26.442491861979,7.82249323527,20.3));
#11522 = VECTOR('',#11523,1.);
#11523 = DIRECTION('',(-0.,-0.,-1.));
#11524 = PCURVE('',#4365,#11525);
#11525 = DEFINITIONAL_REPRESENTATION('',(#11526),#11530);
#11526 = LINE('',#11527,#11528);
#11527 = CARTESIAN_POINT('',(0.,0.));
#11528 = VECTOR('',#11529,1.);
#11529 = DIRECTION('',(0.,-1.));
#11530 = ( GEOMETRIC_REPRESENTATION_CONTEXT(2) 
PARAMETRIC_REPRESENTATION_CONTEXT() REPRESENTATION_CONTEXT('2D SPACE',''
  ) );
#11531 = PCURVE('',#4335,#11532);
#11532 = DEFINITIONAL_REPRESENTATION('',(#11533),#11537);
#11533 = LINE('',#11534,#11535);
#11534 = CARTESIAN_POINT('',(1.,0.));
#11535 = VECTOR('',#11536,1.);
#11536 = DIRECTION('',(0.,-1.));
#11537 = ( GEOMETRIC_REPRESENTATION_CONTEXT(2) 
PARAMETRIC_REPRESENTATION_CONTEXT() REPRESENTATION_CONTEXT('2D SPACE',''
  ) );
#11538 = ORIENTED_EDGE('',*,*,#11539,.T.);
#11539 = EDGE_CURVE('',#11517,#11468,#11540,.T.);
#11540 = SURFACE_CURVE('',#11541,(#11545,#11552),.PCURVE_S1.);
#11541 = B_SPLINE_CURVE_WITH_KNOTS('',2,(#11542,#11543,#11544),
  .UNSPECIFIED.,.F.,.F.,(3,3),(0.,1.),.PIECEWISE_BEZIER_KNOTS.);
#11542 = CARTESIAN_POINT('',(26.442491861979,7.82249323527,19.8));
#11543 = CARTESIAN_POINT('',(26.512495117187,7.88499323527,19.8));
#11544 = CARTESIAN_POINT('',(26.559988606771,7.924999745687,19.8));
#11545 = PCURVE('',#4365,#11546);
#11546 = DEFINITIONAL_REPRESENTATION('',(#11547),#11551);
#11547 = LINE('',#11548,#11549);
#11548 = CARTESIAN_POINT('',(0.,-0.5));
#11549 = VECTOR('',#11550,1.);
#11550 = DIRECTION('',(1.,0.));
#11551 = ( GEOMETRIC_REPRESENTATION_CONTEXT(2) 
PARAMETRIC_REPRESENTATION_CONTEXT() REPRESENTATION_CONTEXT('2D SPACE',''
  ) );
#11552 = PCURVE('',#10940,#11553);
#11553 = DEFINITIONAL_REPRESENTATION('',(#11554),#11558);
#11554 = B_SPLINE_CURVE_WITH_KNOTS('',2,(#11555,#11556,#11557),
  .UNSPECIFIED.,.F.,.F.,(3,3),(0.,1.),.PIECEWISE_BEZIER_KNOTS.);
#11555 = CARTESIAN_POINT('',(0.320003255208,1.172493489583));
#11556 = CARTESIAN_POINT('',(0.390006510417,1.234993489583));
#11557 = CARTESIAN_POINT('',(0.4375,1.275));
#11558 = ( GEOMETRIC_REPRESENTATION_CONTEXT(2) 
PARAMETRIC_REPRESENTATION_CONTEXT() REPRESENTATION_CONTEXT('2D SPACE',''
  ) );
#11559 = ORIENTED_EDGE('',*,*,#11467,.F.);
#11560 = ORIENTED_EDGE('',*,*,#4349,.F.);
#11561 = ADVANCED_FACE('',(#11562),#4335,.T.);
#11562 = FACE_BOUND('',#11563,.T.);
#11563 = EDGE_LOOP('',(#11564,#11587,#11608,#11609));
#11564 = ORIENTED_EDGE('',*,*,#11565,.T.);
#11565 = EDGE_CURVE('',#4290,#11566,#11568,.T.);
#11566 = VERTEX_POINT('',#11567);
#11567 = CARTESIAN_POINT('',(26.344990234375,7.687499745687,19.8));
#11568 = SURFACE_CURVE('',#11569,(#11573,#11580),.PCURVE_S1.);
#11569 = LINE('',#11570,#11571);
#11570 = CARTESIAN_POINT('',(26.344990234375,7.687499745687,20.3));
#11571 = VECTOR('',#11572,1.);
#11572 = DIRECTION('',(-0.,-0.,-1.));
#11573 = PCURVE('',#4335,#11574);
#11574 = DEFINITIONAL_REPRESENTATION('',(#11575),#11579);
#11575 = LINE('',#11576,#11577);
#11576 = CARTESIAN_POINT('',(0.,0.));
#11577 = VECTOR('',#11578,1.);
#11578 = DIRECTION('',(0.,-1.));
#11579 = ( GEOMETRIC_REPRESENTATION_CONTEXT(2) 
PARAMETRIC_REPRESENTATION_CONTEXT() REPRESENTATION_CONTEXT('2D SPACE',''
  ) );
#11580 = PCURVE('',#4305,#11581);
#11581 = DEFINITIONAL_REPRESENTATION('',(#11582),#11586);
#11582 = LINE('',#11583,#11584);
#11583 = CARTESIAN_POINT('',(1.,0.));
#11584 = VECTOR('',#11585,1.);
#11585 = DIRECTION('',(0.,-1.));
#11586 = ( GEOMETRIC_REPRESENTATION_CONTEXT(2) 
PARAMETRIC_REPRESENTATION_CONTEXT() REPRESENTATION_CONTEXT('2D SPACE',''
  ) );
#11587 = ORIENTED_EDGE('',*,*,#11588,.T.);
#11588 = EDGE_CURVE('',#11566,#11517,#11589,.T.);
#11589 = SURFACE_CURVE('',#11590,(#11594,#11601),.PCURVE_S1.);
#11590 = B_SPLINE_CURVE_WITH_KNOTS('',2,(#11591,#11592,#11593),
  .UNSPECIFIED.,.F.,.F.,(3,3),(0.,1.),.PIECEWISE_BEZIER_KNOTS.);
#11591 = CARTESIAN_POINT('',(26.344990234375,7.687499745687,19.8));
#11592 = CARTESIAN_POINT('',(26.372488606771,7.75999323527,19.8));
#11593 = CARTESIAN_POINT('',(26.442491861979,7.82249323527,19.8));
#11594 = PCURVE('',#4335,#11595);
#11595 = DEFINITIONAL_REPRESENTATION('',(#11596),#11600);
#11596 = LINE('',#11597,#11598);
#11597 = CARTESIAN_POINT('',(0.,-0.5));
#11598 = VECTOR('',#11599,1.);
#11599 = DIRECTION('',(1.,0.));
#11600 = ( GEOMETRIC_REPRESENTATION_CONTEXT(2) 
PARAMETRIC_REPRESENTATION_CONTEXT() REPRESENTATION_CONTEXT('2D SPACE',''
  ) );
#11601 = PCURVE('',#10940,#11602);
#11602 = DEFINITIONAL_REPRESENTATION('',(#11603),#11607);
#11603 = B_SPLINE_CURVE_WITH_KNOTS('',2,(#11604,#11605,#11606),
  .UNSPECIFIED.,.F.,.F.,(3,3),(0.,1.),.PIECEWISE_BEZIER_KNOTS.);
#11604 = CARTESIAN_POINT('',(0.222501627604,1.0375));
#11605 = CARTESIAN_POINT('',(0.25,1.109993489583));
#11606 = CARTESIAN_POINT('',(0.320003255208,1.172493489583));
#11607 = ( GEOMETRIC_REPRESENTATION_CONTEXT(2) 
PARAMETRIC_REPRESENTATION_CONTEXT() REPRESENTATION_CONTEXT('2D SPACE',''
  ) );
#11608 = ORIENTED_EDGE('',*,*,#11516,.F.);
#11609 = ORIENTED_EDGE('',*,*,#4319,.F.);
#11610 = ADVANCED_FACE('',(#11611),#4305,.T.);
#11611 = FACE_BOUND('',#11612,.T.);
#11612 = EDGE_LOOP('',(#11613,#11636,#11657,#11658));
#11613 = ORIENTED_EDGE('',*,*,#11614,.T.);
#11614 = EDGE_CURVE('',#4260,#11615,#11617,.T.);
#11615 = VERTEX_POINT('',#11616);
#11616 = CARTESIAN_POINT('',(26.294990234375,7.520003000895,19.8));
#11617 = SURFACE_CURVE('',#11618,(#11622,#11629),.PCURVE_S1.);
#11618 = LINE('',#11619,#11620);
#11619 = CARTESIAN_POINT('',(26.294990234375,7.520003000895,20.3));
#11620 = VECTOR('',#11621,1.);
#11621 = DIRECTION('',(-0.,-0.,-1.));
#11622 = PCURVE('',#4305,#11623);
#11623 = DEFINITIONAL_REPRESENTATION('',(#11624),#11628);
#11624 = LINE('',#11625,#11626);
#11625 = CARTESIAN_POINT('',(0.,0.));
#11626 = VECTOR('',#11627,1.);
#11627 = DIRECTION('',(0.,-1.));
#11628 = ( GEOMETRIC_REPRESENTATION_CONTEXT(2) 
PARAMETRIC_REPRESENTATION_CONTEXT() REPRESENTATION_CONTEXT('2D SPACE',''
  ) );
#11629 = PCURVE('',#4275,#11630);
#11630 = DEFINITIONAL_REPRESENTATION('',(#11631),#11635);
#11631 = LINE('',#11632,#11633);
#11632 = CARTESIAN_POINT('',(1.,0.));
#11633 = VECTOR('',#11634,1.);
#11634 = DIRECTION('',(0.,-1.));
#11635 = ( GEOMETRIC_REPRESENTATION_CONTEXT(2) 
PARAMETRIC_REPRESENTATION_CONTEXT() REPRESENTATION_CONTEXT('2D SPACE',''
  ) );
#11636 = ORIENTED_EDGE('',*,*,#11637,.T.);
#11637 = EDGE_CURVE('',#11615,#11566,#11638,.T.);
#11638 = SURFACE_CURVE('',#11639,(#11643,#11650),.PCURVE_S1.);
#11639 = B_SPLINE_CURVE_WITH_KNOTS('',2,(#11640,#11641,#11642),
  .UNSPECIFIED.,.F.,.F.,(3,3),(0.,1.),.PIECEWISE_BEZIER_KNOTS.);
#11640 = CARTESIAN_POINT('',(26.294990234375,7.520003000895,19.8));
#11641 = CARTESIAN_POINT('',(26.317491861979,7.615006256104,19.8));
#11642 = CARTESIAN_POINT('',(26.344990234375,7.687499745687,19.8));
#11643 = PCURVE('',#4305,#11644);
#11644 = DEFINITIONAL_REPRESENTATION('',(#11645),#11649);
#11645 = LINE('',#11646,#11647);
#11646 = CARTESIAN_POINT('',(0.,-0.5));
#11647 = VECTOR('',#11648,1.);
#11648 = DIRECTION('',(1.,0.));
#11649 = ( GEOMETRIC_REPRESENTATION_CONTEXT(2) 
PARAMETRIC_REPRESENTATION_CONTEXT() REPRESENTATION_CONTEXT('2D SPACE',''
  ) );
#11650 = PCURVE('',#10940,#11651);
#11651 = DEFINITIONAL_REPRESENTATION('',(#11652),#11656);
#11652 = B_SPLINE_CURVE_WITH_KNOTS('',2,(#11653,#11654,#11655),
  .UNSPECIFIED.,.F.,.F.,(3,3),(0.,1.),.PIECEWISE_BEZIER_KNOTS.);
#11653 = CARTESIAN_POINT('',(0.172501627604,0.870003255208));
#11654 = CARTESIAN_POINT('',(0.195003255208,0.965006510417));
#11655 = CARTESIAN_POINT('',(0.222501627604,1.0375));
#11656 = ( GEOMETRIC_REPRESENTATION_CONTEXT(2) 
PARAMETRIC_REPRESENTATION_CONTEXT() REPRESENTATION_CONTEXT('2D SPACE',''
  ) );
#11657 = ORIENTED_EDGE('',*,*,#11565,.F.);
#11658 = ORIENTED_EDGE('',*,*,#4289,.F.);
#11659 = ADVANCED_FACE('',(#11660),#4275,.T.);
#11660 = FACE_BOUND('',#11661,.T.);
#11661 = EDGE_LOOP('',(#11662,#11685,#11706,#11707));
#11662 = ORIENTED_EDGE('',*,*,#11663,.T.);
#11663 = EDGE_CURVE('',#4230,#11664,#11666,.T.);
#11664 = VERTEX_POINT('',#11665);
#11665 = CARTESIAN_POINT('',(26.272488606771,7.30999323527,19.8));
#11666 = SURFACE_CURVE('',#11667,(#11671,#11678),.PCURVE_S1.);
#11667 = LINE('',#11668,#11669);
#11668 = CARTESIAN_POINT('',(26.272488606771,7.30999323527,20.3));
#11669 = VECTOR('',#11670,1.);
#11670 = DIRECTION('',(-0.,-0.,-1.));
#11671 = PCURVE('',#4275,#11672);
#11672 = DEFINITIONAL_REPRESENTATION('',(#11673),#11677);
#11673 = LINE('',#11674,#11675);
#11674 = CARTESIAN_POINT('',(0.,0.));
#11675 = VECTOR('',#11676,1.);
#11676 = DIRECTION('',(0.,-1.));
#11677 = ( GEOMETRIC_REPRESENTATION_CONTEXT(2) 
PARAMETRIC_REPRESENTATION_CONTEXT() REPRESENTATION_CONTEXT('2D SPACE',''
  ) );
#11678 = PCURVE('',#4245,#11679);
#11679 = DEFINITIONAL_REPRESENTATION('',(#11680),#11684);
#11680 = LINE('',#11681,#11682);
#11681 = CARTESIAN_POINT('',(1.,0.));
#11682 = VECTOR('',#11683,1.);
#11683 = DIRECTION('',(0.,-1.));
#11684 = ( GEOMETRIC_REPRESENTATION_CONTEXT(2) 
PARAMETRIC_REPRESENTATION_CONTEXT() REPRESENTATION_CONTEXT('2D SPACE',''
  ) );
#11685 = ORIENTED_EDGE('',*,*,#11686,.T.);
#11686 = EDGE_CURVE('',#11664,#11615,#11687,.T.);
#11687 = SURFACE_CURVE('',#11688,(#11692,#11699),.PCURVE_S1.);
#11688 = B_SPLINE_CURVE_WITH_KNOTS('',2,(#11689,#11690,#11691),
  .UNSPECIFIED.,.F.,.F.,(3,3),(0.,1.),.PIECEWISE_BEZIER_KNOTS.);
#11689 = CARTESIAN_POINT('',(26.272488606771,7.30999323527,19.8));
#11690 = CARTESIAN_POINT('',(26.272488606771,7.424999745687,19.8));
#11691 = CARTESIAN_POINT('',(26.294990234375,7.520003000895,19.8));
#11692 = PCURVE('',#4275,#11693);
#11693 = DEFINITIONAL_REPRESENTATION('',(#11694),#11698);
#11694 = LINE('',#11695,#11696);
#11695 = CARTESIAN_POINT('',(0.,-0.5));
#11696 = VECTOR('',#11697,1.);
#11697 = DIRECTION('',(1.,0.));
#11698 = ( GEOMETRIC_REPRESENTATION_CONTEXT(2) 
PARAMETRIC_REPRESENTATION_CONTEXT() REPRESENTATION_CONTEXT('2D SPACE',''
  ) );
#11699 = PCURVE('',#10940,#11700);
#11700 = DEFINITIONAL_REPRESENTATION('',(#11701),#11705);
#11701 = B_SPLINE_CURVE_WITH_KNOTS('',2,(#11702,#11703,#11704),
  .UNSPECIFIED.,.F.,.F.,(3,3),(0.,1.),.PIECEWISE_BEZIER_KNOTS.);
#11702 = CARTESIAN_POINT('',(0.15,0.659993489583));
#11703 = CARTESIAN_POINT('',(0.15,0.775));
#11704 = CARTESIAN_POINT('',(0.172501627604,0.870003255208));
#11705 = ( GEOMETRIC_REPRESENTATION_CONTEXT(2) 
PARAMETRIC_REPRESENTATION_CONTEXT() REPRESENTATION_CONTEXT('2D SPACE',''
  ) );
#11706 = ORIENTED_EDGE('',*,*,#11614,.F.);
#11707 = ORIENTED_EDGE('',*,*,#4259,.F.);
#11708 = ADVANCED_FACE('',(#11709),#4245,.T.);
#11709 = FACE_BOUND('',#11710,.T.);
#11710 = EDGE_LOOP('',(#11711,#11734,#11755,#11756));
#11711 = ORIENTED_EDGE('',*,*,#11712,.T.);
#11712 = EDGE_CURVE('',#4200,#11713,#11715,.T.);
#11713 = VERTEX_POINT('',#11714);
#11714 = CARTESIAN_POINT('',(26.504991861979,6.744994862874,19.8));
#11715 = SURFACE_CURVE('',#11716,(#11720,#11727),.PCURVE_S1.);
#11716 = LINE('',#11717,#11718);
#11717 = CARTESIAN_POINT('',(26.504991861979,6.744994862874,20.3));
#11718 = VECTOR('',#11719,1.);
#11719 = DIRECTION('',(-0.,-0.,-1.));
#11720 = PCURVE('',#4245,#11721);
#11721 = DEFINITIONAL_REPRESENTATION('',(#11722),#11726);
#11722 = LINE('',#11723,#11724);
#11723 = CARTESIAN_POINT('',(0.,0.));
#11724 = VECTOR('',#11725,1.);
#11725 = DIRECTION('',(0.,-1.));
#11726 = ( GEOMETRIC_REPRESENTATION_CONTEXT(2) 
PARAMETRIC_REPRESENTATION_CONTEXT() REPRESENTATION_CONTEXT('2D SPACE',''
  ) );
#11727 = PCURVE('',#4215,#11728);
#11728 = DEFINITIONAL_REPRESENTATION('',(#11729),#11733);
#11729 = LINE('',#11730,#11731);
#11730 = CARTESIAN_POINT('',(1.,0.));
#11731 = VECTOR('',#11732,1.);
#11732 = DIRECTION('',(0.,-1.));
#11733 = ( GEOMETRIC_REPRESENTATION_CONTEXT(2) 
PARAMETRIC_REPRESENTATION_CONTEXT() REPRESENTATION_CONTEXT('2D SPACE',''
  ) );
#11734 = ORIENTED_EDGE('',*,*,#11735,.T.);
#11735 = EDGE_CURVE('',#11713,#11664,#11736,.T.);
#11736 = SURFACE_CURVE('',#11737,(#11741,#11748),.PCURVE_S1.);
#11737 = B_SPLINE_CURVE_WITH_KNOTS('',2,(#11738,#11739,#11740),
  .UNSPECIFIED.,.F.,.F.,(3,3),(0.,1.),.PIECEWISE_BEZIER_KNOTS.);
#11738 = CARTESIAN_POINT('',(26.504991861979,6.744994862874,19.8));
#11739 = CARTESIAN_POINT('',(26.272488606771,6.954996490479,19.8));
#11740 = CARTESIAN_POINT('',(26.272488606771,7.30999323527,19.8));
#11741 = PCURVE('',#4245,#11742);
#11742 = DEFINITIONAL_REPRESENTATION('',(#11743),#11747);
#11743 = LINE('',#11744,#11745);
#11744 = CARTESIAN_POINT('',(0.,-0.5));
#11745 = VECTOR('',#11746,1.);
#11746 = DIRECTION('',(1.,0.));
#11747 = ( GEOMETRIC_REPRESENTATION_CONTEXT(2) 
PARAMETRIC_REPRESENTATION_CONTEXT() REPRESENTATION_CONTEXT('2D SPACE',''
  ) );
#11748 = PCURVE('',#10940,#11749);
#11749 = DEFINITIONAL_REPRESENTATION('',(#11750),#11754);
#11750 = B_SPLINE_CURVE_WITH_KNOTS('',2,(#11751,#11752,#11753),
  .UNSPECIFIED.,.F.,.F.,(3,3),(0.,1.),.PIECEWISE_BEZIER_KNOTS.);
#11751 = CARTESIAN_POINT('',(0.382503255208,9.49951171875E-02));
#11752 = CARTESIAN_POINT('',(0.15,0.304996744792));
#11753 = CARTESIAN_POINT('',(0.15,0.659993489583));
#11754 = ( GEOMETRIC_REPRESENTATION_CONTEXT(2) 
PARAMETRIC_REPRESENTATION_CONTEXT() REPRESENTATION_CONTEXT('2D SPACE',''
  ) );
#11755 = ORIENTED_EDGE('',*,*,#11663,.F.);
#11756 = ORIENTED_EDGE('',*,*,#4229,.F.);
#11757 = ADVANCED_FACE('',(#11758),#4215,.T.);
#11758 = FACE_BOUND('',#11759,.T.);
#11759 = EDGE_LOOP('',(#11760,#11783,#11804,#11805));
#11760 = ORIENTED_EDGE('',*,*,#11761,.T.);
#11761 = EDGE_CURVE('',#4170,#11762,#11764,.T.);
#11762 = VERTEX_POINT('',#11763);
#11763 = CARTESIAN_POINT('',(27.132482096354,6.53499323527,19.8));
#11764 = SURFACE_CURVE('',#11765,(#11769,#11776),.PCURVE_S1.);
#11765 = LINE('',#11766,#11767);
#11766 = CARTESIAN_POINT('',(27.132482096354,6.53499323527,20.3));
#11767 = VECTOR('',#11768,1.);
#11768 = DIRECTION('',(-0.,-0.,-1.));
#11769 = PCURVE('',#4215,#11770);
#11770 = DEFINITIONAL_REPRESENTATION('',(#11771),#11775);
#11771 = LINE('',#11772,#11773);
#11772 = CARTESIAN_POINT('',(0.,0.));
#11773 = VECTOR('',#11774,1.);
#11774 = DIRECTION('',(0.,-1.));
#11775 = ( GEOMETRIC_REPRESENTATION_CONTEXT(2) 
PARAMETRIC_REPRESENTATION_CONTEXT() REPRESENTATION_CONTEXT('2D SPACE',''
  ) );
#11776 = PCURVE('',#4185,#11777);
#11777 = DEFINITIONAL_REPRESENTATION('',(#11778),#11782);
#11778 = LINE('',#11779,#11780);
#11779 = CARTESIAN_POINT('',(1.,0.));
#11780 = VECTOR('',#11781,1.);
#11781 = DIRECTION('',(0.,-1.));
#11782 = ( GEOMETRIC_REPRESENTATION_CONTEXT(2) 
PARAMETRIC_REPRESENTATION_CONTEXT() REPRESENTATION_CONTEXT('2D SPACE',''
  ) );
#11783 = ORIENTED_EDGE('',*,*,#11784,.T.);
#11784 = EDGE_CURVE('',#11762,#11713,#11785,.T.);
#11785 = SURFACE_CURVE('',#11786,(#11790,#11797),.PCURVE_S1.);
#11786 = B_SPLINE_CURVE_WITH_KNOTS('',2,(#11787,#11788,#11789),
  .UNSPECIFIED.,.F.,.F.,(3,3),(0.,1.),.PIECEWISE_BEZIER_KNOTS.);
#11787 = CARTESIAN_POINT('',(27.132482096354,6.53499323527,19.8));
#11788 = CARTESIAN_POINT('',(26.737495117187,6.53499323527,19.8));
#11789 = CARTESIAN_POINT('',(26.504991861979,6.744994862874,19.8));
#11790 = PCURVE('',#4215,#11791);
#11791 = DEFINITIONAL_REPRESENTATION('',(#11792),#11796);
#11792 = LINE('',#11793,#11794);
#11793 = CARTESIAN_POINT('',(0.,-0.5));
#11794 = VECTOR('',#11795,1.);
#11795 = DIRECTION('',(1.,0.));
#11796 = ( GEOMETRIC_REPRESENTATION_CONTEXT(2) 
PARAMETRIC_REPRESENTATION_CONTEXT() REPRESENTATION_CONTEXT('2D SPACE',''
  ) );
#11797 = PCURVE('',#10940,#11798);
#11798 = DEFINITIONAL_REPRESENTATION('',(#11799),#11803);
#11799 = B_SPLINE_CURVE_WITH_KNOTS('',2,(#11800,#11801,#11802),
  .UNSPECIFIED.,.F.,.F.,(3,3),(0.,1.),.PIECEWISE_BEZIER_KNOTS.);
#11800 = CARTESIAN_POINT('',(1.009993489583,-0.115006510417));
#11801 = CARTESIAN_POINT('',(0.615006510417,-0.115006510417));
#11802 = CARTESIAN_POINT('',(0.382503255208,9.49951171875E-02));
#11803 = ( GEOMETRIC_REPRESENTATION_CONTEXT(2) 
PARAMETRIC_REPRESENTATION_CONTEXT() REPRESENTATION_CONTEXT('2D SPACE',''
  ) );
#11804 = ORIENTED_EDGE('',*,*,#11712,.F.);
#11805 = ORIENTED_EDGE('',*,*,#4199,.F.);
#11806 = ADVANCED_FACE('',(#11807),#4185,.T.);
#11807 = FACE_BOUND('',#11808,.T.);
#11808 = EDGE_LOOP('',(#11809,#11832,#11853,#11854));
#11809 = ORIENTED_EDGE('',*,*,#11810,.T.);
#11810 = EDGE_CURVE('',#4140,#11811,#11813,.T.);
#11811 = VERTEX_POINT('',#11812);
#11812 = CARTESIAN_POINT('',(28.022488606771,6.920003000895,19.8));
#11813 = SURFACE_CURVE('',#11814,(#11818,#11825),.PCURVE_S1.);
#11814 = LINE('',#11815,#11816);
#11815 = CARTESIAN_POINT('',(28.022488606771,6.920003000895,20.3));
#11816 = VECTOR('',#11817,1.);
#11817 = DIRECTION('',(-0.,-0.,-1.));
#11818 = PCURVE('',#4185,#11819);
#11819 = DEFINITIONAL_REPRESENTATION('',(#11820),#11824);
#11820 = LINE('',#11821,#11822);
#11821 = CARTESIAN_POINT('',(0.,0.));
#11822 = VECTOR('',#11823,1.);
#11823 = DIRECTION('',(0.,-1.));
#11824 = ( GEOMETRIC_REPRESENTATION_CONTEXT(2) 
PARAMETRIC_REPRESENTATION_CONTEXT() REPRESENTATION_CONTEXT('2D SPACE',''
  ) );
#11825 = PCURVE('',#4155,#11826);
#11826 = DEFINITIONAL_REPRESENTATION('',(#11827),#11831);
#11827 = LINE('',#11828,#11829);
#11828 = CARTESIAN_POINT('',(1.,0.));
#11829 = VECTOR('',#11830,1.);
#11830 = DIRECTION('',(0.,-1.));
#11831 = ( GEOMETRIC_REPRESENTATION_CONTEXT(2) 
PARAMETRIC_REPRESENTATION_CONTEXT() REPRESENTATION_CONTEXT('2D SPACE',''
  ) );
#11832 = ORIENTED_EDGE('',*,*,#11833,.T.);
#11833 = EDGE_CURVE('',#11811,#11762,#11834,.T.);
#11834 = SURFACE_CURVE('',#11835,(#11839,#11846),.PCURVE_S1.);
#11835 = B_SPLINE_CURVE_WITH_KNOTS('',2,(#11836,#11837,#11838),
  .UNSPECIFIED.,.F.,.F.,(3,3),(0.,1.),.PIECEWISE_BEZIER_KNOTS.);
#11836 = CARTESIAN_POINT('',(28.022488606771,6.920003000895,19.8));
#11837 = CARTESIAN_POINT('',(27.602485351562,6.53499323527,19.8));
#11838 = CARTESIAN_POINT('',(27.132482096354,6.53499323527,19.8));
#11839 = PCURVE('',#4185,#11840);
#11840 = DEFINITIONAL_REPRESENTATION('',(#11841),#11845);
#11841 = LINE('',#11842,#11843);
#11842 = CARTESIAN_POINT('',(0.,-0.5));
#11843 = VECTOR('',#11844,1.);
#11844 = DIRECTION('',(1.,0.));
#11845 = ( GEOMETRIC_REPRESENTATION_CONTEXT(2) 
PARAMETRIC_REPRESENTATION_CONTEXT() REPRESENTATION_CONTEXT('2D SPACE',''
  ) );
#11846 = PCURVE('',#10940,#11847);
#11847 = DEFINITIONAL_REPRESENTATION('',(#11848),#11852);
#11848 = B_SPLINE_CURVE_WITH_KNOTS('',2,(#11849,#11850,#11851),
  .UNSPECIFIED.,.F.,.F.,(3,3),(0.,1.),.PIECEWISE_BEZIER_KNOTS.);
#11849 = CARTESIAN_POINT('',(1.9,0.270003255208));
#11850 = CARTESIAN_POINT('',(1.479996744792,-0.115006510417));
#11851 = CARTESIAN_POINT('',(1.009993489583,-0.115006510417));
#11852 = ( GEOMETRIC_REPRESENTATION_CONTEXT(2) 
PARAMETRIC_REPRESENTATION_CONTEXT() REPRESENTATION_CONTEXT('2D SPACE',''
  ) );
#11853 = ORIENTED_EDGE('',*,*,#11761,.F.);
#11854 = ORIENTED_EDGE('',*,*,#4169,.F.);
#11855 = ADVANCED_FACE('',(#11856),#4155,.T.);
#11856 = FACE_BOUND('',#11857,.T.);
#11857 = EDGE_LOOP('',(#11858,#11881,#11902,#11903));
#11858 = ORIENTED_EDGE('',*,*,#11859,.T.);
#11859 = EDGE_CURVE('',#4110,#11860,#11862,.T.);
#11860 = VERTEX_POINT('',#11861);
#11861 = CARTESIAN_POINT('',(28.149986979167,6.627498118083,19.8));
#11862 = SURFACE_CURVE('',#11863,(#11867,#11874),.PCURVE_S1.);
#11863 = LINE('',#11864,#11865);
#11864 = CARTESIAN_POINT('',(28.149986979167,6.627498118083,20.3));
#11865 = VECTOR('',#11866,1.);
#11866 = DIRECTION('',(-0.,-0.,-1.));
#11867 = PCURVE('',#4155,#11868);
#11868 = DEFINITIONAL_REPRESENTATION('',(#11869),#11873);
#11869 = LINE('',#11870,#11871);
#11870 = CARTESIAN_POINT('',(0.,0.));
#11871 = VECTOR('',#11872,1.);
#11872 = DIRECTION('',(0.,-1.));
#11873 = ( GEOMETRIC_REPRESENTATION_CONTEXT(2) 
PARAMETRIC_REPRESENTATION_CONTEXT() REPRESENTATION_CONTEXT('2D SPACE',''
  ) );
#11874 = PCURVE('',#4125,#11875);
#11875 = DEFINITIONAL_REPRESENTATION('',(#11876),#11880);
#11876 = LINE('',#11877,#11878);
#11877 = CARTESIAN_POINT('',(1.,0.));
#11878 = VECTOR('',#11879,1.);
#11879 = DIRECTION('',(0.,-1.));
#11880 = ( GEOMETRIC_REPRESENTATION_CONTEXT(2) 
PARAMETRIC_REPRESENTATION_CONTEXT() REPRESENTATION_CONTEXT('2D SPACE',''
  ) );
#11881 = ORIENTED_EDGE('',*,*,#11882,.T.);
#11882 = EDGE_CURVE('',#11860,#11811,#11883,.T.);
#11883 = SURFACE_CURVE('',#11884,(#11888,#11895),.PCURVE_S1.);
#11884 = B_SPLINE_CURVE_WITH_KNOTS('',2,(#11885,#11886,#11887),
  .UNSPECIFIED.,.F.,.F.,(3,3),(0.,1.),.PIECEWISE_BEZIER_KNOTS.);
#11885 = CARTESIAN_POINT('',(28.149986979167,6.627498118083,19.8));
#11886 = CARTESIAN_POINT('',(28.047488606771,6.720003000895,19.8));
#11887 = CARTESIAN_POINT('',(28.022488606771,6.920003000895,19.8));
#11888 = PCURVE('',#4155,#11889);
#11889 = DEFINITIONAL_REPRESENTATION('',(#11890),#11894);
#11890 = LINE('',#11891,#11892);
#11891 = CARTESIAN_POINT('',(0.,-0.5));
#11892 = VECTOR('',#11893,1.);
#11893 = DIRECTION('',(1.,0.));
#11894 = ( GEOMETRIC_REPRESENTATION_CONTEXT(2) 
PARAMETRIC_REPRESENTATION_CONTEXT() REPRESENTATION_CONTEXT('2D SPACE',''
  ) );
#11895 = PCURVE('',#10940,#11896);
#11896 = DEFINITIONAL_REPRESENTATION('',(#11897),#11901);
#11897 = B_SPLINE_CURVE_WITH_KNOTS('',2,(#11898,#11899,#11900),
  .UNSPECIFIED.,.F.,.F.,(3,3),(0.,1.),.PIECEWISE_BEZIER_KNOTS.);
#11898 = CARTESIAN_POINT('',(2.027498372396,-2.250162760417E-02));
#11899 = CARTESIAN_POINT('',(1.925,7.000325520833E-02));
#11900 = CARTESIAN_POINT('',(1.9,0.270003255208));
#11901 = ( GEOMETRIC_REPRESENTATION_CONTEXT(2) 
PARAMETRIC_REPRESENTATION_CONTEXT() REPRESENTATION_CONTEXT('2D SPACE',''
  ) );
#11902 = ORIENTED_EDGE('',*,*,#11810,.F.);
#11903 = ORIENTED_EDGE('',*,*,#4139,.F.);
#11904 = ADVANCED_FACE('',(#11905),#4125,.T.);
#11905 = FACE_BOUND('',#11906,.T.);
#11906 = EDGE_LOOP('',(#11907,#11930,#11951,#11952));
#11907 = ORIENTED_EDGE('',*,*,#11908,.T.);
#11908 = EDGE_CURVE('',#4080,#11909,#11911,.T.);
#11909 = VERTEX_POINT('',#11910);
#11910 = CARTESIAN_POINT('',(28.452485351563,6.53499323527,19.8));
#11911 = SURFACE_CURVE('',#11912,(#11916,#11923),.PCURVE_S1.);
#11912 = LINE('',#11913,#11914);
#11913 = CARTESIAN_POINT('',(28.452485351563,6.53499323527,20.3));
#11914 = VECTOR('',#11915,1.);
#11915 = DIRECTION('',(-0.,-0.,-1.));
#11916 = PCURVE('',#4125,#11917);
#11917 = DEFINITIONAL_REPRESENTATION('',(#11918),#11922);
#11918 = LINE('',#11919,#11920);
#11919 = CARTESIAN_POINT('',(0.,0.));
#11920 = VECTOR('',#11921,1.);
#11921 = DIRECTION('',(0.,-1.));
#11922 = ( GEOMETRIC_REPRESENTATION_CONTEXT(2) 
PARAMETRIC_REPRESENTATION_CONTEXT() REPRESENTATION_CONTEXT('2D SPACE',''
  ) );
#11923 = PCURVE('',#4095,#11924);
#11924 = DEFINITIONAL_REPRESENTATION('',(#11925),#11929);
#11925 = LINE('',#11926,#11927);
#11926 = CARTESIAN_POINT('',(1.,0.));
#11927 = VECTOR('',#11928,1.);
#11928 = DIRECTION('',(0.,-1.));
#11929 = ( GEOMETRIC_REPRESENTATION_CONTEXT(2) 
PARAMETRIC_REPRESENTATION_CONTEXT() REPRESENTATION_CONTEXT('2D SPACE',''
  ) );
#11930 = ORIENTED_EDGE('',*,*,#11931,.T.);
#11931 = EDGE_CURVE('',#11909,#11860,#11932,.T.);
#11932 = SURFACE_CURVE('',#11933,(#11937,#11944),.PCURVE_S1.);
#11933 = B_SPLINE_CURVE_WITH_KNOTS('',2,(#11934,#11935,#11936),
  .UNSPECIFIED.,.F.,.F.,(3,3),(0.,1.),.PIECEWISE_BEZIER_KNOTS.);
#11934 = CARTESIAN_POINT('',(28.452485351563,6.53499323527,19.8));
#11935 = CARTESIAN_POINT('',(28.252485351562,6.53499323527,19.8));
#11936 = CARTESIAN_POINT('',(28.149986979167,6.627498118083,19.8));
#11937 = PCURVE('',#4125,#11938);
#11938 = DEFINITIONAL_REPRESENTATION('',(#11939),#11943);
#11939 = LINE('',#11940,#11941);
#11940 = CARTESIAN_POINT('',(0.,-0.5));
#11941 = VECTOR('',#11942,1.);
#11942 = DIRECTION('',(1.,0.));
#11943 = ( GEOMETRIC_REPRESENTATION_CONTEXT(2) 
PARAMETRIC_REPRESENTATION_CONTEXT() REPRESENTATION_CONTEXT('2D SPACE',''
  ) );
#11944 = PCURVE('',#10940,#11945);
#11945 = DEFINITIONAL_REPRESENTATION('',(#11946),#11950);
#11946 = B_SPLINE_CURVE_WITH_KNOTS('',2,(#11947,#11948,#11949),
  .UNSPECIFIED.,.F.,.F.,(3,3),(0.,1.),.PIECEWISE_BEZIER_KNOTS.);
#11947 = CARTESIAN_POINT('',(2.329996744792,-0.115006510417));
#11948 = CARTESIAN_POINT('',(2.129996744792,-0.115006510417));
#11949 = CARTESIAN_POINT('',(2.027498372396,-2.250162760417E-02));
#11950 = ( GEOMETRIC_REPRESENTATION_CONTEXT(2) 
PARAMETRIC_REPRESENTATION_CONTEXT() REPRESENTATION_CONTEXT('2D SPACE',''
  ) );
#11951 = ORIENTED_EDGE('',*,*,#11859,.F.);
#11952 = ORIENTED_EDGE('',*,*,#4109,.F.);
#11953 = ADVANCED_FACE('',(#11954),#4095,.T.);
#11954 = FACE_BOUND('',#11955,.T.);
#11955 = EDGE_LOOP('',(#11956,#11979,#12000,#12001));
#11956 = ORIENTED_EDGE('',*,*,#11957,.T.);
#11957 = EDGE_CURVE('',#4052,#11958,#11960,.T.);
#11958 = VERTEX_POINT('',#11959);
#11959 = CARTESIAN_POINT('',(28.737495117187,6.579996490479,19.8));
#11960 = SURFACE_CURVE('',#11961,(#11965,#11972),.PCURVE_S1.);
#11961 = LINE('',#11962,#11963);
#11962 = CARTESIAN_POINT('',(28.737495117187,6.579996490479,20.3));
#11963 = VECTOR('',#11964,1.);
#11964 = DIRECTION('',(-0.,-0.,-1.));
#11965 = PCURVE('',#4095,#11966);
#11966 = DEFINITIONAL_REPRESENTATION('',(#11967),#11971);
#11967 = LINE('',#11968,#11969);
#11968 = CARTESIAN_POINT('',(0.,0.));
#11969 = VECTOR('',#11970,1.);
#11970 = DIRECTION('',(0.,-1.));
#11971 = ( GEOMETRIC_REPRESENTATION_CONTEXT(2) 
PARAMETRIC_REPRESENTATION_CONTEXT() REPRESENTATION_CONTEXT('2D SPACE',''
  ) );
#11972 = PCURVE('',#4067,#11973);
#11973 = DEFINITIONAL_REPRESENTATION('',(#11974),#11978);
#11974 = LINE('',#11975,#11976);
#11975 = CARTESIAN_POINT('',(0.315006510417,0.));
#11976 = VECTOR('',#11977,1.);
#11977 = DIRECTION('',(0.,-1.));
#11978 = ( GEOMETRIC_REPRESENTATION_CONTEXT(2) 
PARAMETRIC_REPRESENTATION_CONTEXT() REPRESENTATION_CONTEXT('2D SPACE',''
  ) );
#11979 = ORIENTED_EDGE('',*,*,#11980,.T.);
#11980 = EDGE_CURVE('',#11958,#11909,#11981,.T.);
#11981 = SURFACE_CURVE('',#11982,(#11986,#11993),.PCURVE_S1.);
#11982 = B_SPLINE_CURVE_WITH_KNOTS('',2,(#11983,#11984,#11985),
  .UNSPECIFIED.,.F.,.F.,(3,3),(0.,1.),.PIECEWISE_BEZIER_KNOTS.);
#11983 = CARTESIAN_POINT('',(28.737495117187,6.579996490479,19.8));
#11984 = CARTESIAN_POINT('',(28.562495117187,6.53499323527,19.8));
#11985 = CARTESIAN_POINT('',(28.452485351563,6.53499323527,19.8));
#11986 = PCURVE('',#4095,#11987);
#11987 = DEFINITIONAL_REPRESENTATION('',(#11988),#11992);
#11988 = LINE('',#11989,#11990);
#11989 = CARTESIAN_POINT('',(0.,-0.5));
#11990 = VECTOR('',#11991,1.);
#11991 = DIRECTION('',(1.,0.));
#11992 = ( GEOMETRIC_REPRESENTATION_CONTEXT(2) 
PARAMETRIC_REPRESENTATION_CONTEXT() REPRESENTATION_CONTEXT('2D SPACE',''
  ) );
#11993 = PCURVE('',#10940,#11994);
#11994 = DEFINITIONAL_REPRESENTATION('',(#11995),#11999);
#11995 = B_SPLINE_CURVE_WITH_KNOTS('',2,(#11996,#11997,#11998),
  .UNSPECIFIED.,.F.,.F.,(3,3),(0.,1.),.PIECEWISE_BEZIER_KNOTS.);
#11996 = CARTESIAN_POINT('',(2.615006510417,-7.000325520833E-02));
#11997 = CARTESIAN_POINT('',(2.440006510417,-0.115006510417));
#11998 = CARTESIAN_POINT('',(2.329996744792,-0.115006510417));
#11999 = ( GEOMETRIC_REPRESENTATION_CONTEXT(2) 
PARAMETRIC_REPRESENTATION_CONTEXT() REPRESENTATION_CONTEXT('2D SPACE',''
  ) );
#12000 = ORIENTED_EDGE('',*,*,#11908,.F.);
#12001 = ORIENTED_EDGE('',*,*,#4079,.F.);
#12002 = ADVANCED_FACE('',(#12003),#4067,.T.);
#12003 = FACE_BOUND('',#12004,.T.);
#12004 = EDGE_LOOP('',(#12005,#12028,#12049,#12050));
#12005 = ORIENTED_EDGE('',*,*,#12006,.T.);
#12006 = EDGE_CURVE('',#4022,#12007,#12009,.T.);
#12007 = VERTEX_POINT('',#12008);
#12008 = CARTESIAN_POINT('',(28.737495117187,6.895003000895,19.8));
#12009 = SURFACE_CURVE('',#12010,(#12014,#12021),.PCURVE_S1.);
#12010 = LINE('',#12011,#12012);
#12011 = CARTESIAN_POINT('',(28.737495117187,6.895003000895,20.3));
#12012 = VECTOR('',#12013,1.);
#12013 = DIRECTION('',(-0.,-0.,-1.));
#12014 = PCURVE('',#4067,#12015);
#12015 = DEFINITIONAL_REPRESENTATION('',(#12016),#12020);
#12016 = LINE('',#12017,#12018);
#12017 = CARTESIAN_POINT('',(0.,0.));
#12018 = VECTOR('',#12019,1.);
#12019 = DIRECTION('',(0.,-1.));
#12020 = ( GEOMETRIC_REPRESENTATION_CONTEXT(2) 
PARAMETRIC_REPRESENTATION_CONTEXT() REPRESENTATION_CONTEXT('2D SPACE',''
  ) );
#12021 = PCURVE('',#4037,#12022);
#12022 = DEFINITIONAL_REPRESENTATION('',(#12023),#12027);
#12023 = LINE('',#12024,#12025);
#12024 = CARTESIAN_POINT('',(1.,0.));
#12025 = VECTOR('',#12026,1.);
#12026 = DIRECTION('',(0.,-1.));
#12027 = ( GEOMETRIC_REPRESENTATION_CONTEXT(2) 
PARAMETRIC_REPRESENTATION_CONTEXT() REPRESENTATION_CONTEXT('2D SPACE',''
  ) );
#12028 = ORIENTED_EDGE('',*,*,#12029,.T.);
#12029 = EDGE_CURVE('',#12007,#11958,#12030,.T.);
#12030 = SURFACE_CURVE('',#12031,(#12035,#12042),.PCURVE_S1.);
#12031 = LINE('',#12032,#12033);
#12032 = CARTESIAN_POINT('',(28.737495117187,6.895003000895,19.8));
#12033 = VECTOR('',#12034,1.);
#12034 = DIRECTION('',(0.,-1.,0.));
#12035 = PCURVE('',#4067,#12036);
#12036 = DEFINITIONAL_REPRESENTATION('',(#12037),#12041);
#12037 = LINE('',#12038,#12039);
#12038 = CARTESIAN_POINT('',(0.,-0.5));
#12039 = VECTOR('',#12040,1.);
#12040 = DIRECTION('',(1.,0.));
#12041 = ( GEOMETRIC_REPRESENTATION_CONTEXT(2) 
PARAMETRIC_REPRESENTATION_CONTEXT() REPRESENTATION_CONTEXT('2D SPACE',''
  ) );
#12042 = PCURVE('',#10940,#12043);
#12043 = DEFINITIONAL_REPRESENTATION('',(#12044),#12048);
#12044 = LINE('',#12045,#12046);
#12045 = CARTESIAN_POINT('',(2.615006510417,0.245003255208));
#12046 = VECTOR('',#12047,1.);
#12047 = DIRECTION('',(0.,-1.));
#12048 = ( GEOMETRIC_REPRESENTATION_CONTEXT(2) 
PARAMETRIC_REPRESENTATION_CONTEXT() REPRESENTATION_CONTEXT('2D SPACE',''
  ) );
#12049 = ORIENTED_EDGE('',*,*,#11957,.F.);
#12050 = ORIENTED_EDGE('',*,*,#4051,.F.);
#12051 = ADVANCED_FACE('',(#12052),#4037,.T.);
#12052 = FACE_BOUND('',#12053,.T.);
#12053 = EDGE_LOOP('',(#12054,#12077,#12098,#12099));
#12054 = ORIENTED_EDGE('',*,*,#12055,.T.);
#12055 = EDGE_CURVE('',#3992,#12056,#12058,.T.);
#12056 = VERTEX_POINT('',#12057);
#12057 = CARTESIAN_POINT('',(28.647488606771,6.88499323527,19.8));
#12058 = SURFACE_CURVE('',#12059,(#12063,#12070),.PCURVE_S1.);
#12059 = LINE('',#12060,#12061);
#12060 = CARTESIAN_POINT('',(28.647488606771,6.88499323527,20.3));
#12061 = VECTOR('',#12062,1.);
#12062 = DIRECTION('',(-0.,-0.,-1.));
#12063 = PCURVE('',#4037,#12064);
#12064 = DEFINITIONAL_REPRESENTATION('',(#12065),#12069);
#12065 = LINE('',#12066,#12067);
#12066 = CARTESIAN_POINT('',(0.,0.));
#12067 = VECTOR('',#12068,1.);
#12068 = DIRECTION('',(0.,-1.));
#12069 = ( GEOMETRIC_REPRESENTATION_CONTEXT(2) 
PARAMETRIC_REPRESENTATION_CONTEXT() REPRESENTATION_CONTEXT('2D SPACE',''
  ) );
#12070 = PCURVE('',#4007,#12071);
#12071 = DEFINITIONAL_REPRESENTATION('',(#12072),#12076);
#12072 = LINE('',#12073,#12074);
#12073 = CARTESIAN_POINT('',(1.,0.));
#12074 = VECTOR('',#12075,1.);
#12075 = DIRECTION('',(0.,-1.));
#12076 = ( GEOMETRIC_REPRESENTATION_CONTEXT(2) 
PARAMETRIC_REPRESENTATION_CONTEXT() REPRESENTATION_CONTEXT('2D SPACE',''
  ) );
#12077 = ORIENTED_EDGE('',*,*,#12078,.T.);
#12078 = EDGE_CURVE('',#12056,#12007,#12079,.T.);
#12079 = SURFACE_CURVE('',#12080,(#12084,#12091),.PCURVE_S1.);
#12080 = B_SPLINE_CURVE_WITH_KNOTS('',2,(#12081,#12082,#12083),
  .UNSPECIFIED.,.F.,.F.,(3,3),(0.,1.),.PIECEWISE_BEZIER_KNOTS.);
#12081 = CARTESIAN_POINT('',(28.647488606771,6.88499323527,19.8));
#12082 = CARTESIAN_POINT('',(28.692491861979,6.88499323527,19.8));
#12083 = CARTESIAN_POINT('',(28.737495117187,6.895003000895,19.8));
#12084 = PCURVE('',#4037,#12085);
#12085 = DEFINITIONAL_REPRESENTATION('',(#12086),#12090);
#12086 = LINE('',#12087,#12088);
#12087 = CARTESIAN_POINT('',(0.,-0.5));
#12088 = VECTOR('',#12089,1.);
#12089 = DIRECTION('',(1.,0.));
#12090 = ( GEOMETRIC_REPRESENTATION_CONTEXT(2) 
PARAMETRIC_REPRESENTATION_CONTEXT() REPRESENTATION_CONTEXT('2D SPACE',''
  ) );
#12091 = PCURVE('',#10940,#12092);
#12092 = DEFINITIONAL_REPRESENTATION('',(#12093),#12097);
#12093 = B_SPLINE_CURVE_WITH_KNOTS('',2,(#12094,#12095,#12096),
  .UNSPECIFIED.,.F.,.F.,(3,3),(0.,1.),.PIECEWISE_BEZIER_KNOTS.);
#12094 = CARTESIAN_POINT('',(2.525,0.234993489583));
#12095 = CARTESIAN_POINT('',(2.570003255208,0.234993489583));
#12096 = CARTESIAN_POINT('',(2.615006510417,0.245003255208));
#12097 = ( GEOMETRIC_REPRESENTATION_CONTEXT(2) 
PARAMETRIC_REPRESENTATION_CONTEXT() REPRESENTATION_CONTEXT('2D SPACE',''
  ) );
#12098 = ORIENTED_EDGE('',*,*,#12006,.F.);
#12099 = ORIENTED_EDGE('',*,*,#4021,.F.);
#12100 = ADVANCED_FACE('',(#12101),#4007,.T.);
#12101 = FACE_BOUND('',#12102,.T.);
#12102 = EDGE_LOOP('',(#12103,#12126,#12147,#12148));
#12103 = ORIENTED_EDGE('',*,*,#12104,.T.);
#12104 = EDGE_CURVE('',#3964,#12105,#12107,.T.);
#12105 = VERTEX_POINT('',#12106);
#12106 = CARTESIAN_POINT('',(28.422488606771,7.090006256104,19.8));
#12107 = SURFACE_CURVE('',#12108,(#12112,#12119),.PCURVE_S1.);
#12108 = LINE('',#12109,#12110);
#12109 = CARTESIAN_POINT('',(28.422488606771,7.090006256104,20.3));
#12110 = VECTOR('',#12111,1.);
#12111 = DIRECTION('',(-0.,-0.,-1.));
#12112 = PCURVE('',#4007,#12113);
#12113 = DEFINITIONAL_REPRESENTATION('',(#12114),#12118);
#12114 = LINE('',#12115,#12116);
#12115 = CARTESIAN_POINT('',(0.,0.));
#12116 = VECTOR('',#12117,1.);
#12117 = DIRECTION('',(0.,-1.));
#12118 = ( GEOMETRIC_REPRESENTATION_CONTEXT(2) 
PARAMETRIC_REPRESENTATION_CONTEXT() REPRESENTATION_CONTEXT('2D SPACE',''
  ) );
#12119 = PCURVE('',#3979,#12120);
#12120 = DEFINITIONAL_REPRESENTATION('',(#12121),#12125);
#12121 = LINE('',#12122,#12123);
#12122 = CARTESIAN_POINT('',(1.539990234375,0.));
#12123 = VECTOR('',#12124,1.);
#12124 = DIRECTION('',(0.,-1.));
#12125 = ( GEOMETRIC_REPRESENTATION_CONTEXT(2) 
PARAMETRIC_REPRESENTATION_CONTEXT() REPRESENTATION_CONTEXT('2D SPACE',''
  ) );
#12126 = ORIENTED_EDGE('',*,*,#12127,.T.);
#12127 = EDGE_CURVE('',#12105,#12056,#12128,.T.);
#12128 = SURFACE_CURVE('',#12129,(#12133,#12140),.PCURVE_S1.);
#12129 = B_SPLINE_CURVE_WITH_KNOTS('',2,(#12130,#12131,#12132),
  .UNSPECIFIED.,.F.,.F.,(3,3),(0.,1.),.PIECEWISE_BEZIER_KNOTS.);
#12130 = CARTESIAN_POINT('',(28.422488606771,7.090006256104,19.8));
#12131 = CARTESIAN_POINT('',(28.422488606771,6.88499323527,19.8));
#12132 = CARTESIAN_POINT('',(28.647488606771,6.88499323527,19.8));
#12133 = PCURVE('',#4007,#12134);
#12134 = DEFINITIONAL_REPRESENTATION('',(#12135),#12139);
#12135 = LINE('',#12136,#12137);
#12136 = CARTESIAN_POINT('',(0.,-0.5));
#12137 = VECTOR('',#12138,1.);
#12138 = DIRECTION('',(1.,0.));
#12139 = ( GEOMETRIC_REPRESENTATION_CONTEXT(2) 
PARAMETRIC_REPRESENTATION_CONTEXT() REPRESENTATION_CONTEXT('2D SPACE',''
  ) );
#12140 = PCURVE('',#10940,#12141);
#12141 = DEFINITIONAL_REPRESENTATION('',(#12142),#12146);
#12142 = B_SPLINE_CURVE_WITH_KNOTS('',2,(#12143,#12144,#12145),
  .UNSPECIFIED.,.F.,.F.,(3,3),(0.,1.),.PIECEWISE_BEZIER_KNOTS.);
#12143 = CARTESIAN_POINT('',(2.3,0.440006510417));
#12144 = CARTESIAN_POINT('',(2.3,0.234993489583));
#12145 = CARTESIAN_POINT('',(2.525,0.234993489583));
#12146 = ( GEOMETRIC_REPRESENTATION_CONTEXT(2) 
PARAMETRIC_REPRESENTATION_CONTEXT() REPRESENTATION_CONTEXT('2D SPACE',''
  ) );
#12147 = ORIENTED_EDGE('',*,*,#12055,.F.);
#12148 = ORIENTED_EDGE('',*,*,#3991,.F.);
#12149 = ADVANCED_FACE('',(#12150),#3979,.T.);
#12150 = FACE_BOUND('',#12151,.T.);
#12151 = EDGE_LOOP('',(#12152,#12175,#12196,#12197));
#12152 = ORIENTED_EDGE('',*,*,#12153,.T.);
#12153 = EDGE_CURVE('',#3934,#12154,#12156,.T.);
#12154 = VERTEX_POINT('',#12155);
#12155 = CARTESIAN_POINT('',(28.422488606771,8.629996490479,19.8));
#12156 = SURFACE_CURVE('',#12157,(#12161,#12168),.PCURVE_S1.);
#12157 = LINE('',#12158,#12159);
#12158 = CARTESIAN_POINT('',(28.422488606771,8.629996490479,20.3));
#12159 = VECTOR('',#12160,1.);
#12160 = DIRECTION('',(-0.,-0.,-1.));
#12161 = PCURVE('',#3979,#12162);
#12162 = DEFINITIONAL_REPRESENTATION('',(#12163),#12167);
#12163 = LINE('',#12164,#12165);
#12164 = CARTESIAN_POINT('',(0.,0.));
#12165 = VECTOR('',#12166,1.);
#12166 = DIRECTION('',(0.,-1.));
#12167 = ( GEOMETRIC_REPRESENTATION_CONTEXT(2) 
PARAMETRIC_REPRESENTATION_CONTEXT() REPRESENTATION_CONTEXT('2D SPACE',''
  ) );
#12168 = PCURVE('',#3949,#12169);
#12169 = DEFINITIONAL_REPRESENTATION('',(#12170),#12174);
#12170 = LINE('',#12171,#12172);
#12171 = CARTESIAN_POINT('',(1.,0.));
#12172 = VECTOR('',#12173,1.);
#12173 = DIRECTION('',(0.,-1.));
#12174 = ( GEOMETRIC_REPRESENTATION_CONTEXT(2) 
PARAMETRIC_REPRESENTATION_CONTEXT() REPRESENTATION_CONTEXT('2D SPACE',''
  ) );
#12175 = ORIENTED_EDGE('',*,*,#12176,.T.);
#12176 = EDGE_CURVE('',#12154,#12105,#12177,.T.);
#12177 = SURFACE_CURVE('',#12178,(#12182,#12189),.PCURVE_S1.);
#12178 = LINE('',#12179,#12180);
#12179 = CARTESIAN_POINT('',(28.422488606771,8.629996490479,19.8));
#12180 = VECTOR('',#12181,1.);
#12181 = DIRECTION('',(0.,-1.,0.));
#12182 = PCURVE('',#3979,#12183);
#12183 = DEFINITIONAL_REPRESENTATION('',(#12184),#12188);
#12184 = LINE('',#12185,#12186);
#12185 = CARTESIAN_POINT('',(0.,-0.5));
#12186 = VECTOR('',#12187,1.);
#12187 = DIRECTION('',(1.,0.));
#12188 = ( GEOMETRIC_REPRESENTATION_CONTEXT(2) 
PARAMETRIC_REPRESENTATION_CONTEXT() REPRESENTATION_CONTEXT('2D SPACE',''
  ) );
#12189 = PCURVE('',#10940,#12190);
#12190 = DEFINITIONAL_REPRESENTATION('',(#12191),#12195);
#12191 = LINE('',#12192,#12193);
#12192 = CARTESIAN_POINT('',(2.3,1.979996744792));
#12193 = VECTOR('',#12194,1.);
#12194 = DIRECTION('',(0.,-1.));
#12195 = ( GEOMETRIC_REPRESENTATION_CONTEXT(2) 
PARAMETRIC_REPRESENTATION_CONTEXT() REPRESENTATION_CONTEXT('2D SPACE',''
  ) );
#12196 = ORIENTED_EDGE('',*,*,#12104,.F.);
#12197 = ORIENTED_EDGE('',*,*,#3963,.F.);
#12198 = ADVANCED_FACE('',(#12199),#3949,.T.);
#12199 = FACE_BOUND('',#12200,.T.);
#12200 = EDGE_LOOP('',(#12201,#12224,#12245,#12246));
#12201 = ORIENTED_EDGE('',*,*,#12202,.T.);
#12202 = EDGE_CURVE('',#3904,#12203,#12205,.T.);
#12203 = VERTEX_POINT('',#12204);
#12204 = CARTESIAN_POINT('',(28.172488606771,9.162499745687,19.8));
#12205 = SURFACE_CURVE('',#12206,(#12210,#12217),.PCURVE_S1.);
#12206 = LINE('',#12207,#12208);
#12207 = CARTESIAN_POINT('',(28.172488606771,9.162499745687,20.3));
#12208 = VECTOR('',#12209,1.);
#12209 = DIRECTION('',(-0.,-0.,-1.));
#12210 = PCURVE('',#3949,#12211);
#12211 = DEFINITIONAL_REPRESENTATION('',(#12212),#12216);
#12212 = LINE('',#12213,#12214);
#12213 = CARTESIAN_POINT('',(0.,0.));
#12214 = VECTOR('',#12215,1.);
#12215 = DIRECTION('',(0.,-1.));
#12216 = ( GEOMETRIC_REPRESENTATION_CONTEXT(2) 
PARAMETRIC_REPRESENTATION_CONTEXT() REPRESENTATION_CONTEXT('2D SPACE',''
  ) );
#12217 = PCURVE('',#3919,#12218);
#12218 = DEFINITIONAL_REPRESENTATION('',(#12219),#12223);
#12219 = LINE('',#12220,#12221);
#12220 = CARTESIAN_POINT('',(1.,0.));
#12221 = VECTOR('',#12222,1.);
#12222 = DIRECTION('',(0.,-1.));
#12223 = ( GEOMETRIC_REPRESENTATION_CONTEXT(2) 
PARAMETRIC_REPRESENTATION_CONTEXT() REPRESENTATION_CONTEXT('2D SPACE',''
  ) );
#12224 = ORIENTED_EDGE('',*,*,#12225,.T.);
#12225 = EDGE_CURVE('',#12203,#12154,#12226,.T.);
#12226 = SURFACE_CURVE('',#12227,(#12231,#12238),.PCURVE_S1.);
#12227 = B_SPLINE_CURVE_WITH_KNOTS('',2,(#12228,#12229,#12230),
  .UNSPECIFIED.,.F.,.F.,(3,3),(0.,1.),.PIECEWISE_BEZIER_KNOTS.);
#12228 = CARTESIAN_POINT('',(28.172488606771,9.162499745687,19.8));
#12229 = CARTESIAN_POINT('',(28.422488606771,8.979996490479,19.8));
#12230 = CARTESIAN_POINT('',(28.422488606771,8.629996490479,19.8));
#12231 = PCURVE('',#3949,#12232);
#12232 = DEFINITIONAL_REPRESENTATION('',(#12233),#12237);
#12233 = LINE('',#12234,#12235);
#12234 = CARTESIAN_POINT('',(0.,-0.5));
#12235 = VECTOR('',#12236,1.);
#12236 = DIRECTION('',(1.,0.));
#12237 = ( GEOMETRIC_REPRESENTATION_CONTEXT(2) 
PARAMETRIC_REPRESENTATION_CONTEXT() REPRESENTATION_CONTEXT('2D SPACE',''
  ) );
#12238 = PCURVE('',#10940,#12239);
#12239 = DEFINITIONAL_REPRESENTATION('',(#12240),#12244);
#12240 = B_SPLINE_CURVE_WITH_KNOTS('',2,(#12241,#12242,#12243),
  .UNSPECIFIED.,.F.,.F.,(3,3),(0.,1.),.PIECEWISE_BEZIER_KNOTS.);
#12241 = CARTESIAN_POINT('',(2.05,2.5125));
#12242 = CARTESIAN_POINT('',(2.3,2.329996744792));
#12243 = CARTESIAN_POINT('',(2.3,1.979996744792));
#12244 = ( GEOMETRIC_REPRESENTATION_CONTEXT(2) 
PARAMETRIC_REPRESENTATION_CONTEXT() REPRESENTATION_CONTEXT('2D SPACE',''
  ) );
#12245 = ORIENTED_EDGE('',*,*,#12153,.F.);
#12246 = ORIENTED_EDGE('',*,*,#3933,.F.);
#12247 = ADVANCED_FACE('',(#12248),#3919,.T.);
#12248 = FACE_BOUND('',#12249,.T.);
#12249 = EDGE_LOOP('',(#12250,#12273,#12294,#12295));
#12250 = ORIENTED_EDGE('',*,*,#12251,.T.);
#12251 = EDGE_CURVE('',#3874,#12252,#12254,.T.);
#12252 = VERTEX_POINT('',#12253);
#12253 = CARTESIAN_POINT('',(27.437495117187,9.345003000895,19.8));
#12254 = SURFACE_CURVE('',#12255,(#12259,#12266),.PCURVE_S1.);
#12255 = LINE('',#12256,#12257);
#12256 = CARTESIAN_POINT('',(27.437495117187,9.345003000895,20.3));
#12257 = VECTOR('',#12258,1.);
#12258 = DIRECTION('',(-0.,-0.,-1.));
#12259 = PCURVE('',#3919,#12260);
#12260 = DEFINITIONAL_REPRESENTATION('',(#12261),#12265);
#12261 = LINE('',#12262,#12263);
#12262 = CARTESIAN_POINT('',(0.,0.));
#12263 = VECTOR('',#12264,1.);
#12264 = DIRECTION('',(0.,-1.));
#12265 = ( GEOMETRIC_REPRESENTATION_CONTEXT(2) 
PARAMETRIC_REPRESENTATION_CONTEXT() REPRESENTATION_CONTEXT('2D SPACE',''
  ) );
#12266 = PCURVE('',#3889,#12267);
#12267 = DEFINITIONAL_REPRESENTATION('',(#12268),#12272);
#12268 = LINE('',#12269,#12270);
#12269 = CARTESIAN_POINT('',(1.,0.));
#12270 = VECTOR('',#12271,1.);
#12271 = DIRECTION('',(0.,-1.));
#12272 = ( GEOMETRIC_REPRESENTATION_CONTEXT(2) 
PARAMETRIC_REPRESENTATION_CONTEXT() REPRESENTATION_CONTEXT('2D SPACE',''
  ) );
#12273 = ORIENTED_EDGE('',*,*,#12274,.T.);
#12274 = EDGE_CURVE('',#12252,#12203,#12275,.T.);
#12275 = SURFACE_CURVE('',#12276,(#12280,#12287),.PCURVE_S1.);
#12276 = B_SPLINE_CURVE_WITH_KNOTS('',2,(#12277,#12278,#12279),
  .UNSPECIFIED.,.F.,.F.,(3,3),(0.,1.),.PIECEWISE_BEZIER_KNOTS.);
#12277 = CARTESIAN_POINT('',(27.437495117187,9.345003000895,19.8));
#12278 = CARTESIAN_POINT('',(27.922488606771,9.345003000895,19.8));
#12279 = CARTESIAN_POINT('',(28.172488606771,9.162499745687,19.8));
#12280 = PCURVE('',#3919,#12281);
#12281 = DEFINITIONAL_REPRESENTATION('',(#12282),#12286);
#12282 = LINE('',#12283,#12284);
#12283 = CARTESIAN_POINT('',(0.,-0.5));
#12284 = VECTOR('',#12285,1.);
#12285 = DIRECTION('',(1.,0.));
#12286 = ( GEOMETRIC_REPRESENTATION_CONTEXT(2) 
PARAMETRIC_REPRESENTATION_CONTEXT() REPRESENTATION_CONTEXT('2D SPACE',''
  ) );
#12287 = PCURVE('',#10940,#12288);
#12288 = DEFINITIONAL_REPRESENTATION('',(#12289),#12293);
#12289 = B_SPLINE_CURVE_WITH_KNOTS('',2,(#12290,#12291,#12292),
  .UNSPECIFIED.,.F.,.F.,(3,3),(0.,1.),.PIECEWISE_BEZIER_KNOTS.);
#12290 = CARTESIAN_POINT('',(1.315006510417,2.695003255208));
#12291 = CARTESIAN_POINT('',(1.8,2.695003255208));
#12292 = CARTESIAN_POINT('',(2.05,2.5125));
#12293 = ( GEOMETRIC_REPRESENTATION_CONTEXT(2) 
PARAMETRIC_REPRESENTATION_CONTEXT() REPRESENTATION_CONTEXT('2D SPACE',''
  ) );
#12294 = ORIENTED_EDGE('',*,*,#12202,.F.);
#12295 = ORIENTED_EDGE('',*,*,#3903,.F.);
#12296 = ADVANCED_FACE('',(#12297),#3889,.T.);
#12297 = FACE_BOUND('',#12298,.T.);
#12298 = EDGE_LOOP('',(#12299,#12322,#12343,#12344));
#12299 = ORIENTED_EDGE('',*,*,#12300,.T.);
#12300 = EDGE_CURVE('',#3846,#12301,#12303,.T.);
#12301 = VERTEX_POINT('',#12302);
#12302 = CARTESIAN_POINT('',(26.387495117187,8.495003000895,19.8));
#12303 = SURFACE_CURVE('',#12304,(#12308,#12315),.PCURVE_S1.);
#12304 = LINE('',#12305,#12306);
#12305 = CARTESIAN_POINT('',(26.387495117187,8.495003000895,20.3));
#12306 = VECTOR('',#12307,1.);
#12307 = DIRECTION('',(-0.,-0.,-1.));
#12308 = PCURVE('',#3889,#12309);
#12309 = DEFINITIONAL_REPRESENTATION('',(#12310),#12314);
#12310 = LINE('',#12311,#12312);
#12311 = CARTESIAN_POINT('',(0.,0.));
#12312 = VECTOR('',#12313,1.);
#12313 = DIRECTION('',(0.,-1.));
#12314 = ( GEOMETRIC_REPRESENTATION_CONTEXT(2) 
PARAMETRIC_REPRESENTATION_CONTEXT() REPRESENTATION_CONTEXT('2D SPACE',''
  ) );
#12315 = PCURVE('',#3861,#12316);
#12316 = DEFINITIONAL_REPRESENTATION('',(#12317),#12321);
#12317 = LINE('',#12318,#12319);
#12318 = CARTESIAN_POINT('',(0.419986979167,0.));
#12319 = VECTOR('',#12320,1.);
#12320 = DIRECTION('',(0.,-1.));
#12321 = ( GEOMETRIC_REPRESENTATION_CONTEXT(2) 
PARAMETRIC_REPRESENTATION_CONTEXT() REPRESENTATION_CONTEXT('2D SPACE',''
  ) );
#12322 = ORIENTED_EDGE('',*,*,#12323,.T.);
#12323 = EDGE_CURVE('',#12301,#12252,#12324,.T.);
#12324 = SURFACE_CURVE('',#12325,(#12329,#12336),.PCURVE_S1.);
#12325 = B_SPLINE_CURVE_WITH_KNOTS('',2,(#12326,#12327,#12328),
  .UNSPECIFIED.,.F.,.F.,(3,3),(0.,1.),.PIECEWISE_BEZIER_KNOTS.);
#12326 = CARTESIAN_POINT('',(26.387495117187,8.495003000895,19.8));
#12327 = CARTESIAN_POINT('',(26.417491861979,9.345003000895,19.8));
#12328 = CARTESIAN_POINT('',(27.437495117187,9.345003000895,19.8));
#12329 = PCURVE('',#3889,#12330);
#12330 = DEFINITIONAL_REPRESENTATION('',(#12331),#12335);
#12331 = LINE('',#12332,#12333);
#12332 = CARTESIAN_POINT('',(0.,-0.5));
#12333 = VECTOR('',#12334,1.);
#12334 = DIRECTION('',(1.,0.));
#12335 = ( GEOMETRIC_REPRESENTATION_CONTEXT(2) 
PARAMETRIC_REPRESENTATION_CONTEXT() REPRESENTATION_CONTEXT('2D SPACE',''
  ) );
#12336 = PCURVE('',#10940,#12337);
#12337 = DEFINITIONAL_REPRESENTATION('',(#12338),#12342);
#12338 = B_SPLINE_CURVE_WITH_KNOTS('',2,(#12339,#12340,#12341),
  .UNSPECIFIED.,.F.,.F.,(3,3),(0.,1.),.PIECEWISE_BEZIER_KNOTS.);
#12339 = CARTESIAN_POINT('',(0.265006510417,1.845003255208));
#12340 = CARTESIAN_POINT('',(0.295003255208,2.695003255208));
#12341 = CARTESIAN_POINT('',(1.315006510417,2.695003255208));
#12342 = ( GEOMETRIC_REPRESENTATION_CONTEXT(2) 
PARAMETRIC_REPRESENTATION_CONTEXT() REPRESENTATION_CONTEXT('2D SPACE',''
  ) );
#12343 = ORIENTED_EDGE('',*,*,#12251,.F.);
#12344 = ORIENTED_EDGE('',*,*,#3873,.F.);
#12345 = ADVANCED_FACE('',(#12346),#3861,.T.);
#12346 = FACE_BOUND('',#12347,.T.);
#12347 = EDGE_LOOP('',(#12348,#12349,#12370,#12371));
#12348 = ORIENTED_EDGE('',*,*,#10952,.T.);
#12349 = ORIENTED_EDGE('',*,*,#12350,.T.);
#12350 = EDGE_CURVE('',#10925,#12301,#12351,.T.);
#12351 = SURFACE_CURVE('',#12352,(#12356,#12363),.PCURVE_S1.);
#12352 = LINE('',#12353,#12354);
#12353 = CARTESIAN_POINT('',(26.807482096354,8.495003000895,19.8));
#12354 = VECTOR('',#12355,1.);
#12355 = DIRECTION('',(-1.,0.,0.));
#12356 = PCURVE('',#3861,#12357);
#12357 = DEFINITIONAL_REPRESENTATION('',(#12358),#12362);
#12358 = LINE('',#12359,#12360);
#12359 = CARTESIAN_POINT('',(0.,-0.5));
#12360 = VECTOR('',#12361,1.);
#12361 = DIRECTION('',(1.,0.));
#12362 = ( GEOMETRIC_REPRESENTATION_CONTEXT(2) 
PARAMETRIC_REPRESENTATION_CONTEXT() REPRESENTATION_CONTEXT('2D SPACE',''
  ) );
#12363 = PCURVE('',#10940,#12364);
#12364 = DEFINITIONAL_REPRESENTATION('',(#12365),#12369);
#12365 = LINE('',#12366,#12367);
#12366 = CARTESIAN_POINT('',(0.684993489583,1.845003255208));
#12367 = VECTOR('',#12368,1.);
#12368 = DIRECTION('',(-1.,0.));
#12369 = ( GEOMETRIC_REPRESENTATION_CONTEXT(2) 
PARAMETRIC_REPRESENTATION_CONTEXT() REPRESENTATION_CONTEXT('2D SPACE',''
  ) );
#12370 = ORIENTED_EDGE('',*,*,#12300,.F.);
#12371 = ORIENTED_EDGE('',*,*,#3845,.F.);
#12372 = ADVANCED_FACE('',(#12373),#4725,.T.);
#12373 = FACE_BOUND('',#12374,.T.);
#12374 = EDGE_LOOP('',(#12375,#12398,#12426,#12447));
#12375 = ORIENTED_EDGE('',*,*,#12376,.T.);
#12376 = EDGE_CURVE('',#4708,#12377,#12379,.T.);
#12377 = VERTEX_POINT('',#12378);
#12378 = CARTESIAN_POINT('',(29.277493489583,8.972501373291,19.8));
#12379 = SURFACE_CURVE('',#12380,(#12384,#12391),.PCURVE_S1.);
#12380 = LINE('',#12381,#12382);
#12381 = CARTESIAN_POINT('',(29.277493489583,8.972501373291,20.3));
#12382 = VECTOR('',#12383,1.);
#12383 = DIRECTION('',(-0.,-0.,-1.));
#12384 = PCURVE('',#4725,#12385);
#12385 = DEFINITIONAL_REPRESENTATION('',(#12386),#12390);
#12386 = LINE('',#12387,#12388);
#12387 = CARTESIAN_POINT('',(0.,0.));
#12388 = VECTOR('',#12389,1.);
#12389 = DIRECTION('',(0.,-1.));
#12390 = ( GEOMETRIC_REPRESENTATION_CONTEXT(2) 
PARAMETRIC_REPRESENTATION_CONTEXT() REPRESENTATION_CONTEXT('2D SPACE',''
  ) );
#12391 = PCURVE('',#4933,#12392);
#12392 = DEFINITIONAL_REPRESENTATION('',(#12393),#12397);
#12393 = LINE('',#12394,#12395);
#12394 = CARTESIAN_POINT('',(1.,0.));
#12395 = VECTOR('',#12396,1.);
#12396 = DIRECTION('',(0.,-1.));
#12397 = ( GEOMETRIC_REPRESENTATION_CONTEXT(2) 
PARAMETRIC_REPRESENTATION_CONTEXT() REPRESENTATION_CONTEXT('2D SPACE',''
  ) );
#12398 = ORIENTED_EDGE('',*,*,#12399,.T.);
#12399 = EDGE_CURVE('',#12377,#12400,#12402,.T.);
#12400 = VERTEX_POINT('',#12401);
#12401 = CARTESIAN_POINT('',(30.142491861979,9.345003000895,19.8));
#12402 = SURFACE_CURVE('',#12403,(#12407,#12414),.PCURVE_S1.);
#12403 = B_SPLINE_CURVE_WITH_KNOTS('',2,(#12404,#12405,#12406),
  .UNSPECIFIED.,.F.,.F.,(3,3),(0.,1.),.PIECEWISE_BEZIER_KNOTS.);
#12404 = CARTESIAN_POINT('',(29.277493489583,8.972501373291,19.8));
#12405 = CARTESIAN_POINT('',(29.592491861979,9.345003000895,19.8));
#12406 = CARTESIAN_POINT('',(30.142491861979,9.345003000895,19.8));
#12407 = PCURVE('',#4725,#12408);
#12408 = DEFINITIONAL_REPRESENTATION('',(#12409),#12413);
#12409 = LINE('',#12410,#12411);
#12410 = CARTESIAN_POINT('',(0.,-0.5));
#12411 = VECTOR('',#12412,1.);
#12412 = DIRECTION('',(1.,0.));
#12413 = ( GEOMETRIC_REPRESENTATION_CONTEXT(2) 
PARAMETRIC_REPRESENTATION_CONTEXT() REPRESENTATION_CONTEXT('2D SPACE',''
  ) );
#12414 = PCURVE('',#12415,#12420);
#12415 = PLANE('',#12416);
#12416 = AXIS2_PLACEMENT_3D('',#12417,#12418,#12419);
#12417 = CARTESIAN_POINT('',(28.812495117187,6.649999745687,19.8));
#12418 = DIRECTION('',(0.,0.,1.));
#12419 = DIRECTION('',(1.,0.,0.));
#12420 = DEFINITIONAL_REPRESENTATION('',(#12421),#12425);
#12421 = B_SPLINE_CURVE_WITH_KNOTS('',2,(#12422,#12423,#12424),
  .UNSPECIFIED.,.F.,.F.,(3,3),(0.,1.),.PIECEWISE_BEZIER_KNOTS.);
#12422 = CARTESIAN_POINT('',(0.464998372396,2.322501627604));
#12423 = CARTESIAN_POINT('',(0.779996744792,2.695003255208));
#12424 = CARTESIAN_POINT('',(1.329996744792,2.695003255208));
#12425 = ( GEOMETRIC_REPRESENTATION_CONTEXT(2) 
PARAMETRIC_REPRESENTATION_CONTEXT() REPRESENTATION_CONTEXT('2D SPACE',''
  ) );
#12426 = ORIENTED_EDGE('',*,*,#12427,.F.);
#12427 = EDGE_CURVE('',#4710,#12400,#12428,.T.);
#12428 = SURFACE_CURVE('',#12429,(#12433,#12440),.PCURVE_S1.);
#12429 = LINE('',#12430,#12431);
#12430 = CARTESIAN_POINT('',(30.142491861979,9.345003000895,20.3));
#12431 = VECTOR('',#12432,1.);
#12432 = DIRECTION('',(-0.,-0.,-1.));
#12433 = PCURVE('',#4725,#12434);
#12434 = DEFINITIONAL_REPRESENTATION('',(#12435),#12439);
#12435 = LINE('',#12436,#12437);
#12436 = CARTESIAN_POINT('',(1.,0.));
#12437 = VECTOR('',#12438,1.);
#12438 = DIRECTION('',(0.,-1.));
#12439 = ( GEOMETRIC_REPRESENTATION_CONTEXT(2) 
PARAMETRIC_REPRESENTATION_CONTEXT() REPRESENTATION_CONTEXT('2D SPACE',''
  ) );
#12440 = PCURVE('',#4755,#12441);
#12441 = DEFINITIONAL_REPRESENTATION('',(#12442),#12446);
#12442 = LINE('',#12443,#12444);
#12443 = CARTESIAN_POINT('',(0.,0.));
#12444 = VECTOR('',#12445,1.);
#12445 = DIRECTION('',(0.,-1.));
#12446 = ( GEOMETRIC_REPRESENTATION_CONTEXT(2) 
PARAMETRIC_REPRESENTATION_CONTEXT() REPRESENTATION_CONTEXT('2D SPACE',''
  ) );
#12447 = ORIENTED_EDGE('',*,*,#4707,.F.);
#12448 = ADVANCED_FACE('',(#12449),#4933,.T.);
#12449 = FACE_BOUND('',#12450,.T.);
#12450 = EDGE_LOOP('',(#12451,#12474,#12495,#12496));
#12451 = ORIENTED_EDGE('',*,*,#12452,.T.);
#12452 = EDGE_CURVE('',#4890,#12453,#12455,.T.);
#12453 = VERTEX_POINT('',#12454);
#12454 = CARTESIAN_POINT('',(28.962495117187,7.939998118083,19.8));
#12455 = SURFACE_CURVE('',#12456,(#12460,#12467),.PCURVE_S1.);
#12456 = LINE('',#12457,#12458);
#12457 = CARTESIAN_POINT('',(28.962495117188,7.939998118083,20.3));
#12458 = VECTOR('',#12459,1.);
#12459 = DIRECTION('',(-0.,-0.,-1.));
#12460 = PCURVE('',#4933,#12461);
#12461 = DEFINITIONAL_REPRESENTATION('',(#12462),#12466);
#12462 = LINE('',#12463,#12464);
#12463 = CARTESIAN_POINT('',(0.,0.));
#12464 = VECTOR('',#12465,1.);
#12465 = DIRECTION('',(0.,-1.));
#12466 = ( GEOMETRIC_REPRESENTATION_CONTEXT(2) 
PARAMETRIC_REPRESENTATION_CONTEXT() REPRESENTATION_CONTEXT('2D SPACE',''
  ) );
#12467 = PCURVE('',#4905,#12468);
#12468 = DEFINITIONAL_REPRESENTATION('',(#12469),#12473);
#12469 = LINE('',#12470,#12471);
#12470 = CARTESIAN_POINT('',(1.,0.));
#12471 = VECTOR('',#12472,1.);
#12472 = DIRECTION('',(0.,-1.));
#12473 = ( GEOMETRIC_REPRESENTATION_CONTEXT(2) 
PARAMETRIC_REPRESENTATION_CONTEXT() REPRESENTATION_CONTEXT('2D SPACE',''
  ) );
#12474 = ORIENTED_EDGE('',*,*,#12475,.T.);
#12475 = EDGE_CURVE('',#12453,#12377,#12476,.T.);
#12476 = SURFACE_CURVE('',#12477,(#12481,#12488),.PCURVE_S1.);
#12477 = B_SPLINE_CURVE_WITH_KNOTS('',2,(#12478,#12479,#12480),
  .UNSPECIFIED.,.F.,.F.,(3,3),(0.,1.),.PIECEWISE_BEZIER_KNOTS.);
#12478 = CARTESIAN_POINT('',(28.962495117187,7.939998118083,19.8));
#12479 = CARTESIAN_POINT('',(28.962495117187,8.599999745687,19.8));
#12480 = CARTESIAN_POINT('',(29.277493489583,8.972501373291,19.8));
#12481 = PCURVE('',#4933,#12482);
#12482 = DEFINITIONAL_REPRESENTATION('',(#12483),#12487);
#12483 = LINE('',#12484,#12485);
#12484 = CARTESIAN_POINT('',(0.,-0.5));
#12485 = VECTOR('',#12486,1.);
#12486 = DIRECTION('',(1.,0.));
#12487 = ( GEOMETRIC_REPRESENTATION_CONTEXT(2) 
PARAMETRIC_REPRESENTATION_CONTEXT() REPRESENTATION_CONTEXT('2D SPACE',''
  ) );
#12488 = PCURVE('',#12415,#12489);
#12489 = DEFINITIONAL_REPRESENTATION('',(#12490),#12494);
#12490 = B_SPLINE_CURVE_WITH_KNOTS('',2,(#12491,#12492,#12493),
  .UNSPECIFIED.,.F.,.F.,(3,3),(0.,1.),.PIECEWISE_BEZIER_KNOTS.);
#12491 = CARTESIAN_POINT('',(0.15,1.289998372396));
#12492 = CARTESIAN_POINT('',(0.15,1.95));
#12493 = CARTESIAN_POINT('',(0.464998372396,2.322501627604));
#12494 = ( GEOMETRIC_REPRESENTATION_CONTEXT(2) 
PARAMETRIC_REPRESENTATION_CONTEXT() REPRESENTATION_CONTEXT('2D SPACE',''
  ) );
#12495 = ORIENTED_EDGE('',*,*,#12376,.F.);
#12496 = ORIENTED_EDGE('',*,*,#4919,.F.);
#12497 = ADVANCED_FACE('',(#12498),#4905,.T.);
#12498 = FACE_BOUND('',#12499,.T.);
#12499 = EDGE_LOOP('',(#12500,#12523,#12544,#12545));
#12500 = ORIENTED_EDGE('',*,*,#12501,.T.);
#12501 = EDGE_CURVE('',#4860,#12502,#12504,.T.);
#12502 = VERTEX_POINT('',#12503);
#12503 = CARTESIAN_POINT('',(29.274995117187,6.907494862874,19.8));
#12504 = SURFACE_CURVE('',#12505,(#12509,#12516),.PCURVE_S1.);
#12505 = LINE('',#12506,#12507);
#12506 = CARTESIAN_POINT('',(29.274995117188,6.907494862874,20.3));
#12507 = VECTOR('',#12508,1.);
#12508 = DIRECTION('',(-0.,-0.,-1.));
#12509 = PCURVE('',#4905,#12510);
#12510 = DEFINITIONAL_REPRESENTATION('',(#12511),#12515);
#12511 = LINE('',#12512,#12513);
#12512 = CARTESIAN_POINT('',(0.,0.));
#12513 = VECTOR('',#12514,1.);
#12514 = DIRECTION('',(0.,-1.));
#12515 = ( GEOMETRIC_REPRESENTATION_CONTEXT(2) 
PARAMETRIC_REPRESENTATION_CONTEXT() REPRESENTATION_CONTEXT('2D SPACE',''
  ) );
#12516 = PCURVE('',#4875,#12517);
#12517 = DEFINITIONAL_REPRESENTATION('',(#12518),#12522);
#12518 = LINE('',#12519,#12520);
#12519 = CARTESIAN_POINT('',(1.,0.));
#12520 = VECTOR('',#12521,1.);
#12521 = DIRECTION('',(0.,-1.));
#12522 = ( GEOMETRIC_REPRESENTATION_CONTEXT(2) 
PARAMETRIC_REPRESENTATION_CONTEXT() REPRESENTATION_CONTEXT('2D SPACE',''
  ) );
#12523 = ORIENTED_EDGE('',*,*,#12524,.T.);
#12524 = EDGE_CURVE('',#12502,#12453,#12525,.T.);
#12525 = SURFACE_CURVE('',#12526,(#12530,#12537),.PCURVE_S1.);
#12526 = B_SPLINE_CURVE_WITH_KNOTS('',2,(#12527,#12528,#12529),
  .UNSPECIFIED.,.F.,.F.,(3,3),(0.,1.),.PIECEWISE_BEZIER_KNOTS.);
#12527 = CARTESIAN_POINT('',(29.274995117187,6.907494862874,19.8));
#12528 = CARTESIAN_POINT('',(28.962495117187,7.279996490479,19.8));
#12529 = CARTESIAN_POINT('',(28.962495117187,7.939998118083,19.8));
#12530 = PCURVE('',#4905,#12531);
#12531 = DEFINITIONAL_REPRESENTATION('',(#12532),#12536);
#12532 = LINE('',#12533,#12534);
#12533 = CARTESIAN_POINT('',(0.,-0.5));
#12534 = VECTOR('',#12535,1.);
#12535 = DIRECTION('',(1.,0.));
#12536 = ( GEOMETRIC_REPRESENTATION_CONTEXT(2) 
PARAMETRIC_REPRESENTATION_CONTEXT() REPRESENTATION_CONTEXT('2D SPACE',''
  ) );
#12537 = PCURVE('',#12415,#12538);
#12538 = DEFINITIONAL_REPRESENTATION('',(#12539),#12543);
#12539 = B_SPLINE_CURVE_WITH_KNOTS('',2,(#12540,#12541,#12542),
  .UNSPECIFIED.,.F.,.F.,(3,3),(0.,1.),.PIECEWISE_BEZIER_KNOTS.);
#12540 = CARTESIAN_POINT('',(0.4625,0.257495117188));
#12541 = CARTESIAN_POINT('',(0.15,0.629996744792));
#12542 = CARTESIAN_POINT('',(0.15,1.289998372396));
#12543 = ( GEOMETRIC_REPRESENTATION_CONTEXT(2) 
PARAMETRIC_REPRESENTATION_CONTEXT() REPRESENTATION_CONTEXT('2D SPACE',''
  ) );
#12544 = ORIENTED_EDGE('',*,*,#12452,.F.);
#12545 = ORIENTED_EDGE('',*,*,#4889,.F.);
#12546 = ADVANCED_FACE('',(#12547),#4875,.T.);
#12547 = FACE_BOUND('',#12548,.T.);
#12548 = EDGE_LOOP('',(#12549,#12572,#12593,#12594));
#12549 = ORIENTED_EDGE('',*,*,#12550,.T.);
#12550 = EDGE_CURVE('',#4830,#12551,#12553,.T.);
#12551 = VERTEX_POINT('',#12552);
#12552 = CARTESIAN_POINT('',(30.147488606771,6.53499323527,19.8));
#12553 = SURFACE_CURVE('',#12554,(#12558,#12565),.PCURVE_S1.);
#12554 = LINE('',#12555,#12556);
#12555 = CARTESIAN_POINT('',(30.147488606771,6.53499323527,20.3));
#12556 = VECTOR('',#12557,1.);
#12557 = DIRECTION('',(-0.,-0.,-1.));
#12558 = PCURVE('',#4875,#12559);
#12559 = DEFINITIONAL_REPRESENTATION('',(#12560),#12564);
#12560 = LINE('',#12561,#12562);
#12561 = CARTESIAN_POINT('',(0.,0.));
#12562 = VECTOR('',#12563,1.);
#12563 = DIRECTION('',(0.,-1.));
#12564 = ( GEOMETRIC_REPRESENTATION_CONTEXT(2) 
PARAMETRIC_REPRESENTATION_CONTEXT() REPRESENTATION_CONTEXT('2D SPACE',''
  ) );
#12565 = PCURVE('',#4845,#12566);
#12566 = DEFINITIONAL_REPRESENTATION('',(#12567),#12571);
#12567 = LINE('',#12568,#12569);
#12568 = CARTESIAN_POINT('',(1.,0.));
#12569 = VECTOR('',#12570,1.);
#12570 = DIRECTION('',(0.,-1.));
#12571 = ( GEOMETRIC_REPRESENTATION_CONTEXT(2) 
PARAMETRIC_REPRESENTATION_CONTEXT() REPRESENTATION_CONTEXT('2D SPACE',''
  ) );
#12572 = ORIENTED_EDGE('',*,*,#12573,.T.);
#12573 = EDGE_CURVE('',#12551,#12502,#12574,.T.);
#12574 = SURFACE_CURVE('',#12575,(#12579,#12586),.PCURVE_S1.);
#12575 = B_SPLINE_CURVE_WITH_KNOTS('',2,(#12576,#12577,#12578),
  .UNSPECIFIED.,.F.,.F.,(3,3),(0.,1.),.PIECEWISE_BEZIER_KNOTS.);
#12576 = CARTESIAN_POINT('',(30.147488606771,6.53499323527,19.8));
#12577 = CARTESIAN_POINT('',(29.587495117187,6.53499323527,19.8));
#12578 = CARTESIAN_POINT('',(29.274995117187,6.907494862874,19.8));
#12579 = PCURVE('',#4875,#12580);
#12580 = DEFINITIONAL_REPRESENTATION('',(#12581),#12585);
#12581 = LINE('',#12582,#12583);
#12582 = CARTESIAN_POINT('',(0.,-0.5));
#12583 = VECTOR('',#12584,1.);
#12584 = DIRECTION('',(1.,0.));
#12585 = ( GEOMETRIC_REPRESENTATION_CONTEXT(2) 
PARAMETRIC_REPRESENTATION_CONTEXT() REPRESENTATION_CONTEXT('2D SPACE',''
  ) );
#12586 = PCURVE('',#12415,#12587);
#12587 = DEFINITIONAL_REPRESENTATION('',(#12588),#12592);
#12588 = B_SPLINE_CURVE_WITH_KNOTS('',2,(#12589,#12590,#12591),
  .UNSPECIFIED.,.F.,.F.,(3,3),(0.,1.),.PIECEWISE_BEZIER_KNOTS.);
#12589 = CARTESIAN_POINT('',(1.334993489583,-0.115006510417));
#12590 = CARTESIAN_POINT('',(0.775,-0.115006510417));
#12591 = CARTESIAN_POINT('',(0.4625,0.257495117188));
#12592 = ( GEOMETRIC_REPRESENTATION_CONTEXT(2) 
PARAMETRIC_REPRESENTATION_CONTEXT() REPRESENTATION_CONTEXT('2D SPACE',''
  ) );
#12593 = ORIENTED_EDGE('',*,*,#12501,.F.);
#12594 = ORIENTED_EDGE('',*,*,#4859,.F.);
#12595 = ADVANCED_FACE('',(#12596),#4845,.T.);
#12596 = FACE_BOUND('',#12597,.T.);
#12597 = EDGE_LOOP('',(#12598,#12621,#12642,#12643));
#12598 = ORIENTED_EDGE('',*,*,#12599,.T.);
#12599 = EDGE_CURVE('',#4800,#12600,#12602,.T.);
#12600 = VERTEX_POINT('',#12601);
#12601 = CARTESIAN_POINT('',(31.014993489583,6.904996490479,19.8));
#12602 = SURFACE_CURVE('',#12603,(#12607,#12614),.PCURVE_S1.);
#12603 = LINE('',#12604,#12605);
#12604 = CARTESIAN_POINT('',(31.014993489583,6.904996490479,20.3));
#12605 = VECTOR('',#12606,1.);
#12606 = DIRECTION('',(-0.,-0.,-1.));
#12607 = PCURVE('',#4845,#12608);
#12608 = DEFINITIONAL_REPRESENTATION('',(#12609),#12613);
#12609 = LINE('',#12610,#12611);
#12610 = CARTESIAN_POINT('',(0.,0.));
#12611 = VECTOR('',#12612,1.);
#12612 = DIRECTION('',(0.,-1.));
#12613 = ( GEOMETRIC_REPRESENTATION_CONTEXT(2) 
PARAMETRIC_REPRESENTATION_CONTEXT() REPRESENTATION_CONTEXT('2D SPACE',''
  ) );
#12614 = PCURVE('',#4815,#12615);
#12615 = DEFINITIONAL_REPRESENTATION('',(#12616),#12620);
#12616 = LINE('',#12617,#12618);
#12617 = CARTESIAN_POINT('',(1.,0.));
#12618 = VECTOR('',#12619,1.);
#12619 = DIRECTION('',(0.,-1.));
#12620 = ( GEOMETRIC_REPRESENTATION_CONTEXT(2) 
PARAMETRIC_REPRESENTATION_CONTEXT() REPRESENTATION_CONTEXT('2D SPACE',''
  ) );
#12621 = ORIENTED_EDGE('',*,*,#12622,.T.);
#12622 = EDGE_CURVE('',#12600,#12551,#12623,.T.);
#12623 = SURFACE_CURVE('',#12624,(#12628,#12635),.PCURVE_S1.);
#12624 = B_SPLINE_CURVE_WITH_KNOTS('',2,(#12625,#12626,#12627),
  .UNSPECIFIED.,.F.,.F.,(3,3),(0.,1.),.PIECEWISE_BEZIER_KNOTS.);
#12625 = CARTESIAN_POINT('',(31.014993489583,6.904996490479,19.8));
#12626 = CARTESIAN_POINT('',(30.697488606771,6.53499323527,19.8));
#12627 = CARTESIAN_POINT('',(30.147488606771,6.53499323527,19.8));
#12628 = PCURVE('',#4845,#12629);
#12629 = DEFINITIONAL_REPRESENTATION('',(#12630),#12634);
#12630 = LINE('',#12631,#12632);
#12631 = CARTESIAN_POINT('',(0.,-0.5));
#12632 = VECTOR('',#12633,1.);
#12633 = DIRECTION('',(1.,0.));
#12634 = ( GEOMETRIC_REPRESENTATION_CONTEXT(2) 
PARAMETRIC_REPRESENTATION_CONTEXT() REPRESENTATION_CONTEXT('2D SPACE',''
  ) );
#12635 = PCURVE('',#12415,#12636);
#12636 = DEFINITIONAL_REPRESENTATION('',(#12637),#12641);
#12637 = B_SPLINE_CURVE_WITH_KNOTS('',2,(#12638,#12639,#12640),
  .UNSPECIFIED.,.F.,.F.,(3,3),(0.,1.),.PIECEWISE_BEZIER_KNOTS.);
#12638 = CARTESIAN_POINT('',(2.202498372396,0.254996744792));
#12639 = CARTESIAN_POINT('',(1.884993489583,-0.115006510417));
#12640 = CARTESIAN_POINT('',(1.334993489583,-0.115006510417));
#12641 = ( GEOMETRIC_REPRESENTATION_CONTEXT(2) 
PARAMETRIC_REPRESENTATION_CONTEXT() REPRESENTATION_CONTEXT('2D SPACE',''
  ) );
#12642 = ORIENTED_EDGE('',*,*,#12550,.F.);
#12643 = ORIENTED_EDGE('',*,*,#4829,.F.);
#12644 = ADVANCED_FACE('',(#12645),#4815,.T.);
#12645 = FACE_BOUND('',#12646,.T.);
#12646 = EDGE_LOOP('',(#12647,#12670,#12691,#12692));
#12647 = ORIENTED_EDGE('',*,*,#12648,.T.);
#12648 = EDGE_CURVE('',#4770,#12649,#12651,.T.);
#12649 = VERTEX_POINT('',#12650);
#12650 = CARTESIAN_POINT('',(31.332498372396,7.920003000895,19.8));
#12651 = SURFACE_CURVE('',#12652,(#12656,#12663),.PCURVE_S1.);
#12652 = LINE('',#12653,#12654);
#12653 = CARTESIAN_POINT('',(31.332498372396,7.920003000895,20.3));
#12654 = VECTOR('',#12655,1.);
#12655 = DIRECTION('',(-0.,-0.,-1.));
#12656 = PCURVE('',#4815,#12657);
#12657 = DEFINITIONAL_REPRESENTATION('',(#12658),#12662);
#12658 = LINE('',#12659,#12660);
#12659 = CARTESIAN_POINT('',(0.,0.));
#12660 = VECTOR('',#12661,1.);
#12661 = DIRECTION('',(0.,-1.));
#12662 = ( GEOMETRIC_REPRESENTATION_CONTEXT(2) 
PARAMETRIC_REPRESENTATION_CONTEXT() REPRESENTATION_CONTEXT('2D SPACE',''
  ) );
#12663 = PCURVE('',#4785,#12664);
#12664 = DEFINITIONAL_REPRESENTATION('',(#12665),#12669);
#12665 = LINE('',#12666,#12667);
#12666 = CARTESIAN_POINT('',(1.,0.));
#12667 = VECTOR('',#12668,1.);
#12668 = DIRECTION('',(0.,-1.));
#12669 = ( GEOMETRIC_REPRESENTATION_CONTEXT(2) 
PARAMETRIC_REPRESENTATION_CONTEXT() REPRESENTATION_CONTEXT('2D SPACE',''
  ) );
#12670 = ORIENTED_EDGE('',*,*,#12671,.T.);
#12671 = EDGE_CURVE('',#12649,#12600,#12672,.T.);
#12672 = SURFACE_CURVE('',#12673,(#12677,#12684),.PCURVE_S1.);
#12673 = B_SPLINE_CURVE_WITH_KNOTS('',2,(#12674,#12675,#12676),
  .UNSPECIFIED.,.F.,.F.,(3,3),(0.,1.),.PIECEWISE_BEZIER_KNOTS.);
#12674 = CARTESIAN_POINT('',(31.332498372396,7.920003000895,19.8));
#12675 = CARTESIAN_POINT('',(31.332498372396,7.274999745687,19.8));
#12676 = CARTESIAN_POINT('',(31.014993489583,6.904996490479,19.8));
#12677 = PCURVE('',#4815,#12678);
#12678 = DEFINITIONAL_REPRESENTATION('',(#12679),#12683);
#12679 = LINE('',#12680,#12681);
#12680 = CARTESIAN_POINT('',(0.,-0.5));
#12681 = VECTOR('',#12682,1.);
#12682 = DIRECTION('',(1.,0.));
#12683 = ( GEOMETRIC_REPRESENTATION_CONTEXT(2) 
PARAMETRIC_REPRESENTATION_CONTEXT() REPRESENTATION_CONTEXT('2D SPACE',''
  ) );
#12684 = PCURVE('',#12415,#12685);
#12685 = DEFINITIONAL_REPRESENTATION('',(#12686),#12690);
#12686 = B_SPLINE_CURVE_WITH_KNOTS('',2,(#12687,#12688,#12689),
  .UNSPECIFIED.,.F.,.F.,(3,3),(0.,1.),.PIECEWISE_BEZIER_KNOTS.);
#12687 = CARTESIAN_POINT('',(2.520003255208,1.270003255208));
#12688 = CARTESIAN_POINT('',(2.520003255208,0.625));
#12689 = CARTESIAN_POINT('',(2.202498372396,0.254996744792));
#12690 = ( GEOMETRIC_REPRESENTATION_CONTEXT(2) 
PARAMETRIC_REPRESENTATION_CONTEXT() REPRESENTATION_CONTEXT('2D SPACE',''
  ) );
#12691 = ORIENTED_EDGE('',*,*,#12599,.F.);
#12692 = ORIENTED_EDGE('',*,*,#4799,.F.);
#12693 = ADVANCED_FACE('',(#12694),#4785,.T.);
#12694 = FACE_BOUND('',#12695,.T.);
#12695 = EDGE_LOOP('',(#12696,#12719,#12740,#12741));
#12696 = ORIENTED_EDGE('',*,*,#12697,.T.);
#12697 = EDGE_CURVE('',#4740,#12698,#12700,.T.);
#12698 = VERTEX_POINT('',#12699);
#12699 = CARTESIAN_POINT('',(31.019998372396,8.972501373291,19.8));
#12700 = SURFACE_CURVE('',#12701,(#12705,#12712),.PCURVE_S1.);
#12701 = LINE('',#12702,#12703);
#12702 = CARTESIAN_POINT('',(31.019998372396,8.972501373291,20.3));
#12703 = VECTOR('',#12704,1.);
#12704 = DIRECTION('',(-0.,-0.,-1.));
#12705 = PCURVE('',#4785,#12706);
#12706 = DEFINITIONAL_REPRESENTATION('',(#12707),#12711);
#12707 = LINE('',#12708,#12709);
#12708 = CARTESIAN_POINT('',(0.,0.));
#12709 = VECTOR('',#12710,1.);
#12710 = DIRECTION('',(0.,-1.));
#12711 = ( GEOMETRIC_REPRESENTATION_CONTEXT(2) 
PARAMETRIC_REPRESENTATION_CONTEXT() REPRESENTATION_CONTEXT('2D SPACE',''
  ) );
#12712 = PCURVE('',#4755,#12713);
#12713 = DEFINITIONAL_REPRESENTATION('',(#12714),#12718);
#12714 = LINE('',#12715,#12716);
#12715 = CARTESIAN_POINT('',(1.,0.));
#12716 = VECTOR('',#12717,1.);
#12717 = DIRECTION('',(0.,-1.));
#12718 = ( GEOMETRIC_REPRESENTATION_CONTEXT(2) 
PARAMETRIC_REPRESENTATION_CONTEXT() REPRESENTATION_CONTEXT('2D SPACE',''
  ) );
#12719 = ORIENTED_EDGE('',*,*,#12720,.T.);
#12720 = EDGE_CURVE('',#12698,#12649,#12721,.T.);
#12721 = SURFACE_CURVE('',#12722,(#12726,#12733),.PCURVE_S1.);
#12722 = B_SPLINE_CURVE_WITH_KNOTS('',2,(#12723,#12724,#12725),
  .UNSPECIFIED.,.F.,.F.,(3,3),(0.,1.),.PIECEWISE_BEZIER_KNOTS.);
#12723 = CARTESIAN_POINT('',(31.019998372396,8.972501373291,19.8));
#12724 = CARTESIAN_POINT('',(31.332498372396,8.599999745687,19.8));
#12725 = CARTESIAN_POINT('',(31.332498372396,7.920003000895,19.8));
#12726 = PCURVE('',#4785,#12727);
#12727 = DEFINITIONAL_REPRESENTATION('',(#12728),#12732);
#12728 = LINE('',#12729,#12730);
#12729 = CARTESIAN_POINT('',(0.,-0.5));
#12730 = VECTOR('',#12731,1.);
#12731 = DIRECTION('',(1.,0.));
#12732 = ( GEOMETRIC_REPRESENTATION_CONTEXT(2) 
PARAMETRIC_REPRESENTATION_CONTEXT() REPRESENTATION_CONTEXT('2D SPACE',''
  ) );
#12733 = PCURVE('',#12415,#12734);
#12734 = DEFINITIONAL_REPRESENTATION('',(#12735),#12739);
#12735 = B_SPLINE_CURVE_WITH_KNOTS('',2,(#12736,#12737,#12738),
  .UNSPECIFIED.,.F.,.F.,(3,3),(0.,1.),.PIECEWISE_BEZIER_KNOTS.);
#12736 = CARTESIAN_POINT('',(2.207503255208,2.322501627604));
#12737 = CARTESIAN_POINT('',(2.520003255208,1.95));
#12738 = CARTESIAN_POINT('',(2.520003255208,1.270003255208));
#12739 = ( GEOMETRIC_REPRESENTATION_CONTEXT(2) 
PARAMETRIC_REPRESENTATION_CONTEXT() REPRESENTATION_CONTEXT('2D SPACE',''
  ) );
#12740 = ORIENTED_EDGE('',*,*,#12648,.F.);
#12741 = ORIENTED_EDGE('',*,*,#4769,.F.);
#12742 = ADVANCED_FACE('',(#12743),#4755,.T.);
#12743 = FACE_BOUND('',#12744,.T.);
#12744 = EDGE_LOOP('',(#12745,#12746,#12767,#12768));
#12745 = ORIENTED_EDGE('',*,*,#12427,.T.);
#12746 = ORIENTED_EDGE('',*,*,#12747,.T.);
#12747 = EDGE_CURVE('',#12400,#12698,#12748,.T.);
#12748 = SURFACE_CURVE('',#12749,(#12753,#12760),.PCURVE_S1.);
#12749 = B_SPLINE_CURVE_WITH_KNOTS('',2,(#12750,#12751,#12752),
  .UNSPECIFIED.,.F.,.F.,(3,3),(0.,1.),.PIECEWISE_BEZIER_KNOTS.);
#12750 = CARTESIAN_POINT('',(30.142491861979,9.345003000895,19.8));
#12751 = CARTESIAN_POINT('',(30.707498372396,9.345003000895,19.8));
#12752 = CARTESIAN_POINT('',(31.019998372396,8.972501373291,19.8));
#12753 = PCURVE('',#4755,#12754);
#12754 = DEFINITIONAL_REPRESENTATION('',(#12755),#12759);
#12755 = LINE('',#12756,#12757);
#12756 = CARTESIAN_POINT('',(0.,-0.5));
#12757 = VECTOR('',#12758,1.);
#12758 = DIRECTION('',(1.,0.));
#12759 = ( GEOMETRIC_REPRESENTATION_CONTEXT(2) 
PARAMETRIC_REPRESENTATION_CONTEXT() REPRESENTATION_CONTEXT('2D SPACE',''
  ) );
#12760 = PCURVE('',#12415,#12761);
#12761 = DEFINITIONAL_REPRESENTATION('',(#12762),#12766);
#12762 = B_SPLINE_CURVE_WITH_KNOTS('',2,(#12763,#12764,#12765),
  .UNSPECIFIED.,.F.,.F.,(3,3),(0.,1.),.PIECEWISE_BEZIER_KNOTS.);
#12763 = CARTESIAN_POINT('',(1.329996744792,2.695003255208));
#12764 = CARTESIAN_POINT('',(1.895003255208,2.695003255208));
#12765 = CARTESIAN_POINT('',(2.207503255208,2.322501627604));
#12766 = ( GEOMETRIC_REPRESENTATION_CONTEXT(2) 
PARAMETRIC_REPRESENTATION_CONTEXT() REPRESENTATION_CONTEXT('2D SPACE',''
  ) );
#12767 = ORIENTED_EDGE('',*,*,#12697,.F.);
#12768 = ORIENTED_EDGE('',*,*,#4739,.F.);
#12769 = ADVANCED_FACE('',(#12770),#4967,.T.);
#12770 = FACE_BOUND('',#12771,.T.);
#12771 = EDGE_LOOP('',(#12772,#12795,#12823,#12844));
#12772 = ORIENTED_EDGE('',*,*,#12773,.T.);
#12773 = EDGE_CURVE('',#4950,#12774,#12776,.T.);
#12774 = VERTEX_POINT('',#12775);
#12775 = CARTESIAN_POINT('',(26.865001627604,10.05999323527,19.8));
#12776 = SURFACE_CURVE('',#12777,(#12781,#12788),.PCURVE_S1.);
#12777 = LINE('',#12778,#12779);
#12778 = CARTESIAN_POINT('',(26.865001627604,10.05999323527,20.3));
#12779 = VECTOR('',#12780,1.);
#12780 = DIRECTION('',(-0.,-0.,-1.));
#12781 = PCURVE('',#4967,#12782);
#12782 = DEFINITIONAL_REPRESENTATION('',(#12783),#12787);
#12783 = LINE('',#12784,#12785);
#12784 = CARTESIAN_POINT('',(0.,0.));
#12785 = VECTOR('',#12786,1.);
#12786 = DIRECTION('',(0.,-1.));
#12787 = ( GEOMETRIC_REPRESENTATION_CONTEXT(2) 
PARAMETRIC_REPRESENTATION_CONTEXT() REPRESENTATION_CONTEXT('2D SPACE',''
  ) );
#12788 = PCURVE('',#5261,#12789);
#12789 = DEFINITIONAL_REPRESENTATION('',(#12790),#12794);
#12790 = LINE('',#12791,#12792);
#12791 = CARTESIAN_POINT('',(1.,0.));
#12792 = VECTOR('',#12793,1.);
#12793 = DIRECTION('',(0.,-1.));
#12794 = ( GEOMETRIC_REPRESENTATION_CONTEXT(2) 
PARAMETRIC_REPRESENTATION_CONTEXT() REPRESENTATION_CONTEXT('2D SPACE',''
  ) );
#12795 = ORIENTED_EDGE('',*,*,#12796,.T.);
#12796 = EDGE_CURVE('',#12774,#12797,#12799,.T.);
#12797 = VERTEX_POINT('',#12798);
#12798 = CARTESIAN_POINT('',(27.142491861979,10.194986724854,19.8));
#12799 = SURFACE_CURVE('',#12800,(#12804,#12811),.PCURVE_S1.);
#12800 = B_SPLINE_CURVE_WITH_KNOTS('',2,(#12801,#12802,#12803),
  .UNSPECIFIED.,.F.,.F.,(3,3),(0.,1.),.PIECEWISE_BEZIER_KNOTS.);
#12801 = CARTESIAN_POINT('',(26.865001627604,10.05999323527,19.8));
#12802 = CARTESIAN_POINT('',(26.977501627604,10.194986724854,19.8));
#12803 = CARTESIAN_POINT('',(27.142491861979,10.194986724854,19.8));
#12804 = PCURVE('',#4967,#12805);
#12805 = DEFINITIONAL_REPRESENTATION('',(#12806),#12810);
#12806 = LINE('',#12807,#12808);
#12807 = CARTESIAN_POINT('',(0.,-0.5));
#12808 = VECTOR('',#12809,1.);
#12809 = DIRECTION('',(1.,0.));
#12810 = ( GEOMETRIC_REPRESENTATION_CONTEXT(2) 
PARAMETRIC_REPRESENTATION_CONTEXT() REPRESENTATION_CONTEXT('2D SPACE',''
  ) );
#12811 = PCURVE('',#12812,#12817);
#12812 = PLANE('',#12813);
#12813 = AXIS2_PLACEMENT_3D('',#12814,#12815,#12816);
#12814 = CARTESIAN_POINT('',(26.122488606771,6.649999745687,19.8));
#12815 = DIRECTION('',(0.,0.,1.));
#12816 = DIRECTION('',(1.,0.,0.));
#12817 = DEFINITIONAL_REPRESENTATION('',(#12818),#12822);
#12818 = B_SPLINE_CURVE_WITH_KNOTS('',2,(#12819,#12820,#12821),
  .UNSPECIFIED.,.F.,.F.,(3,3),(0.,1.),.PIECEWISE_BEZIER_KNOTS.);
#12819 = CARTESIAN_POINT('',(0.742513020833,3.409993489583));
#12820 = CARTESIAN_POINT('',(0.855013020833,3.544986979167));
#12821 = CARTESIAN_POINT('',(1.020003255208,3.544986979167));
#12822 = ( GEOMETRIC_REPRESENTATION_CONTEXT(2) 
PARAMETRIC_REPRESENTATION_CONTEXT() REPRESENTATION_CONTEXT('2D SPACE',''
  ) );
#12823 = ORIENTED_EDGE('',*,*,#12824,.F.);
#12824 = EDGE_CURVE('',#4952,#12797,#12825,.T.);
#12825 = SURFACE_CURVE('',#12826,(#12830,#12837),.PCURVE_S1.);
#12826 = LINE('',#12827,#12828);
#12827 = CARTESIAN_POINT('',(27.142491861979,10.194986724854,20.3));
#12828 = VECTOR('',#12829,1.);
#12829 = DIRECTION('',(-0.,-0.,-1.));
#12830 = PCURVE('',#4967,#12831);
#12831 = DEFINITIONAL_REPRESENTATION('',(#12832),#12836);
#12832 = LINE('',#12833,#12834);
#12833 = CARTESIAN_POINT('',(1.,0.));
#12834 = VECTOR('',#12835,1.);
#12835 = DIRECTION('',(0.,-1.));
#12836 = ( GEOMETRIC_REPRESENTATION_CONTEXT(2) 
PARAMETRIC_REPRESENTATION_CONTEXT() REPRESENTATION_CONTEXT('2D SPACE',''
  ) );
#12837 = PCURVE('',#4997,#12838);
#12838 = DEFINITIONAL_REPRESENTATION('',(#12839),#12843);
#12839 = LINE('',#12840,#12841);
#12840 = CARTESIAN_POINT('',(0.,0.));
#12841 = VECTOR('',#12842,1.);
#12842 = DIRECTION('',(0.,-1.));
#12843 = ( GEOMETRIC_REPRESENTATION_CONTEXT(2) 
PARAMETRIC_REPRESENTATION_CONTEXT() REPRESENTATION_CONTEXT('2D SPACE',''
  ) );
#12844 = ORIENTED_EDGE('',*,*,#4949,.F.);
#12845 = ADVANCED_FACE('',(#12846),#5261,.T.);
#12846 = FACE_BOUND('',#12847,.T.);
#12847 = EDGE_LOOP('',(#12848,#12871,#12892,#12893));
#12848 = ORIENTED_EDGE('',*,*,#12849,.T.);
#12849 = EDGE_CURVE('',#5220,#12850,#12852,.T.);
#12850 = VERTEX_POINT('',#12851);
#12851 = CARTESIAN_POINT('',(26.712495117188,9.679996490479,19.8));
#12852 = SURFACE_CURVE('',#12853,(#12857,#12864),.PCURVE_S1.);
#12853 = LINE('',#12854,#12855);
#12854 = CARTESIAN_POINT('',(26.712495117188,9.679996490479,20.3));
#12855 = VECTOR('',#12856,1.);
#12856 = DIRECTION('',(-0.,-0.,-1.));
#12857 = PCURVE('',#5261,#12858);
#12858 = DEFINITIONAL_REPRESENTATION('',(#12859),#12863);
#12859 = LINE('',#12860,#12861);
#12860 = CARTESIAN_POINT('',(0.,0.));
#12861 = VECTOR('',#12862,1.);
#12862 = DIRECTION('',(0.,-1.));
#12863 = ( GEOMETRIC_REPRESENTATION_CONTEXT(2) 
PARAMETRIC_REPRESENTATION_CONTEXT() REPRESENTATION_CONTEXT('2D SPACE',''
  ) );
#12864 = PCURVE('',#5235,#12865);
#12865 = DEFINITIONAL_REPRESENTATION('',(#12866),#12870);
#12866 = LINE('',#12867,#12868);
#12867 = CARTESIAN_POINT('',(0.290006510417,0.));
#12868 = VECTOR('',#12869,1.);
#12869 = DIRECTION('',(0.,-1.));
#12870 = ( GEOMETRIC_REPRESENTATION_CONTEXT(2) 
PARAMETRIC_REPRESENTATION_CONTEXT() REPRESENTATION_CONTEXT('2D SPACE',''
  ) );
#12871 = ORIENTED_EDGE('',*,*,#12872,.T.);
#12872 = EDGE_CURVE('',#12850,#12774,#12873,.T.);
#12873 = SURFACE_CURVE('',#12874,(#12878,#12885),.PCURVE_S1.);
#12874 = B_SPLINE_CURVE_WITH_KNOTS('',2,(#12875,#12876,#12877),
  .UNSPECIFIED.,.F.,.F.,(3,3),(0.,1.),.PIECEWISE_BEZIER_KNOTS.);
#12875 = CARTESIAN_POINT('',(26.712495117188,9.679996490479,19.8));
#12876 = CARTESIAN_POINT('',(26.752501627604,9.924999745687,19.8));
#12877 = CARTESIAN_POINT('',(26.865001627604,10.05999323527,19.8));
#12878 = PCURVE('',#5261,#12879);
#12879 = DEFINITIONAL_REPRESENTATION('',(#12880),#12884);
#12880 = LINE('',#12881,#12882);
#12881 = CARTESIAN_POINT('',(0.,-0.5));
#12882 = VECTOR('',#12883,1.);
#12883 = DIRECTION('',(1.,0.));
#12884 = ( GEOMETRIC_REPRESENTATION_CONTEXT(2) 
PARAMETRIC_REPRESENTATION_CONTEXT() REPRESENTATION_CONTEXT('2D SPACE',''
  ) );
#12885 = PCURVE('',#12812,#12886);
#12886 = DEFINITIONAL_REPRESENTATION('',(#12887),#12891);
#12887 = B_SPLINE_CURVE_WITH_KNOTS('',2,(#12888,#12889,#12890),
  .UNSPECIFIED.,.F.,.F.,(3,3),(0.,1.),.PIECEWISE_BEZIER_KNOTS.);
#12888 = CARTESIAN_POINT('',(0.590006510417,3.029996744792));
#12889 = CARTESIAN_POINT('',(0.630013020833,3.275));
#12890 = CARTESIAN_POINT('',(0.742513020833,3.409993489583));
#12891 = ( GEOMETRIC_REPRESENTATION_CONTEXT(2) 
PARAMETRIC_REPRESENTATION_CONTEXT() REPRESENTATION_CONTEXT('2D SPACE',''
  ) );
#12892 = ORIENTED_EDGE('',*,*,#12773,.F.);
#12893 = ORIENTED_EDGE('',*,*,#5247,.F.);
#12894 = ADVANCED_FACE('',(#12895),#5235,.T.);
#12895 = FACE_BOUND('',#12896,.T.);
#12896 = EDGE_LOOP('',(#12897,#12920,#12941,#12942));
#12897 = ORIENTED_EDGE('',*,*,#12898,.T.);
#12898 = EDGE_CURVE('',#5190,#12899,#12901,.T.);
#12899 = VERTEX_POINT('',#12900);
#12900 = CARTESIAN_POINT('',(27.002501627604,9.679996490479,19.8));
#12901 = SURFACE_CURVE('',#12902,(#12906,#12913),.PCURVE_S1.);
#12902 = LINE('',#12903,#12904);
#12903 = CARTESIAN_POINT('',(27.002501627604,9.679996490479,20.3));
#12904 = VECTOR('',#12905,1.);
#12905 = DIRECTION('',(-0.,-0.,-1.));
#12906 = PCURVE('',#5235,#12907);
#12907 = DEFINITIONAL_REPRESENTATION('',(#12908),#12912);
#12908 = LINE('',#12909,#12910);
#12909 = CARTESIAN_POINT('',(0.,0.));
#12910 = VECTOR('',#12911,1.);
#12911 = DIRECTION('',(0.,-1.));
#12912 = ( GEOMETRIC_REPRESENTATION_CONTEXT(2) 
PARAMETRIC_REPRESENTATION_CONTEXT() REPRESENTATION_CONTEXT('2D SPACE',''
  ) );
#12913 = PCURVE('',#5205,#12914);
#12914 = DEFINITIONAL_REPRESENTATION('',(#12915),#12919);
#12915 = LINE('',#12916,#12917);
#12916 = CARTESIAN_POINT('',(1.,0.));
#12917 = VECTOR('',#12918,1.);
#12918 = DIRECTION('',(0.,-1.));
#12919 = ( GEOMETRIC_REPRESENTATION_CONTEXT(2) 
PARAMETRIC_REPRESENTATION_CONTEXT() REPRESENTATION_CONTEXT('2D SPACE',''
  ) );
#12920 = ORIENTED_EDGE('',*,*,#12921,.T.);
#12921 = EDGE_CURVE('',#12899,#12850,#12922,.T.);
#12922 = SURFACE_CURVE('',#12923,(#12927,#12934),.PCURVE_S1.);
#12923 = LINE('',#12924,#12925);
#12924 = CARTESIAN_POINT('',(27.002501627604,9.679996490479,19.8));
#12925 = VECTOR('',#12926,1.);
#12926 = DIRECTION('',(-1.,0.,0.));
#12927 = PCURVE('',#5235,#12928);
#12928 = DEFINITIONAL_REPRESENTATION('',(#12929),#12933);
#12929 = LINE('',#12930,#12931);
#12930 = CARTESIAN_POINT('',(0.,-0.5));
#12931 = VECTOR('',#12932,1.);
#12932 = DIRECTION('',(1.,0.));
#12933 = ( GEOMETRIC_REPRESENTATION_CONTEXT(2) 
PARAMETRIC_REPRESENTATION_CONTEXT() REPRESENTATION_CONTEXT('2D SPACE',''
  ) );
#12934 = PCURVE('',#12812,#12935);
#12935 = DEFINITIONAL_REPRESENTATION('',(#12936),#12940);
#12936 = LINE('',#12937,#12938);
#12937 = CARTESIAN_POINT('',(0.880013020833,3.029996744792));
#12938 = VECTOR('',#12939,1.);
#12939 = DIRECTION('',(-1.,0.));
#12940 = ( GEOMETRIC_REPRESENTATION_CONTEXT(2) 
PARAMETRIC_REPRESENTATION_CONTEXT() REPRESENTATION_CONTEXT('2D SPACE',''
  ) );
#12941 = ORIENTED_EDGE('',*,*,#12849,.F.);
#12942 = ORIENTED_EDGE('',*,*,#5219,.F.);
#12943 = ADVANCED_FACE('',(#12944),#5205,.T.);
#12944 = FACE_BOUND('',#12945,.T.);
#12945 = EDGE_LOOP('',(#12946,#12969,#12990,#12991));
#12946 = ORIENTED_EDGE('',*,*,#12947,.T.);
#12947 = EDGE_CURVE('',#5160,#12948,#12950,.T.);
#12948 = VERTEX_POINT('',#12949);
#12949 = CARTESIAN_POINT('',(27.167491861979,9.864989980062,19.8));
#12950 = SURFACE_CURVE('',#12951,(#12955,#12962),.PCURVE_S1.);
#12951 = LINE('',#12952,#12953);
#12952 = CARTESIAN_POINT('',(27.167491861979,9.864989980062,20.3));
#12953 = VECTOR('',#12954,1.);
#12954 = DIRECTION('',(-0.,-0.,-1.));
#12955 = PCURVE('',#5205,#12956);
#12956 = DEFINITIONAL_REPRESENTATION('',(#12957),#12961);
#12957 = LINE('',#12958,#12959);
#12958 = CARTESIAN_POINT('',(0.,0.));
#12959 = VECTOR('',#12960,1.);
#12960 = DIRECTION('',(0.,-1.));
#12961 = ( GEOMETRIC_REPRESENTATION_CONTEXT(2) 
PARAMETRIC_REPRESENTATION_CONTEXT() REPRESENTATION_CONTEXT('2D SPACE',''
  ) );
#12962 = PCURVE('',#5175,#12963);
#12963 = DEFINITIONAL_REPRESENTATION('',(#12964),#12968);
#12964 = LINE('',#12965,#12966);
#12965 = CARTESIAN_POINT('',(1.,0.));
#12966 = VECTOR('',#12967,1.);
#12967 = DIRECTION('',(0.,-1.));
#12968 = ( GEOMETRIC_REPRESENTATION_CONTEXT(2) 
PARAMETRIC_REPRESENTATION_CONTEXT() REPRESENTATION_CONTEXT('2D SPACE',''
  ) );
#12969 = ORIENTED_EDGE('',*,*,#12970,.T.);
#12970 = EDGE_CURVE('',#12948,#12899,#12971,.T.);
#12971 = SURFACE_CURVE('',#12972,(#12976,#12983),.PCURVE_S1.);
#12972 = B_SPLINE_CURVE_WITH_KNOTS('',2,(#12973,#12974,#12975),
  .UNSPECIFIED.,.F.,.F.,(3,3),(0.,1.),.PIECEWISE_BEZIER_KNOTS.);
#12973 = CARTESIAN_POINT('',(27.167491861979,9.864989980062,19.8));
#12974 = CARTESIAN_POINT('',(27.052501627604,9.864989980062,19.8));
#12975 = CARTESIAN_POINT('',(27.002501627604,9.679996490479,19.8));
#12976 = PCURVE('',#5205,#12977);
#12977 = DEFINITIONAL_REPRESENTATION('',(#12978),#12982);
#12978 = LINE('',#12979,#12980);
#12979 = CARTESIAN_POINT('',(0.,-0.5));
#12980 = VECTOR('',#12981,1.);
#12981 = DIRECTION('',(1.,0.));
#12982 = ( GEOMETRIC_REPRESENTATION_CONTEXT(2) 
PARAMETRIC_REPRESENTATION_CONTEXT() REPRESENTATION_CONTEXT('2D SPACE',''
  ) );
#12983 = PCURVE('',#12812,#12984);
#12984 = DEFINITIONAL_REPRESENTATION('',(#12985),#12989);
#12985 = B_SPLINE_CURVE_WITH_KNOTS('',2,(#12986,#12987,#12988),
  .UNSPECIFIED.,.F.,.F.,(3,3),(0.,1.),.PIECEWISE_BEZIER_KNOTS.);
#12986 = CARTESIAN_POINT('',(1.045003255208,3.214990234375));
#12987 = CARTESIAN_POINT('',(0.930013020833,3.214990234375));
#12988 = CARTESIAN_POINT('',(0.880013020833,3.029996744792));
#12989 = ( GEOMETRIC_REPRESENTATION_CONTEXT(2) 
PARAMETRIC_REPRESENTATION_CONTEXT() REPRESENTATION_CONTEXT('2D SPACE',''
  ) );
#12990 = ORIENTED_EDGE('',*,*,#12898,.F.);
#12991 = ORIENTED_EDGE('',*,*,#5189,.F.);
#12992 = ADVANCED_FACE('',(#12993),#5175,.T.);
#12993 = FACE_BOUND('',#12994,.T.);
#12994 = EDGE_LOOP('',(#12995,#13018,#13039,#13040));
#12995 = ORIENTED_EDGE('',*,*,#12996,.T.);
#12996 = EDGE_CURVE('',#5130,#12997,#12999,.T.);
#12997 = VERTEX_POINT('',#12998);
#12998 = CARTESIAN_POINT('',(27.484996744792,9.769994862874,19.8));
#12999 = SURFACE_CURVE('',#13000,(#13004,#13011),.PCURVE_S1.);
#13000 = LINE('',#13001,#13002);
#13001 = CARTESIAN_POINT('',(27.484996744792,9.769994862874,20.3));
#13002 = VECTOR('',#13003,1.);
#13003 = DIRECTION('',(-0.,-0.,-1.));
#13004 = PCURVE('',#5175,#13005);
#13005 = DEFINITIONAL_REPRESENTATION('',(#13006),#13010);
#13006 = LINE('',#13007,#13008);
#13007 = CARTESIAN_POINT('',(0.,0.));
#13008 = VECTOR('',#13009,1.);
#13009 = DIRECTION('',(0.,-1.));
#13010 = ( GEOMETRIC_REPRESENTATION_CONTEXT(2) 
PARAMETRIC_REPRESENTATION_CONTEXT() REPRESENTATION_CONTEXT('2D SPACE',''
  ) );
#13011 = PCURVE('',#5145,#13012);
#13012 = DEFINITIONAL_REPRESENTATION('',(#13013),#13017);
#13013 = LINE('',#13014,#13015);
#13014 = CARTESIAN_POINT('',(1.,0.));
#13015 = VECTOR('',#13016,1.);
#13016 = DIRECTION('',(0.,-1.));
#13017 = ( GEOMETRIC_REPRESENTATION_CONTEXT(2) 
PARAMETRIC_REPRESENTATION_CONTEXT() REPRESENTATION_CONTEXT('2D SPACE',''
  ) );
#13018 = ORIENTED_EDGE('',*,*,#13019,.T.);
#13019 = EDGE_CURVE('',#12997,#12948,#13020,.T.);
#13020 = SURFACE_CURVE('',#13021,(#13025,#13032),.PCURVE_S1.);
#13021 = B_SPLINE_CURVE_WITH_KNOTS('',2,(#13022,#13023,#13024),
  .UNSPECIFIED.,.F.,.F.,(3,3),(0.,1.),.PIECEWISE_BEZIER_KNOTS.);
#13022 = CARTESIAN_POINT('',(27.484996744792,9.769994862874,19.8));
#13023 = CARTESIAN_POINT('',(27.232498372396,9.864989980062,19.8));
#13024 = CARTESIAN_POINT('',(27.167491861979,9.864989980062,19.8));
#13025 = PCURVE('',#5175,#13026);
#13026 = DEFINITIONAL_REPRESENTATION('',(#13027),#13031);
#13027 = LINE('',#13028,#13029);
#13028 = CARTESIAN_POINT('',(0.,-0.5));
#13029 = VECTOR('',#13030,1.);
#13030 = DIRECTION('',(1.,0.));
#13031 = ( GEOMETRIC_REPRESENTATION_CONTEXT(2) 
PARAMETRIC_REPRESENTATION_CONTEXT() REPRESENTATION_CONTEXT('2D SPACE',''
  ) );
#13032 = PCURVE('',#12812,#13033);
#13033 = DEFINITIONAL_REPRESENTATION('',(#13034),#13038);
#13034 = B_SPLINE_CURVE_WITH_KNOTS('',2,(#13035,#13036,#13037),
  .UNSPECIFIED.,.F.,.F.,(3,3),(0.,1.),.PIECEWISE_BEZIER_KNOTS.);
#13035 = CARTESIAN_POINT('',(1.362508138021,3.119995117188));
#13036 = CARTESIAN_POINT('',(1.110009765625,3.214990234375));
#13037 = CARTESIAN_POINT('',(1.045003255208,3.214990234375));
#13038 = ( GEOMETRIC_REPRESENTATION_CONTEXT(2) 
PARAMETRIC_REPRESENTATION_CONTEXT() REPRESENTATION_CONTEXT('2D SPACE',''
  ) );
#13039 = ORIENTED_EDGE('',*,*,#12947,.F.);
#13040 = ORIENTED_EDGE('',*,*,#5159,.F.);
#13041 = ADVANCED_FACE('',(#13042),#5145,.T.);
#13042 = FACE_BOUND('',#13043,.T.);
#13043 = EDGE_LOOP('',(#13044,#13067,#13088,#13089));
#13044 = ORIENTED_EDGE('',*,*,#13045,.T.);
#13045 = EDGE_CURVE('',#5100,#13046,#13048,.T.);
#13046 = VERTEX_POINT('',#13047);
#13047 = CARTESIAN_POINT('',(27.837495117188,9.674999745687,19.8));
#13048 = SURFACE_CURVE('',#13049,(#13053,#13060),.PCURVE_S1.);
#13049 = LINE('',#13050,#13051);
#13050 = CARTESIAN_POINT('',(27.837495117188,9.674999745687,20.3));
#13051 = VECTOR('',#13052,1.);
#13052 = DIRECTION('',(-0.,-0.,-1.));
#13053 = PCURVE('',#5145,#13054);
#13054 = DEFINITIONAL_REPRESENTATION('',(#13055),#13059);
#13055 = LINE('',#13056,#13057);
#13056 = CARTESIAN_POINT('',(0.,0.));
#13057 = VECTOR('',#13058,1.);
#13058 = DIRECTION('',(0.,-1.));
#13059 = ( GEOMETRIC_REPRESENTATION_CONTEXT(2) 
PARAMETRIC_REPRESENTATION_CONTEXT() REPRESENTATION_CONTEXT('2D SPACE',''
  ) );
#13060 = PCURVE('',#5115,#13061);
#13061 = DEFINITIONAL_REPRESENTATION('',(#13062),#13066);
#13062 = LINE('',#13063,#13064);
#13063 = CARTESIAN_POINT('',(1.,0.));
#13064 = VECTOR('',#13065,1.);
#13065 = DIRECTION('',(0.,-1.));
#13066 = ( GEOMETRIC_REPRESENTATION_CONTEXT(2) 
PARAMETRIC_REPRESENTATION_CONTEXT() REPRESENTATION_CONTEXT('2D SPACE',''
  ) );
#13067 = ORIENTED_EDGE('',*,*,#13068,.T.);
#13068 = EDGE_CURVE('',#13046,#12997,#13069,.T.);
#13069 = SURFACE_CURVE('',#13070,(#13074,#13081),.PCURVE_S1.);
#13070 = B_SPLINE_CURVE_WITH_KNOTS('',2,(#13071,#13072,#13073),
  .UNSPECIFIED.,.F.,.F.,(3,3),(0.,1.),.PIECEWISE_BEZIER_KNOTS.);
#13071 = CARTESIAN_POINT('',(27.837495117188,9.674999745687,19.8));
#13072 = CARTESIAN_POINT('',(27.737495117187,9.674999745687,19.8));
#13073 = CARTESIAN_POINT('',(27.484996744792,9.769994862874,19.8));
#13074 = PCURVE('',#5145,#13075);
#13075 = DEFINITIONAL_REPRESENTATION('',(#13076),#13080);
#13076 = LINE('',#13077,#13078);
#13077 = CARTESIAN_POINT('',(0.,-0.5));
#13078 = VECTOR('',#13079,1.);
#13079 = DIRECTION('',(1.,0.));
#13080 = ( GEOMETRIC_REPRESENTATION_CONTEXT(2) 
PARAMETRIC_REPRESENTATION_CONTEXT() REPRESENTATION_CONTEXT('2D SPACE',''
  ) );
#13081 = PCURVE('',#12812,#13082);
#13082 = DEFINITIONAL_REPRESENTATION('',(#13083),#13087);
#13083 = B_SPLINE_CURVE_WITH_KNOTS('',2,(#13084,#13085,#13086),
  .UNSPECIFIED.,.F.,.F.,(3,3),(0.,1.),.PIECEWISE_BEZIER_KNOTS.);
#13084 = CARTESIAN_POINT('',(1.715006510417,3.025));
#13085 = CARTESIAN_POINT('',(1.615006510417,3.025));
#13086 = CARTESIAN_POINT('',(1.362508138021,3.119995117188));
#13087 = ( GEOMETRIC_REPRESENTATION_CONTEXT(2) 
PARAMETRIC_REPRESENTATION_CONTEXT() REPRESENTATION_CONTEXT('2D SPACE',''
  ) );
#13088 = ORIENTED_EDGE('',*,*,#12996,.F.);
#13089 = ORIENTED_EDGE('',*,*,#5129,.F.);
#13090 = ADVANCED_FACE('',(#13091),#5115,.T.);
#13091 = FACE_BOUND('',#13092,.T.);
#13092 = EDGE_LOOP('',(#13093,#13116,#13137,#13138));
#13093 = ORIENTED_EDGE('',*,*,#13094,.T.);
#13094 = EDGE_CURVE('',#5072,#13095,#13097,.T.);
#13095 = VERTEX_POINT('',#13096);
#13096 = CARTESIAN_POINT('',(28.282498372396,10.194986724854,19.8));
#13097 = SURFACE_CURVE('',#13098,(#13102,#13109),.PCURVE_S1.);
#13098 = LINE('',#13099,#13100);
#13099 = CARTESIAN_POINT('',(28.282498372396,10.194986724854,20.3));
#13100 = VECTOR('',#13101,1.);
#13101 = DIRECTION('',(-0.,-0.,-1.));
#13102 = PCURVE('',#5115,#13103);
#13103 = DEFINITIONAL_REPRESENTATION('',(#13104),#13108);
#13104 = LINE('',#13105,#13106);
#13105 = CARTESIAN_POINT('',(0.,0.));
#13106 = VECTOR('',#13107,1.);
#13107 = DIRECTION('',(0.,-1.));
#13108 = ( GEOMETRIC_REPRESENTATION_CONTEXT(2) 
PARAMETRIC_REPRESENTATION_CONTEXT() REPRESENTATION_CONTEXT('2D SPACE',''
  ) );
#13109 = PCURVE('',#5087,#13110);
#13110 = DEFINITIONAL_REPRESENTATION('',(#13111),#13115);
#13111 = LINE('',#13112,#13113);
#13112 = CARTESIAN_POINT('',(0.290006510417,0.));
#13113 = VECTOR('',#13114,1.);
#13114 = DIRECTION('',(0.,-1.));
#13115 = ( GEOMETRIC_REPRESENTATION_CONTEXT(2) 
PARAMETRIC_REPRESENTATION_CONTEXT() REPRESENTATION_CONTEXT('2D SPACE',''
  ) );
#13116 = ORIENTED_EDGE('',*,*,#13117,.T.);
#13117 = EDGE_CURVE('',#13095,#13046,#13118,.T.);
#13118 = SURFACE_CURVE('',#13119,(#13123,#13130),.PCURVE_S1.);
#13119 = B_SPLINE_CURVE_WITH_KNOTS('',2,(#13120,#13121,#13122),
  .UNSPECIFIED.,.F.,.F.,(3,3),(0.,1.),.PIECEWISE_BEZIER_KNOTS.);
#13120 = CARTESIAN_POINT('',(28.282498372396,10.194986724854,19.8));
#13121 = CARTESIAN_POINT('',(28.207498372396,9.674999745687,19.8));
#13122 = CARTESIAN_POINT('',(27.837495117188,9.674999745687,19.8));
#13123 = PCURVE('',#5115,#13124);
#13124 = DEFINITIONAL_REPRESENTATION('',(#13125),#13129);
#13125 = LINE('',#13126,#13127);
#13126 = CARTESIAN_POINT('',(0.,-0.5));
#13127 = VECTOR('',#13128,1.);
#13128 = DIRECTION('',(1.,0.));
#13129 = ( GEOMETRIC_REPRESENTATION_CONTEXT(2) 
PARAMETRIC_REPRESENTATION_CONTEXT() REPRESENTATION_CONTEXT('2D SPACE',''
  ) );
#13130 = PCURVE('',#12812,#13131);
#13131 = DEFINITIONAL_REPRESENTATION('',(#13132),#13136);
#13132 = B_SPLINE_CURVE_WITH_KNOTS('',2,(#13133,#13134,#13135),
  .UNSPECIFIED.,.F.,.F.,(3,3),(0.,1.),.PIECEWISE_BEZIER_KNOTS.);
#13133 = CARTESIAN_POINT('',(2.160009765625,3.544986979167));
#13134 = CARTESIAN_POINT('',(2.085009765625,3.025));
#13135 = CARTESIAN_POINT('',(1.715006510417,3.025));
#13136 = ( GEOMETRIC_REPRESENTATION_CONTEXT(2) 
PARAMETRIC_REPRESENTATION_CONTEXT() REPRESENTATION_CONTEXT('2D SPACE',''
  ) );
#13137 = ORIENTED_EDGE('',*,*,#13045,.F.);
#13138 = ORIENTED_EDGE('',*,*,#5099,.F.);
#13139 = ADVANCED_FACE('',(#13140),#5087,.T.);
#13140 = FACE_BOUND('',#13141,.T.);
#13141 = EDGE_LOOP('',(#13142,#13165,#13186,#13187));
#13142 = ORIENTED_EDGE('',*,*,#13143,.T.);
#13143 = EDGE_CURVE('',#5042,#13144,#13146,.T.);
#13144 = VERTEX_POINT('',#13145);
#13145 = CARTESIAN_POINT('',(27.992491861979,10.194986724854,19.8));
#13146 = SURFACE_CURVE('',#13147,(#13151,#13158),.PCURVE_S1.);
#13147 = LINE('',#13148,#13149);
#13148 = CARTESIAN_POINT('',(27.992491861979,10.194986724854,20.3));
#13149 = VECTOR('',#13150,1.);
#13150 = DIRECTION('',(-0.,-0.,-1.));
#13151 = PCURVE('',#5087,#13152);
#13152 = DEFINITIONAL_REPRESENTATION('',(#13153),#13157);
#13153 = LINE('',#13154,#13155);
#13154 = CARTESIAN_POINT('',(0.,0.));
#13155 = VECTOR('',#13156,1.);
#13156 = DIRECTION('',(0.,-1.));
#13157 = ( GEOMETRIC_REPRESENTATION_CONTEXT(2) 
PARAMETRIC_REPRESENTATION_CONTEXT() REPRESENTATION_CONTEXT('2D SPACE',''
  ) );
#13158 = PCURVE('',#5057,#13159);
#13159 = DEFINITIONAL_REPRESENTATION('',(#13160),#13164);
#13160 = LINE('',#13161,#13162);
#13161 = CARTESIAN_POINT('',(1.,0.));
#13162 = VECTOR('',#13163,1.);
#13163 = DIRECTION('',(0.,-1.));
#13164 = ( GEOMETRIC_REPRESENTATION_CONTEXT(2) 
PARAMETRIC_REPRESENTATION_CONTEXT() REPRESENTATION_CONTEXT('2D SPACE',''
  ) );
#13165 = ORIENTED_EDGE('',*,*,#13166,.T.);
#13166 = EDGE_CURVE('',#13144,#13095,#13167,.T.);
#13167 = SURFACE_CURVE('',#13168,(#13172,#13179),.PCURVE_S1.);
#13168 = LINE('',#13169,#13170);
#13169 = CARTESIAN_POINT('',(27.992491861979,10.194986724854,19.8));
#13170 = VECTOR('',#13171,1.);
#13171 = DIRECTION('',(1.,0.,0.));
#13172 = PCURVE('',#5087,#13173);
#13173 = DEFINITIONAL_REPRESENTATION('',(#13174),#13178);
#13174 = LINE('',#13175,#13176);
#13175 = CARTESIAN_POINT('',(0.,-0.5));
#13176 = VECTOR('',#13177,1.);
#13177 = DIRECTION('',(1.,0.));
#13178 = ( GEOMETRIC_REPRESENTATION_CONTEXT(2) 
PARAMETRIC_REPRESENTATION_CONTEXT() REPRESENTATION_CONTEXT('2D SPACE',''
  ) );
#13179 = PCURVE('',#12812,#13180);
#13180 = DEFINITIONAL_REPRESENTATION('',(#13181),#13185);
#13181 = LINE('',#13182,#13183);
#13182 = CARTESIAN_POINT('',(1.870003255208,3.544986979167));
#13183 = VECTOR('',#13184,1.);
#13184 = DIRECTION('',(1.,0.));
#13185 = ( GEOMETRIC_REPRESENTATION_CONTEXT(2) 
PARAMETRIC_REPRESENTATION_CONTEXT() REPRESENTATION_CONTEXT('2D SPACE',''
  ) );
#13186 = ORIENTED_EDGE('',*,*,#13094,.F.);
#13187 = ORIENTED_EDGE('',*,*,#5071,.F.);
#13188 = ADVANCED_FACE('',(#13189),#5057,.T.);
#13189 = FACE_BOUND('',#13190,.T.);
#13190 = EDGE_LOOP('',(#13191,#13214,#13235,#13236));
#13191 = ORIENTED_EDGE('',*,*,#13192,.T.);
#13192 = EDGE_CURVE('',#5012,#13193,#13195,.T.);
#13193 = VERTEX_POINT('',#13194);
#13194 = CARTESIAN_POINT('',(27.807498372396,10.00999323527,19.8));
#13195 = SURFACE_CURVE('',#13196,(#13200,#13207),.PCURVE_S1.);
#13196 = LINE('',#13197,#13198);
#13197 = CARTESIAN_POINT('',(27.807498372396,10.00999323527,20.3));
#13198 = VECTOR('',#13199,1.);
#13199 = DIRECTION('',(-0.,-0.,-1.));
#13200 = PCURVE('',#5057,#13201);
#13201 = DEFINITIONAL_REPRESENTATION('',(#13202),#13206);
#13202 = LINE('',#13203,#13204);
#13203 = CARTESIAN_POINT('',(0.,0.));
#13204 = VECTOR('',#13205,1.);
#13205 = DIRECTION('',(0.,-1.));
#13206 = ( GEOMETRIC_REPRESENTATION_CONTEXT(2) 
PARAMETRIC_REPRESENTATION_CONTEXT() REPRESENTATION_CONTEXT('2D SPACE',''
  ) );
#13207 = PCURVE('',#5027,#13208);
#13208 = DEFINITIONAL_REPRESENTATION('',(#13209),#13213);
#13209 = LINE('',#13210,#13211);
#13210 = CARTESIAN_POINT('',(1.,0.));
#13211 = VECTOR('',#13212,1.);
#13212 = DIRECTION('',(0.,-1.));
#13213 = ( GEOMETRIC_REPRESENTATION_CONTEXT(2) 
PARAMETRIC_REPRESENTATION_CONTEXT() REPRESENTATION_CONTEXT('2D SPACE',''
  ) );
#13214 = ORIENTED_EDGE('',*,*,#13215,.T.);
#13215 = EDGE_CURVE('',#13193,#13144,#13216,.T.);
#13216 = SURFACE_CURVE('',#13217,(#13221,#13228),.PCURVE_S1.);
#13217 = B_SPLINE_CURVE_WITH_KNOTS('',2,(#13218,#13219,#13220),
  .UNSPECIFIED.,.F.,.F.,(3,3),(0.,1.),.PIECEWISE_BEZIER_KNOTS.);
#13218 = CARTESIAN_POINT('',(27.807498372396,10.00999323527,19.8));
#13219 = CARTESIAN_POINT('',(27.932498372396,10.00999323527,19.8));
#13220 = CARTESIAN_POINT('',(27.992491861979,10.194986724854,19.8));
#13221 = PCURVE('',#5057,#13222);
#13222 = DEFINITIONAL_REPRESENTATION('',(#13223),#13227);
#13223 = LINE('',#13224,#13225);
#13224 = CARTESIAN_POINT('',(0.,-0.5));
#13225 = VECTOR('',#13226,1.);
#13226 = DIRECTION('',(1.,0.));
#13227 = ( GEOMETRIC_REPRESENTATION_CONTEXT(2) 
PARAMETRIC_REPRESENTATION_CONTEXT() REPRESENTATION_CONTEXT('2D SPACE',''
  ) );
#13228 = PCURVE('',#12812,#13229);
#13229 = DEFINITIONAL_REPRESENTATION('',(#13230),#13234);
#13230 = B_SPLINE_CURVE_WITH_KNOTS('',2,(#13231,#13232,#13233),
  .UNSPECIFIED.,.F.,.F.,(3,3),(0.,1.),.PIECEWISE_BEZIER_KNOTS.);
#13231 = CARTESIAN_POINT('',(1.685009765625,3.359993489583));
#13232 = CARTESIAN_POINT('',(1.810009765625,3.359993489583));
#13233 = CARTESIAN_POINT('',(1.870003255208,3.544986979167));
#13234 = ( GEOMETRIC_REPRESENTATION_CONTEXT(2) 
PARAMETRIC_REPRESENTATION_CONTEXT() REPRESENTATION_CONTEXT('2D SPACE',''
  ) );
#13235 = ORIENTED_EDGE('',*,*,#13143,.F.);
#13236 = ORIENTED_EDGE('',*,*,#5041,.F.);
#13237 = ADVANCED_FACE('',(#13238),#5027,.T.);
#13238 = FACE_BOUND('',#13239,.T.);
#13239 = EDGE_LOOP('',(#13240,#13263,#13284,#13285));
#13240 = ORIENTED_EDGE('',*,*,#13241,.T.);
#13241 = EDGE_CURVE('',#4982,#13242,#13244,.T.);
#13242 = VERTEX_POINT('',#13243);
#13243 = CARTESIAN_POINT('',(27.487495117187,10.102489980062,19.8));
#13244 = SURFACE_CURVE('',#13245,(#13249,#13256),.PCURVE_S1.);
#13245 = LINE('',#13246,#13247);
#13246 = CARTESIAN_POINT('',(27.487495117187,10.102489980062,20.3));
#13247 = VECTOR('',#13248,1.);
#13248 = DIRECTION('',(-0.,-0.,-1.));
#13249 = PCURVE('',#5027,#13250);
#13250 = DEFINITIONAL_REPRESENTATION('',(#13251),#13255);
#13251 = LINE('',#13252,#13253);
#13252 = CARTESIAN_POINT('',(0.,0.));
#13253 = VECTOR('',#13254,1.);
#13254 = DIRECTION('',(0.,-1.));
#13255 = ( GEOMETRIC_REPRESENTATION_CONTEXT(2) 
PARAMETRIC_REPRESENTATION_CONTEXT() REPRESENTATION_CONTEXT('2D SPACE',''
  ) );
#13256 = PCURVE('',#4997,#13257);
#13257 = DEFINITIONAL_REPRESENTATION('',(#13258),#13262);
#13258 = LINE('',#13259,#13260);
#13259 = CARTESIAN_POINT('',(1.,0.));
#13260 = VECTOR('',#13261,1.);
#13261 = DIRECTION('',(0.,-1.));
#13262 = ( GEOMETRIC_REPRESENTATION_CONTEXT(2) 
PARAMETRIC_REPRESENTATION_CONTEXT() REPRESENTATION_CONTEXT('2D SPACE',''
  ) );
#13263 = ORIENTED_EDGE('',*,*,#13264,.T.);
#13264 = EDGE_CURVE('',#13242,#13193,#13265,.T.);
#13265 = SURFACE_CURVE('',#13266,(#13270,#13277),.PCURVE_S1.);
#13266 = B_SPLINE_CURVE_WITH_KNOTS('',2,(#13267,#13268,#13269),
  .UNSPECIFIED.,.F.,.F.,(3,3),(0.,1.),.PIECEWISE_BEZIER_KNOTS.);
#13267 = CARTESIAN_POINT('',(27.487495117187,10.102489980062,19.8));
#13268 = CARTESIAN_POINT('',(27.707498372396,10.00999323527,19.8));
#13269 = CARTESIAN_POINT('',(27.807498372396,10.00999323527,19.8));
#13270 = PCURVE('',#5027,#13271);
#13271 = DEFINITIONAL_REPRESENTATION('',(#13272),#13276);
#13272 = LINE('',#13273,#13274);
#13273 = CARTESIAN_POINT('',(0.,-0.5));
#13274 = VECTOR('',#13275,1.);
#13275 = DIRECTION('',(1.,0.));
#13276 = ( GEOMETRIC_REPRESENTATION_CONTEXT(2) 
PARAMETRIC_REPRESENTATION_CONTEXT() REPRESENTATION_CONTEXT('2D SPACE',''
  ) );
#13277 = PCURVE('',#12812,#13278);
#13278 = DEFINITIONAL_REPRESENTATION('',(#13279),#13283);
#13279 = B_SPLINE_CURVE_WITH_KNOTS('',2,(#13280,#13281,#13282),
  .UNSPECIFIED.,.F.,.F.,(3,3),(0.,1.),.PIECEWISE_BEZIER_KNOTS.);
#13280 = CARTESIAN_POINT('',(1.365006510417,3.452490234375));
#13281 = CARTESIAN_POINT('',(1.585009765625,3.359993489583));
#13282 = CARTESIAN_POINT('',(1.685009765625,3.359993489583));
#13283 = ( GEOMETRIC_REPRESENTATION_CONTEXT(2) 
PARAMETRIC_REPRESENTATION_CONTEXT() REPRESENTATION_CONTEXT('2D SPACE',''
  ) );
#13284 = ORIENTED_EDGE('',*,*,#13192,.F.);
#13285 = ORIENTED_EDGE('',*,*,#5011,.F.);
#13286 = ADVANCED_FACE('',(#13287),#4997,.T.);
#13287 = FACE_BOUND('',#13288,.T.);
#13288 = EDGE_LOOP('',(#13289,#13290,#13311,#13312));
#13289 = ORIENTED_EDGE('',*,*,#12824,.T.);
#13290 = ORIENTED_EDGE('',*,*,#13291,.T.);
#13291 = EDGE_CURVE('',#12797,#13242,#13292,.T.);
#13292 = SURFACE_CURVE('',#13293,(#13297,#13304),.PCURVE_S1.);
#13293 = B_SPLINE_CURVE_WITH_KNOTS('',2,(#13294,#13295,#13296),
  .UNSPECIFIED.,.F.,.F.,(3,3),(0.,1.),.PIECEWISE_BEZIER_KNOTS.);
#13294 = CARTESIAN_POINT('',(27.142491861979,10.194986724854,19.8));
#13295 = CARTESIAN_POINT('',(27.267491861979,10.194986724854,19.8));
#13296 = CARTESIAN_POINT('',(27.487495117187,10.102489980062,19.8));
#13297 = PCURVE('',#4997,#13298);
#13298 = DEFINITIONAL_REPRESENTATION('',(#13299),#13303);
#13299 = LINE('',#13300,#13301);
#13300 = CARTESIAN_POINT('',(0.,-0.5));
#13301 = VECTOR('',#13302,1.);
#13302 = DIRECTION('',(1.,0.));
#13303 = ( GEOMETRIC_REPRESENTATION_CONTEXT(2) 
PARAMETRIC_REPRESENTATION_CONTEXT() REPRESENTATION_CONTEXT('2D SPACE',''
  ) );
#13304 = PCURVE('',#12812,#13305);
#13305 = DEFINITIONAL_REPRESENTATION('',(#13306),#13310);
#13306 = B_SPLINE_CURVE_WITH_KNOTS('',2,(#13307,#13308,#13309),
  .UNSPECIFIED.,.F.,.F.,(3,3),(0.,1.),.PIECEWISE_BEZIER_KNOTS.);
#13307 = CARTESIAN_POINT('',(1.020003255208,3.544986979167));
#13308 = CARTESIAN_POINT('',(1.145003255208,3.544986979167));
#13309 = CARTESIAN_POINT('',(1.365006510417,3.452490234375));
#13310 = ( GEOMETRIC_REPRESENTATION_CONTEXT(2) 
PARAMETRIC_REPRESENTATION_CONTEXT() REPRESENTATION_CONTEXT('2D SPACE',''
  ) );
#13311 = ORIENTED_EDGE('',*,*,#13241,.F.);
#13312 = ORIENTED_EDGE('',*,*,#4981,.F.);
#13313 = ADVANCED_FACE('',(#13314),#5294,.F.);
#13314 = FACE_BOUND('',#13315,.F.);
#13315 = EDGE_LOOP('',(#13316,#13317,#13340,#13367));
#13316 = ORIENTED_EDGE('',*,*,#5277,.F.);
#13317 = ORIENTED_EDGE('',*,*,#13318,.F.);
#13318 = EDGE_CURVE('',#13319,#5278,#13321,.T.);
#13319 = VERTEX_POINT('',#13320);
#13320 = CARTESIAN_POINT('',(50.2,3.,18.7));
#13321 = SEAM_CURVE('',#13322,(#13326,#13333),.PCURVE_S1.);
#13322 = LINE('',#13323,#13324);
#13323 = CARTESIAN_POINT('',(50.2,3.,18.7));
#13324 = VECTOR('',#13325,1.);
#13325 = DIRECTION('',(0.,0.,1.));
#13326 = PCURVE('',#5294,#13327);
#13327 = DEFINITIONAL_REPRESENTATION('',(#13328),#13332);
#13328 = LINE('',#13329,#13330);
#13329 = CARTESIAN_POINT('',(6.28318530718,-0.));
#13330 = VECTOR('',#13331,1.);
#13331 = DIRECTION('',(0.,1.));
#13332 = ( GEOMETRIC_REPRESENTATION_CONTEXT(2) 
PARAMETRIC_REPRESENTATION_CONTEXT() REPRESENTATION_CONTEXT('2D SPACE',''
  ) );
#13333 = PCURVE('',#5294,#13334);
#13334 = DEFINITIONAL_REPRESENTATION('',(#13335),#13339);
#13335 = LINE('',#13336,#13337);
#13336 = CARTESIAN_POINT('',(0.,-0.));
#13337 = VECTOR('',#13338,1.);
#13338 = DIRECTION('',(0.,1.));
#13339 = ( GEOMETRIC_REPRESENTATION_CONTEXT(2) 
PARAMETRIC_REPRESENTATION_CONTEXT() REPRESENTATION_CONTEXT('2D SPACE',''
  ) );
#13340 = ORIENTED_EDGE('',*,*,#13341,.T.);
#13341 = EDGE_CURVE('',#13319,#13319,#13342,.T.);
#13342 = SURFACE_CURVE('',#13343,(#13348,#13355),.PCURVE_S1.);
#13343 = CIRCLE('',#13344,2.2);
#13344 = AXIS2_PLACEMENT_3D('',#13345,#13346,#13347);
#13345 = CARTESIAN_POINT('',(48.,3.,18.7));
#13346 = DIRECTION('',(0.,0.,1.));
#13347 = DIRECTION('',(1.,0.,-0.));
#13348 = PCURVE('',#5294,#13349);
#13349 = DEFINITIONAL_REPRESENTATION('',(#13350),#13354);
#13350 = LINE('',#13351,#13352);
#13351 = CARTESIAN_POINT('',(0.,0.));
#13352 = VECTOR('',#13353,1.);
#13353 = DIRECTION('',(1.,0.));
#13354 = ( GEOMETRIC_REPRESENTATION_CONTEXT(2) 
PARAMETRIC_REPRESENTATION_CONTEXT() REPRESENTATION_CONTEXT('2D SPACE',''
  ) );
#13355 = PCURVE('',#13356,#13361);
#13356 = PLANE('',#13357);
#13357 = AXIS2_PLACEMENT_3D('',#13358,#13359,#13360);
#13358 = CARTESIAN_POINT('',(48.,3.,18.7));
#13359 = DIRECTION('',(0.,0.,1.));
#13360 = DIRECTION('',(1.,0.,-0.));
#13361 = DEFINITIONAL_REPRESENTATION('',(#13362),#13366);
#13362 = CIRCLE('',#13363,2.2);
#13363 = AXIS2_PLACEMENT_2D('',#13364,#13365);
#13364 = CARTESIAN_POINT('',(0.,0.));
#13365 = DIRECTION('',(1.,0.));
#13366 = ( GEOMETRIC_REPRESENTATION_CONTEXT(2) 
PARAMETRIC_REPRESENTATION_CONTEXT() REPRESENTATION_CONTEXT('2D SPACE',''
  ) );
#13367 = ORIENTED_EDGE('',*,*,#13318,.T.);
#13368 = ADVANCED_FACE('',(#13369),#5325,.F.);
#13369 = FACE_BOUND('',#13370,.F.);
#13370 = EDGE_LOOP('',(#13371,#13372,#13395,#13417));
#13371 = ORIENTED_EDGE('',*,*,#5308,.F.);
#13372 = ORIENTED_EDGE('',*,*,#13373,.F.);
#13373 = EDGE_CURVE('',#13374,#5309,#13376,.T.);
#13374 = VERTEX_POINT('',#13375);
#13375 = CARTESIAN_POINT('',(59.5,12.,3.7));
#13376 = SEAM_CURVE('',#13377,(#13381,#13388),.PCURVE_S1.);
#13377 = LINE('',#13378,#13379);
#13378 = CARTESIAN_POINT('',(59.5,12.,3.2));
#13379 = VECTOR('',#13380,1.);
#13380 = DIRECTION('',(0.,0.,1.));
#13381 = PCURVE('',#5325,#13382);
#13382 = DEFINITIONAL_REPRESENTATION('',(#13383),#13387);
#13383 = LINE('',#13384,#13385);
#13384 = CARTESIAN_POINT('',(6.28318530718,-0.));
#13385 = VECTOR('',#13386,1.);
#13386 = DIRECTION('',(0.,1.));
#13387 = ( GEOMETRIC_REPRESENTATION_CONTEXT(2) 
PARAMETRIC_REPRESENTATION_CONTEXT() REPRESENTATION_CONTEXT('2D SPACE',''
  ) );
#13388 = PCURVE('',#5325,#13389);
#13389 = DEFINITIONAL_REPRESENTATION('',(#13390),#13394);
#13390 = LINE('',#13391,#13392);
#13391 = CARTESIAN_POINT('',(0.,-0.));
#13392 = VECTOR('',#13393,1.);
#13393 = DIRECTION('',(0.,1.));
#13394 = ( GEOMETRIC_REPRESENTATION_CONTEXT(2) 
PARAMETRIC_REPRESENTATION_CONTEXT() REPRESENTATION_CONTEXT('2D SPACE',''
  ) );
#13395 = ORIENTED_EDGE('',*,*,#13396,.T.);
#13396 = EDGE_CURVE('',#13374,#13374,#13397,.T.);
#13397 = SURFACE_CURVE('',#13398,(#13403,#13410),.PCURVE_S1.);
#13398 = CIRCLE('',#13399,1.);
#13399 = AXIS2_PLACEMENT_3D('',#13400,#13401,#13402);
#13400 = CARTESIAN_POINT('',(58.5,12.,3.7));
#13401 = DIRECTION('',(0.,0.,1.));
#13402 = DIRECTION('',(1.,0.,-0.));
#13403 = PCURVE('',#5325,#13404);
#13404 = DEFINITIONAL_REPRESENTATION('',(#13405),#13409);
#13405 = LINE('',#13406,#13407);
#13406 = CARTESIAN_POINT('',(0.,0.5));
#13407 = VECTOR('',#13408,1.);
#13408 = DIRECTION('',(1.,0.));
#13409 = ( GEOMETRIC_REPRESENTATION_CONTEXT(2) 
PARAMETRIC_REPRESENTATION_CONTEXT() REPRESENTATION_CONTEXT('2D SPACE',''
  ) );
#13410 = PCURVE('',#6302,#13411);
#13411 = DEFINITIONAL_REPRESENTATION('',(#13412),#13416);
#13412 = CIRCLE('',#13413,1.);
#13413 = AXIS2_PLACEMENT_2D('',#13414,#13415);
#13414 = CARTESIAN_POINT('',(0.,0.));
#13415 = DIRECTION('',(1.,0.));
#13416 = ( GEOMETRIC_REPRESENTATION_CONTEXT(2) 
PARAMETRIC_REPRESENTATION_CONTEXT() REPRESENTATION_CONTEXT('2D SPACE',''
  ) );
#13417 = ORIENTED_EDGE('',*,*,#13373,.T.);
#13418 = ADVANCED_FACE('',(#13419),#5356,.F.);
#13419 = FACE_BOUND('',#13420,.F.);
#13420 = EDGE_LOOP('',(#13421,#13422,#13445,#13467));
#13421 = ORIENTED_EDGE('',*,*,#5339,.F.);
#13422 = ORIENTED_EDGE('',*,*,#13423,.F.);
#13423 = EDGE_CURVE('',#13424,#5340,#13426,.T.);
#13424 = VERTEX_POINT('',#13425);
#13425 = CARTESIAN_POINT('',(64.5,12.,3.7));
#13426 = SEAM_CURVE('',#13427,(#13431,#13438),.PCURVE_S1.);
#13427 = LINE('',#13428,#13429);
#13428 = CARTESIAN_POINT('',(64.5,12.,3.2));
#13429 = VECTOR('',#13430,1.);
#13430 = DIRECTION('',(0.,0.,1.));
#13431 = PCURVE('',#5356,#13432);
#13432 = DEFINITIONAL_REPRESENTATION('',(#13433),#13437);
#13433 = LINE('',#13434,#13435);
#13434 = CARTESIAN_POINT('',(6.28318530718,-0.));
#13435 = VECTOR('',#13436,1.);
#13436 = DIRECTION('',(0.,1.));
#13437 = ( GEOMETRIC_REPRESENTATION_CONTEXT(2) 
PARAMETRIC_REPRESENTATION_CONTEXT() REPRESENTATION_CONTEXT('2D SPACE',''
  ) );
#13438 = PCURVE('',#5356,#13439);
#13439 = DEFINITIONAL_REPRESENTATION('',(#13440),#13444);
#13440 = LINE('',#13441,#13442);
#13441 = CARTESIAN_POINT('',(0.,-0.));
#13442 = VECTOR('',#13443,1.);
#13443 = DIRECTION('',(0.,1.));
#13444 = ( GEOMETRIC_REPRESENTATION_CONTEXT(2) 
PARAMETRIC_REPRESENTATION_CONTEXT() REPRESENTATION_CONTEXT('2D SPACE',''
  ) );
#13445 = ORIENTED_EDGE('',*,*,#13446,.T.);
#13446 = EDGE_CURVE('',#13424,#13424,#13447,.T.);
#13447 = SURFACE_CURVE('',#13448,(#13453,#13460),.PCURVE_S1.);
#13448 = CIRCLE('',#13449,1.);
#13449 = AXIS2_PLACEMENT_3D('',#13450,#13451,#13452);
#13450 = CARTESIAN_POINT('',(63.5,12.,3.7));
#13451 = DIRECTION('',(0.,0.,1.));
#13452 = DIRECTION('',(1.,0.,-0.));
#13453 = PCURVE('',#5356,#13454);
#13454 = DEFINITIONAL_REPRESENTATION('',(#13455),#13459);
#13455 = LINE('',#13456,#13457);
#13456 = CARTESIAN_POINT('',(0.,0.5));
#13457 = VECTOR('',#13458,1.);
#13458 = DIRECTION('',(1.,0.));
#13459 = ( GEOMETRIC_REPRESENTATION_CONTEXT(2) 
PARAMETRIC_REPRESENTATION_CONTEXT() REPRESENTATION_CONTEXT('2D SPACE',''
  ) );
#13460 = PCURVE('',#6357,#13461);
#13461 = DEFINITIONAL_REPRESENTATION('',(#13462),#13466);
#13462 = CIRCLE('',#13463,1.);
#13463 = AXIS2_PLACEMENT_2D('',#13464,#13465);
#13464 = CARTESIAN_POINT('',(0.,0.));
#13465 = DIRECTION('',(1.,0.));
#13466 = ( GEOMETRIC_REPRESENTATION_CONTEXT(2) 
PARAMETRIC_REPRESENTATION_CONTEXT() REPRESENTATION_CONTEXT('2D SPACE',''
  ) );
#13467 = ORIENTED_EDGE('',*,*,#13423,.T.);
#13468 = ADVANCED_FACE('',(#13469),#5387,.F.);
#13469 = FACE_BOUND('',#13470,.F.);
#13470 = EDGE_LOOP('',(#13471,#13472,#13495,#13522));
#13471 = ORIENTED_EDGE('',*,*,#5370,.F.);
#13472 = ORIENTED_EDGE('',*,*,#13473,.F.);
#13473 = EDGE_CURVE('',#13474,#5371,#13476,.T.);
#13474 = VERTEX_POINT('',#13475);
#13475 = CARTESIAN_POINT('',(5.2,38.,18.7));
#13476 = SEAM_CURVE('',#13477,(#13481,#13488),.PCURVE_S1.);
#13477 = LINE('',#13478,#13479);
#13478 = CARTESIAN_POINT('',(5.2,38.,18.7));
#13479 = VECTOR('',#13480,1.);
#13480 = DIRECTION('',(0.,0.,1.));
#13481 = PCURVE('',#5387,#13482);
#13482 = DEFINITIONAL_REPRESENTATION('',(#13483),#13487);
#13483 = LINE('',#13484,#13485);
#13484 = CARTESIAN_POINT('',(6.28318530718,-0.));
#13485 = VECTOR('',#13486,1.);
#13486 = DIRECTION('',(0.,1.));
#13487 = ( GEOMETRIC_REPRESENTATION_CONTEXT(2) 
PARAMETRIC_REPRESENTATION_CONTEXT() REPRESENTATION_CONTEXT('2D SPACE',''
  ) );
#13488 = PCURVE('',#5387,#13489);
#13489 = DEFINITIONAL_REPRESENTATION('',(#13490),#13494);
#13490 = LINE('',#13491,#13492);
#13491 = CARTESIAN_POINT('',(0.,-0.));
#13492 = VECTOR('',#13493,1.);
#13493 = DIRECTION('',(0.,1.));
#13494 = ( GEOMETRIC_REPRESENTATION_CONTEXT(2) 
PARAMETRIC_REPRESENTATION_CONTEXT() REPRESENTATION_CONTEXT('2D SPACE',''
  ) );
#13495 = ORIENTED_EDGE('',*,*,#13496,.T.);
#13496 = EDGE_CURVE('',#13474,#13474,#13497,.T.);
#13497 = SURFACE_CURVE('',#13498,(#13503,#13510),.PCURVE_S1.);
#13498 = CIRCLE('',#13499,2.2);
#13499 = AXIS2_PLACEMENT_3D('',#13500,#13501,#13502);
#13500 = CARTESIAN_POINT('',(3.,38.,18.7));
#13501 = DIRECTION('',(0.,0.,1.));
#13502 = DIRECTION('',(1.,0.,-0.));
#13503 = PCURVE('',#5387,#13504);
#13504 = DEFINITIONAL_REPRESENTATION('',(#13505),#13509);
#13505 = LINE('',#13506,#13507);
#13506 = CARTESIAN_POINT('',(0.,0.));
#13507 = VECTOR('',#13508,1.);
#13508 = DIRECTION('',(1.,0.));
#13509 = ( GEOMETRIC_REPRESENTATION_CONTEXT(2) 
PARAMETRIC_REPRESENTATION_CONTEXT() REPRESENTATION_CONTEXT('2D SPACE',''
  ) );
#13510 = PCURVE('',#13511,#13516);
#13511 = PLANE('',#13512);
#13512 = AXIS2_PLACEMENT_3D('',#13513,#13514,#13515);
#13513 = CARTESIAN_POINT('',(3.,38.,18.7));
#13514 = DIRECTION('',(0.,0.,1.));
#13515 = DIRECTION('',(1.,0.,-0.));
#13516 = DEFINITIONAL_REPRESENTATION('',(#13517),#13521);
#13517 = CIRCLE('',#13518,2.2);
#13518 = AXIS2_PLACEMENT_2D('',#13519,#13520);
#13519 = CARTESIAN_POINT('',(0.,0.));
#13520 = DIRECTION('',(1.,0.));
#13521 = ( GEOMETRIC_REPRESENTATION_CONTEXT(2) 
PARAMETRIC_REPRESENTATION_CONTEXT() REPRESENTATION_CONTEXT('2D SPACE',''
  ) );
#13522 = ORIENTED_EDGE('',*,*,#13473,.T.);
#13523 = ADVANCED_FACE('',(#13524),#5600,.F.);
#13524 = FACE_BOUND('',#13525,.F.);
#13525 = EDGE_LOOP('',(#13526,#13527,#13550,#13577));
#13526 = ORIENTED_EDGE('',*,*,#5583,.F.);
#13527 = ORIENTED_EDGE('',*,*,#13528,.F.);
#13528 = EDGE_CURVE('',#13529,#5584,#13531,.T.);
#13529 = VERTEX_POINT('',#13530);
#13530 = CARTESIAN_POINT('',(50.2,38.,18.7));
#13531 = SEAM_CURVE('',#13532,(#13536,#13543),.PCURVE_S1.);
#13532 = LINE('',#13533,#13534);
#13533 = CARTESIAN_POINT('',(50.2,38.,18.7));
#13534 = VECTOR('',#13535,1.);
#13535 = DIRECTION('',(0.,0.,1.));
#13536 = PCURVE('',#5600,#13537);
#13537 = DEFINITIONAL_REPRESENTATION('',(#13538),#13542);
#13538 = LINE('',#13539,#13540);
#13539 = CARTESIAN_POINT('',(6.28318530718,-0.));
#13540 = VECTOR('',#13541,1.);
#13541 = DIRECTION('',(0.,1.));
#13542 = ( GEOMETRIC_REPRESENTATION_CONTEXT(2) 
PARAMETRIC_REPRESENTATION_CONTEXT() REPRESENTATION_CONTEXT('2D SPACE',''
  ) );
#13543 = PCURVE('',#5600,#13544);
#13544 = DEFINITIONAL_REPRESENTATION('',(#13545),#13549);
#13545 = LINE('',#13546,#13547);
#13546 = CARTESIAN_POINT('',(0.,-0.));
#13547 = VECTOR('',#13548,1.);
#13548 = DIRECTION('',(0.,1.));
#13549 = ( GEOMETRIC_REPRESENTATION_CONTEXT(2) 
PARAMETRIC_REPRESENTATION_CONTEXT() REPRESENTATION_CONTEXT('2D SPACE',''
  ) );
#13550 = ORIENTED_EDGE('',*,*,#13551,.T.);
#13551 = EDGE_CURVE('',#13529,#13529,#13552,.T.);
#13552 = SURFACE_CURVE('',#13553,(#13558,#13565),.PCURVE_S1.);
#13553 = CIRCLE('',#13554,2.2);
#13554 = AXIS2_PLACEMENT_3D('',#13555,#13556,#13557);
#13555 = CARTESIAN_POINT('',(48.,38.,18.7));
#13556 = DIRECTION('',(0.,0.,1.));
#13557 = DIRECTION('',(1.,0.,-0.));
#13558 = PCURVE('',#5600,#13559);
#13559 = DEFINITIONAL_REPRESENTATION('',(#13560),#13564);
#13560 = LINE('',#13561,#13562);
#13561 = CARTESIAN_POINT('',(0.,0.));
#13562 = VECTOR('',#13563,1.);
#13563 = DIRECTION('',(1.,0.));
#13564 = ( GEOMETRIC_REPRESENTATION_CONTEXT(2) 
PARAMETRIC_REPRESENTATION_CONTEXT() REPRESENTATION_CONTEXT('2D SPACE',''
  ) );
#13565 = PCURVE('',#13566,#13571);
#13566 = PLANE('',#13567);
#13567 = AXIS2_PLACEMENT_3D('',#13568,#13569,#13570);
#13568 = CARTESIAN_POINT('',(48.,38.,18.7));
#13569 = DIRECTION('',(0.,0.,1.));
#13570 = DIRECTION('',(1.,0.,-0.));
#13571 = DEFINITIONAL_REPRESENTATION('',(#13572),#13576);
#13572 = CIRCLE('',#13573,2.2);
#13573 = AXIS2_PLACEMENT_2D('',#13574,#13575);
#13574 = CARTESIAN_POINT('',(0.,0.));
#13575 = DIRECTION('',(1.,0.));
#13576 = ( GEOMETRIC_REPRESENTATION_CONTEXT(2) 
PARAMETRIC_REPRESENTATION_CONTEXT() REPRESENTATION_CONTEXT('2D SPACE',''
  ) );
#13577 = ORIENTED_EDGE('',*,*,#13528,.T.);
#13578 = ADVANCED_FACE('',(#13579),#5856,.F.);
#13579 = FACE_BOUND('',#13580,.F.);
#13580 = EDGE_LOOP('',(#13581,#13582,#13583,#13584,#13585,#13586,#13587)
  );
#13581 = ORIENTED_EDGE('',*,*,#6091,.F.);
#13582 = ORIENTED_EDGE('',*,*,#5940,.T.);
#13583 = ORIENTED_EDGE('',*,*,#5840,.T.);
#13584 = ORIENTED_EDGE('',*,*,#5893,.F.);
#13585 = ORIENTED_EDGE('',*,*,#6014,.F.);
#13586 = ORIENTED_EDGE('',*,*,#6236,.F.);
#13587 = ORIENTED_EDGE('',*,*,#6181,.F.);
#13588 = ADVANCED_FACE('',(#13589,#13592),#6074,.F.);
#13589 = FACE_BOUND('',#13590,.F.);
#13590 = EDGE_LOOP('',(#13591));
#13591 = ORIENTED_EDGE('',*,*,#6059,.T.);
#13592 = FACE_BOUND('',#13593,.F.);
#13593 = EDGE_LOOP('',(#13594));
#13594 = ORIENTED_EDGE('',*,*,#13595,.F.);
#13595 = EDGE_CURVE('',#13596,#13596,#13598,.T.);
#13596 = VERTEX_POINT('',#13597);
#13597 = CARTESIAN_POINT('',(49.15,3.,4.6));
#13598 = SURFACE_CURVE('',#13599,(#13604,#13611),.PCURVE_S1.);
#13599 = CIRCLE('',#13600,1.15);
#13600 = AXIS2_PLACEMENT_3D('',#13601,#13602,#13603);
#13601 = CARTESIAN_POINT('',(48.,3.,4.6));
#13602 = DIRECTION('',(0.,0.,1.));
#13603 = DIRECTION('',(1.,0.,-0.));
#13604 = PCURVE('',#6074,#13605);
#13605 = DEFINITIONAL_REPRESENTATION('',(#13606),#13610);
#13606 = CIRCLE('',#13607,1.15);
#13607 = AXIS2_PLACEMENT_2D('',#13608,#13609);
#13608 = CARTESIAN_POINT('',(0.,0.));
#13609 = DIRECTION('',(1.,0.));
#13610 = ( GEOMETRIC_REPRESENTATION_CONTEXT(2) 
PARAMETRIC_REPRESENTATION_CONTEXT() REPRESENTATION_CONTEXT('2D SPACE',''
  ) );
#13611 = PCURVE('',#13612,#13617);
#13612 = CYLINDRICAL_SURFACE('',#13613,1.15);
#13613 = AXIS2_PLACEMENT_3D('',#13614,#13615,#13616);
#13614 = CARTESIAN_POINT('',(48.,3.,4.1));
#13615 = DIRECTION('',(0.,0.,1.));
#13616 = DIRECTION('',(1.,0.,-0.));
#13617 = DEFINITIONAL_REPRESENTATION('',(#13618),#13622);
#13618 = LINE('',#13619,#13620);
#13619 = CARTESIAN_POINT('',(0.,0.5));
#13620 = VECTOR('',#13621,1.);
#13621 = DIRECTION('',(1.,0.));
#13622 = ( GEOMETRIC_REPRESENTATION_CONTEXT(2) 
PARAMETRIC_REPRESENTATION_CONTEXT() REPRESENTATION_CONTEXT('2D SPACE',''
  ) );
#13623 = ADVANCED_FACE('',(#13624,#13627),#6221,.F.);
#13624 = FACE_BOUND('',#13625,.F.);
#13625 = EDGE_LOOP('',(#13626));
#13626 = ORIENTED_EDGE('',*,*,#6206,.T.);
#13627 = FACE_BOUND('',#13628,.F.);
#13628 = EDGE_LOOP('',(#13629));
#13629 = ORIENTED_EDGE('',*,*,#13630,.F.);
#13630 = EDGE_CURVE('',#13631,#13631,#13633,.T.);
#13631 = VERTEX_POINT('',#13632);
#13632 = CARTESIAN_POINT('',(4.15,3.,4.6));
#13633 = SURFACE_CURVE('',#13634,(#13639,#13646),.PCURVE_S1.);
#13634 = CIRCLE('',#13635,1.15);
#13635 = AXIS2_PLACEMENT_3D('',#13636,#13637,#13638);
#13636 = CARTESIAN_POINT('',(3.,3.,4.6));
#13637 = DIRECTION('',(0.,0.,1.));
#13638 = DIRECTION('',(1.,0.,-0.));
#13639 = PCURVE('',#6221,#13640);
#13640 = DEFINITIONAL_REPRESENTATION('',(#13641),#13645);
#13641 = CIRCLE('',#13642,1.15);
#13642 = AXIS2_PLACEMENT_2D('',#13643,#13644);
#13643 = CARTESIAN_POINT('',(0.,0.));
#13644 = DIRECTION('',(1.,0.));
#13645 = ( GEOMETRIC_REPRESENTATION_CONTEXT(2) 
PARAMETRIC_REPRESENTATION_CONTEXT() REPRESENTATION_CONTEXT('2D SPACE',''
  ) );
#13646 = PCURVE('',#13647,#13652);
#13647 = CYLINDRICAL_SURFACE('',#13648,1.15);
#13648 = AXIS2_PLACEMENT_3D('',#13649,#13650,#13651);
#13649 = CARTESIAN_POINT('',(3.,3.,4.1));
#13650 = DIRECTION('',(0.,0.,1.));
#13651 = DIRECTION('',(1.,0.,-0.));
#13652 = DEFINITIONAL_REPRESENTATION('',(#13653),#13657);
#13653 = LINE('',#13654,#13655);
#13654 = CARTESIAN_POINT('',(0.,0.5));
#13655 = VECTOR('',#13656,1.);
#13656 = DIRECTION('',(1.,0.));
#13657 = ( GEOMETRIC_REPRESENTATION_CONTEXT(2) 
PARAMETRIC_REPRESENTATION_CONTEXT() REPRESENTATION_CONTEXT('2D SPACE',''
  ) );
#13658 = ADVANCED_FACE('',(#13659,#13662),#6302,.F.);
#13659 = FACE_BOUND('',#13660,.F.);
#13660 = EDGE_LOOP('',(#13661));
#13661 = ORIENTED_EDGE('',*,*,#6287,.T.);
#13662 = FACE_BOUND('',#13663,.F.);
#13663 = EDGE_LOOP('',(#13664));
#13664 = ORIENTED_EDGE('',*,*,#13396,.F.);
#13665 = ADVANCED_FACE('',(#13666,#13669),#6357,.F.);
#13666 = FACE_BOUND('',#13667,.F.);
#13667 = EDGE_LOOP('',(#13668));
#13668 = ORIENTED_EDGE('',*,*,#6342,.T.);
#13669 = FACE_BOUND('',#13670,.F.);
#13670 = EDGE_LOOP('',(#13671));
#13671 = ORIENTED_EDGE('',*,*,#13446,.F.);
#13672 = ADVANCED_FACE('',(#13673),#6412,.F.);
#13673 = FACE_BOUND('',#13674,.T.);
#13674 = EDGE_LOOP('',(#13675));
#13675 = ORIENTED_EDGE('',*,*,#6397,.F.);
#13676 = ADVANCED_FACE('',(#13677),#6467,.F.);
#13677 = FACE_BOUND('',#13678,.T.);
#13678 = EDGE_LOOP('',(#13679));
#13679 = ORIENTED_EDGE('',*,*,#6452,.F.);
#13680 = ADVANCED_FACE('',(#13681,#13684),#6593,.F.);
#13681 = FACE_BOUND('',#13682,.F.);
#13682 = EDGE_LOOP('',(#13683));
#13683 = ORIENTED_EDGE('',*,*,#6578,.T.);
#13684 = FACE_BOUND('',#13685,.F.);
#13685 = EDGE_LOOP('',(#13686));
#13686 = ORIENTED_EDGE('',*,*,#13687,.F.);
#13687 = EDGE_CURVE('',#13688,#13688,#13690,.T.);
#13688 = VERTEX_POINT('',#13689);
#13689 = CARTESIAN_POINT('',(4.15,38.,4.6));
#13690 = SURFACE_CURVE('',#13691,(#13696,#13703),.PCURVE_S1.);
#13691 = CIRCLE('',#13692,1.15);
#13692 = AXIS2_PLACEMENT_3D('',#13693,#13694,#13695);
#13693 = CARTESIAN_POINT('',(3.,38.,4.6));
#13694 = DIRECTION('',(0.,0.,1.));
#13695 = DIRECTION('',(1.,0.,-0.));
#13696 = PCURVE('',#6593,#13697);
#13697 = DEFINITIONAL_REPRESENTATION('',(#13698),#13702);
#13698 = CIRCLE('',#13699,1.15);
#13699 = AXIS2_PLACEMENT_2D('',#13700,#13701);
#13700 = CARTESIAN_POINT('',(0.,0.));
#13701 = DIRECTION('',(1.,0.));
#13702 = ( GEOMETRIC_REPRESENTATION_CONTEXT(2) 
PARAMETRIC_REPRESENTATION_CONTEXT() REPRESENTATION_CONTEXT('2D SPACE',''
  ) );
#13703 = PCURVE('',#13704,#13709);
#13704 = CYLINDRICAL_SURFACE('',#13705,1.15);
#13705 = AXIS2_PLACEMENT_3D('',#13706,#13707,#13708);
#13706 = CARTESIAN_POINT('',(3.,38.,4.1));
#13707 = DIRECTION('',(0.,0.,1.));
#13708 = DIRECTION('',(1.,0.,-0.));
#13709 = DEFINITIONAL_REPRESENTATION('',(#13710),#13714);
#13710 = LINE('',#13711,#13712);
#13711 = CARTESIAN_POINT('',(0.,0.5));
#13712 = VECTOR('',#13713,1.);
#13713 = DIRECTION('',(1.,0.));
#13714 = ( GEOMETRIC_REPRESENTATION_CONTEXT(2) 
PARAMETRIC_REPRESENTATION_CONTEXT() REPRESENTATION_CONTEXT('2D SPACE',''
  ) );
#13715 = ADVANCED_FACE('',(#13716),#6545,.F.);
#13716 = FACE_BOUND('',#13717,.F.);
#13717 = EDGE_LOOP('',(#13718,#13719,#13720,#13721,#13722,#13723,#13724)
  );
#13718 = ORIENTED_EDGE('',*,*,#6610,.F.);
#13719 = ORIENTED_EDGE('',*,*,#6528,.F.);
#13720 = ORIENTED_EDGE('',*,*,#6706,.T.);
#13721 = ORIENTED_EDGE('',*,*,#6827,.F.);
#13722 = ORIENTED_EDGE('',*,*,#6902,.T.);
#13723 = ORIENTED_EDGE('',*,*,#6776,.T.);
#13724 = ORIENTED_EDGE('',*,*,#6657,.F.);
#13725 = ADVANCED_FACE('',(#13726,#13729),#6887,.F.);
#13726 = FACE_BOUND('',#13727,.F.);
#13727 = EDGE_LOOP('',(#13728));
#13728 = ORIENTED_EDGE('',*,*,#6872,.T.);
#13729 = FACE_BOUND('',#13730,.F.);
#13730 = EDGE_LOOP('',(#13731));
#13731 = ORIENTED_EDGE('',*,*,#13732,.F.);
#13732 = EDGE_CURVE('',#13733,#13733,#13735,.T.);
#13733 = VERTEX_POINT('',#13734);
#13734 = CARTESIAN_POINT('',(49.15,38.,4.6));
#13735 = SURFACE_CURVE('',#13736,(#13741,#13748),.PCURVE_S1.);
#13736 = CIRCLE('',#13737,1.15);
#13737 = AXIS2_PLACEMENT_3D('',#13738,#13739,#13740);
#13738 = CARTESIAN_POINT('',(48.,38.,4.6));
#13739 = DIRECTION('',(0.,0.,1.));
#13740 = DIRECTION('',(1.,0.,-0.));
#13741 = PCURVE('',#6887,#13742);
#13742 = DEFINITIONAL_REPRESENTATION('',(#13743),#13747);
#13743 = CIRCLE('',#13744,1.15);
#13744 = AXIS2_PLACEMENT_2D('',#13745,#13746);
#13745 = CARTESIAN_POINT('',(0.,0.));
#13746 = DIRECTION('',(1.,0.));
#13747 = ( GEOMETRIC_REPRESENTATION_CONTEXT(2) 
PARAMETRIC_REPRESENTATION_CONTEXT() REPRESENTATION_CONTEXT('2D SPACE',''
  ) );
#13748 = PCURVE('',#13749,#13754);
#13749 = CYLINDRICAL_SURFACE('',#13750,1.15);
#13750 = AXIS2_PLACEMENT_3D('',#13751,#13752,#13753);
#13751 = CARTESIAN_POINT('',(48.,38.,4.1));
#13752 = DIRECTION('',(0.,0.,1.));
#13753 = DIRECTION('',(1.,0.,-0.));
#13754 = DEFINITIONAL_REPRESENTATION('',(#13755),#13759);
#13755 = LINE('',#13756,#13757);
#13756 = CARTESIAN_POINT('',(0.,0.5));
#13757 = VECTOR('',#13758,1.);
#13758 = DIRECTION('',(1.,0.));
#13759 = ( GEOMETRIC_REPRESENTATION_CONTEXT(2) 
PARAMETRIC_REPRESENTATION_CONTEXT() REPRESENTATION_CONTEXT('2D SPACE',''
  ) );
#13760 = ADVANCED_FACE('',(#13761,#13764),#7268,.T.);
#13761 = FACE_BOUND('',#13762,.T.);
#13762 = EDGE_LOOP('',(#13763));
#13763 = ORIENTED_EDGE('',*,*,#7253,.T.);
#13764 = FACE_BOUND('',#13765,.T.);
#13765 = EDGE_LOOP('',(#13766));
#13766 = ORIENTED_EDGE('',*,*,#13767,.F.);
#13767 = EDGE_CURVE('',#13768,#13768,#13770,.T.);
#13768 = VERTEX_POINT('',#13769);
#13769 = CARTESIAN_POINT('',(4.15,3.,18.7));
#13770 = SURFACE_CURVE('',#13771,(#13776,#13783),.PCURVE_S1.);
#13771 = CIRCLE('',#13772,1.15);
#13772 = AXIS2_PLACEMENT_3D('',#13773,#13774,#13775);
#13773 = CARTESIAN_POINT('',(3.,3.,18.7));
#13774 = DIRECTION('',(0.,0.,1.));
#13775 = DIRECTION('',(1.,0.,-0.));
#13776 = PCURVE('',#7268,#13777);
#13777 = DEFINITIONAL_REPRESENTATION('',(#13778),#13782);
#13778 = CIRCLE('',#13779,1.15);
#13779 = AXIS2_PLACEMENT_2D('',#13780,#13781);
#13780 = CARTESIAN_POINT('',(0.,0.));
#13781 = DIRECTION('',(1.,0.));
#13782 = ( GEOMETRIC_REPRESENTATION_CONTEXT(2) 
PARAMETRIC_REPRESENTATION_CONTEXT() REPRESENTATION_CONTEXT('2D SPACE',''
  ) );
#13783 = PCURVE('',#13647,#13784);
#13784 = DEFINITIONAL_REPRESENTATION('',(#13785),#13789);
#13785 = LINE('',#13786,#13787);
#13786 = CARTESIAN_POINT('',(0.,14.6));
#13787 = VECTOR('',#13788,1.);
#13788 = DIRECTION('',(1.,0.));
#13789 = ( GEOMETRIC_REPRESENTATION_CONTEXT(2) 
PARAMETRIC_REPRESENTATION_CONTEXT() REPRESENTATION_CONTEXT('2D SPACE',''
  ) );
#13790 = ADVANCED_FACE('',(#13791),#7323,.T.);
#13791 = FACE_BOUND('',#13792,.F.);
#13792 = EDGE_LOOP('',(#13793,#13794,#13795,#13796,#13797,#13798,#13799,
    #13800,#13801,#13802,#13803));
#13793 = ORIENTED_EDGE('',*,*,#7802,.T.);
#13794 = ORIENTED_EDGE('',*,*,#7775,.T.);
#13795 = ORIENTED_EDGE('',*,*,#7726,.T.);
#13796 = ORIENTED_EDGE('',*,*,#7677,.T.);
#13797 = ORIENTED_EDGE('',*,*,#7628,.T.);
#13798 = ORIENTED_EDGE('',*,*,#7579,.T.);
#13799 = ORIENTED_EDGE('',*,*,#7530,.T.);
#13800 = ORIENTED_EDGE('',*,*,#7481,.T.);
#13801 = ORIENTED_EDGE('',*,*,#7432,.T.);
#13802 = ORIENTED_EDGE('',*,*,#7383,.T.);
#13803 = ORIENTED_EDGE('',*,*,#7307,.T.);
#13804 = ADVANCED_FACE('',(#13805,#13816),#7867,.T.);
#13805 = FACE_BOUND('',#13806,.F.);
#13806 = EDGE_LOOP('',(#13807,#13808,#13809,#13810,#13811,#13812,#13813,
    #13814,#13815));
#13807 = ORIENTED_EDGE('',*,*,#8248,.T.);
#13808 = ORIENTED_EDGE('',*,*,#8221,.T.);
#13809 = ORIENTED_EDGE('',*,*,#8172,.T.);
#13810 = ORIENTED_EDGE('',*,*,#8123,.T.);
#13811 = ORIENTED_EDGE('',*,*,#8074,.T.);
#13812 = ORIENTED_EDGE('',*,*,#8025,.T.);
#13813 = ORIENTED_EDGE('',*,*,#7976,.T.);
#13814 = ORIENTED_EDGE('',*,*,#7927,.T.);
#13815 = ORIENTED_EDGE('',*,*,#7851,.T.);
#13816 = FACE_BOUND('',#13817,.F.);
#13817 = EDGE_LOOP('',(#13818,#13848,#13876,#13906,#13936,#13966,#13996)
  );
#13818 = ORIENTED_EDGE('',*,*,#13819,.T.);
#13819 = EDGE_CURVE('',#13820,#13822,#13824,.T.);
#13820 = VERTEX_POINT('',#13821);
#13821 = CARTESIAN_POINT('',(12.742508138021,9.88499323527,19.8));
#13822 = VERTEX_POINT('',#13823);
#13823 = CARTESIAN_POINT('',(12.742508138021,8.604996490479,19.8));
#13824 = SURFACE_CURVE('',#13825,(#13829,#13836),.PCURVE_S1.);
#13825 = LINE('',#13826,#13827);
#13826 = CARTESIAN_POINT('',(12.742508138021,9.88499323527,19.8));
#13827 = VECTOR('',#13828,1.);
#13828 = DIRECTION('',(0.,-1.,0.));
#13829 = PCURVE('',#7867,#13830);
#13830 = DEFINITIONAL_REPRESENTATION('',(#13831),#13835);
#13831 = LINE('',#13832,#13833);
#13832 = CARTESIAN_POINT('',(0.865006510417,3.234993489583));
#13833 = VECTOR('',#13834,1.);
#13834 = DIRECTION('',(0.,-1.));
#13835 = ( GEOMETRIC_REPRESENTATION_CONTEXT(2) 
PARAMETRIC_REPRESENTATION_CONTEXT() REPRESENTATION_CONTEXT('2D SPACE',''
  ) );
#13836 = PCURVE('',#13837,#13842);
#13837 = PLANE('',#13838);
#13838 = AXIS2_PLACEMENT_3D('',#13839,#13840,#13841);
#13839 = CARTESIAN_POINT('',(12.742508138021,9.88499323527,20.3));
#13840 = DIRECTION('',(-1.,0.,0.));
#13841 = DIRECTION('',(0.,-1.,0.));
#13842 = DEFINITIONAL_REPRESENTATION('',(#13843),#13847);
#13843 = LINE('',#13844,#13845);
#13844 = CARTESIAN_POINT('',(0.,-0.5));
#13845 = VECTOR('',#13846,1.);
#13846 = DIRECTION('',(1.,0.));
#13847 = ( GEOMETRIC_REPRESENTATION_CONTEXT(2) 
PARAMETRIC_REPRESENTATION_CONTEXT() REPRESENTATION_CONTEXT('2D SPACE',''
  ) );
#13848 = ORIENTED_EDGE('',*,*,#13849,.T.);
#13849 = EDGE_CURVE('',#13822,#13850,#13852,.T.);
#13850 = VERTEX_POINT('',#13851);
#13851 = CARTESIAN_POINT('',(13.712495117187,8.604996490479,19.8));
#13852 = SURFACE_CURVE('',#13853,(#13857,#13864),.PCURVE_S1.);
#13853 = LINE('',#13854,#13855);
#13854 = CARTESIAN_POINT('',(12.742508138021,8.604996490479,19.8));
#13855 = VECTOR('',#13856,1.);
#13856 = DIRECTION('',(1.,0.,0.));
#13857 = PCURVE('',#7867,#13858);
#13858 = DEFINITIONAL_REPRESENTATION('',(#13859),#13863);
#13859 = LINE('',#13860,#13861);
#13860 = CARTESIAN_POINT('',(0.865006510417,1.954996744792));
#13861 = VECTOR('',#13862,1.);
#13862 = DIRECTION('',(1.,0.));
#13863 = ( GEOMETRIC_REPRESENTATION_CONTEXT(2) 
PARAMETRIC_REPRESENTATION_CONTEXT() REPRESENTATION_CONTEXT('2D SPACE',''
  ) );
#13864 = PCURVE('',#13865,#13870);
#13865 = PLANE('',#13866);
#13866 = AXIS2_PLACEMENT_3D('',#13867,#13868,#13869);
#13867 = CARTESIAN_POINT('',(12.742508138021,8.604996490479,20.3));
#13868 = DIRECTION('',(0.,-1.,0.));
#13869 = DIRECTION('',(1.,0.,0.));
#13870 = DEFINITIONAL_REPRESENTATION('',(#13871),#13875);
#13871 = LINE('',#13872,#13873);
#13872 = CARTESIAN_POINT('',(0.,-0.5));
#13873 = VECTOR('',#13874,1.);
#13874 = DIRECTION('',(1.,0.));
#13875 = ( GEOMETRIC_REPRESENTATION_CONTEXT(2) 
PARAMETRIC_REPRESENTATION_CONTEXT() REPRESENTATION_CONTEXT('2D SPACE',''
  ) );
#13876 = ORIENTED_EDGE('',*,*,#13877,.T.);
#13877 = EDGE_CURVE('',#13850,#13878,#13880,.T.);
#13878 = VERTEX_POINT('',#13879);
#13879 = CARTESIAN_POINT('',(14.235004882813,8.774999745687,19.8));
#13880 = SURFACE_CURVE('',#13881,(#13885,#13892),.PCURVE_S1.);
#13881 = B_SPLINE_CURVE_WITH_KNOTS('',2,(#13882,#13883,#13884),
  .UNSPECIFIED.,.F.,.F.,(3,3),(0.,1.),.PIECEWISE_BEZIER_KNOTS.);
#13882 = CARTESIAN_POINT('',(13.712495117187,8.604996490479,19.8));
#13883 = CARTESIAN_POINT('',(14.047504882813,8.604996490479,19.8));
#13884 = CARTESIAN_POINT('',(14.235004882813,8.774999745687,19.8));
#13885 = PCURVE('',#7867,#13886);
#13886 = DEFINITIONAL_REPRESENTATION('',(#13887),#13891);
#13887 = B_SPLINE_CURVE_WITH_KNOTS('',2,(#13888,#13889,#13890),
  .UNSPECIFIED.,.F.,.F.,(3,3),(0.,1.),.PIECEWISE_BEZIER_KNOTS.);
#13888 = CARTESIAN_POINT('',(1.834993489583,1.954996744792));
#13889 = CARTESIAN_POINT('',(2.170003255208,1.954996744792));
#13890 = CARTESIAN_POINT('',(2.357503255208,2.125));
#13891 = ( GEOMETRIC_REPRESENTATION_CONTEXT(2) 
PARAMETRIC_REPRESENTATION_CONTEXT() REPRESENTATION_CONTEXT('2D SPACE',''
  ) );
#13892 = PCURVE('',#13893,#13900);
#13893 = SURFACE_OF_LINEAR_EXTRUSION('',#13894,#13898);
#13894 = B_SPLINE_CURVE_WITH_KNOTS('',2,(#13895,#13896,#13897),
  .UNSPECIFIED.,.F.,.F.,(3,3),(0.,1.),.PIECEWISE_BEZIER_KNOTS.);
#13895 = CARTESIAN_POINT('',(13.712495117187,8.604996490479,20.3));
#13896 = CARTESIAN_POINT('',(14.047504882813,8.604996490479,20.3));
#13897 = CARTESIAN_POINT('',(14.235004882813,8.774999745687,20.3));
#13898 = VECTOR('',#13899,1.);
#13899 = DIRECTION('',(0.,0.,1.));
#13900 = DEFINITIONAL_REPRESENTATION('',(#13901),#13905);
#13901 = LINE('',#13902,#13903);
#13902 = CARTESIAN_POINT('',(0.,-0.5));
#13903 = VECTOR('',#13904,1.);
#13904 = DIRECTION('',(1.,0.));
#13905 = ( GEOMETRIC_REPRESENTATION_CONTEXT(2) 
PARAMETRIC_REPRESENTATION_CONTEXT() REPRESENTATION_CONTEXT('2D SPACE',''
  ) );
#13906 = ORIENTED_EDGE('',*,*,#13907,.T.);
#13907 = EDGE_CURVE('',#13878,#13908,#13910,.T.);
#13908 = VERTEX_POINT('',#13909);
#13909 = CARTESIAN_POINT('',(14.422504882813,9.245003000895,19.8));
#13910 = SURFACE_CURVE('',#13911,(#13915,#13922),.PCURVE_S1.);
#13911 = B_SPLINE_CURVE_WITH_KNOTS('',2,(#13912,#13913,#13914),
  .UNSPECIFIED.,.F.,.F.,(3,3),(0.,1.),.PIECEWISE_BEZIER_KNOTS.);
#13912 = CARTESIAN_POINT('',(14.235004882813,8.774999745687,19.8));
#13913 = CARTESIAN_POINT('',(14.422504882813,8.945003000895,19.8));
#13914 = CARTESIAN_POINT('',(14.422504882813,9.245003000895,19.8));
#13915 = PCURVE('',#7867,#13916);
#13916 = DEFINITIONAL_REPRESENTATION('',(#13917),#13921);
#13917 = B_SPLINE_CURVE_WITH_KNOTS('',2,(#13918,#13919,#13920),
  .UNSPECIFIED.,.F.,.F.,(3,3),(0.,1.),.PIECEWISE_BEZIER_KNOTS.);
#13918 = CARTESIAN_POINT('',(2.357503255208,2.125));
#13919 = CARTESIAN_POINT('',(2.545003255208,2.295003255208));
#13920 = CARTESIAN_POINT('',(2.545003255208,2.595003255208));
#13921 = ( GEOMETRIC_REPRESENTATION_CONTEXT(2) 
PARAMETRIC_REPRESENTATION_CONTEXT() REPRESENTATION_CONTEXT('2D SPACE',''
  ) );
#13922 = PCURVE('',#13923,#13930);
#13923 = SURFACE_OF_LINEAR_EXTRUSION('',#13924,#13928);
#13924 = B_SPLINE_CURVE_WITH_KNOTS('',2,(#13925,#13926,#13927),
  .UNSPECIFIED.,.F.,.F.,(3,3),(0.,1.),.PIECEWISE_BEZIER_KNOTS.);
#13925 = CARTESIAN_POINT('',(14.235004882813,8.774999745687,20.3));
#13926 = CARTESIAN_POINT('',(14.422504882813,8.945003000895,20.3));
#13927 = CARTESIAN_POINT('',(14.422504882813,9.245003000895,20.3));
#13928 = VECTOR('',#13929,1.);
#13929 = DIRECTION('',(0.,0.,1.));
#13930 = DEFINITIONAL_REPRESENTATION('',(#13931),#13935);
#13931 = LINE('',#13932,#13933);
#13932 = CARTESIAN_POINT('',(0.,-0.5));
#13933 = VECTOR('',#13934,1.);
#13934 = DIRECTION('',(1.,0.));
#13935 = ( GEOMETRIC_REPRESENTATION_CONTEXT(2) 
PARAMETRIC_REPRESENTATION_CONTEXT() REPRESENTATION_CONTEXT('2D SPACE',''
  ) );
#13936 = ORIENTED_EDGE('',*,*,#13937,.T.);
#13937 = EDGE_CURVE('',#13908,#13938,#13940,.T.);
#13938 = VERTEX_POINT('',#13939);
#13939 = CARTESIAN_POINT('',(14.235004882813,9.714998118083,19.8));
#13940 = SURFACE_CURVE('',#13941,(#13945,#13952),.PCURVE_S1.);
#13941 = B_SPLINE_CURVE_WITH_KNOTS('',2,(#13942,#13943,#13944),
  .UNSPECIFIED.,.F.,.F.,(3,3),(0.,1.),.PIECEWISE_BEZIER_KNOTS.);
#13942 = CARTESIAN_POINT('',(14.422504882813,9.245003000895,19.8));
#13943 = CARTESIAN_POINT('',(14.422504882813,9.545003000895,19.8));
#13944 = CARTESIAN_POINT('',(14.235004882813,9.714998118083,19.8));
#13945 = PCURVE('',#7867,#13946);
#13946 = DEFINITIONAL_REPRESENTATION('',(#13947),#13951);
#13947 = B_SPLINE_CURVE_WITH_KNOTS('',2,(#13948,#13949,#13950),
  .UNSPECIFIED.,.F.,.F.,(3,3),(0.,1.),.PIECEWISE_BEZIER_KNOTS.);
#13948 = CARTESIAN_POINT('',(2.545003255208,2.595003255208));
#13949 = CARTESIAN_POINT('',(2.545003255208,2.895003255208));
#13950 = CARTESIAN_POINT('',(2.357503255208,3.064998372396));
#13951 = ( GEOMETRIC_REPRESENTATION_CONTEXT(2) 
PARAMETRIC_REPRESENTATION_CONTEXT() REPRESENTATION_CONTEXT('2D SPACE',''
  ) );
#13952 = PCURVE('',#13953,#13960);
#13953 = SURFACE_OF_LINEAR_EXTRUSION('',#13954,#13958);
#13954 = B_SPLINE_CURVE_WITH_KNOTS('',2,(#13955,#13956,#13957),
  .UNSPECIFIED.,.F.,.F.,(3,3),(0.,1.),.PIECEWISE_BEZIER_KNOTS.);
#13955 = CARTESIAN_POINT('',(14.422504882813,9.245003000895,20.3));
#13956 = CARTESIAN_POINT('',(14.422504882813,9.545003000895,20.3));
#13957 = CARTESIAN_POINT('',(14.235004882813,9.714998118083,20.3));
#13958 = VECTOR('',#13959,1.);
#13959 = DIRECTION('',(0.,0.,1.));
#13960 = DEFINITIONAL_REPRESENTATION('',(#13961),#13965);
#13961 = LINE('',#13962,#13963);
#13962 = CARTESIAN_POINT('',(0.,-0.5));
#13963 = VECTOR('',#13964,1.);
#13964 = DIRECTION('',(1.,0.));
#13965 = ( GEOMETRIC_REPRESENTATION_CONTEXT(2) 
PARAMETRIC_REPRESENTATION_CONTEXT() REPRESENTATION_CONTEXT('2D SPACE',''
  ) );
#13966 = ORIENTED_EDGE('',*,*,#13967,.T.);
#13967 = EDGE_CURVE('',#13938,#13968,#13970,.T.);
#13968 = VERTEX_POINT('',#13969);
#13969 = CARTESIAN_POINT('',(13.712495117187,9.88499323527,19.8));
#13970 = SURFACE_CURVE('',#13971,(#13975,#13982),.PCURVE_S1.);
#13971 = B_SPLINE_CURVE_WITH_KNOTS('',2,(#13972,#13973,#13974),
  .UNSPECIFIED.,.F.,.F.,(3,3),(0.,1.),.PIECEWISE_BEZIER_KNOTS.);
#13972 = CARTESIAN_POINT('',(14.235004882813,9.714998118083,19.8));
#13973 = CARTESIAN_POINT('',(14.047504882813,9.88499323527,19.8));
#13974 = CARTESIAN_POINT('',(13.712495117187,9.88499323527,19.8));
#13975 = PCURVE('',#7867,#13976);
#13976 = DEFINITIONAL_REPRESENTATION('',(#13977),#13981);
#13977 = B_SPLINE_CURVE_WITH_KNOTS('',2,(#13978,#13979,#13980),
  .UNSPECIFIED.,.F.,.F.,(3,3),(0.,1.),.PIECEWISE_BEZIER_KNOTS.);
#13978 = CARTESIAN_POINT('',(2.357503255208,3.064998372396));
#13979 = CARTESIAN_POINT('',(2.170003255208,3.234993489583));
#13980 = CARTESIAN_POINT('',(1.834993489583,3.234993489583));
#13981 = ( GEOMETRIC_REPRESENTATION_CONTEXT(2) 
PARAMETRIC_REPRESENTATION_CONTEXT() REPRESENTATION_CONTEXT('2D SPACE',''
  ) );
#13982 = PCURVE('',#13983,#13990);
#13983 = SURFACE_OF_LINEAR_EXTRUSION('',#13984,#13988);
#13984 = B_SPLINE_CURVE_WITH_KNOTS('',2,(#13985,#13986,#13987),
  .UNSPECIFIED.,.F.,.F.,(3,3),(0.,1.),.PIECEWISE_BEZIER_KNOTS.);
#13985 = CARTESIAN_POINT('',(14.235004882813,9.714998118083,20.3));
#13986 = CARTESIAN_POINT('',(14.047504882813,9.88499323527,20.3));
#13987 = CARTESIAN_POINT('',(13.712495117187,9.88499323527,20.3));
#13988 = VECTOR('',#13989,1.);
#13989 = DIRECTION('',(0.,0.,1.));
#13990 = DEFINITIONAL_REPRESENTATION('',(#13991),#13995);
#13991 = LINE('',#13992,#13993);
#13992 = CARTESIAN_POINT('',(0.,-0.5));
#13993 = VECTOR('',#13994,1.);
#13994 = DIRECTION('',(1.,0.));
#13995 = ( GEOMETRIC_REPRESENTATION_CONTEXT(2) 
PARAMETRIC_REPRESENTATION_CONTEXT() REPRESENTATION_CONTEXT('2D SPACE',''
  ) );
#13996 = ORIENTED_EDGE('',*,*,#13997,.T.);
#13997 = EDGE_CURVE('',#13968,#13820,#13998,.T.);
#13998 = SURFACE_CURVE('',#13999,(#14003,#14010),.PCURVE_S1.);
#13999 = LINE('',#14000,#14001);
#14000 = CARTESIAN_POINT('',(13.712495117187,9.88499323527,19.8));
#14001 = VECTOR('',#14002,1.);
#14002 = DIRECTION('',(-1.,0.,0.));
#14003 = PCURVE('',#7867,#14004);
#14004 = DEFINITIONAL_REPRESENTATION('',(#14005),#14009);
#14005 = LINE('',#14006,#14007);
#14006 = CARTESIAN_POINT('',(1.834993489583,3.234993489583));
#14007 = VECTOR('',#14008,1.);
#14008 = DIRECTION('',(-1.,0.));
#14009 = ( GEOMETRIC_REPRESENTATION_CONTEXT(2) 
PARAMETRIC_REPRESENTATION_CONTEXT() REPRESENTATION_CONTEXT('2D SPACE',''
  ) );
#14010 = PCURVE('',#14011,#14016);
#14011 = PLANE('',#14012);
#14012 = AXIS2_PLACEMENT_3D('',#14013,#14014,#14015);
#14013 = CARTESIAN_POINT('',(13.712495117187,9.88499323527,20.3));
#14014 = DIRECTION('',(0.,1.,0.));
#14015 = DIRECTION('',(-1.,0.,0.));
#14016 = DEFINITIONAL_REPRESENTATION('',(#14017),#14021);
#14017 = LINE('',#14018,#14019);
#14018 = CARTESIAN_POINT('',(0.,-0.5));
#14019 = VECTOR('',#14020,1.);
#14020 = DIRECTION('',(1.,0.));
#14021 = ( GEOMETRIC_REPRESENTATION_CONTEXT(2) 
PARAMETRIC_REPRESENTATION_CONTEXT() REPRESENTATION_CONTEXT('2D SPACE',''
  ) );
#14022 = ADVANCED_FACE('',(#14023,#14033),#8313,.T.);
#14023 = FACE_BOUND('',#14024,.F.);
#14024 = EDGE_LOOP('',(#14025,#14026,#14027,#14028,#14029,#14030,#14031,
    #14032));
#14025 = ORIENTED_EDGE('',*,*,#8645,.T.);
#14026 = ORIENTED_EDGE('',*,*,#8618,.T.);
#14027 = ORIENTED_EDGE('',*,*,#8569,.T.);
#14028 = ORIENTED_EDGE('',*,*,#8520,.T.);
#14029 = ORIENTED_EDGE('',*,*,#8471,.T.);
#14030 = ORIENTED_EDGE('',*,*,#8422,.T.);
#14031 = ORIENTED_EDGE('',*,*,#8373,.T.);
#14032 = ORIENTED_EDGE('',*,*,#8297,.T.);
#14033 = FACE_BOUND('',#14034,.F.);
#14034 = EDGE_LOOP('',(#14035,#14067,#14097,#14127,#14157,#14187,#14217,
    #14247));
#14035 = ORIENTED_EDGE('',*,*,#14036,.T.);
#14036 = EDGE_CURVE('',#14037,#14039,#14041,.T.);
#14037 = VERTEX_POINT('',#14038);
#14038 = CARTESIAN_POINT('',(18.037478841146,8.95999323527,19.8));
#14039 = VERTEX_POINT('',#14040);
#14040 = CARTESIAN_POINT('',(17.487478841146,8.687499745687,19.8));
#14041 = SURFACE_CURVE('',#14042,(#14046,#14053),.PCURVE_S1.);
#14042 = B_SPLINE_CURVE_WITH_KNOTS('',2,(#14043,#14044,#14045),
  .UNSPECIFIED.,.F.,.F.,(3,3),(0.,1.),.PIECEWISE_BEZIER_KNOTS.);
#14043 = CARTESIAN_POINT('',(18.037478841146,8.95999323527,19.8));
#14044 = CARTESIAN_POINT('',(17.687478841146,8.95999323527,19.8));
#14045 = CARTESIAN_POINT('',(17.487478841146,8.687499745687,19.8));
#14046 = PCURVE('',#8313,#14047);
#14047 = DEFINITIONAL_REPRESENTATION('',(#14048),#14052);
#14048 = B_SPLINE_CURVE_WITH_KNOTS('',2,(#14049,#14050,#14051),
  .UNSPECIFIED.,.F.,.F.,(3,3),(0.,1.),.PIECEWISE_BEZIER_KNOTS.);
#14049 = CARTESIAN_POINT('',(1.334993489583,2.309993489583));
#14050 = CARTESIAN_POINT('',(0.984993489583,2.309993489583));
#14051 = CARTESIAN_POINT('',(0.784993489583,2.0375));
#14052 = ( GEOMETRIC_REPRESENTATION_CONTEXT(2) 
PARAMETRIC_REPRESENTATION_CONTEXT() REPRESENTATION_CONTEXT('2D SPACE',''
  ) );
#14053 = PCURVE('',#14054,#14061);
#14054 = SURFACE_OF_LINEAR_EXTRUSION('',#14055,#14059);
#14055 = B_SPLINE_CURVE_WITH_KNOTS('',2,(#14056,#14057,#14058),
  .UNSPECIFIED.,.F.,.F.,(3,3),(0.,1.),.PIECEWISE_BEZIER_KNOTS.);
#14056 = CARTESIAN_POINT('',(18.037478841146,8.95999323527,20.3));
#14057 = CARTESIAN_POINT('',(17.687478841146,8.95999323527,20.3));
#14058 = CARTESIAN_POINT('',(17.487478841146,8.687499745687,20.3));
#14059 = VECTOR('',#14060,1.);
#14060 = DIRECTION('',(0.,0.,1.));
#14061 = DEFINITIONAL_REPRESENTATION('',(#14062),#14066);
#14062 = LINE('',#14063,#14064);
#14063 = CARTESIAN_POINT('',(0.,-0.5));
#14064 = VECTOR('',#14065,1.);
#14065 = DIRECTION('',(1.,0.));
#14066 = ( GEOMETRIC_REPRESENTATION_CONTEXT(2) 
PARAMETRIC_REPRESENTATION_CONTEXT() REPRESENTATION_CONTEXT('2D SPACE',''
  ) );
#14067 = ORIENTED_EDGE('',*,*,#14068,.T.);
#14068 = EDGE_CURVE('',#14039,#14069,#14071,.T.);
#14069 = VERTEX_POINT('',#14070);
#14070 = CARTESIAN_POINT('',(17.287478841146,7.940006256104,19.8));
#14071 = SURFACE_CURVE('',#14072,(#14076,#14083),.PCURVE_S1.);
#14072 = B_SPLINE_CURVE_WITH_KNOTS('',2,(#14073,#14074,#14075),
  .UNSPECIFIED.,.F.,.F.,(3,3),(0.,1.),.PIECEWISE_BEZIER_KNOTS.);
#14073 = CARTESIAN_POINT('',(17.487478841146,8.687499745687,19.8));
#14074 = CARTESIAN_POINT('',(17.287478841146,8.415006256104,19.8));
#14075 = CARTESIAN_POINT('',(17.287478841146,7.940006256104,19.8));
#14076 = PCURVE('',#8313,#14077);
#14077 = DEFINITIONAL_REPRESENTATION('',(#14078),#14082);
#14078 = B_SPLINE_CURVE_WITH_KNOTS('',2,(#14079,#14080,#14081),
  .UNSPECIFIED.,.F.,.F.,(3,3),(0.,1.),.PIECEWISE_BEZIER_KNOTS.);
#14079 = CARTESIAN_POINT('',(0.784993489583,2.0375));
#14080 = CARTESIAN_POINT('',(0.584993489583,1.765006510417));
#14081 = CARTESIAN_POINT('',(0.584993489583,1.290006510417));
#14082 = ( GEOMETRIC_REPRESENTATION_CONTEXT(2) 
PARAMETRIC_REPRESENTATION_CONTEXT() REPRESENTATION_CONTEXT('2D SPACE',''
  ) );
#14083 = PCURVE('',#14084,#14091);
#14084 = SURFACE_OF_LINEAR_EXTRUSION('',#14085,#14089);
#14085 = B_SPLINE_CURVE_WITH_KNOTS('',2,(#14086,#14087,#14088),
  .UNSPECIFIED.,.F.,.F.,(3,3),(0.,1.),.PIECEWISE_BEZIER_KNOTS.);
#14086 = CARTESIAN_POINT('',(17.487478841146,8.687499745687,20.3));
#14087 = CARTESIAN_POINT('',(17.287478841146,8.415006256104,20.3));
#14088 = CARTESIAN_POINT('',(17.287478841146,7.940006256104,20.3));
#14089 = VECTOR('',#14090,1.);
#14090 = DIRECTION('',(0.,0.,1.));
#14091 = DEFINITIONAL_REPRESENTATION('',(#14092),#14096);
#14092 = LINE('',#14093,#14094);
#14093 = CARTESIAN_POINT('',(0.,-0.5));
#14094 = VECTOR('',#14095,1.);
#14095 = DIRECTION('',(1.,0.));
#14096 = ( GEOMETRIC_REPRESENTATION_CONTEXT(2) 
PARAMETRIC_REPRESENTATION_CONTEXT() REPRESENTATION_CONTEXT('2D SPACE',''
  ) );
#14097 = ORIENTED_EDGE('',*,*,#14098,.T.);
#14098 = EDGE_CURVE('',#14069,#14099,#14101,.T.);
#14099 = VERTEX_POINT('',#14100);
#14100 = CARTESIAN_POINT('',(17.487478841146,7.192504628499,19.8));
#14101 = SURFACE_CURVE('',#14102,(#14106,#14113),.PCURVE_S1.);
#14102 = B_SPLINE_CURVE_WITH_KNOTS('',2,(#14103,#14104,#14105),
  .UNSPECIFIED.,.F.,.F.,(3,3),(0.,1.),.PIECEWISE_BEZIER_KNOTS.);
#14103 = CARTESIAN_POINT('',(17.287478841146,7.940006256104,19.8));
#14104 = CARTESIAN_POINT('',(17.287478841146,7.465006256104,19.8));
#14105 = CARTESIAN_POINT('',(17.487478841146,7.192504628499,19.8));
#14106 = PCURVE('',#8313,#14107);
#14107 = DEFINITIONAL_REPRESENTATION('',(#14108),#14112);
#14108 = B_SPLINE_CURVE_WITH_KNOTS('',2,(#14109,#14110,#14111),
  .UNSPECIFIED.,.F.,.F.,(3,3),(0.,1.),.PIECEWISE_BEZIER_KNOTS.);
#14109 = CARTESIAN_POINT('',(0.584993489583,1.290006510417));
#14110 = CARTESIAN_POINT('',(0.584993489583,0.815006510417));
#14111 = CARTESIAN_POINT('',(0.784993489583,0.542504882812));
#14112 = ( GEOMETRIC_REPRESENTATION_CONTEXT(2) 
PARAMETRIC_REPRESENTATION_CONTEXT() REPRESENTATION_CONTEXT('2D SPACE',''
  ) );
#14113 = PCURVE('',#14114,#14121);
#14114 = SURFACE_OF_LINEAR_EXTRUSION('',#14115,#14119);
#14115 = B_SPLINE_CURVE_WITH_KNOTS('',2,(#14116,#14117,#14118),
  .UNSPECIFIED.,.F.,.F.,(3,3),(0.,1.),.PIECEWISE_BEZIER_KNOTS.);
#14116 = CARTESIAN_POINT('',(17.287478841146,7.940006256104,20.3));
#14117 = CARTESIAN_POINT('',(17.287478841146,7.465006256104,20.3));
#14118 = CARTESIAN_POINT('',(17.487478841146,7.192504628499,20.3));
#14119 = VECTOR('',#14120,1.);
#14120 = DIRECTION('',(0.,0.,1.));
#14121 = DEFINITIONAL_REPRESENTATION('',(#14122),#14126);
#14122 = LINE('',#14123,#14124);
#14123 = CARTESIAN_POINT('',(0.,-0.5));
#14124 = VECTOR('',#14125,1.);
#14125 = DIRECTION('',(1.,0.));
#14126 = ( GEOMETRIC_REPRESENTATION_CONTEXT(2) 
PARAMETRIC_REPRESENTATION_CONTEXT() REPRESENTATION_CONTEXT('2D SPACE',''
  ) );
#14127 = ORIENTED_EDGE('',*,*,#14128,.T.);
#14128 = EDGE_CURVE('',#14099,#14129,#14131,.T.);
#14129 = VERTEX_POINT('',#14130);
#14130 = CARTESIAN_POINT('',(18.037478841146,6.920003000895,19.8));
#14131 = SURFACE_CURVE('',#14132,(#14136,#14143),.PCURVE_S1.);
#14132 = B_SPLINE_CURVE_WITH_KNOTS('',2,(#14133,#14134,#14135),
  .UNSPECIFIED.,.F.,.F.,(3,3),(0.,1.),.PIECEWISE_BEZIER_KNOTS.);
#14133 = CARTESIAN_POINT('',(17.487478841146,7.192504628499,19.8));
#14134 = CARTESIAN_POINT('',(17.687478841146,6.920003000895,19.8));
#14135 = CARTESIAN_POINT('',(18.037478841146,6.920003000895,19.8));
#14136 = PCURVE('',#8313,#14137);
#14137 = DEFINITIONAL_REPRESENTATION('',(#14138),#14142);
#14138 = B_SPLINE_CURVE_WITH_KNOTS('',2,(#14139,#14140,#14141),
  .UNSPECIFIED.,.F.,.F.,(3,3),(0.,1.),.PIECEWISE_BEZIER_KNOTS.);
#14139 = CARTESIAN_POINT('',(0.784993489583,0.542504882812));
#14140 = CARTESIAN_POINT('',(0.984993489583,0.270003255208));
#14141 = CARTESIAN_POINT('',(1.334993489583,0.270003255208));
#14142 = ( GEOMETRIC_REPRESENTATION_CONTEXT(2) 
PARAMETRIC_REPRESENTATION_CONTEXT() REPRESENTATION_CONTEXT('2D SPACE',''
  ) );
#14143 = PCURVE('',#14144,#14151);
#14144 = SURFACE_OF_LINEAR_EXTRUSION('',#14145,#14149);
#14145 = B_SPLINE_CURVE_WITH_KNOTS('',2,(#14146,#14147,#14148),
  .UNSPECIFIED.,.F.,.F.,(3,3),(0.,1.),.PIECEWISE_BEZIER_KNOTS.);
#14146 = CARTESIAN_POINT('',(17.487478841146,7.192504628499,20.3));
#14147 = CARTESIAN_POINT('',(17.687478841146,6.920003000895,20.3));
#14148 = CARTESIAN_POINT('',(18.037478841146,6.920003000895,20.3));
#14149 = VECTOR('',#14150,1.);
#14150 = DIRECTION('',(0.,0.,1.));
#14151 = DEFINITIONAL_REPRESENTATION('',(#14152),#14156);
#14152 = LINE('',#14153,#14154);
#14153 = CARTESIAN_POINT('',(0.,-0.5));
#14154 = VECTOR('',#14155,1.);
#14155 = DIRECTION('',(1.,0.));
#14156 = ( GEOMETRIC_REPRESENTATION_CONTEXT(2) 
PARAMETRIC_REPRESENTATION_CONTEXT() REPRESENTATION_CONTEXT('2D SPACE',''
  ) );
#14157 = ORIENTED_EDGE('',*,*,#14158,.T.);
#14158 = EDGE_CURVE('',#14129,#14159,#14161,.T.);
#14159 = VERTEX_POINT('',#14160);
#14160 = CARTESIAN_POINT('',(18.58498046875,7.192504628499,19.8));
#14161 = SURFACE_CURVE('',#14162,(#14166,#14173),.PCURVE_S1.);
#14162 = B_SPLINE_CURVE_WITH_KNOTS('',2,(#14163,#14164,#14165),
  .UNSPECIFIED.,.F.,.F.,(3,3),(0.,1.),.PIECEWISE_BEZIER_KNOTS.);
#14163 = CARTESIAN_POINT('',(18.037478841146,6.920003000895,19.8));
#14164 = CARTESIAN_POINT('',(18.382482096354,6.920003000895,19.8));
#14165 = CARTESIAN_POINT('',(18.58498046875,7.192504628499,19.8));
#14166 = PCURVE('',#8313,#14167);
#14167 = DEFINITIONAL_REPRESENTATION('',(#14168),#14172);
#14168 = B_SPLINE_CURVE_WITH_KNOTS('',2,(#14169,#14170,#14171),
  .UNSPECIFIED.,.F.,.F.,(3,3),(0.,1.),.PIECEWISE_BEZIER_KNOTS.);
#14169 = CARTESIAN_POINT('',(1.334993489583,0.270003255208));
#14170 = CARTESIAN_POINT('',(1.679996744792,0.270003255208));
#14171 = CARTESIAN_POINT('',(1.882495117187,0.542504882812));
#14172 = ( GEOMETRIC_REPRESENTATION_CONTEXT(2) 
PARAMETRIC_REPRESENTATION_CONTEXT() REPRESENTATION_CONTEXT('2D SPACE',''
  ) );
#14173 = PCURVE('',#14174,#14181);
#14174 = SURFACE_OF_LINEAR_EXTRUSION('',#14175,#14179);
#14175 = B_SPLINE_CURVE_WITH_KNOTS('',2,(#14176,#14177,#14178),
  .UNSPECIFIED.,.F.,.F.,(3,3),(0.,1.),.PIECEWISE_BEZIER_KNOTS.);
#14176 = CARTESIAN_POINT('',(18.037478841146,6.920003000895,20.3));
#14177 = CARTESIAN_POINT('',(18.382482096354,6.920003000895,20.3));
#14178 = CARTESIAN_POINT('',(18.58498046875,7.192504628499,20.3));
#14179 = VECTOR('',#14180,1.);
#14180 = DIRECTION('',(0.,0.,1.));
#14181 = DEFINITIONAL_REPRESENTATION('',(#14182),#14186);
#14182 = LINE('',#14183,#14184);
#14183 = CARTESIAN_POINT('',(0.,-0.5));
#14184 = VECTOR('',#14185,1.);
#14185 = DIRECTION('',(1.,0.));
#14186 = ( GEOMETRIC_REPRESENTATION_CONTEXT(2) 
PARAMETRIC_REPRESENTATION_CONTEXT() REPRESENTATION_CONTEXT('2D SPACE',''
  ) );
#14187 = ORIENTED_EDGE('',*,*,#14188,.T.);
#14188 = EDGE_CURVE('',#14159,#14189,#14191,.T.);
#14189 = VERTEX_POINT('',#14190);
#14190 = CARTESIAN_POINT('',(18.787478841146,7.924999745687,19.8));
#14191 = SURFACE_CURVE('',#14192,(#14196,#14203),.PCURVE_S1.);
#14192 = B_SPLINE_CURVE_WITH_KNOTS('',2,(#14193,#14194,#14195),
  .UNSPECIFIED.,.F.,.F.,(3,3),(0.,1.),.PIECEWISE_BEZIER_KNOTS.);
#14193 = CARTESIAN_POINT('',(18.58498046875,7.192504628499,19.8));
#14194 = CARTESIAN_POINT('',(18.787478841146,7.465006256104,19.8));
#14195 = CARTESIAN_POINT('',(18.787478841146,7.924999745687,19.8));
#14196 = PCURVE('',#8313,#14197);
#14197 = DEFINITIONAL_REPRESENTATION('',(#14198),#14202);
#14198 = B_SPLINE_CURVE_WITH_KNOTS('',2,(#14199,#14200,#14201),
  .UNSPECIFIED.,.F.,.F.,(3,3),(0.,1.),.PIECEWISE_BEZIER_KNOTS.);
#14199 = CARTESIAN_POINT('',(1.882495117187,0.542504882812));
#14200 = CARTESIAN_POINT('',(2.084993489583,0.815006510417));
#14201 = CARTESIAN_POINT('',(2.084993489583,1.275));
#14202 = ( GEOMETRIC_REPRESENTATION_CONTEXT(2) 
PARAMETRIC_REPRESENTATION_CONTEXT() REPRESENTATION_CONTEXT('2D SPACE',''
  ) );
#14203 = PCURVE('',#14204,#14211);
#14204 = SURFACE_OF_LINEAR_EXTRUSION('',#14205,#14209);
#14205 = B_SPLINE_CURVE_WITH_KNOTS('',2,(#14206,#14207,#14208),
  .UNSPECIFIED.,.F.,.F.,(3,3),(0.,1.),.PIECEWISE_BEZIER_KNOTS.);
#14206 = CARTESIAN_POINT('',(18.58498046875,7.192504628499,20.3));
#14207 = CARTESIAN_POINT('',(18.787478841146,7.465006256104,20.3));
#14208 = CARTESIAN_POINT('',(18.787478841146,7.924999745687,20.3));
#14209 = VECTOR('',#14210,1.);
#14210 = DIRECTION('',(0.,0.,1.));
#14211 = DEFINITIONAL_REPRESENTATION('',(#14212),#14216);
#14212 = LINE('',#14213,#14214);
#14213 = CARTESIAN_POINT('',(0.,-0.5));
#14214 = VECTOR('',#14215,1.);
#14215 = DIRECTION('',(1.,0.));
#14216 = ( GEOMETRIC_REPRESENTATION_CONTEXT(2) 
PARAMETRIC_REPRESENTATION_CONTEXT() REPRESENTATION_CONTEXT('2D SPACE',''
  ) );
#14217 = ORIENTED_EDGE('',*,*,#14218,.T.);
#14218 = EDGE_CURVE('',#14189,#14219,#14221,.T.);
#14219 = VERTEX_POINT('',#14220);
#14220 = CARTESIAN_POINT('',(18.589985351563,8.68499323527,19.8));
#14221 = SURFACE_CURVE('',#14222,(#14226,#14233),.PCURVE_S1.);
#14222 = B_SPLINE_CURVE_WITH_KNOTS('',2,(#14223,#14224,#14225),
  .UNSPECIFIED.,.F.,.F.,(3,3),(0.,1.),.PIECEWISE_BEZIER_KNOTS.);
#14223 = CARTESIAN_POINT('',(18.787478841146,7.924999745687,19.8));
#14224 = CARTESIAN_POINT('',(18.787478841146,8.40999323527,19.8));
#14225 = CARTESIAN_POINT('',(18.589985351563,8.68499323527,19.8));
#14226 = PCURVE('',#8313,#14227);
#14227 = DEFINITIONAL_REPRESENTATION('',(#14228),#14232);
#14228 = B_SPLINE_CURVE_WITH_KNOTS('',2,(#14229,#14230,#14231),
  .UNSPECIFIED.,.F.,.F.,(3,3),(0.,1.),.PIECEWISE_BEZIER_KNOTS.);
#14229 = CARTESIAN_POINT('',(2.084993489583,1.275));
#14230 = CARTESIAN_POINT('',(2.084993489583,1.759993489583));
#14231 = CARTESIAN_POINT('',(1.8875,2.034993489583));
#14232 = ( GEOMETRIC_REPRESENTATION_CONTEXT(2) 
PARAMETRIC_REPRESENTATION_CONTEXT() REPRESENTATION_CONTEXT('2D SPACE',''
  ) );
#14233 = PCURVE('',#14234,#14241);
#14234 = SURFACE_OF_LINEAR_EXTRUSION('',#14235,#14239);
#14235 = B_SPLINE_CURVE_WITH_KNOTS('',2,(#14236,#14237,#14238),
  .UNSPECIFIED.,.F.,.F.,(3,3),(0.,1.),.PIECEWISE_BEZIER_KNOTS.);
#14236 = CARTESIAN_POINT('',(18.787478841146,7.924999745687,20.3));
#14237 = CARTESIAN_POINT('',(18.787478841146,8.40999323527,20.3));
#14238 = CARTESIAN_POINT('',(18.589985351563,8.68499323527,20.3));
#14239 = VECTOR('',#14240,1.);
#14240 = DIRECTION('',(0.,0.,1.));
#14241 = DEFINITIONAL_REPRESENTATION('',(#14242),#14246);
#14242 = LINE('',#14243,#14244);
#14243 = CARTESIAN_POINT('',(0.,-0.5));
#14244 = VECTOR('',#14245,1.);
#14245 = DIRECTION('',(1.,0.));
#14246 = ( GEOMETRIC_REPRESENTATION_CONTEXT(2) 
PARAMETRIC_REPRESENTATION_CONTEXT() REPRESENTATION_CONTEXT('2D SPACE',''
  ) );
#14247 = ORIENTED_EDGE('',*,*,#14248,.T.);
#14248 = EDGE_CURVE('',#14219,#14037,#14249,.T.);
#14249 = SURFACE_CURVE('',#14250,(#14254,#14261),.PCURVE_S1.);
#14250 = B_SPLINE_CURVE_WITH_KNOTS('',2,(#14251,#14252,#14253),
  .UNSPECIFIED.,.F.,.F.,(3,3),(0.,1.),.PIECEWISE_BEZIER_KNOTS.);
#14251 = CARTESIAN_POINT('',(18.589985351563,8.68499323527,19.8));
#14252 = CARTESIAN_POINT('',(18.392491861979,8.95999323527,19.8));
#14253 = CARTESIAN_POINT('',(18.037478841146,8.95999323527,19.8));
#14254 = PCURVE('',#8313,#14255);
#14255 = DEFINITIONAL_REPRESENTATION('',(#14256),#14260);
#14256 = B_SPLINE_CURVE_WITH_KNOTS('',2,(#14257,#14258,#14259),
  .UNSPECIFIED.,.F.,.F.,(3,3),(0.,1.),.PIECEWISE_BEZIER_KNOTS.);
#14257 = CARTESIAN_POINT('',(1.8875,2.034993489583));
#14258 = CARTESIAN_POINT('',(1.690006510417,2.309993489583));
#14259 = CARTESIAN_POINT('',(1.334993489583,2.309993489583));
#14260 = ( GEOMETRIC_REPRESENTATION_CONTEXT(2) 
PARAMETRIC_REPRESENTATION_CONTEXT() REPRESENTATION_CONTEXT('2D SPACE',''
  ) );
#14261 = PCURVE('',#14262,#14269);
#14262 = SURFACE_OF_LINEAR_EXTRUSION('',#14263,#14267);
#14263 = B_SPLINE_CURVE_WITH_KNOTS('',2,(#14264,#14265,#14266),
  .UNSPECIFIED.,.F.,.F.,(3,3),(0.,1.),.PIECEWISE_BEZIER_KNOTS.);
#14264 = CARTESIAN_POINT('',(18.589985351563,8.68499323527,20.3));
#14265 = CARTESIAN_POINT('',(18.392491861979,8.95999323527,20.3));
#14266 = CARTESIAN_POINT('',(18.037478841146,8.95999323527,20.3));
#14267 = VECTOR('',#14268,1.);
#14268 = DIRECTION('',(0.,0.,1.));
#14269 = DEFINITIONAL_REPRESENTATION('',(#14270),#14274);
#14270 = LINE('',#14271,#14272);
#14271 = CARTESIAN_POINT('',(0.,-0.5));
#14272 = VECTOR('',#14273,1.);
#14273 = DIRECTION('',(1.,0.));
#14274 = ( GEOMETRIC_REPRESENTATION_CONTEXT(2) 
PARAMETRIC_REPRESENTATION_CONTEXT() REPRESENTATION_CONTEXT('2D SPACE',''
  ) );
#14275 = ADVANCED_FACE('',(#14276),#8710,.T.);
#14276 = FACE_BOUND('',#14277,.F.);
#14277 = EDGE_LOOP('',(#14278,#14279,#14280,#14281));
#14278 = ORIENTED_EDGE('',*,*,#8846,.T.);
#14279 = ORIENTED_EDGE('',*,*,#8819,.T.);
#14280 = ORIENTED_EDGE('',*,*,#8770,.T.);
#14281 = ORIENTED_EDGE('',*,*,#8694,.T.);
#14282 = ADVANCED_FACE('',(#14283),#8911,.T.);
#14283 = FACE_BOUND('',#14284,.F.);
#14284 = EDGE_LOOP('',(#14285,#14286,#14287,#14288));
#14285 = ORIENTED_EDGE('',*,*,#9047,.T.);
#14286 = ORIENTED_EDGE('',*,*,#9020,.T.);
#14287 = ORIENTED_EDGE('',*,*,#8971,.T.);
#14288 = ORIENTED_EDGE('',*,*,#8895,.T.);
#14289 = ADVANCED_FACE('',(#14290),#9112,.T.);
#14290 = FACE_BOUND('',#14291,.F.);
#14291 = EDGE_LOOP('',(#14292,#14293,#14294,#14295,#14296,#14297,#14298)
  );
#14292 = ORIENTED_EDGE('',*,*,#9395,.T.);
#14293 = ORIENTED_EDGE('',*,*,#9368,.T.);
#14294 = ORIENTED_EDGE('',*,*,#9319,.T.);
#14295 = ORIENTED_EDGE('',*,*,#9270,.T.);
#14296 = ORIENTED_EDGE('',*,*,#9221,.T.);
#14297 = ORIENTED_EDGE('',*,*,#9172,.T.);
#14298 = ORIENTED_EDGE('',*,*,#9096,.T.);
#14299 = ADVANCED_FACE('',(#14300),#9460,.T.);
#14300 = FACE_BOUND('',#14301,.F.);
#14301 = EDGE_LOOP('',(#14302,#14303,#14304,#14305));
#14302 = ORIENTED_EDGE('',*,*,#9596,.T.);
#14303 = ORIENTED_EDGE('',*,*,#9569,.T.);
#14304 = ORIENTED_EDGE('',*,*,#9520,.T.);
#14305 = ORIENTED_EDGE('',*,*,#9444,.T.);
#14306 = ADVANCED_FACE('',(#14307),#9661,.T.);
#14307 = FACE_BOUND('',#14308,.F.);
#14308 = EDGE_LOOP('',(#14309,#14310,#14311,#14312,#14313,#14314,#14315,
    #14316,#14317,#14318,#14319,#14320,#14321,#14322,#14323,#14324,
    #14325,#14326,#14327,#14328,#14329,#14330,#14331,#14332,#14333,
    #14334));
#14309 = ORIENTED_EDGE('',*,*,#10875,.T.);
#14310 = ORIENTED_EDGE('',*,*,#10848,.T.);
#14311 = ORIENTED_EDGE('',*,*,#10799,.T.);
#14312 = ORIENTED_EDGE('',*,*,#10750,.T.);
#14313 = ORIENTED_EDGE('',*,*,#10701,.T.);
#14314 = ORIENTED_EDGE('',*,*,#10652,.T.);
#14315 = ORIENTED_EDGE('',*,*,#10603,.T.);
#14316 = ORIENTED_EDGE('',*,*,#10554,.T.);
#14317 = ORIENTED_EDGE('',*,*,#10505,.T.);
#14318 = ORIENTED_EDGE('',*,*,#10456,.T.);
#14319 = ORIENTED_EDGE('',*,*,#10407,.T.);
#14320 = ORIENTED_EDGE('',*,*,#10358,.T.);
#14321 = ORIENTED_EDGE('',*,*,#10309,.T.);
#14322 = ORIENTED_EDGE('',*,*,#10260,.T.);
#14323 = ORIENTED_EDGE('',*,*,#10211,.T.);
#14324 = ORIENTED_EDGE('',*,*,#10162,.T.);
#14325 = ORIENTED_EDGE('',*,*,#10113,.T.);
#14326 = ORIENTED_EDGE('',*,*,#10064,.T.);
#14327 = ORIENTED_EDGE('',*,*,#10015,.T.);
#14328 = ORIENTED_EDGE('',*,*,#9966,.T.);
#14329 = ORIENTED_EDGE('',*,*,#9917,.T.);
#14330 = ORIENTED_EDGE('',*,*,#9868,.T.);
#14331 = ORIENTED_EDGE('',*,*,#9819,.T.);
#14332 = ORIENTED_EDGE('',*,*,#9770,.T.);
#14333 = ORIENTED_EDGE('',*,*,#9721,.T.);
#14334 = ORIENTED_EDGE('',*,*,#9645,.T.);
#14335 = ADVANCED_FACE('',(#14336,#14368),#10940,.T.);
#14336 = FACE_BOUND('',#14337,.F.);
#14337 = EDGE_LOOP('',(#14338,#14339,#14340,#14341,#14342,#14343,#14344,
    #14345,#14346,#14347,#14348,#14349,#14350,#14351,#14352,#14353,
    #14354,#14355,#14356,#14357,#14358,#14359,#14360,#14361,#14362,
    #14363,#14364,#14365,#14366,#14367));
#14338 = ORIENTED_EDGE('',*,*,#12350,.T.);
#14339 = ORIENTED_EDGE('',*,*,#12323,.T.);
#14340 = ORIENTED_EDGE('',*,*,#12274,.T.);
#14341 = ORIENTED_EDGE('',*,*,#12225,.T.);
#14342 = ORIENTED_EDGE('',*,*,#12176,.T.);
#14343 = ORIENTED_EDGE('',*,*,#12127,.T.);
#14344 = ORIENTED_EDGE('',*,*,#12078,.T.);
#14345 = ORIENTED_EDGE('',*,*,#12029,.T.);
#14346 = ORIENTED_EDGE('',*,*,#11980,.T.);
#14347 = ORIENTED_EDGE('',*,*,#11931,.T.);
#14348 = ORIENTED_EDGE('',*,*,#11882,.T.);
#14349 = ORIENTED_EDGE('',*,*,#11833,.T.);
#14350 = ORIENTED_EDGE('',*,*,#11784,.T.);
#14351 = ORIENTED_EDGE('',*,*,#11735,.T.);
#14352 = ORIENTED_EDGE('',*,*,#11686,.T.);
#14353 = ORIENTED_EDGE('',*,*,#11637,.T.);
#14354 = ORIENTED_EDGE('',*,*,#11588,.T.);
#14355 = ORIENTED_EDGE('',*,*,#11539,.T.);
#14356 = ORIENTED_EDGE('',*,*,#11490,.T.);
#14357 = ORIENTED_EDGE('',*,*,#11441,.T.);
#14358 = ORIENTED_EDGE('',*,*,#11392,.T.);
#14359 = ORIENTED_EDGE('',*,*,#11343,.T.);
#14360 = ORIENTED_EDGE('',*,*,#11294,.T.);
#14361 = ORIENTED_EDGE('',*,*,#11245,.T.);
#14362 = ORIENTED_EDGE('',*,*,#11196,.T.);
#14363 = ORIENTED_EDGE('',*,*,#11147,.T.);
#14364 = ORIENTED_EDGE('',*,*,#11098,.T.);
#14365 = ORIENTED_EDGE('',*,*,#11049,.T.);
#14366 = ORIENTED_EDGE('',*,*,#11000,.T.);
#14367 = ORIENTED_EDGE('',*,*,#10924,.T.);
#14368 = FACE_BOUND('',#14369,.F.);
#14369 = EDGE_LOOP('',(#14370,#14402,#14432,#14460,#14490,#14520,#14550,
    #14580,#14610));
#14370 = ORIENTED_EDGE('',*,*,#14371,.T.);
#14371 = EDGE_CURVE('',#14372,#14374,#14376,.T.);
#14372 = VERTEX_POINT('',#14373);
#14373 = CARTESIAN_POINT('',(27.222488606771,6.899999745687,19.8));
#14374 = VERTEX_POINT('',#14375);
#14375 = CARTESIAN_POINT('',(27.787486979167,7.082503000895,19.8));
#14376 = SURFACE_CURVE('',#14377,(#14381,#14388),.PCURVE_S1.);
#14377 = B_SPLINE_CURVE_WITH_KNOTS('',2,(#14378,#14379,#14380),
  .UNSPECIFIED.,.F.,.F.,(3,3),(0.,1.),.PIECEWISE_BEZIER_KNOTS.);
#14378 = CARTESIAN_POINT('',(27.222488606771,6.899999745687,19.8));
#14379 = CARTESIAN_POINT('',(27.567491861979,6.899999745687,19.8));
#14380 = CARTESIAN_POINT('',(27.787486979167,7.082503000895,19.8));
#14381 = PCURVE('',#10940,#14382);
#14382 = DEFINITIONAL_REPRESENTATION('',(#14383),#14387);
#14383 = B_SPLINE_CURVE_WITH_KNOTS('',2,(#14384,#14385,#14386),
  .UNSPECIFIED.,.F.,.F.,(3,3),(0.,1.),.PIECEWISE_BEZIER_KNOTS.);
#14384 = CARTESIAN_POINT('',(1.1,0.25));
#14385 = CARTESIAN_POINT('',(1.445003255208,0.25));
#14386 = CARTESIAN_POINT('',(1.664998372396,0.432503255208));
#14387 = ( GEOMETRIC_REPRESENTATION_CONTEXT(2) 
PARAMETRIC_REPRESENTATION_CONTEXT() REPRESENTATION_CONTEXT('2D SPACE',''
  ) );
#14388 = PCURVE('',#14389,#14396);
#14389 = SURFACE_OF_LINEAR_EXTRUSION('',#14390,#14394);
#14390 = B_SPLINE_CURVE_WITH_KNOTS('',2,(#14391,#14392,#14393),
  .UNSPECIFIED.,.F.,.F.,(3,3),(0.,1.),.PIECEWISE_BEZIER_KNOTS.);
#14391 = CARTESIAN_POINT('',(27.222488606771,6.899999745687,20.3));
#14392 = CARTESIAN_POINT('',(27.567491861979,6.899999745687,20.3));
#14393 = CARTESIAN_POINT('',(27.787486979167,7.082503000895,20.3));
#14394 = VECTOR('',#14395,1.);
#14395 = DIRECTION('',(0.,0.,1.));
#14396 = DEFINITIONAL_REPRESENTATION('',(#14397),#14401);
#14397 = LINE('',#14398,#14399);
#14398 = CARTESIAN_POINT('',(0.,-0.5));
#14399 = VECTOR('',#14400,1.);
#14400 = DIRECTION('',(1.,0.));
#14401 = ( GEOMETRIC_REPRESENTATION_CONTEXT(2) 
PARAMETRIC_REPRESENTATION_CONTEXT() REPRESENTATION_CONTEXT('2D SPACE',''
  ) );
#14402 = ORIENTED_EDGE('',*,*,#14403,.T.);
#14403 = EDGE_CURVE('',#14374,#14404,#14406,.T.);
#14404 = VERTEX_POINT('',#14405);
#14405 = CARTESIAN_POINT('',(28.007482096354,7.474999745687,19.8));
#14406 = SURFACE_CURVE('',#14407,(#14411,#14418),.PCURVE_S1.);
#14407 = B_SPLINE_CURVE_WITH_KNOTS('',2,(#14408,#14409,#14410),
  .UNSPECIFIED.,.F.,.F.,(3,3),(0.,1.),.PIECEWISE_BEZIER_KNOTS.);
#14408 = CARTESIAN_POINT('',(27.787486979167,7.082503000895,19.8));
#14409 = CARTESIAN_POINT('',(28.007482096354,7.265006256104,19.8));
#14410 = CARTESIAN_POINT('',(28.007482096354,7.474999745687,19.8));
#14411 = PCURVE('',#10940,#14412);
#14412 = DEFINITIONAL_REPRESENTATION('',(#14413),#14417);
#14413 = B_SPLINE_CURVE_WITH_KNOTS('',2,(#14414,#14415,#14416),
  .UNSPECIFIED.,.F.,.F.,(3,3),(0.,1.),.PIECEWISE_BEZIER_KNOTS.);
#14414 = CARTESIAN_POINT('',(1.664998372396,0.432503255208));
#14415 = CARTESIAN_POINT('',(1.884993489583,0.615006510417));
#14416 = CARTESIAN_POINT('',(1.884993489583,0.825));
#14417 = ( GEOMETRIC_REPRESENTATION_CONTEXT(2) 
PARAMETRIC_REPRESENTATION_CONTEXT() REPRESENTATION_CONTEXT('2D SPACE',''
  ) );
#14418 = PCURVE('',#14419,#14426);
#14419 = SURFACE_OF_LINEAR_EXTRUSION('',#14420,#14424);
#14420 = B_SPLINE_CURVE_WITH_KNOTS('',2,(#14421,#14422,#14423),
  .UNSPECIFIED.,.F.,.F.,(3,3),(0.,1.),.PIECEWISE_BEZIER_KNOTS.);
#14421 = CARTESIAN_POINT('',(27.787486979167,7.082503000895,20.3));
#14422 = CARTESIAN_POINT('',(28.007482096354,7.265006256104,20.3));
#14423 = CARTESIAN_POINT('',(28.007482096354,7.474999745687,20.3));
#14424 = VECTOR('',#14425,1.);
#14425 = DIRECTION('',(0.,0.,1.));
#14426 = DEFINITIONAL_REPRESENTATION('',(#14427),#14431);
#14427 = LINE('',#14428,#14429);
#14428 = CARTESIAN_POINT('',(0.,-0.5));
#14429 = VECTOR('',#14430,1.);
#14430 = DIRECTION('',(1.,0.));
#14431 = ( GEOMETRIC_REPRESENTATION_CONTEXT(2) 
PARAMETRIC_REPRESENTATION_CONTEXT() REPRESENTATION_CONTEXT('2D SPACE',''
  ) );
#14432 = ORIENTED_EDGE('',*,*,#14433,.T.);
#14433 = EDGE_CURVE('',#14404,#14434,#14436,.T.);
#14434 = VERTEX_POINT('',#14435);
#14435 = CARTESIAN_POINT('',(28.007482096354,7.945003000895,19.8));
#14436 = SURFACE_CURVE('',#14437,(#14441,#14448),.PCURVE_S1.);
#14437 = LINE('',#14438,#14439);
#14438 = CARTESIAN_POINT('',(28.007482096354,7.474999745687,19.8));
#14439 = VECTOR('',#14440,1.);
#14440 = DIRECTION('',(0.,1.,0.));
#14441 = PCURVE('',#10940,#14442);
#14442 = DEFINITIONAL_REPRESENTATION('',(#14443),#14447);
#14443 = LINE('',#14444,#14445);
#14444 = CARTESIAN_POINT('',(1.884993489583,0.825));
#14445 = VECTOR('',#14446,1.);
#14446 = DIRECTION('',(0.,1.));
#14447 = ( GEOMETRIC_REPRESENTATION_CONTEXT(2) 
PARAMETRIC_REPRESENTATION_CONTEXT() REPRESENTATION_CONTEXT('2D SPACE',''
  ) );
#14448 = PCURVE('',#14449,#14454);
#14449 = PLANE('',#14450);
#14450 = AXIS2_PLACEMENT_3D('',#14451,#14452,#14453);
#14451 = CARTESIAN_POINT('',(28.007482096354,7.474999745687,20.3));
#14452 = DIRECTION('',(1.,0.,0.));
#14453 = DIRECTION('',(0.,1.,0.));
#14454 = DEFINITIONAL_REPRESENTATION('',(#14455),#14459);
#14455 = LINE('',#14456,#14457);
#14456 = CARTESIAN_POINT('',(0.,-0.5));
#14457 = VECTOR('',#14458,1.);
#14458 = DIRECTION('',(1.,0.));
#14459 = ( GEOMETRIC_REPRESENTATION_CONTEXT(2) 
PARAMETRIC_REPRESENTATION_CONTEXT() REPRESENTATION_CONTEXT('2D SPACE',''
  ) );
#14460 = ORIENTED_EDGE('',*,*,#14461,.T.);
#14461 = EDGE_CURVE('',#14434,#14462,#14464,.T.);
#14462 = VERTEX_POINT('',#14463);
#14463 = CARTESIAN_POINT('',(27.629983723958,7.844994862874,19.8));
#14464 = SURFACE_CURVE('',#14465,(#14469,#14476),.PCURVE_S1.);
#14465 = B_SPLINE_CURVE_WITH_KNOTS('',2,(#14466,#14467,#14468),
  .UNSPECIFIED.,.F.,.F.,(3,3),(0.,1.),.PIECEWISE_BEZIER_KNOTS.);
#14466 = CARTESIAN_POINT('',(28.007482096354,7.945003000895,19.8));
#14467 = CARTESIAN_POINT('',(27.882482096354,7.88499323527,19.8));
#14468 = CARTESIAN_POINT('',(27.629983723958,7.844994862874,19.8));
#14469 = PCURVE('',#10940,#14470);
#14470 = DEFINITIONAL_REPRESENTATION('',(#14471),#14475);
#14471 = B_SPLINE_CURVE_WITH_KNOTS('',2,(#14472,#14473,#14474),
  .UNSPECIFIED.,.F.,.F.,(3,3),(0.,1.),.PIECEWISE_BEZIER_KNOTS.);
#14472 = CARTESIAN_POINT('',(1.884993489583,1.295003255208));
#14473 = CARTESIAN_POINT('',(1.759993489583,1.234993489583));
#14474 = CARTESIAN_POINT('',(1.507495117187,1.194995117187));
#14475 = ( GEOMETRIC_REPRESENTATION_CONTEXT(2) 
PARAMETRIC_REPRESENTATION_CONTEXT() REPRESENTATION_CONTEXT('2D SPACE',''
  ) );
#14476 = PCURVE('',#14477,#14484);
#14477 = SURFACE_OF_LINEAR_EXTRUSION('',#14478,#14482);
#14478 = B_SPLINE_CURVE_WITH_KNOTS('',2,(#14479,#14480,#14481),
  .UNSPECIFIED.,.F.,.F.,(3,3),(0.,1.),.PIECEWISE_BEZIER_KNOTS.);
#14479 = CARTESIAN_POINT('',(28.007482096354,7.945003000895,20.3));
#14480 = CARTESIAN_POINT('',(27.882482096354,7.88499323527,20.3));
#14481 = CARTESIAN_POINT('',(27.629983723958,7.844994862874,20.3));
#14482 = VECTOR('',#14483,1.);
#14483 = DIRECTION('',(0.,0.,1.));
#14484 = DEFINITIONAL_REPRESENTATION('',(#14485),#14489);
#14485 = LINE('',#14486,#14487);
#14486 = CARTESIAN_POINT('',(0.,-0.5));
#14487 = VECTOR('',#14488,1.);
#14488 = DIRECTION('',(1.,0.));
#14489 = ( GEOMETRIC_REPRESENTATION_CONTEXT(2) 
PARAMETRIC_REPRESENTATION_CONTEXT() REPRESENTATION_CONTEXT('2D SPACE',''
  ) );
#14490 = ORIENTED_EDGE('',*,*,#14491,.T.);
#14491 = EDGE_CURVE('',#14462,#14492,#14494,.T.);
#14492 = VERTEX_POINT('',#14493);
#14493 = CARTESIAN_POINT('',(27.192483723958,7.774999745687,19.8));
#14494 = SURFACE_CURVE('',#14495,(#14499,#14506),.PCURVE_S1.);
#14495 = B_SPLINE_CURVE_WITH_KNOTS('',2,(#14496,#14497,#14498),
  .UNSPECIFIED.,.F.,.F.,(3,3),(0.,1.),.PIECEWISE_BEZIER_KNOTS.);
#14496 = CARTESIAN_POINT('',(27.629983723958,7.844994862874,19.8));
#14497 = CARTESIAN_POINT('',(27.377485351562,7.804996490479,19.8));
#14498 = CARTESIAN_POINT('',(27.192483723958,7.774999745687,19.8));
#14499 = PCURVE('',#10940,#14500);
#14500 = DEFINITIONAL_REPRESENTATION('',(#14501),#14505);
#14501 = B_SPLINE_CURVE_WITH_KNOTS('',2,(#14502,#14503,#14504),
  .UNSPECIFIED.,.F.,.F.,(3,3),(0.,1.),.PIECEWISE_BEZIER_KNOTS.);
#14502 = CARTESIAN_POINT('',(1.507495117187,1.194995117187));
#14503 = CARTESIAN_POINT('',(1.254996744792,1.154996744792));
#14504 = CARTESIAN_POINT('',(1.069995117187,1.125));
#14505 = ( GEOMETRIC_REPRESENTATION_CONTEXT(2) 
PARAMETRIC_REPRESENTATION_CONTEXT() REPRESENTATION_CONTEXT('2D SPACE',''
  ) );
#14506 = PCURVE('',#14507,#14514);
#14507 = SURFACE_OF_LINEAR_EXTRUSION('',#14508,#14512);
#14508 = B_SPLINE_CURVE_WITH_KNOTS('',2,(#14509,#14510,#14511),
  .UNSPECIFIED.,.F.,.F.,(3,3),(0.,1.),.PIECEWISE_BEZIER_KNOTS.);
#14509 = CARTESIAN_POINT('',(27.629983723958,7.844994862874,20.3));
#14510 = CARTESIAN_POINT('',(27.377485351562,7.804996490479,20.3));
#14511 = CARTESIAN_POINT('',(27.192483723958,7.774999745687,20.3));
#14512 = VECTOR('',#14513,1.);
#14513 = DIRECTION('',(0.,0.,1.));
#14514 = DEFINITIONAL_REPRESENTATION('',(#14515),#14519);
#14515 = LINE('',#14516,#14517);
#14516 = CARTESIAN_POINT('',(0.,-0.5));
#14517 = VECTOR('',#14518,1.);
#14518 = DIRECTION('',(1.,0.));
#14519 = ( GEOMETRIC_REPRESENTATION_CONTEXT(2) 
PARAMETRIC_REPRESENTATION_CONTEXT() REPRESENTATION_CONTEXT('2D SPACE',''
  ) );
#14520 = ORIENTED_EDGE('',*,*,#14521,.T.);
#14521 = EDGE_CURVE('',#14492,#14522,#14524,.T.);
#14522 = VERTEX_POINT('',#14523);
#14523 = CARTESIAN_POINT('',(26.857482096354,7.632503000895,19.8));
#14524 = SURFACE_CURVE('',#14525,(#14529,#14536),.PCURVE_S1.);
#14525 = B_SPLINE_CURVE_WITH_KNOTS('',2,(#14526,#14527,#14528),
  .UNSPECIFIED.,.F.,.F.,(3,3),(0.,1.),.PIECEWISE_BEZIER_KNOTS.);
#14526 = CARTESIAN_POINT('',(27.192483723958,7.774999745687,19.8));
#14527 = CARTESIAN_POINT('',(27.007482096354,7.745003000895,19.8));
#14528 = CARTESIAN_POINT('',(26.857482096354,7.632503000895,19.8));
#14529 = PCURVE('',#10940,#14530);
#14530 = DEFINITIONAL_REPRESENTATION('',(#14531),#14535);
#14531 = B_SPLINE_CURVE_WITH_KNOTS('',2,(#14532,#14533,#14534),
  .UNSPECIFIED.,.F.,.F.,(3,3),(0.,1.),.PIECEWISE_BEZIER_KNOTS.);
#14532 = CARTESIAN_POINT('',(1.069995117187,1.125));
#14533 = CARTESIAN_POINT('',(0.884993489583,1.095003255208));
#14534 = CARTESIAN_POINT('',(0.734993489583,0.982503255208));
#14535 = ( GEOMETRIC_REPRESENTATION_CONTEXT(2) 
PARAMETRIC_REPRESENTATION_CONTEXT() REPRESENTATION_CONTEXT('2D SPACE',''
  ) );
#14536 = PCURVE('',#14537,#14544);
#14537 = SURFACE_OF_LINEAR_EXTRUSION('',#14538,#14542);
#14538 = B_SPLINE_CURVE_WITH_KNOTS('',2,(#14539,#14540,#14541),
  .UNSPECIFIED.,.F.,.F.,(3,3),(0.,1.),.PIECEWISE_BEZIER_KNOTS.);
#14539 = CARTESIAN_POINT('',(27.192483723958,7.774999745687,20.3));
#14540 = CARTESIAN_POINT('',(27.007482096354,7.745003000895,20.3));
#14541 = CARTESIAN_POINT('',(26.857482096354,7.632503000895,20.3));
#14542 = VECTOR('',#14543,1.);
#14543 = DIRECTION('',(0.,0.,1.));
#14544 = DEFINITIONAL_REPRESENTATION('',(#14545),#14549);
#14545 = LINE('',#14546,#14547);
#14546 = CARTESIAN_POINT('',(0.,-0.5));
#14547 = VECTOR('',#14548,1.);
#14548 = DIRECTION('',(1.,0.));
#14549 = ( GEOMETRIC_REPRESENTATION_CONTEXT(2) 
PARAMETRIC_REPRESENTATION_CONTEXT() REPRESENTATION_CONTEXT('2D SPACE',''
  ) );
#14550 = ORIENTED_EDGE('',*,*,#14551,.T.);
#14551 = EDGE_CURVE('',#14522,#14552,#14554,.T.);
#14552 = VERTEX_POINT('',#14553);
#14553 = CARTESIAN_POINT('',(26.707482096354,7.320003000895,19.8));
#14554 = SURFACE_CURVE('',#14555,(#14559,#14566),.PCURVE_S1.);
#14555 = B_SPLINE_CURVE_WITH_KNOTS('',2,(#14556,#14557,#14558),
  .UNSPECIFIED.,.F.,.F.,(3,3),(0.,1.),.PIECEWISE_BEZIER_KNOTS.);
#14556 = CARTESIAN_POINT('',(26.857482096354,7.632503000895,19.8));
#14557 = CARTESIAN_POINT('',(26.707482096354,7.520003000895,19.8));
#14558 = CARTESIAN_POINT('',(26.707482096354,7.320003000895,19.8));
#14559 = PCURVE('',#10940,#14560);
#14560 = DEFINITIONAL_REPRESENTATION('',(#14561),#14565);
#14561 = B_SPLINE_CURVE_WITH_KNOTS('',2,(#14562,#14563,#14564),
  .UNSPECIFIED.,.F.,.F.,(3,3),(0.,1.),.PIECEWISE_BEZIER_KNOTS.);
#14562 = CARTESIAN_POINT('',(0.734993489583,0.982503255208));
#14563 = CARTESIAN_POINT('',(0.584993489583,0.870003255208));
#14564 = CARTESIAN_POINT('',(0.584993489583,0.670003255208));
#14565 = ( GEOMETRIC_REPRESENTATION_CONTEXT(2) 
PARAMETRIC_REPRESENTATION_CONTEXT() REPRESENTATION_CONTEXT('2D SPACE',''
  ) );
#14566 = PCURVE('',#14567,#14574);
#14567 = SURFACE_OF_LINEAR_EXTRUSION('',#14568,#14572);
#14568 = B_SPLINE_CURVE_WITH_KNOTS('',2,(#14569,#14570,#14571),
  .UNSPECIFIED.,.F.,.F.,(3,3),(0.,1.),.PIECEWISE_BEZIER_KNOTS.);
#14569 = CARTESIAN_POINT('',(26.857482096354,7.632503000895,20.3));
#14570 = CARTESIAN_POINT('',(26.707482096354,7.520003000895,20.3));
#14571 = CARTESIAN_POINT('',(26.707482096354,7.320003000895,20.3));
#14572 = VECTOR('',#14573,1.);
#14573 = DIRECTION('',(0.,0.,1.));
#14574 = DEFINITIONAL_REPRESENTATION('',(#14575),#14579);
#14575 = LINE('',#14576,#14577);
#14576 = CARTESIAN_POINT('',(0.,-0.5));
#14577 = VECTOR('',#14578,1.);
#14578 = DIRECTION('',(1.,0.));
#14579 = ( GEOMETRIC_REPRESENTATION_CONTEXT(2) 
PARAMETRIC_REPRESENTATION_CONTEXT() REPRESENTATION_CONTEXT('2D SPACE',''
  ) );
#14580 = ORIENTED_EDGE('',*,*,#14581,.T.);
#14581 = EDGE_CURVE('',#14552,#14582,#14584,.T.);
#14582 = VERTEX_POINT('',#14583);
#14583 = CARTESIAN_POINT('',(26.842483723958,7.010001373291,19.8));
#14584 = SURFACE_CURVE('',#14585,(#14589,#14596),.PCURVE_S1.);
#14585 = B_SPLINE_CURVE_WITH_KNOTS('',2,(#14586,#14587,#14588),
  .UNSPECIFIED.,.F.,.F.,(3,3),(0.,1.),.PIECEWISE_BEZIER_KNOTS.);
#14586 = CARTESIAN_POINT('',(26.707482096354,7.320003000895,19.8));
#14587 = CARTESIAN_POINT('',(26.707482096354,7.120003000895,19.8));
#14588 = CARTESIAN_POINT('',(26.842483723958,7.010001373291,19.8));
#14589 = PCURVE('',#10940,#14590);
#14590 = DEFINITIONAL_REPRESENTATION('',(#14591),#14595);
#14591 = B_SPLINE_CURVE_WITH_KNOTS('',2,(#14592,#14593,#14594),
  .UNSPECIFIED.,.F.,.F.,(3,3),(0.,1.),.PIECEWISE_BEZIER_KNOTS.);
#14592 = CARTESIAN_POINT('',(0.584993489583,0.670003255208));
#14593 = CARTESIAN_POINT('',(0.584993489583,0.470003255208));
#14594 = CARTESIAN_POINT('',(0.719995117187,0.360001627604));
#14595 = ( GEOMETRIC_REPRESENTATION_CONTEXT(2) 
PARAMETRIC_REPRESENTATION_CONTEXT() REPRESENTATION_CONTEXT('2D SPACE',''
  ) );
#14596 = PCURVE('',#14597,#14604);
#14597 = SURFACE_OF_LINEAR_EXTRUSION('',#14598,#14602);
#14598 = B_SPLINE_CURVE_WITH_KNOTS('',2,(#14599,#14600,#14601),
  .UNSPECIFIED.,.F.,.F.,(3,3),(0.,1.),.PIECEWISE_BEZIER_KNOTS.);
#14599 = CARTESIAN_POINT('',(26.707482096354,7.320003000895,20.3));
#14600 = CARTESIAN_POINT('',(26.707482096354,7.120003000895,20.3));
#14601 = CARTESIAN_POINT('',(26.842483723958,7.010001373291,20.3));
#14602 = VECTOR('',#14603,1.);
#14603 = DIRECTION('',(0.,0.,1.));
#14604 = DEFINITIONAL_REPRESENTATION('',(#14605),#14609);
#14605 = LINE('',#14606,#14607);
#14606 = CARTESIAN_POINT('',(0.,-0.5));
#14607 = VECTOR('',#14608,1.);
#14608 = DIRECTION('',(1.,0.));
#14609 = ( GEOMETRIC_REPRESENTATION_CONTEXT(2) 
PARAMETRIC_REPRESENTATION_CONTEXT() REPRESENTATION_CONTEXT('2D SPACE',''
  ) );
#14610 = ORIENTED_EDGE('',*,*,#14611,.T.);
#14611 = EDGE_CURVE('',#14582,#14372,#14612,.T.);
#14612 = SURFACE_CURVE('',#14613,(#14617,#14624),.PCURVE_S1.);
#14613 = B_SPLINE_CURVE_WITH_KNOTS('',2,(#14614,#14615,#14616),
  .UNSPECIFIED.,.F.,.F.,(3,3),(0.,1.),.PIECEWISE_BEZIER_KNOTS.);
#14614 = CARTESIAN_POINT('',(26.842483723958,7.010001373291,19.8));
#14615 = CARTESIAN_POINT('',(26.977485351562,6.899999745687,19.8));
#14616 = CARTESIAN_POINT('',(27.222488606771,6.899999745687,19.8));
#14617 = PCURVE('',#10940,#14618);
#14618 = DEFINITIONAL_REPRESENTATION('',(#14619),#14623);
#14619 = B_SPLINE_CURVE_WITH_KNOTS('',2,(#14620,#14621,#14622),
  .UNSPECIFIED.,.F.,.F.,(3,3),(0.,1.),.PIECEWISE_BEZIER_KNOTS.);
#14620 = CARTESIAN_POINT('',(0.719995117187,0.360001627604));
#14621 = CARTESIAN_POINT('',(0.854996744792,0.25));
#14622 = CARTESIAN_POINT('',(1.1,0.25));
#14623 = ( GEOMETRIC_REPRESENTATION_CONTEXT(2) 
PARAMETRIC_REPRESENTATION_CONTEXT() REPRESENTATION_CONTEXT('2D SPACE',''
  ) );
#14624 = PCURVE('',#14625,#14632);
#14625 = SURFACE_OF_LINEAR_EXTRUSION('',#14626,#14630);
#14626 = B_SPLINE_CURVE_WITH_KNOTS('',2,(#14627,#14628,#14629),
  .UNSPECIFIED.,.F.,.F.,(3,3),(0.,1.),.PIECEWISE_BEZIER_KNOTS.);
#14627 = CARTESIAN_POINT('',(26.842483723958,7.010001373291,20.3));
#14628 = CARTESIAN_POINT('',(26.977485351562,6.899999745687,20.3));
#14629 = CARTESIAN_POINT('',(27.222488606771,6.899999745687,20.3));
#14630 = VECTOR('',#14631,1.);
#14631 = DIRECTION('',(0.,0.,1.));
#14632 = DEFINITIONAL_REPRESENTATION('',(#14633),#14637);
#14633 = LINE('',#14634,#14635);
#14634 = CARTESIAN_POINT('',(0.,-0.5));
#14635 = VECTOR('',#14636,1.);
#14636 = DIRECTION('',(1.,0.));
#14637 = ( GEOMETRIC_REPRESENTATION_CONTEXT(2) 
PARAMETRIC_REPRESENTATION_CONTEXT() REPRESENTATION_CONTEXT('2D SPACE',''
  ) );
#14638 = ADVANCED_FACE('',(#14639,#14649),#12415,.T.);
#14639 = FACE_BOUND('',#14640,.F.);
#14640 = EDGE_LOOP('',(#14641,#14642,#14643,#14644,#14645,#14646,#14647,
    #14648));
#14641 = ORIENTED_EDGE('',*,*,#12747,.T.);
#14642 = ORIENTED_EDGE('',*,*,#12720,.T.);
#14643 = ORIENTED_EDGE('',*,*,#12671,.T.);
#14644 = ORIENTED_EDGE('',*,*,#12622,.T.);
#14645 = ORIENTED_EDGE('',*,*,#12573,.T.);
#14646 = ORIENTED_EDGE('',*,*,#12524,.T.);
#14647 = ORIENTED_EDGE('',*,*,#12475,.T.);
#14648 = ORIENTED_EDGE('',*,*,#12399,.T.);
#14649 = FACE_BOUND('',#14650,.F.);
#14650 = EDGE_LOOP('',(#14651,#14683,#14713,#14743,#14773,#14803,#14833,
    #14863));
#14651 = ORIENTED_EDGE('',*,*,#14652,.T.);
#14652 = EDGE_CURVE('',#14653,#14655,#14657,.T.);
#14653 = VERTEX_POINT('',#14654);
#14654 = CARTESIAN_POINT('',(30.147488606771,8.95999323527,19.8));
#14655 = VERTEX_POINT('',#14656);
#14656 = CARTESIAN_POINT('',(29.597488606771,8.687499745687,19.8));
#14657 = SURFACE_CURVE('',#14658,(#14662,#14669),.PCURVE_S1.);
#14658 = B_SPLINE_CURVE_WITH_KNOTS('',2,(#14659,#14660,#14661),
  .UNSPECIFIED.,.F.,.F.,(3,3),(0.,1.),.PIECEWISE_BEZIER_KNOTS.);
#14659 = CARTESIAN_POINT('',(30.147488606771,8.95999323527,19.8));
#14660 = CARTESIAN_POINT('',(29.797488606771,8.95999323527,19.8));
#14661 = CARTESIAN_POINT('',(29.597488606771,8.687499745687,19.8));
#14662 = PCURVE('',#12415,#14663);
#14663 = DEFINITIONAL_REPRESENTATION('',(#14664),#14668);
#14664 = B_SPLINE_CURVE_WITH_KNOTS('',2,(#14665,#14666,#14667),
  .UNSPECIFIED.,.F.,.F.,(3,3),(0.,1.),.PIECEWISE_BEZIER_KNOTS.);
#14665 = CARTESIAN_POINT('',(1.334993489583,2.309993489583));
#14666 = CARTESIAN_POINT('',(0.984993489583,2.309993489583));
#14667 = CARTESIAN_POINT('',(0.784993489583,2.0375));
#14668 = ( GEOMETRIC_REPRESENTATION_CONTEXT(2) 
PARAMETRIC_REPRESENTATION_CONTEXT() REPRESENTATION_CONTEXT('2D SPACE',''
  ) );
#14669 = PCURVE('',#14670,#14677);
#14670 = SURFACE_OF_LINEAR_EXTRUSION('',#14671,#14675);
#14671 = B_SPLINE_CURVE_WITH_KNOTS('',2,(#14672,#14673,#14674),
  .UNSPECIFIED.,.F.,.F.,(3,3),(0.,1.),.PIECEWISE_BEZIER_KNOTS.);
#14672 = CARTESIAN_POINT('',(30.147488606771,8.95999323527,20.3));
#14673 = CARTESIAN_POINT('',(29.797488606771,8.95999323527,20.3));
#14674 = CARTESIAN_POINT('',(29.597488606771,8.687499745687,20.3));
#14675 = VECTOR('',#14676,1.);
#14676 = DIRECTION('',(0.,0.,1.));
#14677 = DEFINITIONAL_REPRESENTATION('',(#14678),#14682);
#14678 = LINE('',#14679,#14680);
#14679 = CARTESIAN_POINT('',(0.,-0.5));
#14680 = VECTOR('',#14681,1.);
#14681 = DIRECTION('',(1.,0.));
#14682 = ( GEOMETRIC_REPRESENTATION_CONTEXT(2) 
PARAMETRIC_REPRESENTATION_CONTEXT() REPRESENTATION_CONTEXT('2D SPACE',''
  ) );
#14683 = ORIENTED_EDGE('',*,*,#14684,.T.);
#14684 = EDGE_CURVE('',#14655,#14685,#14687,.T.);
#14685 = VERTEX_POINT('',#14686);
#14686 = CARTESIAN_POINT('',(29.397488606771,7.940006256104,19.8));
#14687 = SURFACE_CURVE('',#14688,(#14692,#14699),.PCURVE_S1.);
#14688 = B_SPLINE_CURVE_WITH_KNOTS('',2,(#14689,#14690,#14691),
  .UNSPECIFIED.,.F.,.F.,(3,3),(0.,1.),.PIECEWISE_BEZIER_KNOTS.);
#14689 = CARTESIAN_POINT('',(29.597488606771,8.687499745687,19.8));
#14690 = CARTESIAN_POINT('',(29.397488606771,8.415006256104,19.8));
#14691 = CARTESIAN_POINT('',(29.397488606771,7.940006256104,19.8));
#14692 = PCURVE('',#12415,#14693);
#14693 = DEFINITIONAL_REPRESENTATION('',(#14694),#14698);
#14694 = B_SPLINE_CURVE_WITH_KNOTS('',2,(#14695,#14696,#14697),
  .UNSPECIFIED.,.F.,.F.,(3,3),(0.,1.),.PIECEWISE_BEZIER_KNOTS.);
#14695 = CARTESIAN_POINT('',(0.784993489583,2.0375));
#14696 = CARTESIAN_POINT('',(0.584993489583,1.765006510417));
#14697 = CARTESIAN_POINT('',(0.584993489583,1.290006510417));
#14698 = ( GEOMETRIC_REPRESENTATION_CONTEXT(2) 
PARAMETRIC_REPRESENTATION_CONTEXT() REPRESENTATION_CONTEXT('2D SPACE',''
  ) );
#14699 = PCURVE('',#14700,#14707);
#14700 = SURFACE_OF_LINEAR_EXTRUSION('',#14701,#14705);
#14701 = B_SPLINE_CURVE_WITH_KNOTS('',2,(#14702,#14703,#14704),
  .UNSPECIFIED.,.F.,.F.,(3,3),(0.,1.),.PIECEWISE_BEZIER_KNOTS.);
#14702 = CARTESIAN_POINT('',(29.597488606771,8.687499745687,20.3));
#14703 = CARTESIAN_POINT('',(29.397488606771,8.415006256104,20.3));
#14704 = CARTESIAN_POINT('',(29.397488606771,7.940006256104,20.3));
#14705 = VECTOR('',#14706,1.);
#14706 = DIRECTION('',(0.,0.,1.));
#14707 = DEFINITIONAL_REPRESENTATION('',(#14708),#14712);
#14708 = LINE('',#14709,#14710);
#14709 = CARTESIAN_POINT('',(0.,-0.5));
#14710 = VECTOR('',#14711,1.);
#14711 = DIRECTION('',(1.,0.));
#14712 = ( GEOMETRIC_REPRESENTATION_CONTEXT(2) 
PARAMETRIC_REPRESENTATION_CONTEXT() REPRESENTATION_CONTEXT('2D SPACE',''
  ) );
#14713 = ORIENTED_EDGE('',*,*,#14714,.T.);
#14714 = EDGE_CURVE('',#14685,#14715,#14717,.T.);
#14715 = VERTEX_POINT('',#14716);
#14716 = CARTESIAN_POINT('',(29.597488606771,7.192504628499,19.8));
#14717 = SURFACE_CURVE('',#14718,(#14722,#14729),.PCURVE_S1.);
#14718 = B_SPLINE_CURVE_WITH_KNOTS('',2,(#14719,#14720,#14721),
  .UNSPECIFIED.,.F.,.F.,(3,3),(0.,1.),.PIECEWISE_BEZIER_KNOTS.);
#14719 = CARTESIAN_POINT('',(29.397488606771,7.940006256104,19.8));
#14720 = CARTESIAN_POINT('',(29.397488606771,7.465006256104,19.8));
#14721 = CARTESIAN_POINT('',(29.597488606771,7.192504628499,19.8));
#14722 = PCURVE('',#12415,#14723);
#14723 = DEFINITIONAL_REPRESENTATION('',(#14724),#14728);
#14724 = B_SPLINE_CURVE_WITH_KNOTS('',2,(#14725,#14726,#14727),
  .UNSPECIFIED.,.F.,.F.,(3,3),(0.,1.),.PIECEWISE_BEZIER_KNOTS.);
#14725 = CARTESIAN_POINT('',(0.584993489583,1.290006510417));
#14726 = CARTESIAN_POINT('',(0.584993489583,0.815006510417));
#14727 = CARTESIAN_POINT('',(0.784993489583,0.542504882812));
#14728 = ( GEOMETRIC_REPRESENTATION_CONTEXT(2) 
PARAMETRIC_REPRESENTATION_CONTEXT() REPRESENTATION_CONTEXT('2D SPACE',''
  ) );
#14729 = PCURVE('',#14730,#14737);
#14730 = SURFACE_OF_LINEAR_EXTRUSION('',#14731,#14735);
#14731 = B_SPLINE_CURVE_WITH_KNOTS('',2,(#14732,#14733,#14734),
  .UNSPECIFIED.,.F.,.F.,(3,3),(0.,1.),.PIECEWISE_BEZIER_KNOTS.);
#14732 = CARTESIAN_POINT('',(29.397488606771,7.940006256104,20.3));
#14733 = CARTESIAN_POINT('',(29.397488606771,7.465006256104,20.3));
#14734 = CARTESIAN_POINT('',(29.597488606771,7.192504628499,20.3));
#14735 = VECTOR('',#14736,1.);
#14736 = DIRECTION('',(0.,0.,1.));
#14737 = DEFINITIONAL_REPRESENTATION('',(#14738),#14742);
#14738 = LINE('',#14739,#14740);
#14739 = CARTESIAN_POINT('',(0.,-0.5));
#14740 = VECTOR('',#14741,1.);
#14741 = DIRECTION('',(1.,0.));
#14742 = ( GEOMETRIC_REPRESENTATION_CONTEXT(2) 
PARAMETRIC_REPRESENTATION_CONTEXT() REPRESENTATION_CONTEXT('2D SPACE',''
  ) );
#14743 = ORIENTED_EDGE('',*,*,#14744,.T.);
#14744 = EDGE_CURVE('',#14715,#14745,#14747,.T.);
#14745 = VERTEX_POINT('',#14746);
#14746 = CARTESIAN_POINT('',(30.147488606771,6.920003000895,19.8));
#14747 = SURFACE_CURVE('',#14748,(#14752,#14759),.PCURVE_S1.);
#14748 = B_SPLINE_CURVE_WITH_KNOTS('',2,(#14749,#14750,#14751),
  .UNSPECIFIED.,.F.,.F.,(3,3),(0.,1.),.PIECEWISE_BEZIER_KNOTS.);
#14749 = CARTESIAN_POINT('',(29.597488606771,7.192504628499,19.8));
#14750 = CARTESIAN_POINT('',(29.797488606771,6.920003000895,19.8));
#14751 = CARTESIAN_POINT('',(30.147488606771,6.920003000895,19.8));
#14752 = PCURVE('',#12415,#14753);
#14753 = DEFINITIONAL_REPRESENTATION('',(#14754),#14758);
#14754 = B_SPLINE_CURVE_WITH_KNOTS('',2,(#14755,#14756,#14757),
  .UNSPECIFIED.,.F.,.F.,(3,3),(0.,1.),.PIECEWISE_BEZIER_KNOTS.);
#14755 = CARTESIAN_POINT('',(0.784993489583,0.542504882812));
#14756 = CARTESIAN_POINT('',(0.984993489583,0.270003255208));
#14757 = CARTESIAN_POINT('',(1.334993489583,0.270003255208));
#14758 = ( GEOMETRIC_REPRESENTATION_CONTEXT(2) 
PARAMETRIC_REPRESENTATION_CONTEXT() REPRESENTATION_CONTEXT('2D SPACE',''
  ) );
#14759 = PCURVE('',#14760,#14767);
#14760 = SURFACE_OF_LINEAR_EXTRUSION('',#14761,#14765);
#14761 = B_SPLINE_CURVE_WITH_KNOTS('',2,(#14762,#14763,#14764),
  .UNSPECIFIED.,.F.,.F.,(3,3),(0.,1.),.PIECEWISE_BEZIER_KNOTS.);
#14762 = CARTESIAN_POINT('',(29.597488606771,7.192504628499,20.3));
#14763 = CARTESIAN_POINT('',(29.797488606771,6.920003000895,20.3));
#14764 = CARTESIAN_POINT('',(30.147488606771,6.920003000895,20.3));
#14765 = VECTOR('',#14766,1.);
#14766 = DIRECTION('',(0.,0.,1.));
#14767 = DEFINITIONAL_REPRESENTATION('',(#14768),#14772);
#14768 = LINE('',#14769,#14770);
#14769 = CARTESIAN_POINT('',(0.,-0.5));
#14770 = VECTOR('',#14771,1.);
#14771 = DIRECTION('',(1.,0.));
#14772 = ( GEOMETRIC_REPRESENTATION_CONTEXT(2) 
PARAMETRIC_REPRESENTATION_CONTEXT() REPRESENTATION_CONTEXT('2D SPACE',''
  ) );
#14773 = ORIENTED_EDGE('',*,*,#14774,.T.);
#14774 = EDGE_CURVE('',#14745,#14775,#14777,.T.);
#14775 = VERTEX_POINT('',#14776);
#14776 = CARTESIAN_POINT('',(30.694990234375,7.192504628499,19.8));
#14777 = SURFACE_CURVE('',#14778,(#14782,#14789),.PCURVE_S1.);
#14778 = B_SPLINE_CURVE_WITH_KNOTS('',2,(#14779,#14780,#14781),
  .UNSPECIFIED.,.F.,.F.,(3,3),(0.,1.),.PIECEWISE_BEZIER_KNOTS.);
#14779 = CARTESIAN_POINT('',(30.147488606771,6.920003000895,19.8));
#14780 = CARTESIAN_POINT('',(30.492491861979,6.920003000895,19.8));
#14781 = CARTESIAN_POINT('',(30.694990234375,7.192504628499,19.8));
#14782 = PCURVE('',#12415,#14783);
#14783 = DEFINITIONAL_REPRESENTATION('',(#14784),#14788);
#14784 = B_SPLINE_CURVE_WITH_KNOTS('',2,(#14785,#14786,#14787),
  .UNSPECIFIED.,.F.,.F.,(3,3),(0.,1.),.PIECEWISE_BEZIER_KNOTS.);
#14785 = CARTESIAN_POINT('',(1.334993489583,0.270003255208));
#14786 = CARTESIAN_POINT('',(1.679996744792,0.270003255208));
#14787 = CARTESIAN_POINT('',(1.882495117187,0.542504882812));
#14788 = ( GEOMETRIC_REPRESENTATION_CONTEXT(2) 
PARAMETRIC_REPRESENTATION_CONTEXT() REPRESENTATION_CONTEXT('2D SPACE',''
  ) );
#14789 = PCURVE('',#14790,#14797);
#14790 = SURFACE_OF_LINEAR_EXTRUSION('',#14791,#14795);
#14791 = B_SPLINE_CURVE_WITH_KNOTS('',2,(#14792,#14793,#14794),
  .UNSPECIFIED.,.F.,.F.,(3,3),(0.,1.),.PIECEWISE_BEZIER_KNOTS.);
#14792 = CARTESIAN_POINT('',(30.147488606771,6.920003000895,20.3));
#14793 = CARTESIAN_POINT('',(30.492491861979,6.920003000895,20.3));
#14794 = CARTESIAN_POINT('',(30.694990234375,7.192504628499,20.3));
#14795 = VECTOR('',#14796,1.);
#14796 = DIRECTION('',(0.,0.,1.));
#14797 = DEFINITIONAL_REPRESENTATION('',(#14798),#14802);
#14798 = LINE('',#14799,#14800);
#14799 = CARTESIAN_POINT('',(0.,-0.5));
#14800 = VECTOR('',#14801,1.);
#14801 = DIRECTION('',(1.,0.));
#14802 = ( GEOMETRIC_REPRESENTATION_CONTEXT(2) 
PARAMETRIC_REPRESENTATION_CONTEXT() REPRESENTATION_CONTEXT('2D SPACE',''
  ) );
#14803 = ORIENTED_EDGE('',*,*,#14804,.T.);
#14804 = EDGE_CURVE('',#14775,#14805,#14807,.T.);
#14805 = VERTEX_POINT('',#14806);
#14806 = CARTESIAN_POINT('',(30.897488606771,7.924999745687,19.8));
#14807 = SURFACE_CURVE('',#14808,(#14812,#14819),.PCURVE_S1.);
#14808 = B_SPLINE_CURVE_WITH_KNOTS('',2,(#14809,#14810,#14811),
  .UNSPECIFIED.,.F.,.F.,(3,3),(0.,1.),.PIECEWISE_BEZIER_KNOTS.);
#14809 = CARTESIAN_POINT('',(30.694990234375,7.192504628499,19.8));
#14810 = CARTESIAN_POINT('',(30.897488606771,7.465006256104,19.8));
#14811 = CARTESIAN_POINT('',(30.897488606771,7.924999745687,19.8));
#14812 = PCURVE('',#12415,#14813);
#14813 = DEFINITIONAL_REPRESENTATION('',(#14814),#14818);
#14814 = B_SPLINE_CURVE_WITH_KNOTS('',2,(#14815,#14816,#14817),
  .UNSPECIFIED.,.F.,.F.,(3,3),(0.,1.),.PIECEWISE_BEZIER_KNOTS.);
#14815 = CARTESIAN_POINT('',(1.882495117187,0.542504882812));
#14816 = CARTESIAN_POINT('',(2.084993489583,0.815006510417));
#14817 = CARTESIAN_POINT('',(2.084993489583,1.275));
#14818 = ( GEOMETRIC_REPRESENTATION_CONTEXT(2) 
PARAMETRIC_REPRESENTATION_CONTEXT() REPRESENTATION_CONTEXT('2D SPACE',''
  ) );
#14819 = PCURVE('',#14820,#14827);
#14820 = SURFACE_OF_LINEAR_EXTRUSION('',#14821,#14825);
#14821 = B_SPLINE_CURVE_WITH_KNOTS('',2,(#14822,#14823,#14824),
  .UNSPECIFIED.,.F.,.F.,(3,3),(0.,1.),.PIECEWISE_BEZIER_KNOTS.);
#14822 = CARTESIAN_POINT('',(30.694990234375,7.192504628499,20.3));
#14823 = CARTESIAN_POINT('',(30.897488606771,7.465006256104,20.3));
#14824 = CARTESIAN_POINT('',(30.897488606771,7.924999745687,20.3));
#14825 = VECTOR('',#14826,1.);
#14826 = DIRECTION('',(0.,0.,1.));
#14827 = DEFINITIONAL_REPRESENTATION('',(#14828),#14832);
#14828 = LINE('',#14829,#14830);
#14829 = CARTESIAN_POINT('',(0.,-0.5));
#14830 = VECTOR('',#14831,1.);
#14831 = DIRECTION('',(1.,0.));
#14832 = ( GEOMETRIC_REPRESENTATION_CONTEXT(2) 
PARAMETRIC_REPRESENTATION_CONTEXT() REPRESENTATION_CONTEXT('2D SPACE',''
  ) );
#14833 = ORIENTED_EDGE('',*,*,#14834,.T.);
#14834 = EDGE_CURVE('',#14805,#14835,#14837,.T.);
#14835 = VERTEX_POINT('',#14836);
#14836 = CARTESIAN_POINT('',(30.699995117187,8.68499323527,19.8));
#14837 = SURFACE_CURVE('',#14838,(#14842,#14849),.PCURVE_S1.);
#14838 = B_SPLINE_CURVE_WITH_KNOTS('',2,(#14839,#14840,#14841),
  .UNSPECIFIED.,.F.,.F.,(3,3),(0.,1.),.PIECEWISE_BEZIER_KNOTS.);
#14839 = CARTESIAN_POINT('',(30.897488606771,7.924999745687,19.8));
#14840 = CARTESIAN_POINT('',(30.897488606771,8.40999323527,19.8));
#14841 = CARTESIAN_POINT('',(30.699995117187,8.68499323527,19.8));
#14842 = PCURVE('',#12415,#14843);
#14843 = DEFINITIONAL_REPRESENTATION('',(#14844),#14848);
#14844 = B_SPLINE_CURVE_WITH_KNOTS('',2,(#14845,#14846,#14847),
  .UNSPECIFIED.,.F.,.F.,(3,3),(0.,1.),.PIECEWISE_BEZIER_KNOTS.);
#14845 = CARTESIAN_POINT('',(2.084993489583,1.275));
#14846 = CARTESIAN_POINT('',(2.084993489583,1.759993489583));
#14847 = CARTESIAN_POINT('',(1.8875,2.034993489583));
#14848 = ( GEOMETRIC_REPRESENTATION_CONTEXT(2) 
PARAMETRIC_REPRESENTATION_CONTEXT() REPRESENTATION_CONTEXT('2D SPACE',''
  ) );
#14849 = PCURVE('',#14850,#14857);
#14850 = SURFACE_OF_LINEAR_EXTRUSION('',#14851,#14855);
#14851 = B_SPLINE_CURVE_WITH_KNOTS('',2,(#14852,#14853,#14854),
  .UNSPECIFIED.,.F.,.F.,(3,3),(0.,1.),.PIECEWISE_BEZIER_KNOTS.);
#14852 = CARTESIAN_POINT('',(30.897488606771,7.924999745687,20.3));
#14853 = CARTESIAN_POINT('',(30.897488606771,8.40999323527,20.3));
#14854 = CARTESIAN_POINT('',(30.699995117187,8.68499323527,20.3));
#14855 = VECTOR('',#14856,1.);
#14856 = DIRECTION('',(0.,0.,1.));
#14857 = DEFINITIONAL_REPRESENTATION('',(#14858),#14862);
#14858 = LINE('',#14859,#14860);
#14859 = CARTESIAN_POINT('',(0.,-0.5));
#14860 = VECTOR('',#14861,1.);
#14861 = DIRECTION('',(1.,0.));
#14862 = ( GEOMETRIC_REPRESENTATION_CONTEXT(2) 
PARAMETRIC_REPRESENTATION_CONTEXT() REPRESENTATION_CONTEXT('2D SPACE',''
  ) );
#14863 = ORIENTED_EDGE('',*,*,#14864,.T.);
#14864 = EDGE_CURVE('',#14835,#14653,#14865,.T.);
#14865 = SURFACE_CURVE('',#14866,(#14870,#14877),.PCURVE_S1.);
#14866 = B_SPLINE_CURVE_WITH_KNOTS('',2,(#14867,#14868,#14869),
  .UNSPECIFIED.,.F.,.F.,(3,3),(0.,1.),.PIECEWISE_BEZIER_KNOTS.);
#14867 = CARTESIAN_POINT('',(30.699995117187,8.68499323527,19.8));
#14868 = CARTESIAN_POINT('',(30.502501627604,8.95999323527,19.8));
#14869 = CARTESIAN_POINT('',(30.147488606771,8.95999323527,19.8));
#14870 = PCURVE('',#12415,#14871);
#14871 = DEFINITIONAL_REPRESENTATION('',(#14872),#14876);
#14872 = B_SPLINE_CURVE_WITH_KNOTS('',2,(#14873,#14874,#14875),
  .UNSPECIFIED.,.F.,.F.,(3,3),(0.,1.),.PIECEWISE_BEZIER_KNOTS.);
#14873 = CARTESIAN_POINT('',(1.8875,2.034993489583));
#14874 = CARTESIAN_POINT('',(1.690006510417,2.309993489583));
#14875 = CARTESIAN_POINT('',(1.334993489583,2.309993489583));
#14876 = ( GEOMETRIC_REPRESENTATION_CONTEXT(2) 
PARAMETRIC_REPRESENTATION_CONTEXT() REPRESENTATION_CONTEXT('2D SPACE',''
  ) );
#14877 = PCURVE('',#14878,#14885);
#14878 = SURFACE_OF_LINEAR_EXTRUSION('',#14879,#14883);
#14879 = B_SPLINE_CURVE_WITH_KNOTS('',2,(#14880,#14881,#14882),
  .UNSPECIFIED.,.F.,.F.,(3,3),(0.,1.),.PIECEWISE_BEZIER_KNOTS.);
#14880 = CARTESIAN_POINT('',(30.699995117187,8.68499323527,20.3));
#14881 = CARTESIAN_POINT('',(30.502501627604,8.95999323527,20.3));
#14882 = CARTESIAN_POINT('',(30.147488606771,8.95999323527,20.3));
#14883 = VECTOR('',#14884,1.);
#14884 = DIRECTION('',(0.,0.,1.));
#14885 = DEFINITIONAL_REPRESENTATION('',(#14886),#14890);
#14886 = LINE('',#14887,#14888);
#14887 = CARTESIAN_POINT('',(0.,-0.5));
#14888 = VECTOR('',#14889,1.);
#14889 = DIRECTION('',(1.,0.));
#14890 = ( GEOMETRIC_REPRESENTATION_CONTEXT(2) 
PARAMETRIC_REPRESENTATION_CONTEXT() REPRESENTATION_CONTEXT('2D SPACE',''
  ) );
#14891 = ADVANCED_FACE('',(#14892),#12812,.T.);
#14892 = FACE_BOUND('',#14893,.F.);
#14893 = EDGE_LOOP('',(#14894,#14895,#14896,#14897,#14898,#14899,#14900,
    #14901,#14902,#14903,#14904));
#14894 = ORIENTED_EDGE('',*,*,#13291,.T.);
#14895 = ORIENTED_EDGE('',*,*,#13264,.T.);
#14896 = ORIENTED_EDGE('',*,*,#13215,.T.);
#14897 = ORIENTED_EDGE('',*,*,#13166,.T.);
#14898 = ORIENTED_EDGE('',*,*,#13117,.T.);
#14899 = ORIENTED_EDGE('',*,*,#13068,.T.);
#14900 = ORIENTED_EDGE('',*,*,#13019,.T.);
#14901 = ORIENTED_EDGE('',*,*,#12970,.T.);
#14902 = ORIENTED_EDGE('',*,*,#12921,.T.);
#14903 = ORIENTED_EDGE('',*,*,#12872,.T.);
#14904 = ORIENTED_EDGE('',*,*,#12796,.T.);
#14905 = ADVANCED_FACE('',(#14906,#14909),#13356,.T.);
#14906 = FACE_BOUND('',#14907,.T.);
#14907 = EDGE_LOOP('',(#14908));
#14908 = ORIENTED_EDGE('',*,*,#13341,.T.);
#14909 = FACE_BOUND('',#14910,.T.);
#14910 = EDGE_LOOP('',(#14911));
#14911 = ORIENTED_EDGE('',*,*,#14912,.F.);
#14912 = EDGE_CURVE('',#14913,#14913,#14915,.T.);
#14913 = VERTEX_POINT('',#14914);
#14914 = CARTESIAN_POINT('',(49.15,3.,18.7));
#14915 = SURFACE_CURVE('',#14916,(#14921,#14928),.PCURVE_S1.);
#14916 = CIRCLE('',#14917,1.15);
#14917 = AXIS2_PLACEMENT_3D('',#14918,#14919,#14920);
#14918 = CARTESIAN_POINT('',(48.,3.,18.7));
#14919 = DIRECTION('',(0.,0.,1.));
#14920 = DIRECTION('',(1.,0.,-0.));
#14921 = PCURVE('',#13356,#14922);
#14922 = DEFINITIONAL_REPRESENTATION('',(#14923),#14927);
#14923 = CIRCLE('',#14924,1.15);
#14924 = AXIS2_PLACEMENT_2D('',#14925,#14926);
#14925 = CARTESIAN_POINT('',(0.,0.));
#14926 = DIRECTION('',(1.,0.));
#14927 = ( GEOMETRIC_REPRESENTATION_CONTEXT(2) 
PARAMETRIC_REPRESENTATION_CONTEXT() REPRESENTATION_CONTEXT('2D SPACE',''
  ) );
#14928 = PCURVE('',#13612,#14929);
#14929 = DEFINITIONAL_REPRESENTATION('',(#14930),#14934);
#14930 = LINE('',#14931,#14932);
#14931 = CARTESIAN_POINT('',(0.,14.6));
#14932 = VECTOR('',#14933,1.);
#14933 = DIRECTION('',(1.,0.));
#14934 = ( GEOMETRIC_REPRESENTATION_CONTEXT(2) 
PARAMETRIC_REPRESENTATION_CONTEXT() REPRESENTATION_CONTEXT('2D SPACE',''
  ) );
#14935 = ADVANCED_FACE('',(#14936,#14939),#13511,.T.);
#14936 = FACE_BOUND('',#14937,.T.);
#14937 = EDGE_LOOP('',(#14938));
#14938 = ORIENTED_EDGE('',*,*,#13496,.T.);
#14939 = FACE_BOUND('',#14940,.T.);
#14940 = EDGE_LOOP('',(#14941));
#14941 = ORIENTED_EDGE('',*,*,#14942,.F.);
#14942 = EDGE_CURVE('',#14943,#14943,#14945,.T.);
#14943 = VERTEX_POINT('',#14944);
#14944 = CARTESIAN_POINT('',(4.15,38.,18.7));
#14945 = SURFACE_CURVE('',#14946,(#14951,#14958),.PCURVE_S1.);
#14946 = CIRCLE('',#14947,1.15);
#14947 = AXIS2_PLACEMENT_3D('',#14948,#14949,#14950);
#14948 = CARTESIAN_POINT('',(3.,38.,18.7));
#14949 = DIRECTION('',(0.,0.,1.));
#14950 = DIRECTION('',(1.,0.,-0.));
#14951 = PCURVE('',#13511,#14952);
#14952 = DEFINITIONAL_REPRESENTATION('',(#14953),#14957);
#14953 = CIRCLE('',#14954,1.15);
#14954 = AXIS2_PLACEMENT_2D('',#14955,#14956);
#14955 = CARTESIAN_POINT('',(0.,0.));
#14956 = DIRECTION('',(1.,0.));
#14957 = ( GEOMETRIC_REPRESENTATION_CONTEXT(2) 
PARAMETRIC_REPRESENTATION_CONTEXT() REPRESENTATION_CONTEXT('2D SPACE',''
  ) );
#14958 = PCURVE('',#13704,#14959);
#14959 = DEFINITIONAL_REPRESENTATION('',(#14960),#14964);
#14960 = LINE('',#14961,#14962);
#14961 = CARTESIAN_POINT('',(0.,14.6));
#14962 = VECTOR('',#14963,1.);
#14963 = DIRECTION('',(1.,0.));
#14964 = ( GEOMETRIC_REPRESENTATION_CONTEXT(2) 
PARAMETRIC_REPRESENTATION_CONTEXT() REPRESENTATION_CONTEXT('2D SPACE',''
  ) );
#14965 = ADVANCED_FACE('',(#14966,#14969),#13566,.T.);
#14966 = FACE_BOUND('',#14967,.T.);
#14967 = EDGE_LOOP('',(#14968));
#14968 = ORIENTED_EDGE('',*,*,#13551,.T.);
#14969 = FACE_BOUND('',#14970,.T.);
#14970 = EDGE_LOOP('',(#14971));
#14971 = ORIENTED_EDGE('',*,*,#14972,.F.);
#14972 = EDGE_CURVE('',#14973,#14973,#14975,.T.);
#14973 = VERTEX_POINT('',#14974);
#14974 = CARTESIAN_POINT('',(49.15,38.,18.7));
#14975 = SURFACE_CURVE('',#14976,(#14981,#14988),.PCURVE_S1.);
#14976 = CIRCLE('',#14977,1.15);
#14977 = AXIS2_PLACEMENT_3D('',#14978,#14979,#14980);
#14978 = CARTESIAN_POINT('',(48.,38.,18.7));
#14979 = DIRECTION('',(0.,0.,1.));
#14980 = DIRECTION('',(1.,0.,-0.));
#14981 = PCURVE('',#13566,#14982);
#14982 = DEFINITIONAL_REPRESENTATION('',(#14983),#14987);
#14983 = CIRCLE('',#14984,1.15);
#14984 = AXIS2_PLACEMENT_2D('',#14985,#14986);
#14985 = CARTESIAN_POINT('',(0.,0.));
#14986 = DIRECTION('',(1.,0.));
#14987 = ( GEOMETRIC_REPRESENTATION_CONTEXT(2) 
PARAMETRIC_REPRESENTATION_CONTEXT() REPRESENTATION_CONTEXT('2D SPACE',''
  ) );
#14988 = PCURVE('',#13749,#14989);
#14989 = DEFINITIONAL_REPRESENTATION('',(#14990),#14994);
#14990 = LINE('',#14991,#14992);
#14991 = CARTESIAN_POINT('',(0.,14.6));
#14992 = VECTOR('',#14993,1.);
#14993 = DIRECTION('',(1.,0.));
#14994 = ( GEOMETRIC_REPRESENTATION_CONTEXT(2) 
PARAMETRIC_REPRESENTATION_CONTEXT() REPRESENTATION_CONTEXT('2D SPACE',''
  ) );
#14995 = ADVANCED_FACE('',(#14996),#13612,.F.);
#14996 = FACE_BOUND('',#14997,.F.);
#14997 = EDGE_LOOP('',(#14998,#14999,#15020,#15021));
#14998 = ORIENTED_EDGE('',*,*,#14912,.F.);
#14999 = ORIENTED_EDGE('',*,*,#15000,.F.);
#15000 = EDGE_CURVE('',#13596,#14913,#15001,.T.);
#15001 = SEAM_CURVE('',#15002,(#15006,#15013),.PCURVE_S1.);
#15002 = LINE('',#15003,#15004);
#15003 = CARTESIAN_POINT('',(49.15,3.,4.1));
#15004 = VECTOR('',#15005,1.);
#15005 = DIRECTION('',(0.,0.,1.));
#15006 = PCURVE('',#13612,#15007);
#15007 = DEFINITIONAL_REPRESENTATION('',(#15008),#15012);
#15008 = LINE('',#15009,#15010);
#15009 = CARTESIAN_POINT('',(6.28318530718,-0.));
#15010 = VECTOR('',#15011,1.);
#15011 = DIRECTION('',(0.,1.));
#15012 = ( GEOMETRIC_REPRESENTATION_CONTEXT(2) 
PARAMETRIC_REPRESENTATION_CONTEXT() REPRESENTATION_CONTEXT('2D SPACE',''
  ) );
#15013 = PCURVE('',#13612,#15014);
#15014 = DEFINITIONAL_REPRESENTATION('',(#15015),#15019);
#15015 = LINE('',#15016,#15017);
#15016 = CARTESIAN_POINT('',(0.,-0.));
#15017 = VECTOR('',#15018,1.);
#15018 = DIRECTION('',(0.,1.));
#15019 = ( GEOMETRIC_REPRESENTATION_CONTEXT(2) 
PARAMETRIC_REPRESENTATION_CONTEXT() REPRESENTATION_CONTEXT('2D SPACE',''
  ) );
#15020 = ORIENTED_EDGE('',*,*,#13595,.T.);
#15021 = ORIENTED_EDGE('',*,*,#15000,.T.);
#15022 = ADVANCED_FACE('',(#15023),#13647,.F.);
#15023 = FACE_BOUND('',#15024,.F.);
#15024 = EDGE_LOOP('',(#15025,#15026,#15047,#15048));
#15025 = ORIENTED_EDGE('',*,*,#13767,.F.);
#15026 = ORIENTED_EDGE('',*,*,#15027,.F.);
#15027 = EDGE_CURVE('',#13631,#13768,#15028,.T.);
#15028 = SEAM_CURVE('',#15029,(#15033,#15040),.PCURVE_S1.);
#15029 = LINE('',#15030,#15031);
#15030 = CARTESIAN_POINT('',(4.15,3.,4.1));
#15031 = VECTOR('',#15032,1.);
#15032 = DIRECTION('',(0.,0.,1.));
#15033 = PCURVE('',#13647,#15034);
#15034 = DEFINITIONAL_REPRESENTATION('',(#15035),#15039);
#15035 = LINE('',#15036,#15037);
#15036 = CARTESIAN_POINT('',(6.28318530718,-0.));
#15037 = VECTOR('',#15038,1.);
#15038 = DIRECTION('',(0.,1.));
#15039 = ( GEOMETRIC_REPRESENTATION_CONTEXT(2) 
PARAMETRIC_REPRESENTATION_CONTEXT() REPRESENTATION_CONTEXT('2D SPACE',''
  ) );
#15040 = PCURVE('',#13647,#15041);
#15041 = DEFINITIONAL_REPRESENTATION('',(#15042),#15046);
#15042 = LINE('',#15043,#15044);
#15043 = CARTESIAN_POINT('',(0.,-0.));
#15044 = VECTOR('',#15045,1.);
#15045 = DIRECTION('',(0.,1.));
#15046 = ( GEOMETRIC_REPRESENTATION_CONTEXT(2) 
PARAMETRIC_REPRESENTATION_CONTEXT() REPRESENTATION_CONTEXT('2D SPACE',''
  ) );
#15047 = ORIENTED_EDGE('',*,*,#13630,.T.);
#15048 = ORIENTED_EDGE('',*,*,#15027,.T.);
#15049 = ADVANCED_FACE('',(#15050),#13704,.F.);
#15050 = FACE_BOUND('',#15051,.F.);
#15051 = EDGE_LOOP('',(#15052,#15053,#15074,#15075));
#15052 = ORIENTED_EDGE('',*,*,#14942,.F.);
#15053 = ORIENTED_EDGE('',*,*,#15054,.F.);
#15054 = EDGE_CURVE('',#13688,#14943,#15055,.T.);
#15055 = SEAM_CURVE('',#15056,(#15060,#15067),.PCURVE_S1.);
#15056 = LINE('',#15057,#15058);
#15057 = CARTESIAN_POINT('',(4.15,38.,4.1));
#15058 = VECTOR('',#15059,1.);
#15059 = DIRECTION('',(0.,0.,1.));
#15060 = PCURVE('',#13704,#15061);
#15061 = DEFINITIONAL_REPRESENTATION('',(#15062),#15066);
#15062 = LINE('',#15063,#15064);
#15063 = CARTESIAN_POINT('',(6.28318530718,-0.));
#15064 = VECTOR('',#15065,1.);
#15065 = DIRECTION('',(0.,1.));
#15066 = ( GEOMETRIC_REPRESENTATION_CONTEXT(2) 
PARAMETRIC_REPRESENTATION_CONTEXT() REPRESENTATION_CONTEXT('2D SPACE',''
  ) );
#15067 = PCURVE('',#13704,#15068);
#15068 = DEFINITIONAL_REPRESENTATION('',(#15069),#15073);
#15069 = LINE('',#15070,#15071);
#15070 = CARTESIAN_POINT('',(0.,-0.));
#15071 = VECTOR('',#15072,1.);
#15072 = DIRECTION('',(0.,1.));
#15073 = ( GEOMETRIC_REPRESENTATION_CONTEXT(2) 
PARAMETRIC_REPRESENTATION_CONTEXT() REPRESENTATION_CONTEXT('2D SPACE',''
  ) );
#15074 = ORIENTED_EDGE('',*,*,#13687,.T.);
#15075 = ORIENTED_EDGE('',*,*,#15054,.T.);
#15076 = ADVANCED_FACE('',(#15077),#13749,.F.);
#15077 = FACE_BOUND('',#15078,.F.);
#15078 = EDGE_LOOP('',(#15079,#15080,#15101,#15102));
#15079 = ORIENTED_EDGE('',*,*,#14972,.F.);
#15080 = ORIENTED_EDGE('',*,*,#15081,.F.);
#15081 = EDGE_CURVE('',#13733,#14973,#15082,.T.);
#15082 = SEAM_CURVE('',#15083,(#15087,#15094),.PCURVE_S1.);
#15083 = LINE('',#15084,#15085);
#15084 = CARTESIAN_POINT('',(49.15,38.,4.1));
#15085 = VECTOR('',#15086,1.);
#15086 = DIRECTION('',(0.,0.,1.));
#15087 = PCURVE('',#13749,#15088);
#15088 = DEFINITIONAL_REPRESENTATION('',(#15089),#15093);
#15089 = LINE('',#15090,#15091);
#15090 = CARTESIAN_POINT('',(6.28318530718,-0.));
#15091 = VECTOR('',#15092,1.);
#15092 = DIRECTION('',(0.,1.));
#15093 = ( GEOMETRIC_REPRESENTATION_CONTEXT(2) 
PARAMETRIC_REPRESENTATION_CONTEXT() REPRESENTATION_CONTEXT('2D SPACE',''
  ) );
#15094 = PCURVE('',#13749,#15095);
#15095 = DEFINITIONAL_REPRESENTATION('',(#15096),#15100);
#15096 = LINE('',#15097,#15098);
#15097 = CARTESIAN_POINT('',(0.,-0.));
#15098 = VECTOR('',#15099,1.);
#15099 = DIRECTION('',(0.,1.));
#15100 = ( GEOMETRIC_REPRESENTATION_CONTEXT(2) 
PARAMETRIC_REPRESENTATION_CONTEXT() REPRESENTATION_CONTEXT('2D SPACE',''
  ) );
#15101 = ORIENTED_EDGE('',*,*,#13732,.T.);
#15102 = ORIENTED_EDGE('',*,*,#15081,.T.);
#15103 = ADVANCED_FACE('',(#15104),#13837,.T.);
#15104 = FACE_BOUND('',#15105,.T.);
#15105 = EDGE_LOOP('',(#15106,#15129,#15130,#15153));
#15106 = ORIENTED_EDGE('',*,*,#15107,.T.);
#15107 = EDGE_CURVE('',#15108,#13820,#15110,.T.);
#15108 = VERTEX_POINT('',#15109);
#15109 = CARTESIAN_POINT('',(12.742508138021,9.88499323527,20.3));
#15110 = SURFACE_CURVE('',#15111,(#15115,#15122),.PCURVE_S1.);
#15111 = LINE('',#15112,#15113);
#15112 = CARTESIAN_POINT('',(12.742508138021,9.88499323527,20.3));
#15113 = VECTOR('',#15114,1.);
#15114 = DIRECTION('',(-0.,-0.,-1.));
#15115 = PCURVE('',#13837,#15116);
#15116 = DEFINITIONAL_REPRESENTATION('',(#15117),#15121);
#15117 = LINE('',#15118,#15119);
#15118 = CARTESIAN_POINT('',(0.,0.));
#15119 = VECTOR('',#15120,1.);
#15120 = DIRECTION('',(0.,-1.));
#15121 = ( GEOMETRIC_REPRESENTATION_CONTEXT(2) 
PARAMETRIC_REPRESENTATION_CONTEXT() REPRESENTATION_CONTEXT('2D SPACE',''
  ) );
#15122 = PCURVE('',#14011,#15123);
#15123 = DEFINITIONAL_REPRESENTATION('',(#15124),#15128);
#15124 = LINE('',#15125,#15126);
#15125 = CARTESIAN_POINT('',(0.969986979167,0.));
#15126 = VECTOR('',#15127,1.);
#15127 = DIRECTION('',(0.,-1.));
#15128 = ( GEOMETRIC_REPRESENTATION_CONTEXT(2) 
PARAMETRIC_REPRESENTATION_CONTEXT() REPRESENTATION_CONTEXT('2D SPACE',''
  ) );
#15129 = ORIENTED_EDGE('',*,*,#13819,.T.);
#15130 = ORIENTED_EDGE('',*,*,#15131,.F.);
#15131 = EDGE_CURVE('',#15132,#13822,#15134,.T.);
#15132 = VERTEX_POINT('',#15133);
#15133 = CARTESIAN_POINT('',(12.742508138021,8.604996490479,20.3));
#15134 = SURFACE_CURVE('',#15135,(#15139,#15146),.PCURVE_S1.);
#15135 = LINE('',#15136,#15137);
#15136 = CARTESIAN_POINT('',(12.742508138021,8.604996490479,20.3));
#15137 = VECTOR('',#15138,1.);
#15138 = DIRECTION('',(-0.,-0.,-1.));
#15139 = PCURVE('',#13837,#15140);
#15140 = DEFINITIONAL_REPRESENTATION('',(#15141),#15145);
#15141 = LINE('',#15142,#15143);
#15142 = CARTESIAN_POINT('',(1.279996744792,0.));
#15143 = VECTOR('',#15144,1.);
#15144 = DIRECTION('',(0.,-1.));
#15145 = ( GEOMETRIC_REPRESENTATION_CONTEXT(2) 
PARAMETRIC_REPRESENTATION_CONTEXT() REPRESENTATION_CONTEXT('2D SPACE',''
  ) );
#15146 = PCURVE('',#13865,#15147);
#15147 = DEFINITIONAL_REPRESENTATION('',(#15148),#15152);
#15148 = LINE('',#15149,#15150);
#15149 = CARTESIAN_POINT('',(0.,0.));
#15150 = VECTOR('',#15151,1.);
#15151 = DIRECTION('',(0.,-1.));
#15152 = ( GEOMETRIC_REPRESENTATION_CONTEXT(2) 
PARAMETRIC_REPRESENTATION_CONTEXT() REPRESENTATION_CONTEXT('2D SPACE',''
  ) );
#15153 = ORIENTED_EDGE('',*,*,#15154,.F.);
#15154 = EDGE_CURVE('',#15108,#15132,#15155,.T.);
#15155 = SURFACE_CURVE('',#15156,(#15160,#15167),.PCURVE_S1.);
#15156 = LINE('',#15157,#15158);
#15157 = CARTESIAN_POINT('',(12.742508138021,9.88499323527,20.3));
#15158 = VECTOR('',#15159,1.);
#15159 = DIRECTION('',(0.,-1.,0.));
#15160 = PCURVE('',#13837,#15161);
#15161 = DEFINITIONAL_REPRESENTATION('',(#15162),#15166);
#15162 = LINE('',#15163,#15164);
#15163 = CARTESIAN_POINT('',(0.,0.));
#15164 = VECTOR('',#15165,1.);
#15165 = DIRECTION('',(1.,0.));
#15166 = ( GEOMETRIC_REPRESENTATION_CONTEXT(2) 
PARAMETRIC_REPRESENTATION_CONTEXT() REPRESENTATION_CONTEXT('2D SPACE',''
  ) );
#15167 = PCURVE('',#15168,#15173);
#15168 = PLANE('',#15169);
#15169 = AXIS2_PLACEMENT_3D('',#15170,#15171,#15172);
#15170 = CARTESIAN_POINT('',(-2.,-2.,20.3));
#15171 = DIRECTION('',(0.,0.,1.));
#15172 = DIRECTION('',(1.,0.,0.));
#15173 = DEFINITIONAL_REPRESENTATION('',(#15174),#15178);
#15174 = LINE('',#15175,#15176);
#15175 = CARTESIAN_POINT('',(14.742508138021,11.88499323527));
#15176 = VECTOR('',#15177,1.);
#15177 = DIRECTION('',(0.,-1.));
#15178 = ( GEOMETRIC_REPRESENTATION_CONTEXT(2) 
PARAMETRIC_REPRESENTATION_CONTEXT() REPRESENTATION_CONTEXT('2D SPACE',''
  ) );
#15179 = ADVANCED_FACE('',(#15180),#13865,.T.);
#15180 = FACE_BOUND('',#15181,.T.);
#15181 = EDGE_LOOP('',(#15182,#15183,#15184,#15207));
#15182 = ORIENTED_EDGE('',*,*,#15131,.T.);
#15183 = ORIENTED_EDGE('',*,*,#13849,.T.);
#15184 = ORIENTED_EDGE('',*,*,#15185,.F.);
#15185 = EDGE_CURVE('',#15186,#13850,#15188,.T.);
#15186 = VERTEX_POINT('',#15187);
#15187 = CARTESIAN_POINT('',(13.712495117187,8.604996490479,20.3));
#15188 = SURFACE_CURVE('',#15189,(#15193,#15200),.PCURVE_S1.);
#15189 = LINE('',#15190,#15191);
#15190 = CARTESIAN_POINT('',(13.712495117187,8.604996490479,20.3));
#15191 = VECTOR('',#15192,1.);
#15192 = DIRECTION('',(-0.,-0.,-1.));
#15193 = PCURVE('',#13865,#15194);
#15194 = DEFINITIONAL_REPRESENTATION('',(#15195),#15199);
#15195 = LINE('',#15196,#15197);
#15196 = CARTESIAN_POINT('',(0.969986979167,0.));
#15197 = VECTOR('',#15198,1.);
#15198 = DIRECTION('',(0.,-1.));
#15199 = ( GEOMETRIC_REPRESENTATION_CONTEXT(2) 
PARAMETRIC_REPRESENTATION_CONTEXT() REPRESENTATION_CONTEXT('2D SPACE',''
  ) );
#15200 = PCURVE('',#13893,#15201);
#15201 = DEFINITIONAL_REPRESENTATION('',(#15202),#15206);
#15202 = LINE('',#15203,#15204);
#15203 = CARTESIAN_POINT('',(0.,0.));
#15204 = VECTOR('',#15205,1.);
#15205 = DIRECTION('',(0.,-1.));
#15206 = ( GEOMETRIC_REPRESENTATION_CONTEXT(2) 
PARAMETRIC_REPRESENTATION_CONTEXT() REPRESENTATION_CONTEXT('2D SPACE',''
  ) );
#15207 = ORIENTED_EDGE('',*,*,#15208,.F.);
#15208 = EDGE_CURVE('',#15132,#15186,#15209,.T.);
#15209 = SURFACE_CURVE('',#15210,(#15214,#15221),.PCURVE_S1.);
#15210 = LINE('',#15211,#15212);
#15211 = CARTESIAN_POINT('',(12.742508138021,8.604996490479,20.3));
#15212 = VECTOR('',#15213,1.);
#15213 = DIRECTION('',(1.,0.,0.));
#15214 = PCURVE('',#13865,#15215);
#15215 = DEFINITIONAL_REPRESENTATION('',(#15216),#15220);
#15216 = LINE('',#15217,#15218);
#15217 = CARTESIAN_POINT('',(0.,0.));
#15218 = VECTOR('',#15219,1.);
#15219 = DIRECTION('',(1.,0.));
#15220 = ( GEOMETRIC_REPRESENTATION_CONTEXT(2) 
PARAMETRIC_REPRESENTATION_CONTEXT() REPRESENTATION_CONTEXT('2D SPACE',''
  ) );
#15221 = PCURVE('',#15168,#15222);
#15222 = DEFINITIONAL_REPRESENTATION('',(#15223),#15227);
#15223 = LINE('',#15224,#15225);
#15224 = CARTESIAN_POINT('',(14.742508138021,10.604996490479));
#15225 = VECTOR('',#15226,1.);
#15226 = DIRECTION('',(1.,0.));
#15227 = ( GEOMETRIC_REPRESENTATION_CONTEXT(2) 
PARAMETRIC_REPRESENTATION_CONTEXT() REPRESENTATION_CONTEXT('2D SPACE',''
  ) );
#15228 = ADVANCED_FACE('',(#15229),#13893,.T.);
#15229 = FACE_BOUND('',#15230,.T.);
#15230 = EDGE_LOOP('',(#15231,#15232,#15233,#15256));
#15231 = ORIENTED_EDGE('',*,*,#15185,.T.);
#15232 = ORIENTED_EDGE('',*,*,#13877,.T.);
#15233 = ORIENTED_EDGE('',*,*,#15234,.F.);
#15234 = EDGE_CURVE('',#15235,#13878,#15237,.T.);
#15235 = VERTEX_POINT('',#15236);
#15236 = CARTESIAN_POINT('',(14.235004882813,8.774999745687,20.3));
#15237 = SURFACE_CURVE('',#15238,(#15242,#15249),.PCURVE_S1.);
#15238 = LINE('',#15239,#15240);
#15239 = CARTESIAN_POINT('',(14.235004882813,8.774999745687,20.3));
#15240 = VECTOR('',#15241,1.);
#15241 = DIRECTION('',(-0.,-0.,-1.));
#15242 = PCURVE('',#13893,#15243);
#15243 = DEFINITIONAL_REPRESENTATION('',(#15244),#15248);
#15244 = LINE('',#15245,#15246);
#15245 = CARTESIAN_POINT('',(1.,0.));
#15246 = VECTOR('',#15247,1.);
#15247 = DIRECTION('',(0.,-1.));
#15248 = ( GEOMETRIC_REPRESENTATION_CONTEXT(2) 
PARAMETRIC_REPRESENTATION_CONTEXT() REPRESENTATION_CONTEXT('2D SPACE',''
  ) );
#15249 = PCURVE('',#13923,#15250);
#15250 = DEFINITIONAL_REPRESENTATION('',(#15251),#15255);
#15251 = LINE('',#15252,#15253);
#15252 = CARTESIAN_POINT('',(0.,0.));
#15253 = VECTOR('',#15254,1.);
#15254 = DIRECTION('',(0.,-1.));
#15255 = ( GEOMETRIC_REPRESENTATION_CONTEXT(2) 
PARAMETRIC_REPRESENTATION_CONTEXT() REPRESENTATION_CONTEXT('2D SPACE',''
  ) );
#15256 = ORIENTED_EDGE('',*,*,#15257,.F.);
#15257 = EDGE_CURVE('',#15186,#15235,#15258,.T.);
#15258 = SURFACE_CURVE('',#15259,(#15263,#15270),.PCURVE_S1.);
#15259 = B_SPLINE_CURVE_WITH_KNOTS('',2,(#15260,#15261,#15262),
  .UNSPECIFIED.,.F.,.F.,(3,3),(0.,1.),.PIECEWISE_BEZIER_KNOTS.);
#15260 = CARTESIAN_POINT('',(13.712495117187,8.604996490479,20.3));
#15261 = CARTESIAN_POINT('',(14.047504882813,8.604996490479,20.3));
#15262 = CARTESIAN_POINT('',(14.235004882813,8.774999745687,20.3));
#15263 = PCURVE('',#13893,#15264);
#15264 = DEFINITIONAL_REPRESENTATION('',(#15265),#15269);
#15265 = LINE('',#15266,#15267);
#15266 = CARTESIAN_POINT('',(0.,0.));
#15267 = VECTOR('',#15268,1.);
#15268 = DIRECTION('',(1.,0.));
#15269 = ( GEOMETRIC_REPRESENTATION_CONTEXT(2) 
PARAMETRIC_REPRESENTATION_CONTEXT() REPRESENTATION_CONTEXT('2D SPACE',''
  ) );
#15270 = PCURVE('',#15168,#15271);
#15271 = DEFINITIONAL_REPRESENTATION('',(#15272),#15276);
#15272 = B_SPLINE_CURVE_WITH_KNOTS('',2,(#15273,#15274,#15275),
  .UNSPECIFIED.,.F.,.F.,(3,3),(0.,1.),.PIECEWISE_BEZIER_KNOTS.);
#15273 = CARTESIAN_POINT('',(15.712495117187,10.604996490479));
#15274 = CARTESIAN_POINT('',(16.047504882813,10.604996490479));
#15275 = CARTESIAN_POINT('',(16.235004882813,10.774999745687));
#15276 = ( GEOMETRIC_REPRESENTATION_CONTEXT(2) 
PARAMETRIC_REPRESENTATION_CONTEXT() REPRESENTATION_CONTEXT('2D SPACE',''
  ) );
#15277 = ADVANCED_FACE('',(#15278),#13923,.T.);
#15278 = FACE_BOUND('',#15279,.T.);
#15279 = EDGE_LOOP('',(#15280,#15281,#15282,#15305));
#15280 = ORIENTED_EDGE('',*,*,#15234,.T.);
#15281 = ORIENTED_EDGE('',*,*,#13907,.T.);
#15282 = ORIENTED_EDGE('',*,*,#15283,.F.);
#15283 = EDGE_CURVE('',#15284,#13908,#15286,.T.);
#15284 = VERTEX_POINT('',#15285);
#15285 = CARTESIAN_POINT('',(14.422504882813,9.245003000895,20.3));
#15286 = SURFACE_CURVE('',#15287,(#15291,#15298),.PCURVE_S1.);
#15287 = LINE('',#15288,#15289);
#15288 = CARTESIAN_POINT('',(14.422504882813,9.245003000895,20.3));
#15289 = VECTOR('',#15290,1.);
#15290 = DIRECTION('',(-0.,-0.,-1.));
#15291 = PCURVE('',#13923,#15292);
#15292 = DEFINITIONAL_REPRESENTATION('',(#15293),#15297);
#15293 = LINE('',#15294,#15295);
#15294 = CARTESIAN_POINT('',(1.,0.));
#15295 = VECTOR('',#15296,1.);
#15296 = DIRECTION('',(0.,-1.));
#15297 = ( GEOMETRIC_REPRESENTATION_CONTEXT(2) 
PARAMETRIC_REPRESENTATION_CONTEXT() REPRESENTATION_CONTEXT('2D SPACE',''
  ) );
#15298 = PCURVE('',#13953,#15299);
#15299 = DEFINITIONAL_REPRESENTATION('',(#15300),#15304);
#15300 = LINE('',#15301,#15302);
#15301 = CARTESIAN_POINT('',(0.,0.));
#15302 = VECTOR('',#15303,1.);
#15303 = DIRECTION('',(0.,-1.));
#15304 = ( GEOMETRIC_REPRESENTATION_CONTEXT(2) 
PARAMETRIC_REPRESENTATION_CONTEXT() REPRESENTATION_CONTEXT('2D SPACE',''
  ) );
#15305 = ORIENTED_EDGE('',*,*,#15306,.F.);
#15306 = EDGE_CURVE('',#15235,#15284,#15307,.T.);
#15307 = SURFACE_CURVE('',#15308,(#15312,#15319),.PCURVE_S1.);
#15308 = B_SPLINE_CURVE_WITH_KNOTS('',2,(#15309,#15310,#15311),
  .UNSPECIFIED.,.F.,.F.,(3,3),(0.,1.),.PIECEWISE_BEZIER_KNOTS.);
#15309 = CARTESIAN_POINT('',(14.235004882813,8.774999745687,20.3));
#15310 = CARTESIAN_POINT('',(14.422504882813,8.945003000895,20.3));
#15311 = CARTESIAN_POINT('',(14.422504882813,9.245003000895,20.3));
#15312 = PCURVE('',#13923,#15313);
#15313 = DEFINITIONAL_REPRESENTATION('',(#15314),#15318);
#15314 = LINE('',#15315,#15316);
#15315 = CARTESIAN_POINT('',(0.,0.));
#15316 = VECTOR('',#15317,1.);
#15317 = DIRECTION('',(1.,0.));
#15318 = ( GEOMETRIC_REPRESENTATION_CONTEXT(2) 
PARAMETRIC_REPRESENTATION_CONTEXT() REPRESENTATION_CONTEXT('2D SPACE',''
  ) );
#15319 = PCURVE('',#15168,#15320);
#15320 = DEFINITIONAL_REPRESENTATION('',(#15321),#15325);
#15321 = B_SPLINE_CURVE_WITH_KNOTS('',2,(#15322,#15323,#15324),
  .UNSPECIFIED.,.F.,.F.,(3,3),(0.,1.),.PIECEWISE_BEZIER_KNOTS.);
#15322 = CARTESIAN_POINT('',(16.235004882813,10.774999745687));
#15323 = CARTESIAN_POINT('',(16.422504882813,10.945003000895));
#15324 = CARTESIAN_POINT('',(16.422504882813,11.245003000895));
#15325 = ( GEOMETRIC_REPRESENTATION_CONTEXT(2) 
PARAMETRIC_REPRESENTATION_CONTEXT() REPRESENTATION_CONTEXT('2D SPACE',''
  ) );
#15326 = ADVANCED_FACE('',(#15327),#13953,.T.);
#15327 = FACE_BOUND('',#15328,.T.);
#15328 = EDGE_LOOP('',(#15329,#15330,#15331,#15354));
#15329 = ORIENTED_EDGE('',*,*,#15283,.T.);
#15330 = ORIENTED_EDGE('',*,*,#13937,.T.);
#15331 = ORIENTED_EDGE('',*,*,#15332,.F.);
#15332 = EDGE_CURVE('',#15333,#13938,#15335,.T.);
#15333 = VERTEX_POINT('',#15334);
#15334 = CARTESIAN_POINT('',(14.235004882813,9.714998118083,20.3));
#15335 = SURFACE_CURVE('',#15336,(#15340,#15347),.PCURVE_S1.);
#15336 = LINE('',#15337,#15338);
#15337 = CARTESIAN_POINT('',(14.235004882813,9.714998118083,20.3));
#15338 = VECTOR('',#15339,1.);
#15339 = DIRECTION('',(-0.,-0.,-1.));
#15340 = PCURVE('',#13953,#15341);
#15341 = DEFINITIONAL_REPRESENTATION('',(#15342),#15346);
#15342 = LINE('',#15343,#15344);
#15343 = CARTESIAN_POINT('',(1.,0.));
#15344 = VECTOR('',#15345,1.);
#15345 = DIRECTION('',(0.,-1.));
#15346 = ( GEOMETRIC_REPRESENTATION_CONTEXT(2) 
PARAMETRIC_REPRESENTATION_CONTEXT() REPRESENTATION_CONTEXT('2D SPACE',''
  ) );
#15347 = PCURVE('',#13983,#15348);
#15348 = DEFINITIONAL_REPRESENTATION('',(#15349),#15353);
#15349 = LINE('',#15350,#15351);
#15350 = CARTESIAN_POINT('',(0.,0.));
#15351 = VECTOR('',#15352,1.);
#15352 = DIRECTION('',(0.,-1.));
#15353 = ( GEOMETRIC_REPRESENTATION_CONTEXT(2) 
PARAMETRIC_REPRESENTATION_CONTEXT() REPRESENTATION_CONTEXT('2D SPACE',''
  ) );
#15354 = ORIENTED_EDGE('',*,*,#15355,.F.);
#15355 = EDGE_CURVE('',#15284,#15333,#15356,.T.);
#15356 = SURFACE_CURVE('',#15357,(#15361,#15368),.PCURVE_S1.);
#15357 = B_SPLINE_CURVE_WITH_KNOTS('',2,(#15358,#15359,#15360),
  .UNSPECIFIED.,.F.,.F.,(3,3),(0.,1.),.PIECEWISE_BEZIER_KNOTS.);
#15358 = CARTESIAN_POINT('',(14.422504882813,9.245003000895,20.3));
#15359 = CARTESIAN_POINT('',(14.422504882813,9.545003000895,20.3));
#15360 = CARTESIAN_POINT('',(14.235004882813,9.714998118083,20.3));
#15361 = PCURVE('',#13953,#15362);
#15362 = DEFINITIONAL_REPRESENTATION('',(#15363),#15367);
#15363 = LINE('',#15364,#15365);
#15364 = CARTESIAN_POINT('',(0.,0.));
#15365 = VECTOR('',#15366,1.);
#15366 = DIRECTION('',(1.,0.));
#15367 = ( GEOMETRIC_REPRESENTATION_CONTEXT(2) 
PARAMETRIC_REPRESENTATION_CONTEXT() REPRESENTATION_CONTEXT('2D SPACE',''
  ) );
#15368 = PCURVE('',#15168,#15369);
#15369 = DEFINITIONAL_REPRESENTATION('',(#15370),#15374);
#15370 = B_SPLINE_CURVE_WITH_KNOTS('',2,(#15371,#15372,#15373),
  .UNSPECIFIED.,.F.,.F.,(3,3),(0.,1.),.PIECEWISE_BEZIER_KNOTS.);
#15371 = CARTESIAN_POINT('',(16.422504882813,11.245003000895));
#15372 = CARTESIAN_POINT('',(16.422504882813,11.545003000895));
#15373 = CARTESIAN_POINT('',(16.235004882813,11.714998118083));
#15374 = ( GEOMETRIC_REPRESENTATION_CONTEXT(2) 
PARAMETRIC_REPRESENTATION_CONTEXT() REPRESENTATION_CONTEXT('2D SPACE',''
  ) );
#15375 = ADVANCED_FACE('',(#15376),#13983,.T.);
#15376 = FACE_BOUND('',#15377,.T.);
#15377 = EDGE_LOOP('',(#15378,#15379,#15380,#15403));
#15378 = ORIENTED_EDGE('',*,*,#15332,.T.);
#15379 = ORIENTED_EDGE('',*,*,#13967,.T.);
#15380 = ORIENTED_EDGE('',*,*,#15381,.F.);
#15381 = EDGE_CURVE('',#15382,#13968,#15384,.T.);
#15382 = VERTEX_POINT('',#15383);
#15383 = CARTESIAN_POINT('',(13.712495117187,9.88499323527,20.3));
#15384 = SURFACE_CURVE('',#15385,(#15389,#15396),.PCURVE_S1.);
#15385 = LINE('',#15386,#15387);
#15386 = CARTESIAN_POINT('',(13.712495117187,9.88499323527,20.3));
#15387 = VECTOR('',#15388,1.);
#15388 = DIRECTION('',(-0.,-0.,-1.));
#15389 = PCURVE('',#13983,#15390);
#15390 = DEFINITIONAL_REPRESENTATION('',(#15391),#15395);
#15391 = LINE('',#15392,#15393);
#15392 = CARTESIAN_POINT('',(1.,0.));
#15393 = VECTOR('',#15394,1.);
#15394 = DIRECTION('',(0.,-1.));
#15395 = ( GEOMETRIC_REPRESENTATION_CONTEXT(2) 
PARAMETRIC_REPRESENTATION_CONTEXT() REPRESENTATION_CONTEXT('2D SPACE',''
  ) );
#15396 = PCURVE('',#14011,#15397);
#15397 = DEFINITIONAL_REPRESENTATION('',(#15398),#15402);
#15398 = LINE('',#15399,#15400);
#15399 = CARTESIAN_POINT('',(0.,0.));
#15400 = VECTOR('',#15401,1.);
#15401 = DIRECTION('',(0.,-1.));
#15402 = ( GEOMETRIC_REPRESENTATION_CONTEXT(2) 
PARAMETRIC_REPRESENTATION_CONTEXT() REPRESENTATION_CONTEXT('2D SPACE',''
  ) );
#15403 = ORIENTED_EDGE('',*,*,#15404,.F.);
#15404 = EDGE_CURVE('',#15333,#15382,#15405,.T.);
#15405 = SURFACE_CURVE('',#15406,(#15410,#15417),.PCURVE_S1.);
#15406 = B_SPLINE_CURVE_WITH_KNOTS('',2,(#15407,#15408,#15409),
  .UNSPECIFIED.,.F.,.F.,(3,3),(0.,1.),.PIECEWISE_BEZIER_KNOTS.);
#15407 = CARTESIAN_POINT('',(14.235004882813,9.714998118083,20.3));
#15408 = CARTESIAN_POINT('',(14.047504882813,9.88499323527,20.3));
#15409 = CARTESIAN_POINT('',(13.712495117187,9.88499323527,20.3));
#15410 = PCURVE('',#13983,#15411);
#15411 = DEFINITIONAL_REPRESENTATION('',(#15412),#15416);
#15412 = LINE('',#15413,#15414);
#15413 = CARTESIAN_POINT('',(0.,0.));
#15414 = VECTOR('',#15415,1.);
#15415 = DIRECTION('',(1.,0.));
#15416 = ( GEOMETRIC_REPRESENTATION_CONTEXT(2) 
PARAMETRIC_REPRESENTATION_CONTEXT() REPRESENTATION_CONTEXT('2D SPACE',''
  ) );
#15417 = PCURVE('',#15168,#15418);
#15418 = DEFINITIONAL_REPRESENTATION('',(#15419),#15423);
#15419 = B_SPLINE_CURVE_WITH_KNOTS('',2,(#15420,#15421,#15422),
  .UNSPECIFIED.,.F.,.F.,(3,3),(0.,1.),.PIECEWISE_BEZIER_KNOTS.);
#15420 = CARTESIAN_POINT('',(16.235004882813,11.714998118083));
#15421 = CARTESIAN_POINT('',(16.047504882813,11.88499323527));
#15422 = CARTESIAN_POINT('',(15.712495117187,11.88499323527));
#15423 = ( GEOMETRIC_REPRESENTATION_CONTEXT(2) 
PARAMETRIC_REPRESENTATION_CONTEXT() REPRESENTATION_CONTEXT('2D SPACE',''
  ) );
#15424 = ADVANCED_FACE('',(#15425),#14011,.T.);
#15425 = FACE_BOUND('',#15426,.T.);
#15426 = EDGE_LOOP('',(#15427,#15428,#15429,#15430));
#15427 = ORIENTED_EDGE('',*,*,#15381,.T.);
#15428 = ORIENTED_EDGE('',*,*,#13997,.T.);
#15429 = ORIENTED_EDGE('',*,*,#15107,.F.);
#15430 = ORIENTED_EDGE('',*,*,#15431,.F.);
#15431 = EDGE_CURVE('',#15382,#15108,#15432,.T.);
#15432 = SURFACE_CURVE('',#15433,(#15437,#15444),.PCURVE_S1.);
#15433 = LINE('',#15434,#15435);
#15434 = CARTESIAN_POINT('',(13.712495117187,9.88499323527,20.3));
#15435 = VECTOR('',#15436,1.);
#15436 = DIRECTION('',(-1.,0.,0.));
#15437 = PCURVE('',#14011,#15438);
#15438 = DEFINITIONAL_REPRESENTATION('',(#15439),#15443);
#15439 = LINE('',#15440,#15441);
#15440 = CARTESIAN_POINT('',(0.,0.));
#15441 = VECTOR('',#15442,1.);
#15442 = DIRECTION('',(1.,0.));
#15443 = ( GEOMETRIC_REPRESENTATION_CONTEXT(2) 
PARAMETRIC_REPRESENTATION_CONTEXT() REPRESENTATION_CONTEXT('2D SPACE',''
  ) );
#15444 = PCURVE('',#15168,#15445);
#15445 = DEFINITIONAL_REPRESENTATION('',(#15446),#15450);
#15446 = LINE('',#15447,#15448);
#15447 = CARTESIAN_POINT('',(15.712495117187,11.88499323527));
#15448 = VECTOR('',#15449,1.);
#15449 = DIRECTION('',(-1.,0.));
#15450 = ( GEOMETRIC_REPRESENTATION_CONTEXT(2) 
PARAMETRIC_REPRESENTATION_CONTEXT() REPRESENTATION_CONTEXT('2D SPACE',''
  ) );
#15451 = ADVANCED_FACE('',(#15452),#14054,.T.);
#15452 = FACE_BOUND('',#15453,.T.);
#15453 = EDGE_LOOP('',(#15454,#15477,#15478,#15501));
#15454 = ORIENTED_EDGE('',*,*,#15455,.T.);
#15455 = EDGE_CURVE('',#15456,#14037,#15458,.T.);
#15456 = VERTEX_POINT('',#15457);
#15457 = CARTESIAN_POINT('',(18.037478841146,8.95999323527,20.3));
#15458 = SURFACE_CURVE('',#15459,(#15463,#15470),.PCURVE_S1.);
#15459 = LINE('',#15460,#15461);
#15460 = CARTESIAN_POINT('',(18.037478841146,8.95999323527,20.3));
#15461 = VECTOR('',#15462,1.);
#15462 = DIRECTION('',(-0.,-0.,-1.));
#15463 = PCURVE('',#14054,#15464);
#15464 = DEFINITIONAL_REPRESENTATION('',(#15465),#15469);
#15465 = LINE('',#15466,#15467);
#15466 = CARTESIAN_POINT('',(0.,0.));
#15467 = VECTOR('',#15468,1.);
#15468 = DIRECTION('',(0.,-1.));
#15469 = ( GEOMETRIC_REPRESENTATION_CONTEXT(2) 
PARAMETRIC_REPRESENTATION_CONTEXT() REPRESENTATION_CONTEXT('2D SPACE',''
  ) );
#15470 = PCURVE('',#14262,#15471);
#15471 = DEFINITIONAL_REPRESENTATION('',(#15472),#15476);
#15472 = LINE('',#15473,#15474);
#15473 = CARTESIAN_POINT('',(1.,0.));
#15474 = VECTOR('',#15475,1.);
#15475 = DIRECTION('',(0.,-1.));
#15476 = ( GEOMETRIC_REPRESENTATION_CONTEXT(2) 
PARAMETRIC_REPRESENTATION_CONTEXT() REPRESENTATION_CONTEXT('2D SPACE',''
  ) );
#15477 = ORIENTED_EDGE('',*,*,#14036,.T.);
#15478 = ORIENTED_EDGE('',*,*,#15479,.F.);
#15479 = EDGE_CURVE('',#15480,#14039,#15482,.T.);
#15480 = VERTEX_POINT('',#15481);
#15481 = CARTESIAN_POINT('',(17.487478841146,8.687499745687,20.3));
#15482 = SURFACE_CURVE('',#15483,(#15487,#15494),.PCURVE_S1.);
#15483 = LINE('',#15484,#15485);
#15484 = CARTESIAN_POINT('',(17.487478841146,8.687499745687,20.3));
#15485 = VECTOR('',#15486,1.);
#15486 = DIRECTION('',(-0.,-0.,-1.));
#15487 = PCURVE('',#14054,#15488);
#15488 = DEFINITIONAL_REPRESENTATION('',(#15489),#15493);
#15489 = LINE('',#15490,#15491);
#15490 = CARTESIAN_POINT('',(1.,0.));
#15491 = VECTOR('',#15492,1.);
#15492 = DIRECTION('',(0.,-1.));
#15493 = ( GEOMETRIC_REPRESENTATION_CONTEXT(2) 
PARAMETRIC_REPRESENTATION_CONTEXT() REPRESENTATION_CONTEXT('2D SPACE',''
  ) );
#15494 = PCURVE('',#14084,#15495);
#15495 = DEFINITIONAL_REPRESENTATION('',(#15496),#15500);
#15496 = LINE('',#15497,#15498);
#15497 = CARTESIAN_POINT('',(0.,0.));
#15498 = VECTOR('',#15499,1.);
#15499 = DIRECTION('',(0.,-1.));
#15500 = ( GEOMETRIC_REPRESENTATION_CONTEXT(2) 
PARAMETRIC_REPRESENTATION_CONTEXT() REPRESENTATION_CONTEXT('2D SPACE',''
  ) );
#15501 = ORIENTED_EDGE('',*,*,#15502,.F.);
#15502 = EDGE_CURVE('',#15456,#15480,#15503,.T.);
#15503 = SURFACE_CURVE('',#15504,(#15508,#15515),.PCURVE_S1.);
#15504 = B_SPLINE_CURVE_WITH_KNOTS('',2,(#15505,#15506,#15507),
  .UNSPECIFIED.,.F.,.F.,(3,3),(0.,1.),.PIECEWISE_BEZIER_KNOTS.);
#15505 = CARTESIAN_POINT('',(18.037478841146,8.95999323527,20.3));
#15506 = CARTESIAN_POINT('',(17.687478841146,8.95999323527,20.3));
#15507 = CARTESIAN_POINT('',(17.487478841146,8.687499745687,20.3));
#15508 = PCURVE('',#14054,#15509);
#15509 = DEFINITIONAL_REPRESENTATION('',(#15510),#15514);
#15510 = LINE('',#15511,#15512);
#15511 = CARTESIAN_POINT('',(0.,0.));
#15512 = VECTOR('',#15513,1.);
#15513 = DIRECTION('',(1.,0.));
#15514 = ( GEOMETRIC_REPRESENTATION_CONTEXT(2) 
PARAMETRIC_REPRESENTATION_CONTEXT() REPRESENTATION_CONTEXT('2D SPACE',''
  ) );
#15515 = PCURVE('',#15516,#15521);
#15516 = PLANE('',#15517);
#15517 = AXIS2_PLACEMENT_3D('',#15518,#15519,#15520);
#15518 = CARTESIAN_POINT('',(-2.,-2.,20.3));
#15519 = DIRECTION('',(0.,0.,1.));
#15520 = DIRECTION('',(1.,0.,0.));
#15521 = DEFINITIONAL_REPRESENTATION('',(#15522),#15526);
#15522 = B_SPLINE_CURVE_WITH_KNOTS('',2,(#15523,#15524,#15525),
  .UNSPECIFIED.,.F.,.F.,(3,3),(0.,1.),.PIECEWISE_BEZIER_KNOTS.);
#15523 = CARTESIAN_POINT('',(20.037478841146,10.95999323527));
#15524 = CARTESIAN_POINT('',(19.687478841146,10.95999323527));
#15525 = CARTESIAN_POINT('',(19.487478841146,10.687499745687));
#15526 = ( GEOMETRIC_REPRESENTATION_CONTEXT(2) 
PARAMETRIC_REPRESENTATION_CONTEXT() REPRESENTATION_CONTEXT('2D SPACE',''
  ) );
#15527 = ADVANCED_FACE('',(#15528),#14084,.T.);
#15528 = FACE_BOUND('',#15529,.T.);
#15529 = EDGE_LOOP('',(#15530,#15531,#15532,#15555));
#15530 = ORIENTED_EDGE('',*,*,#15479,.T.);
#15531 = ORIENTED_EDGE('',*,*,#14068,.T.);
#15532 = ORIENTED_EDGE('',*,*,#15533,.F.);
#15533 = EDGE_CURVE('',#15534,#14069,#15536,.T.);
#15534 = VERTEX_POINT('',#15535);
#15535 = CARTESIAN_POINT('',(17.287478841146,7.940006256104,20.3));
#15536 = SURFACE_CURVE('',#15537,(#15541,#15548),.PCURVE_S1.);
#15537 = LINE('',#15538,#15539);
#15538 = CARTESIAN_POINT('',(17.287478841146,7.940006256104,20.3));
#15539 = VECTOR('',#15540,1.);
#15540 = DIRECTION('',(-0.,-0.,-1.));
#15541 = PCURVE('',#14084,#15542);
#15542 = DEFINITIONAL_REPRESENTATION('',(#15543),#15547);
#15543 = LINE('',#15544,#15545);
#15544 = CARTESIAN_POINT('',(1.,0.));
#15545 = VECTOR('',#15546,1.);
#15546 = DIRECTION('',(0.,-1.));
#15547 = ( GEOMETRIC_REPRESENTATION_CONTEXT(2) 
PARAMETRIC_REPRESENTATION_CONTEXT() REPRESENTATION_CONTEXT('2D SPACE',''
  ) );
#15548 = PCURVE('',#14114,#15549);
#15549 = DEFINITIONAL_REPRESENTATION('',(#15550),#15554);
#15550 = LINE('',#15551,#15552);
#15551 = CARTESIAN_POINT('',(0.,0.));
#15552 = VECTOR('',#15553,1.);
#15553 = DIRECTION('',(0.,-1.));
#15554 = ( GEOMETRIC_REPRESENTATION_CONTEXT(2) 
PARAMETRIC_REPRESENTATION_CONTEXT() REPRESENTATION_CONTEXT('2D SPACE',''
  ) );
#15555 = ORIENTED_EDGE('',*,*,#15556,.F.);
#15556 = EDGE_CURVE('',#15480,#15534,#15557,.T.);
#15557 = SURFACE_CURVE('',#15558,(#15562,#15569),.PCURVE_S1.);
#15558 = B_SPLINE_CURVE_WITH_KNOTS('',2,(#15559,#15560,#15561),
  .UNSPECIFIED.,.F.,.F.,(3,3),(0.,1.),.PIECEWISE_BEZIER_KNOTS.);
#15559 = CARTESIAN_POINT('',(17.487478841146,8.687499745687,20.3));
#15560 = CARTESIAN_POINT('',(17.287478841146,8.415006256104,20.3));
#15561 = CARTESIAN_POINT('',(17.287478841146,7.940006256104,20.3));
#15562 = PCURVE('',#14084,#15563);
#15563 = DEFINITIONAL_REPRESENTATION('',(#15564),#15568);
#15564 = LINE('',#15565,#15566);
#15565 = CARTESIAN_POINT('',(0.,0.));
#15566 = VECTOR('',#15567,1.);
#15567 = DIRECTION('',(1.,0.));
#15568 = ( GEOMETRIC_REPRESENTATION_CONTEXT(2) 
PARAMETRIC_REPRESENTATION_CONTEXT() REPRESENTATION_CONTEXT('2D SPACE',''
  ) );
#15569 = PCURVE('',#15516,#15570);
#15570 = DEFINITIONAL_REPRESENTATION('',(#15571),#15575);
#15571 = B_SPLINE_CURVE_WITH_KNOTS('',2,(#15572,#15573,#15574),
  .UNSPECIFIED.,.F.,.F.,(3,3),(0.,1.),.PIECEWISE_BEZIER_KNOTS.);
#15572 = CARTESIAN_POINT('',(19.487478841146,10.687499745687));
#15573 = CARTESIAN_POINT('',(19.287478841146,10.415006256104));
#15574 = CARTESIAN_POINT('',(19.287478841146,9.940006256104));
#15575 = ( GEOMETRIC_REPRESENTATION_CONTEXT(2) 
PARAMETRIC_REPRESENTATION_CONTEXT() REPRESENTATION_CONTEXT('2D SPACE',''
  ) );
#15576 = ADVANCED_FACE('',(#15577),#14114,.T.);
#15577 = FACE_BOUND('',#15578,.T.);
#15578 = EDGE_LOOP('',(#15579,#15580,#15581,#15604));
#15579 = ORIENTED_EDGE('',*,*,#15533,.T.);
#15580 = ORIENTED_EDGE('',*,*,#14098,.T.);
#15581 = ORIENTED_EDGE('',*,*,#15582,.F.);
#15582 = EDGE_CURVE('',#15583,#14099,#15585,.T.);
#15583 = VERTEX_POINT('',#15584);
#15584 = CARTESIAN_POINT('',(17.487478841146,7.192504628499,20.3));
#15585 = SURFACE_CURVE('',#15586,(#15590,#15597),.PCURVE_S1.);
#15586 = LINE('',#15587,#15588);
#15587 = CARTESIAN_POINT('',(17.487478841146,7.192504628499,20.3));
#15588 = VECTOR('',#15589,1.);
#15589 = DIRECTION('',(-0.,-0.,-1.));
#15590 = PCURVE('',#14114,#15591);
#15591 = DEFINITIONAL_REPRESENTATION('',(#15592),#15596);
#15592 = LINE('',#15593,#15594);
#15593 = CARTESIAN_POINT('',(1.,0.));
#15594 = VECTOR('',#15595,1.);
#15595 = DIRECTION('',(0.,-1.));
#15596 = ( GEOMETRIC_REPRESENTATION_CONTEXT(2) 
PARAMETRIC_REPRESENTATION_CONTEXT() REPRESENTATION_CONTEXT('2D SPACE',''
  ) );
#15597 = PCURVE('',#14144,#15598);
#15598 = DEFINITIONAL_REPRESENTATION('',(#15599),#15603);
#15599 = LINE('',#15600,#15601);
#15600 = CARTESIAN_POINT('',(0.,0.));
#15601 = VECTOR('',#15602,1.);
#15602 = DIRECTION('',(0.,-1.));
#15603 = ( GEOMETRIC_REPRESENTATION_CONTEXT(2) 
PARAMETRIC_REPRESENTATION_CONTEXT() REPRESENTATION_CONTEXT('2D SPACE',''
  ) );
#15604 = ORIENTED_EDGE('',*,*,#15605,.F.);
#15605 = EDGE_CURVE('',#15534,#15583,#15606,.T.);
#15606 = SURFACE_CURVE('',#15607,(#15611,#15618),.PCURVE_S1.);
#15607 = B_SPLINE_CURVE_WITH_KNOTS('',2,(#15608,#15609,#15610),
  .UNSPECIFIED.,.F.,.F.,(3,3),(0.,1.),.PIECEWISE_BEZIER_KNOTS.);
#15608 = CARTESIAN_POINT('',(17.287478841146,7.940006256104,20.3));
#15609 = CARTESIAN_POINT('',(17.287478841146,7.465006256104,20.3));
#15610 = CARTESIAN_POINT('',(17.487478841146,7.192504628499,20.3));
#15611 = PCURVE('',#14114,#15612);
#15612 = DEFINITIONAL_REPRESENTATION('',(#15613),#15617);
#15613 = LINE('',#15614,#15615);
#15614 = CARTESIAN_POINT('',(0.,0.));
#15615 = VECTOR('',#15616,1.);
#15616 = DIRECTION('',(1.,0.));
#15617 = ( GEOMETRIC_REPRESENTATION_CONTEXT(2) 
PARAMETRIC_REPRESENTATION_CONTEXT() REPRESENTATION_CONTEXT('2D SPACE',''
  ) );
#15618 = PCURVE('',#15516,#15619);
#15619 = DEFINITIONAL_REPRESENTATION('',(#15620),#15624);
#15620 = B_SPLINE_CURVE_WITH_KNOTS('',2,(#15621,#15622,#15623),
  .UNSPECIFIED.,.F.,.F.,(3,3),(0.,1.),.PIECEWISE_BEZIER_KNOTS.);
#15621 = CARTESIAN_POINT('',(19.287478841146,9.940006256104));
#15622 = CARTESIAN_POINT('',(19.287478841146,9.465006256104));
#15623 = CARTESIAN_POINT('',(19.487478841146,9.192504628499));
#15624 = ( GEOMETRIC_REPRESENTATION_CONTEXT(2) 
PARAMETRIC_REPRESENTATION_CONTEXT() REPRESENTATION_CONTEXT('2D SPACE',''
  ) );
#15625 = ADVANCED_FACE('',(#15626),#14144,.T.);
#15626 = FACE_BOUND('',#15627,.T.);
#15627 = EDGE_LOOP('',(#15628,#15629,#15630,#15653));
#15628 = ORIENTED_EDGE('',*,*,#15582,.T.);
#15629 = ORIENTED_EDGE('',*,*,#14128,.T.);
#15630 = ORIENTED_EDGE('',*,*,#15631,.F.);
#15631 = EDGE_CURVE('',#15632,#14129,#15634,.T.);
#15632 = VERTEX_POINT('',#15633);
#15633 = CARTESIAN_POINT('',(18.037478841146,6.920003000895,20.3));
#15634 = SURFACE_CURVE('',#15635,(#15639,#15646),.PCURVE_S1.);
#15635 = LINE('',#15636,#15637);
#15636 = CARTESIAN_POINT('',(18.037478841146,6.920003000895,20.3));
#15637 = VECTOR('',#15638,1.);
#15638 = DIRECTION('',(-0.,-0.,-1.));
#15639 = PCURVE('',#14144,#15640);
#15640 = DEFINITIONAL_REPRESENTATION('',(#15641),#15645);
#15641 = LINE('',#15642,#15643);
#15642 = CARTESIAN_POINT('',(1.,0.));
#15643 = VECTOR('',#15644,1.);
#15644 = DIRECTION('',(0.,-1.));
#15645 = ( GEOMETRIC_REPRESENTATION_CONTEXT(2) 
PARAMETRIC_REPRESENTATION_CONTEXT() REPRESENTATION_CONTEXT('2D SPACE',''
  ) );
#15646 = PCURVE('',#14174,#15647);
#15647 = DEFINITIONAL_REPRESENTATION('',(#15648),#15652);
#15648 = LINE('',#15649,#15650);
#15649 = CARTESIAN_POINT('',(0.,0.));
#15650 = VECTOR('',#15651,1.);
#15651 = DIRECTION('',(0.,-1.));
#15652 = ( GEOMETRIC_REPRESENTATION_CONTEXT(2) 
PARAMETRIC_REPRESENTATION_CONTEXT() REPRESENTATION_CONTEXT('2D SPACE',''
  ) );
#15653 = ORIENTED_EDGE('',*,*,#15654,.F.);
#15654 = EDGE_CURVE('',#15583,#15632,#15655,.T.);
#15655 = SURFACE_CURVE('',#15656,(#15660,#15667),.PCURVE_S1.);
#15656 = B_SPLINE_CURVE_WITH_KNOTS('',2,(#15657,#15658,#15659),
  .UNSPECIFIED.,.F.,.F.,(3,3),(0.,1.),.PIECEWISE_BEZIER_KNOTS.);
#15657 = CARTESIAN_POINT('',(17.487478841146,7.192504628499,20.3));
#15658 = CARTESIAN_POINT('',(17.687478841146,6.920003000895,20.3));
#15659 = CARTESIAN_POINT('',(18.037478841146,6.920003000895,20.3));
#15660 = PCURVE('',#14144,#15661);
#15661 = DEFINITIONAL_REPRESENTATION('',(#15662),#15666);
#15662 = LINE('',#15663,#15664);
#15663 = CARTESIAN_POINT('',(0.,0.));
#15664 = VECTOR('',#15665,1.);
#15665 = DIRECTION('',(1.,0.));
#15666 = ( GEOMETRIC_REPRESENTATION_CONTEXT(2) 
PARAMETRIC_REPRESENTATION_CONTEXT() REPRESENTATION_CONTEXT('2D SPACE',''
  ) );
#15667 = PCURVE('',#15516,#15668);
#15668 = DEFINITIONAL_REPRESENTATION('',(#15669),#15673);
#15669 = B_SPLINE_CURVE_WITH_KNOTS('',2,(#15670,#15671,#15672),
  .UNSPECIFIED.,.F.,.F.,(3,3),(0.,1.),.PIECEWISE_BEZIER_KNOTS.);
#15670 = CARTESIAN_POINT('',(19.487478841146,9.192504628499));
#15671 = CARTESIAN_POINT('',(19.687478841146,8.920003000895));
#15672 = CARTESIAN_POINT('',(20.037478841146,8.920003000895));
#15673 = ( GEOMETRIC_REPRESENTATION_CONTEXT(2) 
PARAMETRIC_REPRESENTATION_CONTEXT() REPRESENTATION_CONTEXT('2D SPACE',''
  ) );
#15674 = ADVANCED_FACE('',(#15675),#14174,.T.);
#15675 = FACE_BOUND('',#15676,.T.);
#15676 = EDGE_LOOP('',(#15677,#15678,#15679,#15702));
#15677 = ORIENTED_EDGE('',*,*,#15631,.T.);
#15678 = ORIENTED_EDGE('',*,*,#14158,.T.);
#15679 = ORIENTED_EDGE('',*,*,#15680,.F.);
#15680 = EDGE_CURVE('',#15681,#14159,#15683,.T.);
#15681 = VERTEX_POINT('',#15682);
#15682 = CARTESIAN_POINT('',(18.58498046875,7.192504628499,20.3));
#15683 = SURFACE_CURVE('',#15684,(#15688,#15695),.PCURVE_S1.);
#15684 = LINE('',#15685,#15686);
#15685 = CARTESIAN_POINT('',(18.58498046875,7.192504628499,20.3));
#15686 = VECTOR('',#15687,1.);
#15687 = DIRECTION('',(-0.,-0.,-1.));
#15688 = PCURVE('',#14174,#15689);
#15689 = DEFINITIONAL_REPRESENTATION('',(#15690),#15694);
#15690 = LINE('',#15691,#15692);
#15691 = CARTESIAN_POINT('',(1.,0.));
#15692 = VECTOR('',#15693,1.);
#15693 = DIRECTION('',(0.,-1.));
#15694 = ( GEOMETRIC_REPRESENTATION_CONTEXT(2) 
PARAMETRIC_REPRESENTATION_CONTEXT() REPRESENTATION_CONTEXT('2D SPACE',''
  ) );
#15695 = PCURVE('',#14204,#15696);
#15696 = DEFINITIONAL_REPRESENTATION('',(#15697),#15701);
#15697 = LINE('',#15698,#15699);
#15698 = CARTESIAN_POINT('',(0.,0.));
#15699 = VECTOR('',#15700,1.);
#15700 = DIRECTION('',(0.,-1.));
#15701 = ( GEOMETRIC_REPRESENTATION_CONTEXT(2) 
PARAMETRIC_REPRESENTATION_CONTEXT() REPRESENTATION_CONTEXT('2D SPACE',''
  ) );
#15702 = ORIENTED_EDGE('',*,*,#15703,.F.);
#15703 = EDGE_CURVE('',#15632,#15681,#15704,.T.);
#15704 = SURFACE_CURVE('',#15705,(#15709,#15716),.PCURVE_S1.);
#15705 = B_SPLINE_CURVE_WITH_KNOTS('',2,(#15706,#15707,#15708),
  .UNSPECIFIED.,.F.,.F.,(3,3),(0.,1.),.PIECEWISE_BEZIER_KNOTS.);
#15706 = CARTESIAN_POINT('',(18.037478841146,6.920003000895,20.3));
#15707 = CARTESIAN_POINT('',(18.382482096354,6.920003000895,20.3));
#15708 = CARTESIAN_POINT('',(18.58498046875,7.192504628499,20.3));
#15709 = PCURVE('',#14174,#15710);
#15710 = DEFINITIONAL_REPRESENTATION('',(#15711),#15715);
#15711 = LINE('',#15712,#15713);
#15712 = CARTESIAN_POINT('',(0.,0.));
#15713 = VECTOR('',#15714,1.);
#15714 = DIRECTION('',(1.,0.));
#15715 = ( GEOMETRIC_REPRESENTATION_CONTEXT(2) 
PARAMETRIC_REPRESENTATION_CONTEXT() REPRESENTATION_CONTEXT('2D SPACE',''
  ) );
#15716 = PCURVE('',#15516,#15717);
#15717 = DEFINITIONAL_REPRESENTATION('',(#15718),#15722);
#15718 = B_SPLINE_CURVE_WITH_KNOTS('',2,(#15719,#15720,#15721),
  .UNSPECIFIED.,.F.,.F.,(3,3),(0.,1.),.PIECEWISE_BEZIER_KNOTS.);
#15719 = CARTESIAN_POINT('',(20.037478841146,8.920003000895));
#15720 = CARTESIAN_POINT('',(20.382482096354,8.920003000895));
#15721 = CARTESIAN_POINT('',(20.58498046875,9.192504628499));
#15722 = ( GEOMETRIC_REPRESENTATION_CONTEXT(2) 
PARAMETRIC_REPRESENTATION_CONTEXT() REPRESENTATION_CONTEXT('2D SPACE',''
  ) );
#15723 = ADVANCED_FACE('',(#15724),#14204,.T.);
#15724 = FACE_BOUND('',#15725,.T.);
#15725 = EDGE_LOOP('',(#15726,#15727,#15728,#15751));
#15726 = ORIENTED_EDGE('',*,*,#15680,.T.);
#15727 = ORIENTED_EDGE('',*,*,#14188,.T.);
#15728 = ORIENTED_EDGE('',*,*,#15729,.F.);
#15729 = EDGE_CURVE('',#15730,#14189,#15732,.T.);
#15730 = VERTEX_POINT('',#15731);
#15731 = CARTESIAN_POINT('',(18.787478841146,7.924999745687,20.3));
#15732 = SURFACE_CURVE('',#15733,(#15737,#15744),.PCURVE_S1.);
#15733 = LINE('',#15734,#15735);
#15734 = CARTESIAN_POINT('',(18.787478841146,7.924999745687,20.3));
#15735 = VECTOR('',#15736,1.);
#15736 = DIRECTION('',(-0.,-0.,-1.));
#15737 = PCURVE('',#14204,#15738);
#15738 = DEFINITIONAL_REPRESENTATION('',(#15739),#15743);
#15739 = LINE('',#15740,#15741);
#15740 = CARTESIAN_POINT('',(1.,0.));
#15741 = VECTOR('',#15742,1.);
#15742 = DIRECTION('',(0.,-1.));
#15743 = ( GEOMETRIC_REPRESENTATION_CONTEXT(2) 
PARAMETRIC_REPRESENTATION_CONTEXT() REPRESENTATION_CONTEXT('2D SPACE',''
  ) );
#15744 = PCURVE('',#14234,#15745);
#15745 = DEFINITIONAL_REPRESENTATION('',(#15746),#15750);
#15746 = LINE('',#15747,#15748);
#15747 = CARTESIAN_POINT('',(0.,0.));
#15748 = VECTOR('',#15749,1.);
#15749 = DIRECTION('',(0.,-1.));
#15750 = ( GEOMETRIC_REPRESENTATION_CONTEXT(2) 
PARAMETRIC_REPRESENTATION_CONTEXT() REPRESENTATION_CONTEXT('2D SPACE',''
  ) );
#15751 = ORIENTED_EDGE('',*,*,#15752,.F.);
#15752 = EDGE_CURVE('',#15681,#15730,#15753,.T.);
#15753 = SURFACE_CURVE('',#15754,(#15758,#15765),.PCURVE_S1.);
#15754 = B_SPLINE_CURVE_WITH_KNOTS('',2,(#15755,#15756,#15757),
  .UNSPECIFIED.,.F.,.F.,(3,3),(0.,1.),.PIECEWISE_BEZIER_KNOTS.);
#15755 = CARTESIAN_POINT('',(18.58498046875,7.192504628499,20.3));
#15756 = CARTESIAN_POINT('',(18.787478841146,7.465006256104,20.3));
#15757 = CARTESIAN_POINT('',(18.787478841146,7.924999745687,20.3));
#15758 = PCURVE('',#14204,#15759);
#15759 = DEFINITIONAL_REPRESENTATION('',(#15760),#15764);
#15760 = LINE('',#15761,#15762);
#15761 = CARTESIAN_POINT('',(0.,0.));
#15762 = VECTOR('',#15763,1.);
#15763 = DIRECTION('',(1.,0.));
#15764 = ( GEOMETRIC_REPRESENTATION_CONTEXT(2) 
PARAMETRIC_REPRESENTATION_CONTEXT() REPRESENTATION_CONTEXT('2D SPACE',''
  ) );
#15765 = PCURVE('',#15516,#15766);
#15766 = DEFINITIONAL_REPRESENTATION('',(#15767),#15771);
#15767 = B_SPLINE_CURVE_WITH_KNOTS('',2,(#15768,#15769,#15770),
  .UNSPECIFIED.,.F.,.F.,(3,3),(0.,1.),.PIECEWISE_BEZIER_KNOTS.);
#15768 = CARTESIAN_POINT('',(20.58498046875,9.192504628499));
#15769 = CARTESIAN_POINT('',(20.787478841146,9.465006256104));
#15770 = CARTESIAN_POINT('',(20.787478841146,9.924999745687));
#15771 = ( GEOMETRIC_REPRESENTATION_CONTEXT(2) 
PARAMETRIC_REPRESENTATION_CONTEXT() REPRESENTATION_CONTEXT('2D SPACE',''
  ) );
#15772 = ADVANCED_FACE('',(#15773),#14234,.T.);
#15773 = FACE_BOUND('',#15774,.T.);
#15774 = EDGE_LOOP('',(#15775,#15776,#15777,#15800));
#15775 = ORIENTED_EDGE('',*,*,#15729,.T.);
#15776 = ORIENTED_EDGE('',*,*,#14218,.T.);
#15777 = ORIENTED_EDGE('',*,*,#15778,.F.);
#15778 = EDGE_CURVE('',#15779,#14219,#15781,.T.);
#15779 = VERTEX_POINT('',#15780);
#15780 = CARTESIAN_POINT('',(18.589985351563,8.68499323527,20.3));
#15781 = SURFACE_CURVE('',#15782,(#15786,#15793),.PCURVE_S1.);
#15782 = LINE('',#15783,#15784);
#15783 = CARTESIAN_POINT('',(18.589985351563,8.68499323527,20.3));
#15784 = VECTOR('',#15785,1.);
#15785 = DIRECTION('',(-0.,-0.,-1.));
#15786 = PCURVE('',#14234,#15787);
#15787 = DEFINITIONAL_REPRESENTATION('',(#15788),#15792);
#15788 = LINE('',#15789,#15790);
#15789 = CARTESIAN_POINT('',(1.,0.));
#15790 = VECTOR('',#15791,1.);
#15791 = DIRECTION('',(0.,-1.));
#15792 = ( GEOMETRIC_REPRESENTATION_CONTEXT(2) 
PARAMETRIC_REPRESENTATION_CONTEXT() REPRESENTATION_CONTEXT('2D SPACE',''
  ) );
#15793 = PCURVE('',#14262,#15794);
#15794 = DEFINITIONAL_REPRESENTATION('',(#15795),#15799);
#15795 = LINE('',#15796,#15797);
#15796 = CARTESIAN_POINT('',(0.,0.));
#15797 = VECTOR('',#15798,1.);
#15798 = DIRECTION('',(0.,-1.));
#15799 = ( GEOMETRIC_REPRESENTATION_CONTEXT(2) 
PARAMETRIC_REPRESENTATION_CONTEXT() REPRESENTATION_CONTEXT('2D SPACE',''
  ) );
#15800 = ORIENTED_EDGE('',*,*,#15801,.F.);
#15801 = EDGE_CURVE('',#15730,#15779,#15802,.T.);
#15802 = SURFACE_CURVE('',#15803,(#15807,#15814),.PCURVE_S1.);
#15803 = B_SPLINE_CURVE_WITH_KNOTS('',2,(#15804,#15805,#15806),
  .UNSPECIFIED.,.F.,.F.,(3,3),(0.,1.),.PIECEWISE_BEZIER_KNOTS.);
#15804 = CARTESIAN_POINT('',(18.787478841146,7.924999745687,20.3));
#15805 = CARTESIAN_POINT('',(18.787478841146,8.40999323527,20.3));
#15806 = CARTESIAN_POINT('',(18.589985351563,8.68499323527,20.3));
#15807 = PCURVE('',#14234,#15808);
#15808 = DEFINITIONAL_REPRESENTATION('',(#15809),#15813);
#15809 = LINE('',#15810,#15811);
#15810 = CARTESIAN_POINT('',(0.,0.));
#15811 = VECTOR('',#15812,1.);
#15812 = DIRECTION('',(1.,0.));
#15813 = ( GEOMETRIC_REPRESENTATION_CONTEXT(2) 
PARAMETRIC_REPRESENTATION_CONTEXT() REPRESENTATION_CONTEXT('2D SPACE',''
  ) );
#15814 = PCURVE('',#15516,#15815);
#15815 = DEFINITIONAL_REPRESENTATION('',(#15816),#15820);
#15816 = B_SPLINE_CURVE_WITH_KNOTS('',2,(#15817,#15818,#15819),
  .UNSPECIFIED.,.F.,.F.,(3,3),(0.,1.),.PIECEWISE_BEZIER_KNOTS.);
#15817 = CARTESIAN_POINT('',(20.787478841146,9.924999745687));
#15818 = CARTESIAN_POINT('',(20.787478841146,10.40999323527));
#15819 = CARTESIAN_POINT('',(20.589985351563,10.68499323527));
#15820 = ( GEOMETRIC_REPRESENTATION_CONTEXT(2) 
PARAMETRIC_REPRESENTATION_CONTEXT() REPRESENTATION_CONTEXT('2D SPACE',''
  ) );
#15821 = ADVANCED_FACE('',(#15822),#14262,.T.);
#15822 = FACE_BOUND('',#15823,.T.);
#15823 = EDGE_LOOP('',(#15824,#15825,#15826,#15827));
#15824 = ORIENTED_EDGE('',*,*,#15778,.T.);
#15825 = ORIENTED_EDGE('',*,*,#14248,.T.);
#15826 = ORIENTED_EDGE('',*,*,#15455,.F.);
#15827 = ORIENTED_EDGE('',*,*,#15828,.F.);
#15828 = EDGE_CURVE('',#15779,#15456,#15829,.T.);
#15829 = SURFACE_CURVE('',#15830,(#15834,#15841),.PCURVE_S1.);
#15830 = B_SPLINE_CURVE_WITH_KNOTS('',2,(#15831,#15832,#15833),
  .UNSPECIFIED.,.F.,.F.,(3,3),(0.,1.),.PIECEWISE_BEZIER_KNOTS.);
#15831 = CARTESIAN_POINT('',(18.589985351563,8.68499323527,20.3));
#15832 = CARTESIAN_POINT('',(18.392491861979,8.95999323527,20.3));
#15833 = CARTESIAN_POINT('',(18.037478841146,8.95999323527,20.3));
#15834 = PCURVE('',#14262,#15835);
#15835 = DEFINITIONAL_REPRESENTATION('',(#15836),#15840);
#15836 = LINE('',#15837,#15838);
#15837 = CARTESIAN_POINT('',(0.,0.));
#15838 = VECTOR('',#15839,1.);
#15839 = DIRECTION('',(1.,0.));
#15840 = ( GEOMETRIC_REPRESENTATION_CONTEXT(2) 
PARAMETRIC_REPRESENTATION_CONTEXT() REPRESENTATION_CONTEXT('2D SPACE',''
  ) );
#15841 = PCURVE('',#15516,#15842);
#15842 = DEFINITIONAL_REPRESENTATION('',(#15843),#15847);
#15843 = B_SPLINE_CURVE_WITH_KNOTS('',2,(#15844,#15845,#15846),
  .UNSPECIFIED.,.F.,.F.,(3,3),(0.,1.),.PIECEWISE_BEZIER_KNOTS.);
#15844 = CARTESIAN_POINT('',(20.589985351563,10.68499323527));
#15845 = CARTESIAN_POINT('',(20.392491861979,10.95999323527));
#15846 = CARTESIAN_POINT('',(20.037478841146,10.95999323527));
#15847 = ( GEOMETRIC_REPRESENTATION_CONTEXT(2) 
PARAMETRIC_REPRESENTATION_CONTEXT() REPRESENTATION_CONTEXT('2D SPACE',''
  ) );
#15848 = ADVANCED_FACE('',(#15849),#14389,.T.);
#15849 = FACE_BOUND('',#15850,.T.);
#15850 = EDGE_LOOP('',(#15851,#15874,#15875,#15898));
#15851 = ORIENTED_EDGE('',*,*,#15852,.T.);
#15852 = EDGE_CURVE('',#15853,#14372,#15855,.T.);
#15853 = VERTEX_POINT('',#15854);
#15854 = CARTESIAN_POINT('',(27.222488606771,6.899999745687,20.3));
#15855 = SURFACE_CURVE('',#15856,(#15860,#15867),.PCURVE_S1.);
#15856 = LINE('',#15857,#15858);
#15857 = CARTESIAN_POINT('',(27.222488606771,6.899999745687,20.3));
#15858 = VECTOR('',#15859,1.);
#15859 = DIRECTION('',(-0.,-0.,-1.));
#15860 = PCURVE('',#14389,#15861);
#15861 = DEFINITIONAL_REPRESENTATION('',(#15862),#15866);
#15862 = LINE('',#15863,#15864);
#15863 = CARTESIAN_POINT('',(0.,0.));
#15864 = VECTOR('',#15865,1.);
#15865 = DIRECTION('',(0.,-1.));
#15866 = ( GEOMETRIC_REPRESENTATION_CONTEXT(2) 
PARAMETRIC_REPRESENTATION_CONTEXT() REPRESENTATION_CONTEXT('2D SPACE',''
  ) );
#15867 = PCURVE('',#14625,#15868);
#15868 = DEFINITIONAL_REPRESENTATION('',(#15869),#15873);
#15869 = LINE('',#15870,#15871);
#15870 = CARTESIAN_POINT('',(1.,0.));
#15871 = VECTOR('',#15872,1.);
#15872 = DIRECTION('',(0.,-1.));
#15873 = ( GEOMETRIC_REPRESENTATION_CONTEXT(2) 
PARAMETRIC_REPRESENTATION_CONTEXT() REPRESENTATION_CONTEXT('2D SPACE',''
  ) );
#15874 = ORIENTED_EDGE('',*,*,#14371,.T.);
#15875 = ORIENTED_EDGE('',*,*,#15876,.F.);
#15876 = EDGE_CURVE('',#15877,#14374,#15879,.T.);
#15877 = VERTEX_POINT('',#15878);
#15878 = CARTESIAN_POINT('',(27.787486979167,7.082503000895,20.3));
#15879 = SURFACE_CURVE('',#15880,(#15884,#15891),.PCURVE_S1.);
#15880 = LINE('',#15881,#15882);
#15881 = CARTESIAN_POINT('',(27.787486979167,7.082503000895,20.3));
#15882 = VECTOR('',#15883,1.);
#15883 = DIRECTION('',(-0.,-0.,-1.));
#15884 = PCURVE('',#14389,#15885);
#15885 = DEFINITIONAL_REPRESENTATION('',(#15886),#15890);
#15886 = LINE('',#15887,#15888);
#15887 = CARTESIAN_POINT('',(1.,0.));
#15888 = VECTOR('',#15889,1.);
#15889 = DIRECTION('',(0.,-1.));
#15890 = ( GEOMETRIC_REPRESENTATION_CONTEXT(2) 
PARAMETRIC_REPRESENTATION_CONTEXT() REPRESENTATION_CONTEXT('2D SPACE',''
  ) );
#15891 = PCURVE('',#14419,#15892);
#15892 = DEFINITIONAL_REPRESENTATION('',(#15893),#15897);
#15893 = LINE('',#15894,#15895);
#15894 = CARTESIAN_POINT('',(0.,0.));
#15895 = VECTOR('',#15896,1.);
#15896 = DIRECTION('',(0.,-1.));
#15897 = ( GEOMETRIC_REPRESENTATION_CONTEXT(2) 
PARAMETRIC_REPRESENTATION_CONTEXT() REPRESENTATION_CONTEXT('2D SPACE',''
  ) );
#15898 = ORIENTED_EDGE('',*,*,#15899,.F.);
#15899 = EDGE_CURVE('',#15853,#15877,#15900,.T.);
#15900 = SURFACE_CURVE('',#15901,(#15905,#15912),.PCURVE_S1.);
#15901 = B_SPLINE_CURVE_WITH_KNOTS('',2,(#15902,#15903,#15904),
  .UNSPECIFIED.,.F.,.F.,(3,3),(0.,1.),.PIECEWISE_BEZIER_KNOTS.);
#15902 = CARTESIAN_POINT('',(27.222488606771,6.899999745687,20.3));
#15903 = CARTESIAN_POINT('',(27.567491861979,6.899999745687,20.3));
#15904 = CARTESIAN_POINT('',(27.787486979167,7.082503000895,20.3));
#15905 = PCURVE('',#14389,#15906);
#15906 = DEFINITIONAL_REPRESENTATION('',(#15907),#15911);
#15907 = LINE('',#15908,#15909);
#15908 = CARTESIAN_POINT('',(0.,0.));
#15909 = VECTOR('',#15910,1.);
#15910 = DIRECTION('',(1.,0.));
#15911 = ( GEOMETRIC_REPRESENTATION_CONTEXT(2) 
PARAMETRIC_REPRESENTATION_CONTEXT() REPRESENTATION_CONTEXT('2D SPACE',''
  ) );
#15912 = PCURVE('',#15913,#15918);
#15913 = PLANE('',#15914);
#15914 = AXIS2_PLACEMENT_3D('',#15915,#15916,#15917);
#15915 = CARTESIAN_POINT('',(-2.,-2.,20.3));
#15916 = DIRECTION('',(0.,0.,1.));
#15917 = DIRECTION('',(1.,0.,0.));
#15918 = DEFINITIONAL_REPRESENTATION('',(#15919),#15923);
#15919 = B_SPLINE_CURVE_WITH_KNOTS('',2,(#15920,#15921,#15922),
  .UNSPECIFIED.,.F.,.F.,(3,3),(0.,1.),.PIECEWISE_BEZIER_KNOTS.);
#15920 = CARTESIAN_POINT('',(29.222488606771,8.899999745687));
#15921 = CARTESIAN_POINT('',(29.567491861979,8.899999745687));
#15922 = CARTESIAN_POINT('',(29.787486979167,9.082503000895));
#15923 = ( GEOMETRIC_REPRESENTATION_CONTEXT(2) 
PARAMETRIC_REPRESENTATION_CONTEXT() REPRESENTATION_CONTEXT('2D SPACE',''
  ) );
#15924 = ADVANCED_FACE('',(#15925),#14419,.T.);
#15925 = FACE_BOUND('',#15926,.T.);
#15926 = EDGE_LOOP('',(#15927,#15928,#15929,#15952));
#15927 = ORIENTED_EDGE('',*,*,#15876,.T.);
#15928 = ORIENTED_EDGE('',*,*,#14403,.T.);
#15929 = ORIENTED_EDGE('',*,*,#15930,.F.);
#15930 = EDGE_CURVE('',#15931,#14404,#15933,.T.);
#15931 = VERTEX_POINT('',#15932);
#15932 = CARTESIAN_POINT('',(28.007482096354,7.474999745687,20.3));
#15933 = SURFACE_CURVE('',#15934,(#15938,#15945),.PCURVE_S1.);
#15934 = LINE('',#15935,#15936);
#15935 = CARTESIAN_POINT('',(28.007482096354,7.474999745687,20.3));
#15936 = VECTOR('',#15937,1.);
#15937 = DIRECTION('',(-0.,-0.,-1.));
#15938 = PCURVE('',#14419,#15939);
#15939 = DEFINITIONAL_REPRESENTATION('',(#15940),#15944);
#15940 = LINE('',#15941,#15942);
#15941 = CARTESIAN_POINT('',(1.,0.));
#15942 = VECTOR('',#15943,1.);
#15943 = DIRECTION('',(0.,-1.));
#15944 = ( GEOMETRIC_REPRESENTATION_CONTEXT(2) 
PARAMETRIC_REPRESENTATION_CONTEXT() REPRESENTATION_CONTEXT('2D SPACE',''
  ) );
#15945 = PCURVE('',#14449,#15946);
#15946 = DEFINITIONAL_REPRESENTATION('',(#15947),#15951);
#15947 = LINE('',#15948,#15949);
#15948 = CARTESIAN_POINT('',(0.,0.));
#15949 = VECTOR('',#15950,1.);
#15950 = DIRECTION('',(0.,-1.));
#15951 = ( GEOMETRIC_REPRESENTATION_CONTEXT(2) 
PARAMETRIC_REPRESENTATION_CONTEXT() REPRESENTATION_CONTEXT('2D SPACE',''
  ) );
#15952 = ORIENTED_EDGE('',*,*,#15953,.F.);
#15953 = EDGE_CURVE('',#15877,#15931,#15954,.T.);
#15954 = SURFACE_CURVE('',#15955,(#15959,#15966),.PCURVE_S1.);
#15955 = B_SPLINE_CURVE_WITH_KNOTS('',2,(#15956,#15957,#15958),
  .UNSPECIFIED.,.F.,.F.,(3,3),(0.,1.),.PIECEWISE_BEZIER_KNOTS.);
#15956 = CARTESIAN_POINT('',(27.787486979167,7.082503000895,20.3));
#15957 = CARTESIAN_POINT('',(28.007482096354,7.265006256104,20.3));
#15958 = CARTESIAN_POINT('',(28.007482096354,7.474999745687,20.3));
#15959 = PCURVE('',#14419,#15960);
#15960 = DEFINITIONAL_REPRESENTATION('',(#15961),#15965);
#15961 = LINE('',#15962,#15963);
#15962 = CARTESIAN_POINT('',(0.,0.));
#15963 = VECTOR('',#15964,1.);
#15964 = DIRECTION('',(1.,0.));
#15965 = ( GEOMETRIC_REPRESENTATION_CONTEXT(2) 
PARAMETRIC_REPRESENTATION_CONTEXT() REPRESENTATION_CONTEXT('2D SPACE',''
  ) );
#15966 = PCURVE('',#15913,#15967);
#15967 = DEFINITIONAL_REPRESENTATION('',(#15968),#15972);
#15968 = B_SPLINE_CURVE_WITH_KNOTS('',2,(#15969,#15970,#15971),
  .UNSPECIFIED.,.F.,.F.,(3,3),(0.,1.),.PIECEWISE_BEZIER_KNOTS.);
#15969 = CARTESIAN_POINT('',(29.787486979167,9.082503000895));
#15970 = CARTESIAN_POINT('',(30.007482096354,9.265006256104));
#15971 = CARTESIAN_POINT('',(30.007482096354,9.474999745687));
#15972 = ( GEOMETRIC_REPRESENTATION_CONTEXT(2) 
PARAMETRIC_REPRESENTATION_CONTEXT() REPRESENTATION_CONTEXT('2D SPACE',''
  ) );
#15973 = ADVANCED_FACE('',(#15974),#14449,.T.);
#15974 = FACE_BOUND('',#15975,.T.);
#15975 = EDGE_LOOP('',(#15976,#15977,#15978,#16001));
#15976 = ORIENTED_EDGE('',*,*,#15930,.T.);
#15977 = ORIENTED_EDGE('',*,*,#14433,.T.);
#15978 = ORIENTED_EDGE('',*,*,#15979,.F.);
#15979 = EDGE_CURVE('',#15980,#14434,#15982,.T.);
#15980 = VERTEX_POINT('',#15981);
#15981 = CARTESIAN_POINT('',(28.007482096354,7.945003000895,20.3));
#15982 = SURFACE_CURVE('',#15983,(#15987,#15994),.PCURVE_S1.);
#15983 = LINE('',#15984,#15985);
#15984 = CARTESIAN_POINT('',(28.007482096354,7.945003000895,20.3));
#15985 = VECTOR('',#15986,1.);
#15986 = DIRECTION('',(-0.,-0.,-1.));
#15987 = PCURVE('',#14449,#15988);
#15988 = DEFINITIONAL_REPRESENTATION('',(#15989),#15993);
#15989 = LINE('',#15990,#15991);
#15990 = CARTESIAN_POINT('',(0.470003255208,0.));
#15991 = VECTOR('',#15992,1.);
#15992 = DIRECTION('',(0.,-1.));
#15993 = ( GEOMETRIC_REPRESENTATION_CONTEXT(2) 
PARAMETRIC_REPRESENTATION_CONTEXT() REPRESENTATION_CONTEXT('2D SPACE',''
  ) );
#15994 = PCURVE('',#14477,#15995);
#15995 = DEFINITIONAL_REPRESENTATION('',(#15996),#16000);
#15996 = LINE('',#15997,#15998);
#15997 = CARTESIAN_POINT('',(0.,0.));
#15998 = VECTOR('',#15999,1.);
#15999 = DIRECTION('',(0.,-1.));
#16000 = ( GEOMETRIC_REPRESENTATION_CONTEXT(2) 
PARAMETRIC_REPRESENTATION_CONTEXT() REPRESENTATION_CONTEXT('2D SPACE',''
  ) );
#16001 = ORIENTED_EDGE('',*,*,#16002,.F.);
#16002 = EDGE_CURVE('',#15931,#15980,#16003,.T.);
#16003 = SURFACE_CURVE('',#16004,(#16008,#16015),.PCURVE_S1.);
#16004 = LINE('',#16005,#16006);
#16005 = CARTESIAN_POINT('',(28.007482096354,7.474999745687,20.3));
#16006 = VECTOR('',#16007,1.);
#16007 = DIRECTION('',(0.,1.,0.));
#16008 = PCURVE('',#14449,#16009);
#16009 = DEFINITIONAL_REPRESENTATION('',(#16010),#16014);
#16010 = LINE('',#16011,#16012);
#16011 = CARTESIAN_POINT('',(0.,0.));
#16012 = VECTOR('',#16013,1.);
#16013 = DIRECTION('',(1.,0.));
#16014 = ( GEOMETRIC_REPRESENTATION_CONTEXT(2) 
PARAMETRIC_REPRESENTATION_CONTEXT() REPRESENTATION_CONTEXT('2D SPACE',''
  ) );
#16015 = PCURVE('',#15913,#16016);
#16016 = DEFINITIONAL_REPRESENTATION('',(#16017),#16021);
#16017 = LINE('',#16018,#16019);
#16018 = CARTESIAN_POINT('',(30.007482096354,9.474999745687));
#16019 = VECTOR('',#16020,1.);
#16020 = DIRECTION('',(0.,1.));
#16021 = ( GEOMETRIC_REPRESENTATION_CONTEXT(2) 
PARAMETRIC_REPRESENTATION_CONTEXT() REPRESENTATION_CONTEXT('2D SPACE',''
  ) );
#16022 = ADVANCED_FACE('',(#16023),#14477,.T.);
#16023 = FACE_BOUND('',#16024,.T.);
#16024 = EDGE_LOOP('',(#16025,#16026,#16027,#16050));
#16025 = ORIENTED_EDGE('',*,*,#15979,.T.);
#16026 = ORIENTED_EDGE('',*,*,#14461,.T.);
#16027 = ORIENTED_EDGE('',*,*,#16028,.F.);
#16028 = EDGE_CURVE('',#16029,#14462,#16031,.T.);
#16029 = VERTEX_POINT('',#16030);
#16030 = CARTESIAN_POINT('',(27.629983723958,7.844994862874,20.3));
#16031 = SURFACE_CURVE('',#16032,(#16036,#16043),.PCURVE_S1.);
#16032 = LINE('',#16033,#16034);
#16033 = CARTESIAN_POINT('',(27.629983723958,7.844994862874,20.3));
#16034 = VECTOR('',#16035,1.);
#16035 = DIRECTION('',(-0.,-0.,-1.));
#16036 = PCURVE('',#14477,#16037);
#16037 = DEFINITIONAL_REPRESENTATION('',(#16038),#16042);
#16038 = LINE('',#16039,#16040);
#16039 = CARTESIAN_POINT('',(1.,0.));
#16040 = VECTOR('',#16041,1.);
#16041 = DIRECTION('',(0.,-1.));
#16042 = ( GEOMETRIC_REPRESENTATION_CONTEXT(2) 
PARAMETRIC_REPRESENTATION_CONTEXT() REPRESENTATION_CONTEXT('2D SPACE',''
  ) );
#16043 = PCURVE('',#14507,#16044);
#16044 = DEFINITIONAL_REPRESENTATION('',(#16045),#16049);
#16045 = LINE('',#16046,#16047);
#16046 = CARTESIAN_POINT('',(0.,0.));
#16047 = VECTOR('',#16048,1.);
#16048 = DIRECTION('',(0.,-1.));
#16049 = ( GEOMETRIC_REPRESENTATION_CONTEXT(2) 
PARAMETRIC_REPRESENTATION_CONTEXT() REPRESENTATION_CONTEXT('2D SPACE',''
  ) );
#16050 = ORIENTED_EDGE('',*,*,#16051,.F.);
#16051 = EDGE_CURVE('',#15980,#16029,#16052,.T.);
#16052 = SURFACE_CURVE('',#16053,(#16057,#16064),.PCURVE_S1.);
#16053 = B_SPLINE_CURVE_WITH_KNOTS('',2,(#16054,#16055,#16056),
  .UNSPECIFIED.,.F.,.F.,(3,3),(0.,1.),.PIECEWISE_BEZIER_KNOTS.);
#16054 = CARTESIAN_POINT('',(28.007482096354,7.945003000895,20.3));
#16055 = CARTESIAN_POINT('',(27.882482096354,7.88499323527,20.3));
#16056 = CARTESIAN_POINT('',(27.629983723958,7.844994862874,20.3));
#16057 = PCURVE('',#14477,#16058);
#16058 = DEFINITIONAL_REPRESENTATION('',(#16059),#16063);
#16059 = LINE('',#16060,#16061);
#16060 = CARTESIAN_POINT('',(0.,0.));
#16061 = VECTOR('',#16062,1.);
#16062 = DIRECTION('',(1.,0.));
#16063 = ( GEOMETRIC_REPRESENTATION_CONTEXT(2) 
PARAMETRIC_REPRESENTATION_CONTEXT() REPRESENTATION_CONTEXT('2D SPACE',''
  ) );
#16064 = PCURVE('',#15913,#16065);
#16065 = DEFINITIONAL_REPRESENTATION('',(#16066),#16070);
#16066 = B_SPLINE_CURVE_WITH_KNOTS('',2,(#16067,#16068,#16069),
  .UNSPECIFIED.,.F.,.F.,(3,3),(0.,1.),.PIECEWISE_BEZIER_KNOTS.);
#16067 = CARTESIAN_POINT('',(30.007482096354,9.945003000895));
#16068 = CARTESIAN_POINT('',(29.882482096354,9.88499323527));
#16069 = CARTESIAN_POINT('',(29.629983723958,9.844994862874));
#16070 = ( GEOMETRIC_REPRESENTATION_CONTEXT(2) 
PARAMETRIC_REPRESENTATION_CONTEXT() REPRESENTATION_CONTEXT('2D SPACE',''
  ) );
#16071 = ADVANCED_FACE('',(#16072),#14507,.T.);
#16072 = FACE_BOUND('',#16073,.T.);
#16073 = EDGE_LOOP('',(#16074,#16075,#16076,#16099));
#16074 = ORIENTED_EDGE('',*,*,#16028,.T.);
#16075 = ORIENTED_EDGE('',*,*,#14491,.T.);
#16076 = ORIENTED_EDGE('',*,*,#16077,.F.);
#16077 = EDGE_CURVE('',#16078,#14492,#16080,.T.);
#16078 = VERTEX_POINT('',#16079);
#16079 = CARTESIAN_POINT('',(27.192483723958,7.774999745687,20.3));
#16080 = SURFACE_CURVE('',#16081,(#16085,#16092),.PCURVE_S1.);
#16081 = LINE('',#16082,#16083);
#16082 = CARTESIAN_POINT('',(27.192483723958,7.774999745687,20.3));
#16083 = VECTOR('',#16084,1.);
#16084 = DIRECTION('',(-0.,-0.,-1.));
#16085 = PCURVE('',#14507,#16086);
#16086 = DEFINITIONAL_REPRESENTATION('',(#16087),#16091);
#16087 = LINE('',#16088,#16089);
#16088 = CARTESIAN_POINT('',(1.,0.));
#16089 = VECTOR('',#16090,1.);
#16090 = DIRECTION('',(0.,-1.));
#16091 = ( GEOMETRIC_REPRESENTATION_CONTEXT(2) 
PARAMETRIC_REPRESENTATION_CONTEXT() REPRESENTATION_CONTEXT('2D SPACE',''
  ) );
#16092 = PCURVE('',#14537,#16093);
#16093 = DEFINITIONAL_REPRESENTATION('',(#16094),#16098);
#16094 = LINE('',#16095,#16096);
#16095 = CARTESIAN_POINT('',(0.,0.));
#16096 = VECTOR('',#16097,1.);
#16097 = DIRECTION('',(0.,-1.));
#16098 = ( GEOMETRIC_REPRESENTATION_CONTEXT(2) 
PARAMETRIC_REPRESENTATION_CONTEXT() REPRESENTATION_CONTEXT('2D SPACE',''
  ) );
#16099 = ORIENTED_EDGE('',*,*,#16100,.F.);
#16100 = EDGE_CURVE('',#16029,#16078,#16101,.T.);
#16101 = SURFACE_CURVE('',#16102,(#16106,#16113),.PCURVE_S1.);
#16102 = B_SPLINE_CURVE_WITH_KNOTS('',2,(#16103,#16104,#16105),
  .UNSPECIFIED.,.F.,.F.,(3,3),(0.,1.),.PIECEWISE_BEZIER_KNOTS.);
#16103 = CARTESIAN_POINT('',(27.629983723958,7.844994862874,20.3));
#16104 = CARTESIAN_POINT('',(27.377485351562,7.804996490479,20.3));
#16105 = CARTESIAN_POINT('',(27.192483723958,7.774999745687,20.3));
#16106 = PCURVE('',#14507,#16107);
#16107 = DEFINITIONAL_REPRESENTATION('',(#16108),#16112);
#16108 = LINE('',#16109,#16110);
#16109 = CARTESIAN_POINT('',(0.,0.));
#16110 = VECTOR('',#16111,1.);
#16111 = DIRECTION('',(1.,0.));
#16112 = ( GEOMETRIC_REPRESENTATION_CONTEXT(2) 
PARAMETRIC_REPRESENTATION_CONTEXT() REPRESENTATION_CONTEXT('2D SPACE',''
  ) );
#16113 = PCURVE('',#15913,#16114);
#16114 = DEFINITIONAL_REPRESENTATION('',(#16115),#16119);
#16115 = B_SPLINE_CURVE_WITH_KNOTS('',2,(#16116,#16117,#16118),
  .UNSPECIFIED.,.F.,.F.,(3,3),(0.,1.),.PIECEWISE_BEZIER_KNOTS.);
#16116 = CARTESIAN_POINT('',(29.629983723958,9.844994862874));
#16117 = CARTESIAN_POINT('',(29.377485351562,9.804996490479));
#16118 = CARTESIAN_POINT('',(29.192483723958,9.774999745687));
#16119 = ( GEOMETRIC_REPRESENTATION_CONTEXT(2) 
PARAMETRIC_REPRESENTATION_CONTEXT() REPRESENTATION_CONTEXT('2D SPACE',''
  ) );
#16120 = ADVANCED_FACE('',(#16121),#14537,.T.);
#16121 = FACE_BOUND('',#16122,.T.);
#16122 = EDGE_LOOP('',(#16123,#16124,#16125,#16148));
#16123 = ORIENTED_EDGE('',*,*,#16077,.T.);
#16124 = ORIENTED_EDGE('',*,*,#14521,.T.);
#16125 = ORIENTED_EDGE('',*,*,#16126,.F.);
#16126 = EDGE_CURVE('',#16127,#14522,#16129,.T.);
#16127 = VERTEX_POINT('',#16128);
#16128 = CARTESIAN_POINT('',(26.857482096354,7.632503000895,20.3));
#16129 = SURFACE_CURVE('',#16130,(#16134,#16141),.PCURVE_S1.);
#16130 = LINE('',#16131,#16132);
#16131 = CARTESIAN_POINT('',(26.857482096354,7.632503000895,20.3));
#16132 = VECTOR('',#16133,1.);
#16133 = DIRECTION('',(-0.,-0.,-1.));
#16134 = PCURVE('',#14537,#16135);
#16135 = DEFINITIONAL_REPRESENTATION('',(#16136),#16140);
#16136 = LINE('',#16137,#16138);
#16137 = CARTESIAN_POINT('',(1.,0.));
#16138 = VECTOR('',#16139,1.);
#16139 = DIRECTION('',(0.,-1.));
#16140 = ( GEOMETRIC_REPRESENTATION_CONTEXT(2) 
PARAMETRIC_REPRESENTATION_CONTEXT() REPRESENTATION_CONTEXT('2D SPACE',''
  ) );
#16141 = PCURVE('',#14567,#16142);
#16142 = DEFINITIONAL_REPRESENTATION('',(#16143),#16147);
#16143 = LINE('',#16144,#16145);
#16144 = CARTESIAN_POINT('',(0.,0.));
#16145 = VECTOR('',#16146,1.);
#16146 = DIRECTION('',(0.,-1.));
#16147 = ( GEOMETRIC_REPRESENTATION_CONTEXT(2) 
PARAMETRIC_REPRESENTATION_CONTEXT() REPRESENTATION_CONTEXT('2D SPACE',''
  ) );
#16148 = ORIENTED_EDGE('',*,*,#16149,.F.);
#16149 = EDGE_CURVE('',#16078,#16127,#16150,.T.);
#16150 = SURFACE_CURVE('',#16151,(#16155,#16162),.PCURVE_S1.);
#16151 = B_SPLINE_CURVE_WITH_KNOTS('',2,(#16152,#16153,#16154),
  .UNSPECIFIED.,.F.,.F.,(3,3),(0.,1.),.PIECEWISE_BEZIER_KNOTS.);
#16152 = CARTESIAN_POINT('',(27.192483723958,7.774999745687,20.3));
#16153 = CARTESIAN_POINT('',(27.007482096354,7.745003000895,20.3));
#16154 = CARTESIAN_POINT('',(26.857482096354,7.632503000895,20.3));
#16155 = PCURVE('',#14537,#16156);
#16156 = DEFINITIONAL_REPRESENTATION('',(#16157),#16161);
#16157 = LINE('',#16158,#16159);
#16158 = CARTESIAN_POINT('',(0.,0.));
#16159 = VECTOR('',#16160,1.);
#16160 = DIRECTION('',(1.,0.));
#16161 = ( GEOMETRIC_REPRESENTATION_CONTEXT(2) 
PARAMETRIC_REPRESENTATION_CONTEXT() REPRESENTATION_CONTEXT('2D SPACE',''
  ) );
#16162 = PCURVE('',#15913,#16163);
#16163 = DEFINITIONAL_REPRESENTATION('',(#16164),#16168);
#16164 = B_SPLINE_CURVE_WITH_KNOTS('',2,(#16165,#16166,#16167),
  .UNSPECIFIED.,.F.,.F.,(3,3),(0.,1.),.PIECEWISE_BEZIER_KNOTS.);
#16165 = CARTESIAN_POINT('',(29.192483723958,9.774999745687));
#16166 = CARTESIAN_POINT('',(29.007482096354,9.745003000895));
#16167 = CARTESIAN_POINT('',(28.857482096354,9.632503000895));
#16168 = ( GEOMETRIC_REPRESENTATION_CONTEXT(2) 
PARAMETRIC_REPRESENTATION_CONTEXT() REPRESENTATION_CONTEXT('2D SPACE',''
  ) );
#16169 = ADVANCED_FACE('',(#16170),#14567,.T.);
#16170 = FACE_BOUND('',#16171,.T.);
#16171 = EDGE_LOOP('',(#16172,#16173,#16174,#16197));
#16172 = ORIENTED_EDGE('',*,*,#16126,.T.);
#16173 = ORIENTED_EDGE('',*,*,#14551,.T.);
#16174 = ORIENTED_EDGE('',*,*,#16175,.F.);
#16175 = EDGE_CURVE('',#16176,#14552,#16178,.T.);
#16176 = VERTEX_POINT('',#16177);
#16177 = CARTESIAN_POINT('',(26.707482096354,7.320003000895,20.3));
#16178 = SURFACE_CURVE('',#16179,(#16183,#16190),.PCURVE_S1.);
#16179 = LINE('',#16180,#16181);
#16180 = CARTESIAN_POINT('',(26.707482096354,7.320003000895,20.3));
#16181 = VECTOR('',#16182,1.);
#16182 = DIRECTION('',(-0.,-0.,-1.));
#16183 = PCURVE('',#14567,#16184);
#16184 = DEFINITIONAL_REPRESENTATION('',(#16185),#16189);
#16185 = LINE('',#16186,#16187);
#16186 = CARTESIAN_POINT('',(1.,0.));
#16187 = VECTOR('',#16188,1.);
#16188 = DIRECTION('',(0.,-1.));
#16189 = ( GEOMETRIC_REPRESENTATION_CONTEXT(2) 
PARAMETRIC_REPRESENTATION_CONTEXT() REPRESENTATION_CONTEXT('2D SPACE',''
  ) );
#16190 = PCURVE('',#14597,#16191);
#16191 = DEFINITIONAL_REPRESENTATION('',(#16192),#16196);
#16192 = LINE('',#16193,#16194);
#16193 = CARTESIAN_POINT('',(0.,0.));
#16194 = VECTOR('',#16195,1.);
#16195 = DIRECTION('',(0.,-1.));
#16196 = ( GEOMETRIC_REPRESENTATION_CONTEXT(2) 
PARAMETRIC_REPRESENTATION_CONTEXT() REPRESENTATION_CONTEXT('2D SPACE',''
  ) );
#16197 = ORIENTED_EDGE('',*,*,#16198,.F.);
#16198 = EDGE_CURVE('',#16127,#16176,#16199,.T.);
#16199 = SURFACE_CURVE('',#16200,(#16204,#16211),.PCURVE_S1.);
#16200 = B_SPLINE_CURVE_WITH_KNOTS('',2,(#16201,#16202,#16203),
  .UNSPECIFIED.,.F.,.F.,(3,3),(0.,1.),.PIECEWISE_BEZIER_KNOTS.);
#16201 = CARTESIAN_POINT('',(26.857482096354,7.632503000895,20.3));
#16202 = CARTESIAN_POINT('',(26.707482096354,7.520003000895,20.3));
#16203 = CARTESIAN_POINT('',(26.707482096354,7.320003000895,20.3));
#16204 = PCURVE('',#14567,#16205);
#16205 = DEFINITIONAL_REPRESENTATION('',(#16206),#16210);
#16206 = LINE('',#16207,#16208);
#16207 = CARTESIAN_POINT('',(0.,0.));
#16208 = VECTOR('',#16209,1.);
#16209 = DIRECTION('',(1.,0.));
#16210 = ( GEOMETRIC_REPRESENTATION_CONTEXT(2) 
PARAMETRIC_REPRESENTATION_CONTEXT() REPRESENTATION_CONTEXT('2D SPACE',''
  ) );
#16211 = PCURVE('',#15913,#16212);
#16212 = DEFINITIONAL_REPRESENTATION('',(#16213),#16217);
#16213 = B_SPLINE_CURVE_WITH_KNOTS('',2,(#16214,#16215,#16216),
  .UNSPECIFIED.,.F.,.F.,(3,3),(0.,1.),.PIECEWISE_BEZIER_KNOTS.);
#16214 = CARTESIAN_POINT('',(28.857482096354,9.632503000895));
#16215 = CARTESIAN_POINT('',(28.707482096354,9.520003000895));
#16216 = CARTESIAN_POINT('',(28.707482096354,9.320003000895));
#16217 = ( GEOMETRIC_REPRESENTATION_CONTEXT(2) 
PARAMETRIC_REPRESENTATION_CONTEXT() REPRESENTATION_CONTEXT('2D SPACE',''
  ) );
#16218 = ADVANCED_FACE('',(#16219),#14597,.T.);
#16219 = FACE_BOUND('',#16220,.T.);
#16220 = EDGE_LOOP('',(#16221,#16222,#16223,#16246));
#16221 = ORIENTED_EDGE('',*,*,#16175,.T.);
#16222 = ORIENTED_EDGE('',*,*,#14581,.T.);
#16223 = ORIENTED_EDGE('',*,*,#16224,.F.);
#16224 = EDGE_CURVE('',#16225,#14582,#16227,.T.);
#16225 = VERTEX_POINT('',#16226);
#16226 = CARTESIAN_POINT('',(26.842483723958,7.010001373291,20.3));
#16227 = SURFACE_CURVE('',#16228,(#16232,#16239),.PCURVE_S1.);
#16228 = LINE('',#16229,#16230);
#16229 = CARTESIAN_POINT('',(26.842483723958,7.010001373291,20.3));
#16230 = VECTOR('',#16231,1.);
#16231 = DIRECTION('',(-0.,-0.,-1.));
#16232 = PCURVE('',#14597,#16233);
#16233 = DEFINITIONAL_REPRESENTATION('',(#16234),#16238);
#16234 = LINE('',#16235,#16236);
#16235 = CARTESIAN_POINT('',(1.,0.));
#16236 = VECTOR('',#16237,1.);
#16237 = DIRECTION('',(0.,-1.));
#16238 = ( GEOMETRIC_REPRESENTATION_CONTEXT(2) 
PARAMETRIC_REPRESENTATION_CONTEXT() REPRESENTATION_CONTEXT('2D SPACE',''
  ) );
#16239 = PCURVE('',#14625,#16240);
#16240 = DEFINITIONAL_REPRESENTATION('',(#16241),#16245);
#16241 = LINE('',#16242,#16243);
#16242 = CARTESIAN_POINT('',(0.,0.));
#16243 = VECTOR('',#16244,1.);
#16244 = DIRECTION('',(0.,-1.));
#16245 = ( GEOMETRIC_REPRESENTATION_CONTEXT(2) 
PARAMETRIC_REPRESENTATION_CONTEXT() REPRESENTATION_CONTEXT('2D SPACE',''
  ) );
#16246 = ORIENTED_EDGE('',*,*,#16247,.F.);
#16247 = EDGE_CURVE('',#16176,#16225,#16248,.T.);
#16248 = SURFACE_CURVE('',#16249,(#16253,#16260),.PCURVE_S1.);
#16249 = B_SPLINE_CURVE_WITH_KNOTS('',2,(#16250,#16251,#16252),
  .UNSPECIFIED.,.F.,.F.,(3,3),(0.,1.),.PIECEWISE_BEZIER_KNOTS.);
#16250 = CARTESIAN_POINT('',(26.707482096354,7.320003000895,20.3));
#16251 = CARTESIAN_POINT('',(26.707482096354,7.120003000895,20.3));
#16252 = CARTESIAN_POINT('',(26.842483723958,7.010001373291,20.3));
#16253 = PCURVE('',#14597,#16254);
#16254 = DEFINITIONAL_REPRESENTATION('',(#16255),#16259);
#16255 = LINE('',#16256,#16257);
#16256 = CARTESIAN_POINT('',(0.,0.));
#16257 = VECTOR('',#16258,1.);
#16258 = DIRECTION('',(1.,0.));
#16259 = ( GEOMETRIC_REPRESENTATION_CONTEXT(2) 
PARAMETRIC_REPRESENTATION_CONTEXT() REPRESENTATION_CONTEXT('2D SPACE',''
  ) );
#16260 = PCURVE('',#15913,#16261);
#16261 = DEFINITIONAL_REPRESENTATION('',(#16262),#16266);
#16262 = B_SPLINE_CURVE_WITH_KNOTS('',2,(#16263,#16264,#16265),
  .UNSPECIFIED.,.F.,.F.,(3,3),(0.,1.),.PIECEWISE_BEZIER_KNOTS.);
#16263 = CARTESIAN_POINT('',(28.707482096354,9.320003000895));
#16264 = CARTESIAN_POINT('',(28.707482096354,9.120003000895));
#16265 = CARTESIAN_POINT('',(28.842483723958,9.010001373291));
#16266 = ( GEOMETRIC_REPRESENTATION_CONTEXT(2) 
PARAMETRIC_REPRESENTATION_CONTEXT() REPRESENTATION_CONTEXT('2D SPACE',''
  ) );
#16267 = ADVANCED_FACE('',(#16268),#14625,.T.);
#16268 = FACE_BOUND('',#16269,.T.);
#16269 = EDGE_LOOP('',(#16270,#16271,#16272,#16273));
#16270 = ORIENTED_EDGE('',*,*,#16224,.T.);
#16271 = ORIENTED_EDGE('',*,*,#14611,.T.);
#16272 = ORIENTED_EDGE('',*,*,#15852,.F.);
#16273 = ORIENTED_EDGE('',*,*,#16274,.F.);
#16274 = EDGE_CURVE('',#16225,#15853,#16275,.T.);
#16275 = SURFACE_CURVE('',#16276,(#16280,#16287),.PCURVE_S1.);
#16276 = B_SPLINE_CURVE_WITH_KNOTS('',2,(#16277,#16278,#16279),
  .UNSPECIFIED.,.F.,.F.,(3,3),(0.,1.),.PIECEWISE_BEZIER_KNOTS.);
#16277 = CARTESIAN_POINT('',(26.842483723958,7.010001373291,20.3));
#16278 = CARTESIAN_POINT('',(26.977485351562,6.899999745687,20.3));
#16279 = CARTESIAN_POINT('',(27.222488606771,6.899999745687,20.3));
#16280 = PCURVE('',#14625,#16281);
#16281 = DEFINITIONAL_REPRESENTATION('',(#16282),#16286);
#16282 = LINE('',#16283,#16284);
#16283 = CARTESIAN_POINT('',(0.,0.));
#16284 = VECTOR('',#16285,1.);
#16285 = DIRECTION('',(1.,0.));
#16286 = ( GEOMETRIC_REPRESENTATION_CONTEXT(2) 
PARAMETRIC_REPRESENTATION_CONTEXT() REPRESENTATION_CONTEXT('2D SPACE',''
  ) );
#16287 = PCURVE('',#15913,#16288);
#16288 = DEFINITIONAL_REPRESENTATION('',(#16289),#16293);
#16289 = B_SPLINE_CURVE_WITH_KNOTS('',2,(#16290,#16291,#16292),
  .UNSPECIFIED.,.F.,.F.,(3,3),(0.,1.),.PIECEWISE_BEZIER_KNOTS.);
#16290 = CARTESIAN_POINT('',(28.842483723958,9.010001373291));
#16291 = CARTESIAN_POINT('',(28.977485351562,8.899999745687));
#16292 = CARTESIAN_POINT('',(29.222488606771,8.899999745687));
#16293 = ( GEOMETRIC_REPRESENTATION_CONTEXT(2) 
PARAMETRIC_REPRESENTATION_CONTEXT() REPRESENTATION_CONTEXT('2D SPACE',''
  ) );
#16294 = ADVANCED_FACE('',(#16295),#14670,.T.);
#16295 = FACE_BOUND('',#16296,.T.);
#16296 = EDGE_LOOP('',(#16297,#16320,#16321,#16344));
#16297 = ORIENTED_EDGE('',*,*,#16298,.T.);
#16298 = EDGE_CURVE('',#16299,#14653,#16301,.T.);
#16299 = VERTEX_POINT('',#16300);
#16300 = CARTESIAN_POINT('',(30.147488606771,8.95999323527,20.3));
#16301 = SURFACE_CURVE('',#16302,(#16306,#16313),.PCURVE_S1.);
#16302 = LINE('',#16303,#16304);
#16303 = CARTESIAN_POINT('',(30.147488606771,8.95999323527,20.3));
#16304 = VECTOR('',#16305,1.);
#16305 = DIRECTION('',(-0.,-0.,-1.));
#16306 = PCURVE('',#14670,#16307);
#16307 = DEFINITIONAL_REPRESENTATION('',(#16308),#16312);
#16308 = LINE('',#16309,#16310);
#16309 = CARTESIAN_POINT('',(0.,0.));
#16310 = VECTOR('',#16311,1.);
#16311 = DIRECTION('',(0.,-1.));
#16312 = ( GEOMETRIC_REPRESENTATION_CONTEXT(2) 
PARAMETRIC_REPRESENTATION_CONTEXT() REPRESENTATION_CONTEXT('2D SPACE',''
  ) );
#16313 = PCURVE('',#14878,#16314);
#16314 = DEFINITIONAL_REPRESENTATION('',(#16315),#16319);
#16315 = LINE('',#16316,#16317);
#16316 = CARTESIAN_POINT('',(1.,0.));
#16317 = VECTOR('',#16318,1.);
#16318 = DIRECTION('',(0.,-1.));
#16319 = ( GEOMETRIC_REPRESENTATION_CONTEXT(2) 
PARAMETRIC_REPRESENTATION_CONTEXT() REPRESENTATION_CONTEXT('2D SPACE',''
  ) );
#16320 = ORIENTED_EDGE('',*,*,#14652,.T.);
#16321 = ORIENTED_EDGE('',*,*,#16322,.F.);
#16322 = EDGE_CURVE('',#16323,#14655,#16325,.T.);
#16323 = VERTEX_POINT('',#16324);
#16324 = CARTESIAN_POINT('',(29.597488606771,8.687499745687,20.3));
#16325 = SURFACE_CURVE('',#16326,(#16330,#16337),.PCURVE_S1.);
#16326 = LINE('',#16327,#16328);
#16327 = CARTESIAN_POINT('',(29.597488606771,8.687499745687,20.3));
#16328 = VECTOR('',#16329,1.);
#16329 = DIRECTION('',(-0.,-0.,-1.));
#16330 = PCURVE('',#14670,#16331);
#16331 = DEFINITIONAL_REPRESENTATION('',(#16332),#16336);
#16332 = LINE('',#16333,#16334);
#16333 = CARTESIAN_POINT('',(1.,0.));
#16334 = VECTOR('',#16335,1.);
#16335 = DIRECTION('',(0.,-1.));
#16336 = ( GEOMETRIC_REPRESENTATION_CONTEXT(2) 
PARAMETRIC_REPRESENTATION_CONTEXT() REPRESENTATION_CONTEXT('2D SPACE',''
  ) );
#16337 = PCURVE('',#14700,#16338);
#16338 = DEFINITIONAL_REPRESENTATION('',(#16339),#16343);
#16339 = LINE('',#16340,#16341);
#16340 = CARTESIAN_POINT('',(0.,0.));
#16341 = VECTOR('',#16342,1.);
#16342 = DIRECTION('',(0.,-1.));
#16343 = ( GEOMETRIC_REPRESENTATION_CONTEXT(2) 
PARAMETRIC_REPRESENTATION_CONTEXT() REPRESENTATION_CONTEXT('2D SPACE',''
  ) );
#16344 = ORIENTED_EDGE('',*,*,#16345,.F.);
#16345 = EDGE_CURVE('',#16299,#16323,#16346,.T.);
#16346 = SURFACE_CURVE('',#16347,(#16351,#16358),.PCURVE_S1.);
#16347 = B_SPLINE_CURVE_WITH_KNOTS('',2,(#16348,#16349,#16350),
  .UNSPECIFIED.,.F.,.F.,(3,3),(0.,1.),.PIECEWISE_BEZIER_KNOTS.);
#16348 = CARTESIAN_POINT('',(30.147488606771,8.95999323527,20.3));
#16349 = CARTESIAN_POINT('',(29.797488606771,8.95999323527,20.3));
#16350 = CARTESIAN_POINT('',(29.597488606771,8.687499745687,20.3));
#16351 = PCURVE('',#14670,#16352);
#16352 = DEFINITIONAL_REPRESENTATION('',(#16353),#16357);
#16353 = LINE('',#16354,#16355);
#16354 = CARTESIAN_POINT('',(0.,0.));
#16355 = VECTOR('',#16356,1.);
#16356 = DIRECTION('',(1.,0.));
#16357 = ( GEOMETRIC_REPRESENTATION_CONTEXT(2) 
PARAMETRIC_REPRESENTATION_CONTEXT() REPRESENTATION_CONTEXT('2D SPACE',''
  ) );
#16358 = PCURVE('',#16359,#16364);
#16359 = PLANE('',#16360);
#16360 = AXIS2_PLACEMENT_3D('',#16361,#16362,#16363);
#16361 = CARTESIAN_POINT('',(-2.,-2.,20.3));
#16362 = DIRECTION('',(0.,0.,1.));
#16363 = DIRECTION('',(1.,0.,0.));
#16364 = DEFINITIONAL_REPRESENTATION('',(#16365),#16369);
#16365 = B_SPLINE_CURVE_WITH_KNOTS('',2,(#16366,#16367,#16368),
  .UNSPECIFIED.,.F.,.F.,(3,3),(0.,1.),.PIECEWISE_BEZIER_KNOTS.);
#16366 = CARTESIAN_POINT('',(32.147488606771,10.95999323527));
#16367 = CARTESIAN_POINT('',(31.797488606771,10.95999323527));
#16368 = CARTESIAN_POINT('',(31.597488606771,10.687499745687));
#16369 = ( GEOMETRIC_REPRESENTATION_CONTEXT(2) 
PARAMETRIC_REPRESENTATION_CONTEXT() REPRESENTATION_CONTEXT('2D SPACE',''
  ) );
#16370 = ADVANCED_FACE('',(#16371),#14700,.T.);
#16371 = FACE_BOUND('',#16372,.T.);
#16372 = EDGE_LOOP('',(#16373,#16374,#16375,#16398));
#16373 = ORIENTED_EDGE('',*,*,#16322,.T.);
#16374 = ORIENTED_EDGE('',*,*,#14684,.T.);
#16375 = ORIENTED_EDGE('',*,*,#16376,.F.);
#16376 = EDGE_CURVE('',#16377,#14685,#16379,.T.);
#16377 = VERTEX_POINT('',#16378);
#16378 = CARTESIAN_POINT('',(29.397488606771,7.940006256104,20.3));
#16379 = SURFACE_CURVE('',#16380,(#16384,#16391),.PCURVE_S1.);
#16380 = LINE('',#16381,#16382);
#16381 = CARTESIAN_POINT('',(29.397488606771,7.940006256104,20.3));
#16382 = VECTOR('',#16383,1.);
#16383 = DIRECTION('',(-0.,-0.,-1.));
#16384 = PCURVE('',#14700,#16385);
#16385 = DEFINITIONAL_REPRESENTATION('',(#16386),#16390);
#16386 = LINE('',#16387,#16388);
#16387 = CARTESIAN_POINT('',(1.,0.));
#16388 = VECTOR('',#16389,1.);
#16389 = DIRECTION('',(0.,-1.));
#16390 = ( GEOMETRIC_REPRESENTATION_CONTEXT(2) 
PARAMETRIC_REPRESENTATION_CONTEXT() REPRESENTATION_CONTEXT('2D SPACE',''
  ) );
#16391 = PCURVE('',#14730,#16392);
#16392 = DEFINITIONAL_REPRESENTATION('',(#16393),#16397);
#16393 = LINE('',#16394,#16395);
#16394 = CARTESIAN_POINT('',(0.,0.));
#16395 = VECTOR('',#16396,1.);
#16396 = DIRECTION('',(0.,-1.));
#16397 = ( GEOMETRIC_REPRESENTATION_CONTEXT(2) 
PARAMETRIC_REPRESENTATION_CONTEXT() REPRESENTATION_CONTEXT('2D SPACE',''
  ) );
#16398 = ORIENTED_EDGE('',*,*,#16399,.F.);
#16399 = EDGE_CURVE('',#16323,#16377,#16400,.T.);
#16400 = SURFACE_CURVE('',#16401,(#16405,#16412),.PCURVE_S1.);
#16401 = B_SPLINE_CURVE_WITH_KNOTS('',2,(#16402,#16403,#16404),
  .UNSPECIFIED.,.F.,.F.,(3,3),(0.,1.),.PIECEWISE_BEZIER_KNOTS.);
#16402 = CARTESIAN_POINT('',(29.597488606771,8.687499745687,20.3));
#16403 = CARTESIAN_POINT('',(29.397488606771,8.415006256104,20.3));
#16404 = CARTESIAN_POINT('',(29.397488606771,7.940006256104,20.3));
#16405 = PCURVE('',#14700,#16406);
#16406 = DEFINITIONAL_REPRESENTATION('',(#16407),#16411);
#16407 = LINE('',#16408,#16409);
#16408 = CARTESIAN_POINT('',(0.,0.));
#16409 = VECTOR('',#16410,1.);
#16410 = DIRECTION('',(1.,0.));
#16411 = ( GEOMETRIC_REPRESENTATION_CONTEXT(2) 
PARAMETRIC_REPRESENTATION_CONTEXT() REPRESENTATION_CONTEXT('2D SPACE',''
  ) );
#16412 = PCURVE('',#16359,#16413);
#16413 = DEFINITIONAL_REPRESENTATION('',(#16414),#16418);
#16414 = B_SPLINE_CURVE_WITH_KNOTS('',2,(#16415,#16416,#16417),
  .UNSPECIFIED.,.F.,.F.,(3,3),(0.,1.),.PIECEWISE_BEZIER_KNOTS.);
#16415 = CARTESIAN_POINT('',(31.597488606771,10.687499745687));
#16416 = CARTESIAN_POINT('',(31.397488606771,10.415006256104));
#16417 = CARTESIAN_POINT('',(31.397488606771,9.940006256104));
#16418 = ( GEOMETRIC_REPRESENTATION_CONTEXT(2) 
PARAMETRIC_REPRESENTATION_CONTEXT() REPRESENTATION_CONTEXT('2D SPACE',''
  ) );
#16419 = ADVANCED_FACE('',(#16420),#14730,.T.);
#16420 = FACE_BOUND('',#16421,.T.);
#16421 = EDGE_LOOP('',(#16422,#16423,#16424,#16447));
#16422 = ORIENTED_EDGE('',*,*,#16376,.T.);
#16423 = ORIENTED_EDGE('',*,*,#14714,.T.);
#16424 = ORIENTED_EDGE('',*,*,#16425,.F.);
#16425 = EDGE_CURVE('',#16426,#14715,#16428,.T.);
#16426 = VERTEX_POINT('',#16427);
#16427 = CARTESIAN_POINT('',(29.597488606771,7.192504628499,20.3));
#16428 = SURFACE_CURVE('',#16429,(#16433,#16440),.PCURVE_S1.);
#16429 = LINE('',#16430,#16431);
#16430 = CARTESIAN_POINT('',(29.597488606771,7.192504628499,20.3));
#16431 = VECTOR('',#16432,1.);
#16432 = DIRECTION('',(-0.,-0.,-1.));
#16433 = PCURVE('',#14730,#16434);
#16434 = DEFINITIONAL_REPRESENTATION('',(#16435),#16439);
#16435 = LINE('',#16436,#16437);
#16436 = CARTESIAN_POINT('',(1.,0.));
#16437 = VECTOR('',#16438,1.);
#16438 = DIRECTION('',(0.,-1.));
#16439 = ( GEOMETRIC_REPRESENTATION_CONTEXT(2) 
PARAMETRIC_REPRESENTATION_CONTEXT() REPRESENTATION_CONTEXT('2D SPACE',''
  ) );
#16440 = PCURVE('',#14760,#16441);
#16441 = DEFINITIONAL_REPRESENTATION('',(#16442),#16446);
#16442 = LINE('',#16443,#16444);
#16443 = CARTESIAN_POINT('',(0.,0.));
#16444 = VECTOR('',#16445,1.);
#16445 = DIRECTION('',(0.,-1.));
#16446 = ( GEOMETRIC_REPRESENTATION_CONTEXT(2) 
PARAMETRIC_REPRESENTATION_CONTEXT() REPRESENTATION_CONTEXT('2D SPACE',''
  ) );
#16447 = ORIENTED_EDGE('',*,*,#16448,.F.);
#16448 = EDGE_CURVE('',#16377,#16426,#16449,.T.);
#16449 = SURFACE_CURVE('',#16450,(#16454,#16461),.PCURVE_S1.);
#16450 = B_SPLINE_CURVE_WITH_KNOTS('',2,(#16451,#16452,#16453),
  .UNSPECIFIED.,.F.,.F.,(3,3),(0.,1.),.PIECEWISE_BEZIER_KNOTS.);
#16451 = CARTESIAN_POINT('',(29.397488606771,7.940006256104,20.3));
#16452 = CARTESIAN_POINT('',(29.397488606771,7.465006256104,20.3));
#16453 = CARTESIAN_POINT('',(29.597488606771,7.192504628499,20.3));
#16454 = PCURVE('',#14730,#16455);
#16455 = DEFINITIONAL_REPRESENTATION('',(#16456),#16460);
#16456 = LINE('',#16457,#16458);
#16457 = CARTESIAN_POINT('',(0.,0.));
#16458 = VECTOR('',#16459,1.);
#16459 = DIRECTION('',(1.,0.));
#16460 = ( GEOMETRIC_REPRESENTATION_CONTEXT(2) 
PARAMETRIC_REPRESENTATION_CONTEXT() REPRESENTATION_CONTEXT('2D SPACE',''
  ) );
#16461 = PCURVE('',#16359,#16462);
#16462 = DEFINITIONAL_REPRESENTATION('',(#16463),#16467);
#16463 = B_SPLINE_CURVE_WITH_KNOTS('',2,(#16464,#16465,#16466),
  .UNSPECIFIED.,.F.,.F.,(3,3),(0.,1.),.PIECEWISE_BEZIER_KNOTS.);
#16464 = CARTESIAN_POINT('',(31.397488606771,9.940006256104));
#16465 = CARTESIAN_POINT('',(31.397488606771,9.465006256104));
#16466 = CARTESIAN_POINT('',(31.597488606771,9.192504628499));
#16467 = ( GEOMETRIC_REPRESENTATION_CONTEXT(2) 
PARAMETRIC_REPRESENTATION_CONTEXT() REPRESENTATION_CONTEXT('2D SPACE',''
  ) );
#16468 = ADVANCED_FACE('',(#16469),#14760,.T.);
#16469 = FACE_BOUND('',#16470,.T.);
#16470 = EDGE_LOOP('',(#16471,#16472,#16473,#16496));
#16471 = ORIENTED_EDGE('',*,*,#16425,.T.);
#16472 = ORIENTED_EDGE('',*,*,#14744,.T.);
#16473 = ORIENTED_EDGE('',*,*,#16474,.F.);
#16474 = EDGE_CURVE('',#16475,#14745,#16477,.T.);
#16475 = VERTEX_POINT('',#16476);
#16476 = CARTESIAN_POINT('',(30.147488606771,6.920003000895,20.3));
#16477 = SURFACE_CURVE('',#16478,(#16482,#16489),.PCURVE_S1.);
#16478 = LINE('',#16479,#16480);
#16479 = CARTESIAN_POINT('',(30.147488606771,6.920003000895,20.3));
#16480 = VECTOR('',#16481,1.);
#16481 = DIRECTION('',(-0.,-0.,-1.));
#16482 = PCURVE('',#14760,#16483);
#16483 = DEFINITIONAL_REPRESENTATION('',(#16484),#16488);
#16484 = LINE('',#16485,#16486);
#16485 = CARTESIAN_POINT('',(1.,0.));
#16486 = VECTOR('',#16487,1.);
#16487 = DIRECTION('',(0.,-1.));
#16488 = ( GEOMETRIC_REPRESENTATION_CONTEXT(2) 
PARAMETRIC_REPRESENTATION_CONTEXT() REPRESENTATION_CONTEXT('2D SPACE',''
  ) );
#16489 = PCURVE('',#14790,#16490);
#16490 = DEFINITIONAL_REPRESENTATION('',(#16491),#16495);
#16491 = LINE('',#16492,#16493);
#16492 = CARTESIAN_POINT('',(0.,0.));
#16493 = VECTOR('',#16494,1.);
#16494 = DIRECTION('',(0.,-1.));
#16495 = ( GEOMETRIC_REPRESENTATION_CONTEXT(2) 
PARAMETRIC_REPRESENTATION_CONTEXT() REPRESENTATION_CONTEXT('2D SPACE',''
  ) );
#16496 = ORIENTED_EDGE('',*,*,#16497,.F.);
#16497 = EDGE_CURVE('',#16426,#16475,#16498,.T.);
#16498 = SURFACE_CURVE('',#16499,(#16503,#16510),.PCURVE_S1.);
#16499 = B_SPLINE_CURVE_WITH_KNOTS('',2,(#16500,#16501,#16502),
  .UNSPECIFIED.,.F.,.F.,(3,3),(0.,1.),.PIECEWISE_BEZIER_KNOTS.);
#16500 = CARTESIAN_POINT('',(29.597488606771,7.192504628499,20.3));
#16501 = CARTESIAN_POINT('',(29.797488606771,6.920003000895,20.3));
#16502 = CARTESIAN_POINT('',(30.147488606771,6.920003000895,20.3));
#16503 = PCURVE('',#14760,#16504);
#16504 = DEFINITIONAL_REPRESENTATION('',(#16505),#16509);
#16505 = LINE('',#16506,#16507);
#16506 = CARTESIAN_POINT('',(0.,0.));
#16507 = VECTOR('',#16508,1.);
#16508 = DIRECTION('',(1.,0.));
#16509 = ( GEOMETRIC_REPRESENTATION_CONTEXT(2) 
PARAMETRIC_REPRESENTATION_CONTEXT() REPRESENTATION_CONTEXT('2D SPACE',''
  ) );
#16510 = PCURVE('',#16359,#16511);
#16511 = DEFINITIONAL_REPRESENTATION('',(#16512),#16516);
#16512 = B_SPLINE_CURVE_WITH_KNOTS('',2,(#16513,#16514,#16515),
  .UNSPECIFIED.,.F.,.F.,(3,3),(0.,1.),.PIECEWISE_BEZIER_KNOTS.);
#16513 = CARTESIAN_POINT('',(31.597488606771,9.192504628499));
#16514 = CARTESIAN_POINT('',(31.797488606771,8.920003000895));
#16515 = CARTESIAN_POINT('',(32.147488606771,8.920003000895));
#16516 = ( GEOMETRIC_REPRESENTATION_CONTEXT(2) 
PARAMETRIC_REPRESENTATION_CONTEXT() REPRESENTATION_CONTEXT('2D SPACE',''
  ) );
#16517 = ADVANCED_FACE('',(#16518),#14790,.T.);
#16518 = FACE_BOUND('',#16519,.T.);
#16519 = EDGE_LOOP('',(#16520,#16521,#16522,#16545));
#16520 = ORIENTED_EDGE('',*,*,#16474,.T.);
#16521 = ORIENTED_EDGE('',*,*,#14774,.T.);
#16522 = ORIENTED_EDGE('',*,*,#16523,.F.);
#16523 = EDGE_CURVE('',#16524,#14775,#16526,.T.);
#16524 = VERTEX_POINT('',#16525);
#16525 = CARTESIAN_POINT('',(30.694990234375,7.192504628499,20.3));
#16526 = SURFACE_CURVE('',#16527,(#16531,#16538),.PCURVE_S1.);
#16527 = LINE('',#16528,#16529);
#16528 = CARTESIAN_POINT('',(30.694990234375,7.192504628499,20.3));
#16529 = VECTOR('',#16530,1.);
#16530 = DIRECTION('',(-0.,-0.,-1.));
#16531 = PCURVE('',#14790,#16532);
#16532 = DEFINITIONAL_REPRESENTATION('',(#16533),#16537);
#16533 = LINE('',#16534,#16535);
#16534 = CARTESIAN_POINT('',(1.,0.));
#16535 = VECTOR('',#16536,1.);
#16536 = DIRECTION('',(0.,-1.));
#16537 = ( GEOMETRIC_REPRESENTATION_CONTEXT(2) 
PARAMETRIC_REPRESENTATION_CONTEXT() REPRESENTATION_CONTEXT('2D SPACE',''
  ) );
#16538 = PCURVE('',#14820,#16539);
#16539 = DEFINITIONAL_REPRESENTATION('',(#16540),#16544);
#16540 = LINE('',#16541,#16542);
#16541 = CARTESIAN_POINT('',(0.,0.));
#16542 = VECTOR('',#16543,1.);
#16543 = DIRECTION('',(0.,-1.));
#16544 = ( GEOMETRIC_REPRESENTATION_CONTEXT(2) 
PARAMETRIC_REPRESENTATION_CONTEXT() REPRESENTATION_CONTEXT('2D SPACE',''
  ) );
#16545 = ORIENTED_EDGE('',*,*,#16546,.F.);
#16546 = EDGE_CURVE('',#16475,#16524,#16547,.T.);
#16547 = SURFACE_CURVE('',#16548,(#16552,#16559),.PCURVE_S1.);
#16548 = B_SPLINE_CURVE_WITH_KNOTS('',2,(#16549,#16550,#16551),
  .UNSPECIFIED.,.F.,.F.,(3,3),(0.,1.),.PIECEWISE_BEZIER_KNOTS.);
#16549 = CARTESIAN_POINT('',(30.147488606771,6.920003000895,20.3));
#16550 = CARTESIAN_POINT('',(30.492491861979,6.920003000895,20.3));
#16551 = CARTESIAN_POINT('',(30.694990234375,7.192504628499,20.3));
#16552 = PCURVE('',#14790,#16553);
#16553 = DEFINITIONAL_REPRESENTATION('',(#16554),#16558);
#16554 = LINE('',#16555,#16556);
#16555 = CARTESIAN_POINT('',(0.,0.));
#16556 = VECTOR('',#16557,1.);
#16557 = DIRECTION('',(1.,0.));
#16558 = ( GEOMETRIC_REPRESENTATION_CONTEXT(2) 
PARAMETRIC_REPRESENTATION_CONTEXT() REPRESENTATION_CONTEXT('2D SPACE',''
  ) );
#16559 = PCURVE('',#16359,#16560);
#16560 = DEFINITIONAL_REPRESENTATION('',(#16561),#16565);
#16561 = B_SPLINE_CURVE_WITH_KNOTS('',2,(#16562,#16563,#16564),
  .UNSPECIFIED.,.F.,.F.,(3,3),(0.,1.),.PIECEWISE_BEZIER_KNOTS.);
#16562 = CARTESIAN_POINT('',(32.147488606771,8.920003000895));
#16563 = CARTESIAN_POINT('',(32.492491861979,8.920003000895));
#16564 = CARTESIAN_POINT('',(32.694990234375,9.192504628499));
#16565 = ( GEOMETRIC_REPRESENTATION_CONTEXT(2) 
PARAMETRIC_REPRESENTATION_CONTEXT() REPRESENTATION_CONTEXT('2D SPACE',''
  ) );
#16566 = ADVANCED_FACE('',(#16567),#14820,.T.);
#16567 = FACE_BOUND('',#16568,.T.);
#16568 = EDGE_LOOP('',(#16569,#16570,#16571,#16594));
#16569 = ORIENTED_EDGE('',*,*,#16523,.T.);
#16570 = ORIENTED_EDGE('',*,*,#14804,.T.);
#16571 = ORIENTED_EDGE('',*,*,#16572,.F.);
#16572 = EDGE_CURVE('',#16573,#14805,#16575,.T.);
#16573 = VERTEX_POINT('',#16574);
#16574 = CARTESIAN_POINT('',(30.897488606771,7.924999745687,20.3));
#16575 = SURFACE_CURVE('',#16576,(#16580,#16587),.PCURVE_S1.);
#16576 = LINE('',#16577,#16578);
#16577 = CARTESIAN_POINT('',(30.897488606771,7.924999745687,20.3));
#16578 = VECTOR('',#16579,1.);
#16579 = DIRECTION('',(-0.,-0.,-1.));
#16580 = PCURVE('',#14820,#16581);
#16581 = DEFINITIONAL_REPRESENTATION('',(#16582),#16586);
#16582 = LINE('',#16583,#16584);
#16583 = CARTESIAN_POINT('',(1.,0.));
#16584 = VECTOR('',#16585,1.);
#16585 = DIRECTION('',(0.,-1.));
#16586 = ( GEOMETRIC_REPRESENTATION_CONTEXT(2) 
PARAMETRIC_REPRESENTATION_CONTEXT() REPRESENTATION_CONTEXT('2D SPACE',''
  ) );
#16587 = PCURVE('',#14850,#16588);
#16588 = DEFINITIONAL_REPRESENTATION('',(#16589),#16593);
#16589 = LINE('',#16590,#16591);
#16590 = CARTESIAN_POINT('',(0.,0.));
#16591 = VECTOR('',#16592,1.);
#16592 = DIRECTION('',(0.,-1.));
#16593 = ( GEOMETRIC_REPRESENTATION_CONTEXT(2) 
PARAMETRIC_REPRESENTATION_CONTEXT() REPRESENTATION_CONTEXT('2D SPACE',''
  ) );
#16594 = ORIENTED_EDGE('',*,*,#16595,.F.);
#16595 = EDGE_CURVE('',#16524,#16573,#16596,.T.);
#16596 = SURFACE_CURVE('',#16597,(#16601,#16608),.PCURVE_S1.);
#16597 = B_SPLINE_CURVE_WITH_KNOTS('',2,(#16598,#16599,#16600),
  .UNSPECIFIED.,.F.,.F.,(3,3),(0.,1.),.PIECEWISE_BEZIER_KNOTS.);
#16598 = CARTESIAN_POINT('',(30.694990234375,7.192504628499,20.3));
#16599 = CARTESIAN_POINT('',(30.897488606771,7.465006256104,20.3));
#16600 = CARTESIAN_POINT('',(30.897488606771,7.924999745687,20.3));
#16601 = PCURVE('',#14820,#16602);
#16602 = DEFINITIONAL_REPRESENTATION('',(#16603),#16607);
#16603 = LINE('',#16604,#16605);
#16604 = CARTESIAN_POINT('',(0.,0.));
#16605 = VECTOR('',#16606,1.);
#16606 = DIRECTION('',(1.,0.));
#16607 = ( GEOMETRIC_REPRESENTATION_CONTEXT(2) 
PARAMETRIC_REPRESENTATION_CONTEXT() REPRESENTATION_CONTEXT('2D SPACE',''
  ) );
#16608 = PCURVE('',#16359,#16609);
#16609 = DEFINITIONAL_REPRESENTATION('',(#16610),#16614);
#16610 = B_SPLINE_CURVE_WITH_KNOTS('',2,(#16611,#16612,#16613),
  .UNSPECIFIED.,.F.,.F.,(3,3),(0.,1.),.PIECEWISE_BEZIER_KNOTS.);
#16611 = CARTESIAN_POINT('',(32.694990234375,9.192504628499));
#16612 = CARTESIAN_POINT('',(32.897488606771,9.465006256104));
#16613 = CARTESIAN_POINT('',(32.897488606771,9.924999745687));
#16614 = ( GEOMETRIC_REPRESENTATION_CONTEXT(2) 
PARAMETRIC_REPRESENTATION_CONTEXT() REPRESENTATION_CONTEXT('2D SPACE',''
  ) );
#16615 = ADVANCED_FACE('',(#16616),#14850,.T.);
#16616 = FACE_BOUND('',#16617,.T.);
#16617 = EDGE_LOOP('',(#16618,#16619,#16620,#16643));
#16618 = ORIENTED_EDGE('',*,*,#16572,.T.);
#16619 = ORIENTED_EDGE('',*,*,#14834,.T.);
#16620 = ORIENTED_EDGE('',*,*,#16621,.F.);
#16621 = EDGE_CURVE('',#16622,#14835,#16624,.T.);
#16622 = VERTEX_POINT('',#16623);
#16623 = CARTESIAN_POINT('',(30.699995117187,8.68499323527,20.3));
#16624 = SURFACE_CURVE('',#16625,(#16629,#16636),.PCURVE_S1.);
#16625 = LINE('',#16626,#16627);
#16626 = CARTESIAN_POINT('',(30.699995117187,8.68499323527,20.3));
#16627 = VECTOR('',#16628,1.);
#16628 = DIRECTION('',(-0.,-0.,-1.));
#16629 = PCURVE('',#14850,#16630);
#16630 = DEFINITIONAL_REPRESENTATION('',(#16631),#16635);
#16631 = LINE('',#16632,#16633);
#16632 = CARTESIAN_POINT('',(1.,0.));
#16633 = VECTOR('',#16634,1.);
#16634 = DIRECTION('',(0.,-1.));
#16635 = ( GEOMETRIC_REPRESENTATION_CONTEXT(2) 
PARAMETRIC_REPRESENTATION_CONTEXT() REPRESENTATION_CONTEXT('2D SPACE',''
  ) );
#16636 = PCURVE('',#14878,#16637);
#16637 = DEFINITIONAL_REPRESENTATION('',(#16638),#16642);
#16638 = LINE('',#16639,#16640);
#16639 = CARTESIAN_POINT('',(0.,0.));
#16640 = VECTOR('',#16641,1.);
#16641 = DIRECTION('',(0.,-1.));
#16642 = ( GEOMETRIC_REPRESENTATION_CONTEXT(2) 
PARAMETRIC_REPRESENTATION_CONTEXT() REPRESENTATION_CONTEXT('2D SPACE',''
  ) );
#16643 = ORIENTED_EDGE('',*,*,#16644,.F.);
#16644 = EDGE_CURVE('',#16573,#16622,#16645,.T.);
#16645 = SURFACE_CURVE('',#16646,(#16650,#16657),.PCURVE_S1.);
#16646 = B_SPLINE_CURVE_WITH_KNOTS('',2,(#16647,#16648,#16649),
  .UNSPECIFIED.,.F.,.F.,(3,3),(0.,1.),.PIECEWISE_BEZIER_KNOTS.);
#16647 = CARTESIAN_POINT('',(30.897488606771,7.924999745687,20.3));
#16648 = CARTESIAN_POINT('',(30.897488606771,8.40999323527,20.3));
#16649 = CARTESIAN_POINT('',(30.699995117187,8.68499323527,20.3));
#16650 = PCURVE('',#14850,#16651);
#16651 = DEFINITIONAL_REPRESENTATION('',(#16652),#16656);
#16652 = LINE('',#16653,#16654);
#16653 = CARTESIAN_POINT('',(0.,0.));
#16654 = VECTOR('',#16655,1.);
#16655 = DIRECTION('',(1.,0.));
#16656 = ( GEOMETRIC_REPRESENTATION_CONTEXT(2) 
PARAMETRIC_REPRESENTATION_CONTEXT() REPRESENTATION_CONTEXT('2D SPACE',''
  ) );
#16657 = PCURVE('',#16359,#16658);
#16658 = DEFINITIONAL_REPRESENTATION('',(#16659),#16663);
#16659 = B_SPLINE_CURVE_WITH_KNOTS('',2,(#16660,#16661,#16662),
  .UNSPECIFIED.,.F.,.F.,(3,3),(0.,1.),.PIECEWISE_BEZIER_KNOTS.);
#16660 = CARTESIAN_POINT('',(32.897488606771,9.924999745687));
#16661 = CARTESIAN_POINT('',(32.897488606771,10.40999323527));
#16662 = CARTESIAN_POINT('',(32.699995117187,10.68499323527));
#16663 = ( GEOMETRIC_REPRESENTATION_CONTEXT(2) 
PARAMETRIC_REPRESENTATION_CONTEXT() REPRESENTATION_CONTEXT('2D SPACE',''
  ) );
#16664 = ADVANCED_FACE('',(#16665),#14878,.T.);
#16665 = FACE_BOUND('',#16666,.T.);
#16666 = EDGE_LOOP('',(#16667,#16668,#16669,#16670));
#16667 = ORIENTED_EDGE('',*,*,#16621,.T.);
#16668 = ORIENTED_EDGE('',*,*,#14864,.T.);
#16669 = ORIENTED_EDGE('',*,*,#16298,.F.);
#16670 = ORIENTED_EDGE('',*,*,#16671,.F.);
#16671 = EDGE_CURVE('',#16622,#16299,#16672,.T.);
#16672 = SURFACE_CURVE('',#16673,(#16677,#16684),.PCURVE_S1.);
#16673 = B_SPLINE_CURVE_WITH_KNOTS('',2,(#16674,#16675,#16676),
  .UNSPECIFIED.,.F.,.F.,(3,3),(0.,1.),.PIECEWISE_BEZIER_KNOTS.);
#16674 = CARTESIAN_POINT('',(30.699995117187,8.68499323527,20.3));
#16675 = CARTESIAN_POINT('',(30.502501627604,8.95999323527,20.3));
#16676 = CARTESIAN_POINT('',(30.147488606771,8.95999323527,20.3));
#16677 = PCURVE('',#14878,#16678);
#16678 = DEFINITIONAL_REPRESENTATION('',(#16679),#16683);
#16679 = LINE('',#16680,#16681);
#16680 = CARTESIAN_POINT('',(0.,0.));
#16681 = VECTOR('',#16682,1.);
#16682 = DIRECTION('',(1.,0.));
#16683 = ( GEOMETRIC_REPRESENTATION_CONTEXT(2) 
PARAMETRIC_REPRESENTATION_CONTEXT() REPRESENTATION_CONTEXT('2D SPACE',''
  ) );
#16684 = PCURVE('',#16359,#16685);
#16685 = DEFINITIONAL_REPRESENTATION('',(#16686),#16690);
#16686 = B_SPLINE_CURVE_WITH_KNOTS('',2,(#16687,#16688,#16689),
  .UNSPECIFIED.,.F.,.F.,(3,3),(0.,1.),.PIECEWISE_BEZIER_KNOTS.);
#16687 = CARTESIAN_POINT('',(32.699995117187,10.68499323527));
#16688 = CARTESIAN_POINT('',(32.502501627604,10.95999323527));
#16689 = CARTESIAN_POINT('',(32.147488606771,10.95999323527));
#16690 = ( GEOMETRIC_REPRESENTATION_CONTEXT(2) 
PARAMETRIC_REPRESENTATION_CONTEXT() REPRESENTATION_CONTEXT('2D SPACE',''
  ) );
#16691 = ADVANCED_FACE('',(#16692),#15168,.T.);
#16692 = FACE_BOUND('',#16693,.T.);
#16693 = EDGE_LOOP('',(#16694,#16695,#16696,#16697,#16698,#16699,#16700)
  );
#16694 = ORIENTED_EDGE('',*,*,#15431,.T.);
#16695 = ORIENTED_EDGE('',*,*,#15154,.T.);
#16696 = ORIENTED_EDGE('',*,*,#15208,.T.);
#16697 = ORIENTED_EDGE('',*,*,#15257,.T.);
#16698 = ORIENTED_EDGE('',*,*,#15306,.T.);
#16699 = ORIENTED_EDGE('',*,*,#15355,.T.);
#16700 = ORIENTED_EDGE('',*,*,#15404,.T.);
#16701 = ADVANCED_FACE('',(#16702),#15516,.T.);
#16702 = FACE_BOUND('',#16703,.T.);
#16703 = EDGE_LOOP('',(#16704,#16705,#16706,#16707,#16708,#16709,#16710,
    #16711));
#16704 = ORIENTED_EDGE('',*,*,#15828,.T.);
#16705 = ORIENTED_EDGE('',*,*,#15502,.T.);
#16706 = ORIENTED_EDGE('',*,*,#15556,.T.);
#16707 = ORIENTED_EDGE('',*,*,#15605,.T.);
#16708 = ORIENTED_EDGE('',*,*,#15654,.T.);
#16709 = ORIENTED_EDGE('',*,*,#15703,.T.);
#16710 = ORIENTED_EDGE('',*,*,#15752,.T.);
#16711 = ORIENTED_EDGE('',*,*,#15801,.T.);
#16712 = ADVANCED_FACE('',(#16713),#15913,.T.);
#16713 = FACE_BOUND('',#16714,.T.);
#16714 = EDGE_LOOP('',(#16715,#16716,#16717,#16718,#16719,#16720,#16721,
    #16722,#16723));
#16715 = ORIENTED_EDGE('',*,*,#16274,.T.);
#16716 = ORIENTED_EDGE('',*,*,#15899,.T.);
#16717 = ORIENTED_EDGE('',*,*,#15953,.T.);
#16718 = ORIENTED_EDGE('',*,*,#16002,.T.);
#16719 = ORIENTED_EDGE('',*,*,#16051,.T.);
#16720 = ORIENTED_EDGE('',*,*,#16100,.T.);
#16721 = ORIENTED_EDGE('',*,*,#16149,.T.);
#16722 = ORIENTED_EDGE('',*,*,#16198,.T.);
#16723 = ORIENTED_EDGE('',*,*,#16247,.T.);
#16724 = ADVANCED_FACE('',(#16725),#16359,.T.);
#16725 = FACE_BOUND('',#16726,.T.);
#16726 = EDGE_LOOP('',(#16727,#16728,#16729,#16730,#16731,#16732,#16733,
    #16734));
#16727 = ORIENTED_EDGE('',*,*,#16671,.T.);
#16728 = ORIENTED_EDGE('',*,*,#16345,.T.);
#16729 = ORIENTED_EDGE('',*,*,#16399,.T.);
#16730 = ORIENTED_EDGE('',*,*,#16448,.T.);
#16731 = ORIENTED_EDGE('',*,*,#16497,.T.);
#16732 = ORIENTED_EDGE('',*,*,#16546,.T.);
#16733 = ORIENTED_EDGE('',*,*,#16595,.T.);
#16734 = ORIENTED_EDGE('',*,*,#16644,.T.);
#16735 = ( GEOMETRIC_REPRESENTATION_CONTEXT(3) 
GLOBAL_UNCERTAINTY_ASSIGNED_CONTEXT((#16739)) 
GLOBAL_UNIT_ASSIGNED_CONTEXT((#16736,#16737,#16738)) 
REPRESENTATION_CONTEXT('Context #1',
  '3D Context with UNIT and UNCERTAINTY') );
#16736 = ( LENGTH_UNIT() NAMED_UNIT(*) SI_UNIT(.MILLI.,.METRE.) );
#16737 = ( NAMED_UNIT(*) PLANE_ANGLE_UNIT() SI_UNIT($,.RADIAN.) );
#16738 = ( NAMED_UNIT(*) SI_UNIT($,.STERADIAN.) SOLID_ANGLE_UNIT() );
#16739 = UNCERTAINTY_MEASURE_WITH_UNIT(LENGTH_MEASURE(1.E-07),#16736,
  'distance_accuracy_value','confusion accuracy');
#16740 = PRODUCT_RELATED_PRODUCT_CATEGORY('part',$,(#7));
ENDSEC;
END-ISO-10303-21;
