ISO-10303-21;
HEADER;
FILE_DESCRIPTION(('Open CASCADE Model'),'2;1');
FILE_NAME('Open CASCADE Shape Model','2026-09-27T11:32:11',('Author'),(
    'Open CASCADE'),'Open CASCADE STEP processor 7.9','Open CASCADE 7.9'
  ,'Unknown');
FILE_SCHEMA(('AUTOMOTIVE_DESIGN { 1 0 10303 214 1 1 1 1 }'));
ENDSEC;
DATA;
#1 = APPLICATION_PROTOCOL_DEFINITION('international standard',
  'automotive_design',2000,#2);
#2 = APPLICATION_CONTEXT(
  'core data for automotive mechanical design processes');
#3 = SHAPE_DEFINITION_REPRESENTATION(#4,#10);
#4 = PRODUCT_DEFINITION_SHAPE('','',#5);
#5 = PRODUCT_DEFINITION('design','',#6,#9);
#6 = PRODUCT_DEFINITION_FORMATION('','',#7);
#7 = PRODUCT('Open CASCADE STEP translator 7.9 3',
  'Open CASCADE STEP translator 7.9 3','',(#8));
#8 = PRODUCT_CONTEXT('',#2,'mechanical');
#9 = PRODUCT_DEFINITION_CONTEXT('part definition',#2,'design');
#10 = ADVANCED_BREP_SHAPE_REPRESENTATION('',(#11,#15),#1879);
#11 = AXIS2_PLACEMENT_3D('',#12,#13,#14);
#12 = CARTESIAN_POINT('',(0.,0.,0.));
#13 = DIRECTION('',(0.,0.,1.));
#14 = DIRECTION('',(1.,0.,-0.));
#15 = MANIFOLD_SOLID_BREP('',#16);
#16 = CLOSED_SHELL('',(#17,#135,#459,#559,#1265,#1292,#1319,#1346,#1373,
    #1400,#1407,#1462,#1517,#1572,#1627,#1682,#1737,#1792,#1847,#1851,
    #1855,#1859,#1863,#1867,#1871,#1875));
#17 = ADVANCED_FACE('',(#18),#32,.F.);
#18 = FACE_BOUND('',#19,.F.);
#19 = EDGE_LOOP('',(#20,#55,#83,#109));
#20 = ORIENTED_EDGE('',*,*,#21,.F.);
#21 = EDGE_CURVE('',#22,#24,#26,.T.);
#22 = VERTEX_POINT('',#23);
#23 = CARTESIAN_POINT('',(-2.,2.,-2.));
#24 = VERTEX_POINT('',#25);
#25 = CARTESIAN_POINT('',(-2.,39.,-2.));
#26 = SURFACE_CURVE('',#27,(#31,#43),.PCURVE_S1.);
#27 = LINE('',#28,#29);
#28 = CARTESIAN_POINT('',(-2.,-2.,-2.));
#29 = VECTOR('',#30,1.);
#30 = DIRECTION('',(0.,1.,0.));
#31 = PCURVE('',#32,#37);
#32 = PLANE('',#33);
#33 = AXIS2_PLACEMENT_3D('',#34,#35,#36);
#34 = CARTESIAN_POINT('',(-2.,-2.,-13.09682459678));
#35 = DIRECTION('',(1.,0.,0.));
#36 = DIRECTION('',(0.,0.,1.));
#37 = DEFINITIONAL_REPRESENTATION('',(#38),#42);
#38 = LINE('',#39,#40);
#39 = CARTESIAN_POINT('',(11.096824596788,0.));
#40 = VECTOR('',#41,1.);
#41 = DIRECTION('',(0.,-1.));
#42 = ( GEOMETRIC_REPRESENTATION_CONTEXT(2) 
PARAMETRIC_REPRESENTATION_CONTEXT() REPRESENTATION_CONTEXT('2D SPACE',''
  ) );
#43 = PCURVE('',#44,#49);
#44 = PLANE('',#45);
#45 = AXIS2_PLACEMENT_3D('',#46,#47,#48);
#46 = CARTESIAN_POINT('',(-2.,-2.,-2.));
#47 = DIRECTION('',(0.,0.,1.));
#48 = DIRECTION('',(1.,0.,0.));
#49 = DEFINITIONAL_REPRESENTATION('',(#50),#54);
#50 = LINE('',#51,#52);
#51 = CARTESIAN_POINT('',(0.,0.));
#52 = VECTOR('',#53,1.);
#53 = DIRECTION('',(0.,1.));
#54 = ( GEOMETRIC_REPRESENTATION_CONTEXT(2) 
PARAMETRIC_REPRESENTATION_CONTEXT() REPRESENTATION_CONTEXT('2D SPACE',''
  ) );
#55 = ORIENTED_EDGE('',*,*,#56,.F.);
#56 = EDGE_CURVE('',#57,#22,#59,.T.);
#57 = VERTEX_POINT('',#58);
#58 = CARTESIAN_POINT('',(-2.,2.,-12.09682459678));
#59 = SURFACE_CURVE('',#60,(#64,#71),.PCURVE_S1.);
#60 = LINE('',#61,#62);
#61 = CARTESIAN_POINT('',(-2.,2.,-13.09682459678));
#62 = VECTOR('',#63,1.);
#63 = DIRECTION('',(0.,0.,1.));
#64 = PCURVE('',#32,#65);
#65 = DEFINITIONAL_REPRESENTATION('',(#66),#70);
#66 = LINE('',#67,#68);
#67 = CARTESIAN_POINT('',(0.,-4.));
#68 = VECTOR('',#69,1.);
#69 = DIRECTION('',(1.,0.));
#70 = ( GEOMETRIC_REPRESENTATION_CONTEXT(2) 
PARAMETRIC_REPRESENTATION_CONTEXT() REPRESENTATION_CONTEXT('2D SPACE',''
  ) );
#71 = PCURVE('',#72,#77);
#72 = CYLINDRICAL_SURFACE('',#73,4.);
#73 = AXIS2_PLACEMENT_3D('',#74,#75,#76);
#74 = CARTESIAN_POINT('',(2.,2.,-13.09682459678));
#75 = DIRECTION('',(0.,0.,1.));
#76 = DIRECTION('',(-1.,-0.,0.));
#77 = DEFINITIONAL_REPRESENTATION('',(#78),#82);
#78 = LINE('',#79,#80);
#79 = CARTESIAN_POINT('',(0.,0.));
#80 = VECTOR('',#81,1.);
#81 = DIRECTION('',(0.,1.));
#82 = ( GEOMETRIC_REPRESENTATION_CONTEXT(2) 
PARAMETRIC_REPRESENTATION_CONTEXT() REPRESENTATION_CONTEXT('2D SPACE',''
  ) );
#83 = ORIENTED_EDGE('',*,*,#84,.T.);
#84 = EDGE_CURVE('',#57,#85,#87,.T.);
#85 = VERTEX_POINT('',#86);
#86 = CARTESIAN_POINT('',(-2.,39.,-12.09682459678));
#87 = SURFACE_CURVE('',#88,(#92,#98),.PCURVE_S1.);
#88 = LINE('',#89,#90);
#89 = CARTESIAN_POINT('',(-2.,-12.,-12.09682459678));
#90 = VECTOR('',#91,1.);
#91 = DIRECTION('',(0.,1.,0.));
#92 = PCURVE('',#32,#93);
#93 = DEFINITIONAL_REPRESENTATION('',(#94),#97);
#94 = B_SPLINE_CURVE_WITH_KNOTS('',1,(#95,#96),.UNSPECIFIED.,.F.,.F.,(2,
    2),(10.3,54.7),.PIECEWISE_BEZIER_KNOTS.);
#95 = CARTESIAN_POINT('',(1.,-0.3));
#96 = CARTESIAN_POINT('',(1.,-44.7));
#97 = ( GEOMETRIC_REPRESENTATION_CONTEXT(2) 
PARAMETRIC_REPRESENTATION_CONTEXT() REPRESENTATION_CONTEXT('2D SPACE',''
  ) );
#98 = PCURVE('',#99,#104);
#99 = CYLINDRICAL_SURFACE('',#100,100.);
#100 = AXIS2_PLACEMENT_3D('',#101,#102,#103);
#101 = CARTESIAN_POINT('',(35.,-12.,-105.));
#102 = DIRECTION('',(0.,1.,0.));
#103 = DIRECTION('',(0.,-0.,1.));
#104 = DEFINITIONAL_REPRESENTATION('',(#105),#108);
#105 = B_SPLINE_CURVE_WITH_KNOTS('',1,(#106,#107),.UNSPECIFIED.,.F.,.F.,
  (2,2),(14.,51.),.PIECEWISE_BEZIER_KNOTS.);
#106 = CARTESIAN_POINT('',(5.904176286484,14.));
#107 = CARTESIAN_POINT('',(5.904176286484,51.));
#108 = ( GEOMETRIC_REPRESENTATION_CONTEXT(2) 
PARAMETRIC_REPRESENTATION_CONTEXT() REPRESENTATION_CONTEXT('2D SPACE',''
  ) );
#109 = ORIENTED_EDGE('',*,*,#110,.T.);
#110 = EDGE_CURVE('',#85,#24,#111,.T.);
#111 = SURFACE_CURVE('',#112,(#116,#123),.PCURVE_S1.);
#112 = LINE('',#113,#114);
#113 = CARTESIAN_POINT('',(-2.,39.,-13.09682459678));
#114 = VECTOR('',#115,1.);
#115 = DIRECTION('',(0.,0.,1.));
#116 = PCURVE('',#32,#117);
#117 = DEFINITIONAL_REPRESENTATION('',(#118),#122);
#118 = LINE('',#119,#120);
#119 = CARTESIAN_POINT('',(0.,-41.));
#120 = VECTOR('',#121,1.);
#121 = DIRECTION('',(1.,0.));
#122 = ( GEOMETRIC_REPRESENTATION_CONTEXT(2) 
PARAMETRIC_REPRESENTATION_CONTEXT() REPRESENTATION_CONTEXT('2D SPACE',''
  ) );
#123 = PCURVE('',#124,#129);
#124 = CYLINDRICAL_SURFACE('',#125,4.);
#125 = AXIS2_PLACEMENT_3D('',#126,#127,#128);
#126 = CARTESIAN_POINT('',(2.,39.,-13.09682459678));
#127 = DIRECTION('',(0.,0.,1.));
#128 = DIRECTION('',(-1.,-0.,0.));
#129 = DEFINITIONAL_REPRESENTATION('',(#130),#134);
#130 = LINE('',#131,#132);
#131 = CARTESIAN_POINT('',(-0.,0.));
#132 = VECTOR('',#133,1.);
#133 = DIRECTION('',(-0.,1.));
#134 = ( GEOMETRIC_REPRESENTATION_CONTEXT(2) 
PARAMETRIC_REPRESENTATION_CONTEXT() REPRESENTATION_CONTEXT('2D SPACE',''
  ) );
#135 = ADVANCED_FACE('',(#136,#335,#366,#397,#428),#44,.T.);
#136 = FACE_BOUND('',#137,.T.);
#137 = EDGE_LOOP('',(#138,#139,#163,#191,#224,#252,#281,#309));
#138 = ORIENTED_EDGE('',*,*,#21,.F.);
#139 = ORIENTED_EDGE('',*,*,#140,.T.);
#140 = EDGE_CURVE('',#22,#141,#143,.T.);
#141 = VERTEX_POINT('',#142);
#142 = CARTESIAN_POINT('',(2.,-2.,-2.));
#143 = SURFACE_CURVE('',#144,(#149,#156),.PCURVE_S1.);
#144 = CIRCLE('',#145,4.);
#145 = AXIS2_PLACEMENT_3D('',#146,#147,#148);
#146 = CARTESIAN_POINT('',(2.,2.,-2.));
#147 = DIRECTION('',(0.,0.,1.));
#148 = DIRECTION('',(0.,-1.,0.));
#149 = PCURVE('',#44,#150);
#150 = DEFINITIONAL_REPRESENTATION('',(#151),#155);
#151 = CIRCLE('',#152,4.);
#152 = AXIS2_PLACEMENT_2D('',#153,#154);
#153 = CARTESIAN_POINT('',(4.,4.));
#154 = DIRECTION('',(0.,-1.));
#155 = ( GEOMETRIC_REPRESENTATION_CONTEXT(2) 
PARAMETRIC_REPRESENTATION_CONTEXT() REPRESENTATION_CONTEXT('2D SPACE',''
  ) );
#156 = PCURVE('',#72,#157);
#157 = DEFINITIONAL_REPRESENTATION('',(#158),#162);
#158 = LINE('',#159,#160);
#159 = CARTESIAN_POINT('',(-4.712388980385,11.096824596788));
#160 = VECTOR('',#161,1.);
#161 = DIRECTION('',(1.,0.));
#162 = ( GEOMETRIC_REPRESENTATION_CONTEXT(2) 
PARAMETRIC_REPRESENTATION_CONTEXT() REPRESENTATION_CONTEXT('2D SPACE',''
  ) );
#163 = ORIENTED_EDGE('',*,*,#164,.T.);
#164 = EDGE_CURVE('',#141,#165,#167,.T.);
#165 = VERTEX_POINT('',#166);
#166 = CARTESIAN_POINT('',(68.,-2.,-2.));
#167 = SURFACE_CURVE('',#168,(#172,#179),.PCURVE_S1.);
#168 = LINE('',#169,#170);
#169 = CARTESIAN_POINT('',(-2.,-2.,-2.));
#170 = VECTOR('',#171,1.);
#171 = DIRECTION('',(1.,0.,0.));
#172 = PCURVE('',#44,#173);
#173 = DEFINITIONAL_REPRESENTATION('',(#174),#178);
#174 = LINE('',#175,#176);
#175 = CARTESIAN_POINT('',(0.,0.));
#176 = VECTOR('',#177,1.);
#177 = DIRECTION('',(1.,0.));
#178 = ( GEOMETRIC_REPRESENTATION_CONTEXT(2) 
PARAMETRIC_REPRESENTATION_CONTEXT() REPRESENTATION_CONTEXT('2D SPACE',''
  ) );
#179 = PCURVE('',#180,#185);
#180 = PLANE('',#181);
#181 = AXIS2_PLACEMENT_3D('',#182,#183,#184);
#182 = CARTESIAN_POINT('',(-2.,-2.,-13.09682459678));
#183 = DIRECTION('',(0.,1.,0.));
#184 = DIRECTION('',(0.,0.,1.));
#185 = DEFINITIONAL_REPRESENTATION('',(#186),#190);
#186 = LINE('',#187,#188);
#187 = CARTESIAN_POINT('',(11.096824596788,0.));
#188 = VECTOR('',#189,1.);
#189 = DIRECTION('',(0.,1.));
#190 = ( GEOMETRIC_REPRESENTATION_CONTEXT(2) 
PARAMETRIC_REPRESENTATION_CONTEXT() REPRESENTATION_CONTEXT('2D SPACE',''
  ) );
#191 = ORIENTED_EDGE('',*,*,#192,.F.);
#192 = EDGE_CURVE('',#193,#165,#195,.T.);
#193 = VERTEX_POINT('',#194);
#194 = CARTESIAN_POINT('',(72.,2.,-2.));
#195 = SURFACE_CURVE('',#196,(#201,#212),.PCURVE_S1.);
#196 = CIRCLE('',#197,4.);
#197 = AXIS2_PLACEMENT_3D('',#198,#199,#200);
#198 = CARTESIAN_POINT('',(68.,2.,-2.));
#199 = DIRECTION('',(-0.,-0.,-1.));
#200 = DIRECTION('',(0.,-1.,0.));
#201 = PCURVE('',#44,#202);
#202 = DEFINITIONAL_REPRESENTATION('',(#203),#211);
#203 = ( BOUNDED_CURVE() B_SPLINE_CURVE(2,(#204,#205,#206,#207,#208,#209
,#210),.UNSPECIFIED.,.T.,.F.) B_SPLINE_CURVE_WITH_KNOTS((1,2,2,2,2,1),(
    -2.094395102393,0.,2.094395102393,4.188790204786,6.28318530718,
8.377580409573),.UNSPECIFIED.) CURVE() GEOMETRIC_REPRESENTATION_ITEM() 
RATIONAL_B_SPLINE_CURVE((1.,0.5,1.,0.5,1.,0.5,1.)) REPRESENTATION_ITEM(
  '') );
#204 = CARTESIAN_POINT('',(70.,-8.881784197001E-16));
#205 = CARTESIAN_POINT('',(63.071796769724,-8.881784197001E-16));
#206 = CARTESIAN_POINT('',(66.535898384862,6.));
#207 = CARTESIAN_POINT('',(70.,12.));
#208 = CARTESIAN_POINT('',(73.464101615138,6.));
#209 = CARTESIAN_POINT('',(76.928203230276,5.329070518201E-15));
#210 = CARTESIAN_POINT('',(70.,-8.881784197001E-16));
#211 = ( GEOMETRIC_REPRESENTATION_CONTEXT(2) 
PARAMETRIC_REPRESENTATION_CONTEXT() REPRESENTATION_CONTEXT('2D SPACE',''
  ) );
#212 = PCURVE('',#213,#218);
#213 = CYLINDRICAL_SURFACE('',#214,4.);
#214 = AXIS2_PLACEMENT_3D('',#215,#216,#217);
#215 = CARTESIAN_POINT('',(68.,2.,-13.09682459678));
#216 = DIRECTION('',(0.,0.,1.));
#217 = DIRECTION('',(1.,0.,-0.));
#218 = DEFINITIONAL_REPRESENTATION('',(#219),#223);
#219 = LINE('',#220,#221);
#220 = CARTESIAN_POINT('',(4.712388980385,11.096824596788));
#221 = VECTOR('',#222,1.);
#222 = DIRECTION('',(-1.,0.));
#223 = ( GEOMETRIC_REPRESENTATION_CONTEXT(2) 
PARAMETRIC_REPRESENTATION_CONTEXT() REPRESENTATION_CONTEXT('2D SPACE',''
  ) );
#224 = ORIENTED_EDGE('',*,*,#225,.T.);
#225 = EDGE_CURVE('',#193,#226,#228,.T.);
#226 = VERTEX_POINT('',#227);
#227 = CARTESIAN_POINT('',(72.,39.,-2.));
#228 = SURFACE_CURVE('',#229,(#233,#240),.PCURVE_S1.);
#229 = LINE('',#230,#231);
#230 = CARTESIAN_POINT('',(72.,-2.,-2.));
#231 = VECTOR('',#232,1.);
#232 = DIRECTION('',(0.,1.,0.));
#233 = PCURVE('',#44,#234);
#234 = DEFINITIONAL_REPRESENTATION('',(#235),#239);
#235 = LINE('',#236,#237);
#236 = CARTESIAN_POINT('',(74.,0.));
#237 = VECTOR('',#238,1.);
#238 = DIRECTION('',(0.,1.));
#239 = ( GEOMETRIC_REPRESENTATION_CONTEXT(2) 
PARAMETRIC_REPRESENTATION_CONTEXT() REPRESENTATION_CONTEXT('2D SPACE',''
  ) );
#240 = PCURVE('',#241,#246);
#241 = PLANE('',#242);
#242 = AXIS2_PLACEMENT_3D('',#243,#244,#245);
#243 = CARTESIAN_POINT('',(72.,-2.,-13.09682459678));
#244 = DIRECTION('',(1.,0.,0.));
#245 = DIRECTION('',(0.,0.,1.));
#246 = DEFINITIONAL_REPRESENTATION('',(#247),#251);
#247 = LINE('',#248,#249);
#248 = CARTESIAN_POINT('',(11.096824596788,0.));
#249 = VECTOR('',#250,1.);
#250 = DIRECTION('',(0.,-1.));
#251 = ( GEOMETRIC_REPRESENTATION_CONTEXT(2) 
PARAMETRIC_REPRESENTATION_CONTEXT() REPRESENTATION_CONTEXT('2D SPACE',''
  ) );
#252 = ORIENTED_EDGE('',*,*,#253,.T.);
#253 = EDGE_CURVE('',#226,#254,#256,.T.);
#254 = VERTEX_POINT('',#255);
#255 = CARTESIAN_POINT('',(68.,43.,-2.));
#256 = SURFACE_CURVE('',#257,(#262,#269),.PCURVE_S1.);
#257 = CIRCLE('',#258,4.);
#258 = AXIS2_PLACEMENT_3D('',#259,#260,#261);
#259 = CARTESIAN_POINT('',(68.,39.,-2.));
#260 = DIRECTION('',(0.,0.,1.));
#261 = DIRECTION('',(0.,-1.,0.));
#262 = PCURVE('',#44,#263);
#263 = DEFINITIONAL_REPRESENTATION('',(#264),#268);
#264 = CIRCLE('',#265,4.);
#265 = AXIS2_PLACEMENT_2D('',#266,#267);
#266 = CARTESIAN_POINT('',(70.,41.));
#267 = DIRECTION('',(0.,-1.));
#268 = ( GEOMETRIC_REPRESENTATION_CONTEXT(2) 
PARAMETRIC_REPRESENTATION_CONTEXT() REPRESENTATION_CONTEXT('2D SPACE',''
  ) );
#269 = PCURVE('',#270,#275);
#270 = CYLINDRICAL_SURFACE('',#271,4.);
#271 = AXIS2_PLACEMENT_3D('',#272,#273,#274);
#272 = CARTESIAN_POINT('',(68.,39.,-13.09682459678));
#273 = DIRECTION('',(0.,0.,1.));
#274 = DIRECTION('',(1.,0.,-0.));
#275 = DEFINITIONAL_REPRESENTATION('',(#276),#280);
#276 = LINE('',#277,#278);
#277 = CARTESIAN_POINT('',(-1.570796326795,11.096824596788));
#278 = VECTOR('',#279,1.);
#279 = DIRECTION('',(1.,0.));
#280 = ( GEOMETRIC_REPRESENTATION_CONTEXT(2) 
PARAMETRIC_REPRESENTATION_CONTEXT() REPRESENTATION_CONTEXT('2D SPACE',''
  ) );
#281 = ORIENTED_EDGE('',*,*,#282,.F.);
#282 = EDGE_CURVE('',#283,#254,#285,.T.);
#283 = VERTEX_POINT('',#284);
#284 = CARTESIAN_POINT('',(2.,43.,-2.));
#285 = SURFACE_CURVE('',#286,(#290,#297),.PCURVE_S1.);
#286 = LINE('',#287,#288);
#287 = CARTESIAN_POINT('',(-2.,43.,-2.));
#288 = VECTOR('',#289,1.);
#289 = DIRECTION('',(1.,0.,0.));
#290 = PCURVE('',#44,#291);
#291 = DEFINITIONAL_REPRESENTATION('',(#292),#296);
#292 = LINE('',#293,#294);
#293 = CARTESIAN_POINT('',(0.,45.));
#294 = VECTOR('',#295,1.);
#295 = DIRECTION('',(1.,0.));
#296 = ( GEOMETRIC_REPRESENTATION_CONTEXT(2) 
PARAMETRIC_REPRESENTATION_CONTEXT() REPRESENTATION_CONTEXT('2D SPACE',''
  ) );
#297 = PCURVE('',#298,#303);
#298 = PLANE('',#299);
#299 = AXIS2_PLACEMENT_3D('',#300,#301,#302);
#300 = CARTESIAN_POINT('',(-2.,43.,-13.09682459678));
#301 = DIRECTION('',(0.,1.,0.));
#302 = DIRECTION('',(0.,0.,1.));
#303 = DEFINITIONAL_REPRESENTATION('',(#304),#308);
#304 = LINE('',#305,#306);
#305 = CARTESIAN_POINT('',(11.096824596788,0.));
#306 = VECTOR('',#307,1.);
#307 = DIRECTION('',(0.,1.));
#308 = ( GEOMETRIC_REPRESENTATION_CONTEXT(2) 
PARAMETRIC_REPRESENTATION_CONTEXT() REPRESENTATION_CONTEXT('2D SPACE',''
  ) );
#309 = ORIENTED_EDGE('',*,*,#310,.F.);
#310 = EDGE_CURVE('',#24,#283,#311,.T.);
#311 = SURFACE_CURVE('',#312,(#317,#328),.PCURVE_S1.);
#312 = CIRCLE('',#313,4.);
#313 = AXIS2_PLACEMENT_3D('',#314,#315,#316);
#314 = CARTESIAN_POINT('',(2.,39.,-2.));
#315 = DIRECTION('',(-0.,-0.,-1.));
#316 = DIRECTION('',(0.,-1.,0.));
#317 = PCURVE('',#44,#318);
#318 = DEFINITIONAL_REPRESENTATION('',(#319),#327);
#319 = ( BOUNDED_CURVE() B_SPLINE_CURVE(2,(#320,#321,#322,#323,#324,#325
,#326),.UNSPECIFIED.,.T.,.F.) B_SPLINE_CURVE_WITH_KNOTS((1,2,2,2,2,1),(
    -2.094395102393,0.,2.094395102393,4.188790204786,6.28318530718,
8.377580409573),.UNSPECIFIED.) CURVE() GEOMETRIC_REPRESENTATION_ITEM() 
RATIONAL_B_SPLINE_CURVE((1.,0.5,1.,0.5,1.,0.5,1.)) REPRESENTATION_ITEM(
  '') );
#320 = CARTESIAN_POINT('',(4.,37.));
#321 = CARTESIAN_POINT('',(-2.928203230276,37.));
#322 = CARTESIAN_POINT('',(0.535898384862,43.));
#323 = CARTESIAN_POINT('',(4.,49.));
#324 = CARTESIAN_POINT('',(7.464101615138,43.));
#325 = CARTESIAN_POINT('',(10.928203230276,37.));
#326 = CARTESIAN_POINT('',(4.,37.));
#327 = ( GEOMETRIC_REPRESENTATION_CONTEXT(2) 
PARAMETRIC_REPRESENTATION_CONTEXT() REPRESENTATION_CONTEXT('2D SPACE',''
  ) );
#328 = PCURVE('',#124,#329);
#329 = DEFINITIONAL_REPRESENTATION('',(#330),#334);
#330 = LINE('',#331,#332);
#331 = CARTESIAN_POINT('',(1.570796326795,11.096824596788));
#332 = VECTOR('',#333,1.);
#333 = DIRECTION('',(-1.,0.));
#334 = ( GEOMETRIC_REPRESENTATION_CONTEXT(2) 
PARAMETRIC_REPRESENTATION_CONTEXT() REPRESENTATION_CONTEXT('2D SPACE',''
  ) );
#335 = FACE_BOUND('',#336,.T.);
#336 = EDGE_LOOP('',(#337));
#337 = ORIENTED_EDGE('',*,*,#338,.F.);
#338 = EDGE_CURVE('',#339,#339,#341,.T.);
#339 = VERTEX_POINT('',#340);
#340 = CARTESIAN_POINT('',(5.85,10.5,-2.));
#341 = SURFACE_CURVE('',#342,(#347,#354),.PCURVE_S1.);
#342 = CIRCLE('',#343,0.85);
#343 = AXIS2_PLACEMENT_3D('',#344,#345,#346);
#344 = CARTESIAN_POINT('',(5.,10.5,-2.));
#345 = DIRECTION('',(0.,0.,1.));
#346 = DIRECTION('',(1.,0.,-0.));
#347 = PCURVE('',#44,#348);
#348 = DEFINITIONAL_REPRESENTATION('',(#349),#353);
#349 = CIRCLE('',#350,0.85);
#350 = AXIS2_PLACEMENT_2D('',#351,#352);
#351 = CARTESIAN_POINT('',(7.,12.5));
#352 = DIRECTION('',(1.,0.));
#353 = ( GEOMETRIC_REPRESENTATION_CONTEXT(2) 
PARAMETRIC_REPRESENTATION_CONTEXT() REPRESENTATION_CONTEXT('2D SPACE',''
  ) );
#354 = PCURVE('',#355,#360);
#355 = CYLINDRICAL_SURFACE('',#356,0.85);
#356 = AXIS2_PLACEMENT_3D('',#357,#358,#359);
#357 = CARTESIAN_POINT('',(5.,10.5,-7.));
#358 = DIRECTION('',(0.,0.,1.));
#359 = DIRECTION('',(1.,0.,-0.));
#360 = DEFINITIONAL_REPRESENTATION('',(#361),#365);
#361 = LINE('',#362,#363);
#362 = CARTESIAN_POINT('',(0.,5.));
#363 = VECTOR('',#364,1.);
#364 = DIRECTION('',(1.,0.));
#365 = ( GEOMETRIC_REPRESENTATION_CONTEXT(2) 
PARAMETRIC_REPRESENTATION_CONTEXT() REPRESENTATION_CONTEXT('2D SPACE',''
  ) );
#366 = FACE_BOUND('',#367,.T.);
#367 = EDGE_LOOP('',(#368));
#368 = ORIENTED_EDGE('',*,*,#369,.F.);
#369 = EDGE_CURVE('',#370,#370,#372,.T.);
#370 = VERTEX_POINT('',#371);
#371 = CARTESIAN_POINT('',(65.85,10.5,-2.));
#372 = SURFACE_CURVE('',#373,(#378,#385),.PCURVE_S1.);
#373 = CIRCLE('',#374,0.85);
#374 = AXIS2_PLACEMENT_3D('',#375,#376,#377);
#375 = CARTESIAN_POINT('',(65.,10.5,-2.));
#376 = DIRECTION('',(0.,0.,1.));
#377 = DIRECTION('',(1.,0.,-0.));
#378 = PCURVE('',#44,#379);
#379 = DEFINITIONAL_REPRESENTATION('',(#380),#384);
#380 = CIRCLE('',#381,0.85);
#381 = AXIS2_PLACEMENT_2D('',#382,#383);
#382 = CARTESIAN_POINT('',(67.,12.5));
#383 = DIRECTION('',(1.,0.));
#384 = ( GEOMETRIC_REPRESENTATION_CONTEXT(2) 
PARAMETRIC_REPRESENTATION_CONTEXT() REPRESENTATION_CONTEXT('2D SPACE',''
  ) );
#385 = PCURVE('',#386,#391);
#386 = CYLINDRICAL_SURFACE('',#387,0.85);
#387 = AXIS2_PLACEMENT_3D('',#388,#389,#390);
#388 = CARTESIAN_POINT('',(65.,10.5,-7.));
#389 = DIRECTION('',(0.,0.,1.));
#390 = DIRECTION('',(1.,0.,-0.));
#391 = DEFINITIONAL_REPRESENTATION('',(#392),#396);
#392 = LINE('',#393,#394);
#393 = CARTESIAN_POINT('',(0.,5.));
#394 = VECTOR('',#395,1.);
#395 = DIRECTION('',(1.,0.));
#396 = ( GEOMETRIC_REPRESENTATION_CONTEXT(2) 
PARAMETRIC_REPRESENTATION_CONTEXT() REPRESENTATION_CONTEXT('2D SPACE',''
  ) );
#397 = FACE_BOUND('',#398,.T.);
#398 = EDGE_LOOP('',(#399));
#399 = ORIENTED_EDGE('',*,*,#400,.F.);
#400 = EDGE_CURVE('',#401,#401,#403,.T.);
#401 = VERTEX_POINT('',#402);
#402 = CARTESIAN_POINT('',(5.85,30.5,-2.));
#403 = SURFACE_CURVE('',#404,(#409,#416),.PCURVE_S1.);
#404 = CIRCLE('',#405,0.85);
#405 = AXIS2_PLACEMENT_3D('',#406,#407,#408);
#406 = CARTESIAN_POINT('',(5.,30.5,-2.));
#407 = DIRECTION('',(0.,0.,1.));
#408 = DIRECTION('',(1.,0.,-0.));
#409 = PCURVE('',#44,#410);
#410 = DEFINITIONAL_REPRESENTATION('',(#411),#415);
#411 = CIRCLE('',#412,0.85);
#412 = AXIS2_PLACEMENT_2D('',#413,#414);
#413 = CARTESIAN_POINT('',(7.,32.5));
#414 = DIRECTION('',(1.,0.));
#415 = ( GEOMETRIC_REPRESENTATION_CONTEXT(2) 
PARAMETRIC_REPRESENTATION_CONTEXT() REPRESENTATION_CONTEXT('2D SPACE',''
  ) );
#416 = PCURVE('',#417,#422);
#417 = CYLINDRICAL_SURFACE('',#418,0.85);
#418 = AXIS2_PLACEMENT_3D('',#419,#420,#421);
#419 = CARTESIAN_POINT('',(5.,30.5,-7.));
#420 = DIRECTION('',(0.,0.,1.));
#421 = DIRECTION('',(1.,0.,-0.));
#422 = DEFINITIONAL_REPRESENTATION('',(#423),#427);
#423 = LINE('',#424,#425);
#424 = CARTESIAN_POINT('',(0.,5.));
#425 = VECTOR('',#426,1.);
#426 = DIRECTION('',(1.,0.));
#427 = ( GEOMETRIC_REPRESENTATION_CONTEXT(2) 
PARAMETRIC_REPRESENTATION_CONTEXT() REPRESENTATION_CONTEXT('2D SPACE',''
  ) );
#428 = FACE_BOUND('',#429,.T.);
#429 = EDGE_LOOP('',(#430));
#430 = ORIENTED_EDGE('',*,*,#431,.F.);
#431 = EDGE_CURVE('',#432,#432,#434,.T.);
#432 = VERTEX_POINT('',#433);
#433 = CARTESIAN_POINT('',(66.85,28.5,-2.));
#434 = SURFACE_CURVE('',#435,(#440,#447),.PCURVE_S1.);
#435 = CIRCLE('',#436,0.85);
#436 = AXIS2_PLACEMENT_3D('',#437,#438,#439);
#437 = CARTESIAN_POINT('',(66.,28.5,-2.));
#438 = DIRECTION('',(0.,0.,1.));
#439 = DIRECTION('',(1.,0.,-0.));
#440 = PCURVE('',#44,#441);
#441 = DEFINITIONAL_REPRESENTATION('',(#442),#446);
#442 = CIRCLE('',#443,0.85);
#443 = AXIS2_PLACEMENT_2D('',#444,#445);
#444 = CARTESIAN_POINT('',(68.,30.5));
#445 = DIRECTION('',(1.,0.));
#446 = ( GEOMETRIC_REPRESENTATION_CONTEXT(2) 
PARAMETRIC_REPRESENTATION_CONTEXT() REPRESENTATION_CONTEXT('2D SPACE',''
  ) );
#447 = PCURVE('',#448,#453);
#448 = CYLINDRICAL_SURFACE('',#449,0.85);
#449 = AXIS2_PLACEMENT_3D('',#450,#451,#452);
#450 = CARTESIAN_POINT('',(66.,28.5,-7.));
#451 = DIRECTION('',(0.,0.,1.));
#452 = DIRECTION('',(1.,0.,-0.));
#453 = DEFINITIONAL_REPRESENTATION('',(#454),#458);
#454 = LINE('',#455,#456);
#455 = CARTESIAN_POINT('',(0.,5.));
#456 = VECTOR('',#457,1.);
#457 = DIRECTION('',(1.,0.));
#458 = ( GEOMETRIC_REPRESENTATION_CONTEXT(2) 
PARAMETRIC_REPRESENTATION_CONTEXT() REPRESENTATION_CONTEXT('2D SPACE',''
  ) );
#459 = ADVANCED_FACE('',(#460),#124,.T.);
#460 = FACE_BOUND('',#461,.F.);
#461 = EDGE_LOOP('',(#462,#463,#537,#558));
#462 = ORIENTED_EDGE('',*,*,#110,.F.);
#463 = ORIENTED_EDGE('',*,*,#464,.T.);
#464 = EDGE_CURVE('',#85,#465,#467,.T.);
#465 = VERTEX_POINT('',#466);
#466 = CARTESIAN_POINT('',(2.,43.,-10.60190679891));
#467 = SURFACE_CURVE('',#468,(#489,#513),.PCURVE_S1.);
#468 = B_SPLINE_CURVE_WITH_KNOTS('',7,(#469,#470,#471,#472,#473,#474,
    #475,#476,#477,#478,#479,#480,#481,#482,#483,#484,#485,#486,#487,
    #488),.UNSPECIFIED.,.F.,.F.,(8,6,6,8),(0.,0.474924690353,
    0.64469359659,1.),.UNSPECIFIED.);
#469 = CARTESIAN_POINT('',(-2.,39.,-12.09682459678));
#470 = CARTESIAN_POINT('',(-2.,39.385049127514,-12.09682459678));
#471 = CARTESIAN_POINT('',(-1.956757168645,39.770182518556,
    -12.0796025384));
#472 = CARTESIAN_POINT('',(-1.870233914306,40.151518324685,
    -12.04514338343));
#473 = CARTESIAN_POINT('',(-1.740078906736,40.525019645804,
    -11.99345436684));
#474 = CARTESIAN_POINT('',(-1.565733036622,40.886237964339,
    -11.9246067725));
#475 = CARTESIAN_POINT('',(-1.346558482529,41.229963720142,
    -11.83880570962));
#476 = CARTESIAN_POINT('',(-0.987501535306,41.663989011306,
    -11.69989275815));
#477 = CARTESIAN_POINT('',(-0.88716881875,41.775202724954,-11.6612043405
    ));
#478 = CARTESIAN_POINT('',(-0.78107198464,41.882995036295,
    -11.62044251616));
#479 = CARTESIAN_POINT('',(-0.669246050378,41.987009387372,
    -11.57765131381));
#480 = CARTESIAN_POINT('',(-0.551744333964,42.086874591865,
    -11.5328838135));
#481 = CARTESIAN_POINT('',(-0.428638900415,42.182204701041,
    -11.48620185765));
#482 = CARTESIAN_POINT('',(-3.083884920413E-02,42.461783259631,
    -11.3361163368));
#483 = CARTESIAN_POINT('',(0.264385077062,42.630679510351,
    -11.22576416883));
#484 = CARTESIAN_POINT('',(0.582938928667,42.773311211102,
    -11.10799501833));
#485 = CARTESIAN_POINT('',(0.920910330904,42.884740588011,
    -10.98463068312));
#486 = CARTESIAN_POINT('',(1.273456601747,42.961162569595,-10.8577407379
    ));
#487 = CARTESIAN_POINT('',(1.635093143406,43.,-10.72947215388));
#488 = CARTESIAN_POINT('',(2.,43.,-10.60190679891));
#489 = PCURVE('',#124,#490);
#490 = DEFINITIONAL_REPRESENTATION('',(#491),#512);
#491 = B_SPLINE_CURVE_WITH_KNOTS('',7,(#492,#493,#494,#495,#496,#497,
    #498,#499,#500,#501,#502,#503,#504,#505,#506,#507,#508,#509,#510,
    #511),.UNSPECIFIED.,.F.,.F.,(8,6,6,8),(0.,0.474924690353,
    0.64469359659,1.),.UNSPECIFIED.);
#492 = CARTESIAN_POINT('',(0.,1.));
#493 = CARTESIAN_POINT('',(-9.626228187839E-02,1.));
#494 = CARTESIAN_POINT('',(-0.192545542061,1.017222058385));
#495 = CARTESIAN_POINT('',(-0.289336839359,1.051681213354));
#496 = CARTESIAN_POINT('',(-0.387085088226,1.103370229942));
#497 = CARTESIAN_POINT('',(-0.48627222429,1.172217824286));
#498 = CARTESIAN_POINT('',(-0.587410363144,1.258018887161));
#499 = CARTESIAN_POINT('',(-0.728233799741,1.396931838636));
#500 = CARTESIAN_POINT('',(-0.765645304484,1.435620256287));
#501 = CARTESIAN_POINT('',(-0.80339965789,1.476382080619));
#502 = CARTESIAN_POINT('',(-0.841512427598,1.519173282969));
#503 = CARTESIAN_POINT('',(-0.880000785774,1.563940783279));
#504 = CARTESIAN_POINT('',(-0.918884305863,1.610622739138));
#505 = CARTESIAN_POINT('',(-1.040439090623,1.760708259983));
#506 = CARTESIAN_POINT('',(-1.125102360512,1.871060427954));
#507 = CARTESIAN_POINT('',(-1.211671394911,1.988829578458));
#508 = CARTESIAN_POINT('',(-1.299783416151,2.112193913662));
#509 = CARTESIAN_POINT('',(-1.389160638136,2.239083858882));
#510 = CARTESIAN_POINT('',(-1.479569612646,2.3673524429));
#511 = CARTESIAN_POINT('',(-1.570796326795,2.494917797869));
#512 = ( GEOMETRIC_REPRESENTATION_CONTEXT(2) 
PARAMETRIC_REPRESENTATION_CONTEXT() REPRESENTATION_CONTEXT('2D SPACE',''
  ) );
#513 = PCURVE('',#99,#514);
#514 = DEFINITIONAL_REPRESENTATION('',(#515),#536);
#515 = B_SPLINE_CURVE_WITH_KNOTS('',7,(#516,#517,#518,#519,#520,#521,
    #522,#523,#524,#525,#526,#527,#528,#529,#530,#531,#532,#533,#534,
    #535),.UNSPECIFIED.,.F.,.F.,(8,6,6,8),(0.,0.474924690353,
    0.64469359659,1.),.UNSPECIFIED.);
#516 = CARTESIAN_POINT('',(5.904176286484,51.));
#517 = CARTESIAN_POINT('',(5.904176286484,51.385049127514));
#518 = CARTESIAN_POINT('',(5.904641747737,51.770182518556));
#519 = CARTESIAN_POINT('',(5.905573075106,52.151518324685));
#520 = CARTESIAN_POINT('',(5.906973505836,52.525019645804));
#521 = CARTESIAN_POINT('',(5.908847970452,52.886237964339));
#522 = CARTESIAN_POINT('',(5.91120165749,53.229963720142));
#523 = CARTESIAN_POINT('',(5.915051575664,53.663989011306));
#524 = CARTESIAN_POINT('',(5.91612690972,53.775202724954));
#525 = CARTESIAN_POINT('',(5.917263484944,53.882995036295));
#526 = CARTESIAN_POINT('',(5.918460818524,53.987009387372));
#527 = CARTESIAN_POINT('',(5.91971822551,54.086874591865));
#528 = CARTESIAN_POINT('',(5.921034815959,54.182204701041));
#529 = CARTESIAN_POINT('',(5.9252865279,54.461783259631));
#530 = CARTESIAN_POINT('',(5.928438255072,54.630679510351));
#531 = CARTESIAN_POINT('',(5.931834482869,54.773311211102));
#532 = CARTESIAN_POINT('',(5.935432248488,54.884740588011));
#533 = CARTESIAN_POINT('',(5.939179048779,54.961162569595));
#534 = CARTESIAN_POINT('',(5.943016115208,55.));
#535 = CARTESIAN_POINT('',(5.946881732026,55.));
#536 = ( GEOMETRIC_REPRESENTATION_CONTEXT(2) 
PARAMETRIC_REPRESENTATION_CONTEXT() REPRESENTATION_CONTEXT('2D SPACE',''
  ) );
#537 = ORIENTED_EDGE('',*,*,#538,.T.);
#538 = EDGE_CURVE('',#465,#283,#539,.T.);
#539 = SURFACE_CURVE('',#540,(#544,#551),.PCURVE_S1.);
#540 = LINE('',#541,#542);
#541 = CARTESIAN_POINT('',(2.,43.,-13.09682459678));
#542 = VECTOR('',#543,1.);
#543 = DIRECTION('',(0.,0.,1.));
#544 = PCURVE('',#124,#545);
#545 = DEFINITIONAL_REPRESENTATION('',(#546),#550);
#546 = LINE('',#547,#548);
#547 = CARTESIAN_POINT('',(-1.570796326795,0.));
#548 = VECTOR('',#549,1.);
#549 = DIRECTION('',(-0.,1.));
#550 = ( GEOMETRIC_REPRESENTATION_CONTEXT(2) 
PARAMETRIC_REPRESENTATION_CONTEXT() REPRESENTATION_CONTEXT('2D SPACE',''
  ) );
#551 = PCURVE('',#298,#552);
#552 = DEFINITIONAL_REPRESENTATION('',(#553),#557);
#553 = LINE('',#554,#555);
#554 = CARTESIAN_POINT('',(0.,4.));
#555 = VECTOR('',#556,1.);
#556 = DIRECTION('',(1.,0.));
#557 = ( GEOMETRIC_REPRESENTATION_CONTEXT(2) 
PARAMETRIC_REPRESENTATION_CONTEXT() REPRESENTATION_CONTEXT('2D SPACE',''
  ) );
#558 = ORIENTED_EDGE('',*,*,#310,.F.);
#559 = ADVANCED_FACE('',(#560,#821,#932,#1043,#1154),#99,.F.);
#560 = FACE_BOUND('',#561,.F.);
#561 = EDGE_LOOP('',(#562,#592,#648,#669,#725,#747,#748,#749));
#562 = ORIENTED_EDGE('',*,*,#563,.F.);
#563 = EDGE_CURVE('',#564,#566,#568,.T.);
#564 = VERTEX_POINT('',#565);
#565 = CARTESIAN_POINT('',(68.,-2.,-10.60190679891));
#566 = VERTEX_POINT('',#567);
#567 = CARTESIAN_POINT('',(2.,-2.,-10.60190679891));
#568 = SURFACE_CURVE('',#569,(#574,#581),.PCURVE_S1.);
#569 = CIRCLE('',#570,100.);
#570 = AXIS2_PLACEMENT_3D('',#571,#572,#573);
#571 = CARTESIAN_POINT('',(35.,-2.,-105.));
#572 = DIRECTION('',(-2.691449756667E-17,-1.,0.));
#573 = DIRECTION('',(0.33,-8.881784197001E-18,0.943980932011));
#574 = PCURVE('',#99,#575);
#575 = DEFINITIONAL_REPRESENTATION('',(#576),#580);
#576 = LINE('',#577,#578);
#577 = CARTESIAN_POINT('',(6.619488882334,10.));
#578 = VECTOR('',#579,1.);
#579 = DIRECTION('',(-1.,-0.));
#580 = ( GEOMETRIC_REPRESENTATION_CONTEXT(2) 
PARAMETRIC_REPRESENTATION_CONTEXT() REPRESENTATION_CONTEXT('2D SPACE',''
  ) );
#581 = PCURVE('',#180,#582);
#582 = DEFINITIONAL_REPRESENTATION('',(#583),#591);
#583 = ( BOUNDED_CURVE() B_SPLINE_CURVE(2,(#584,#585,#586,#587,#588,#589
,#590),.UNSPECIFIED.,.T.,.F.) B_SPLINE_CURVE_WITH_KNOTS((1,2,2,2,2,1),(
    -2.094395102393,0.,2.094395102393,4.188790204786,6.28318530718,
8.377580409573),.UNSPECIFIED.) CURVE() GEOMETRIC_REPRESENTATION_ITEM() 
RATIONAL_B_SPLINE_CURVE((1.,0.5,1.,0.5,1.,0.5,1.)) REPRESENTATION_ITEM(
  '') );
#584 = CARTESIAN_POINT('',(2.494917797869,70.));
#585 = CARTESIAN_POINT('',(59.652594447642,-93.50229356189));
#586 = CARTESIAN_POINT('',(-110.5233836788,-61.25114678094));
#587 = CARTESIAN_POINT('',(-280.6993618053,-29.));
#588 = CARTESIAN_POINT('',(-167.6810603286,102.25114678094));
#589 = CARTESIAN_POINT('',(-54.6627588519,233.50229356189));
#590 = CARTESIAN_POINT('',(2.494917797869,70.));
#591 = ( GEOMETRIC_REPRESENTATION_CONTEXT(2) 
PARAMETRIC_REPRESENTATION_CONTEXT() REPRESENTATION_CONTEXT('2D SPACE',''
  ) );
#592 = ORIENTED_EDGE('',*,*,#593,.F.);
#593 = EDGE_CURVE('',#594,#564,#596,.T.);
#594 = VERTEX_POINT('',#595);
#595 = CARTESIAN_POINT('',(72.,2.,-12.09682459678));
#596 = SURFACE_CURVE('',#597,(#612,#630),.PCURVE_S1.);
#597 = B_SPLINE_CURVE_WITH_KNOTS('',7,(#598,#599,#600,#601,#602,#603,
    #604,#605,#606,#607,#608,#609,#610,#611),.UNSPECIFIED.,.F.,.F.,(8,6,
    8),(0.,0.476637669691,1.),.UNSPECIFIED.);
#598 = CARTESIAN_POINT('',(72.,2.,-12.09682459678));
#599 = CARTESIAN_POINT('',(72.,1.614939064268,-12.09682459678));
#600 = CARTESIAN_POINT('',(71.956754479626,1.229811575753,
    -12.07960146683));
#601 = CARTESIAN_POINT('',(71.870233218615,0.848491487955,
    -12.04514310822));
#602 = CARTESIAN_POINT('',(71.740085930671,0.475005174438,
    -11.99345718024));
#603 = CARTESIAN_POINT('',(71.56574930982,0.113792412683,-11.92461320732
    ));
#604 = CARTESIAN_POINT('',(71.34657659984,-0.229941820075,-11.8388127189
    ));
#605 = CARTESIAN_POINT('',(70.791598163267,-0.900795508846,
    -11.62410111611));
#606 = CARTESIAN_POINT('',(70.441481677517,-1.229007135845,
    -11.48986039523));
#607 = CARTESIAN_POINT('',(70.033246302717,-1.517148826049,
    -11.33523874691));
#608 = CARTESIAN_POINT('',(69.573310940466,-1.749891530934,
    -11.16383729447));
#609 = CARTESIAN_POINT('',(69.071889538699,-1.914247990358,
    -10.9806992891));
#610 = CARTESIAN_POINT('',(68.542226018381,-2.,-10.79145997737));
#611 = CARTESIAN_POINT('',(68.,-2.,-10.60190679891));
#612 = PCURVE('',#99,#613);
#613 = DEFINITIONAL_REPRESENTATION('',(#614),#629);
#614 = B_SPLINE_CURVE_WITH_KNOTS('',7,(#615,#616,#617,#618,#619,#620,
    #621,#622,#623,#624,#625,#626,#627,#628),.UNSPECIFIED.,.F.,.F.,(8,6,
    8),(0.,0.476637669691,1.),.UNSPECIFIED.);
#615 = CARTESIAN_POINT('',(6.662194327876,14.));
#616 = CARTESIAN_POINT('',(6.662194327876,13.614939064268));
#617 = CARTESIAN_POINT('',(6.661728837676,13.229811575753));
#618 = CARTESIAN_POINT('',(6.66079753177,12.848491487955));
#619 = CARTESIAN_POINT('',(6.659397184191,12.475005174438));
#620 = CARTESIAN_POINT('',(6.657522818895,12.113792412683));
#621 = CARTESIAN_POINT('',(6.655169151129,11.770058179925));
#622 = CARTESIAN_POINT('',(6.64921850295,11.099204491154));
#623 = CARTESIAN_POINT('',(6.645468825412,10.770992864155));
#624 = CARTESIAN_POINT('',(6.641103520405,10.482851173951));
#625 = CARTESIAN_POINT('',(6.636195315859,10.250108469066));
#626 = CARTESIAN_POINT('',(6.630857330831,10.085752009642));
#627 = CARTESIAN_POINT('',(6.625232918044,10.));
#628 = CARTESIAN_POINT('',(6.619488882334,10.));
#629 = ( GEOMETRIC_REPRESENTATION_CONTEXT(2) 
PARAMETRIC_REPRESENTATION_CONTEXT() REPRESENTATION_CONTEXT('2D SPACE',''
  ) );
#630 = PCURVE('',#213,#631);
#631 = DEFINITIONAL_REPRESENTATION('',(#632),#647);
#632 = B_SPLINE_CURVE_WITH_KNOTS('',7,(#633,#634,#635,#636,#637,#638,
    #639,#640,#641,#642,#643,#644,#645,#646),.UNSPECIFIED.,.F.,.F.,(8,6,
    8),(0.,0.476637669691,1.),.UNSPECIFIED.);
#633 = CARTESIAN_POINT('',(0.,1.));
#634 = CARTESIAN_POINT('',(-9.626523393304E-02,1.));
#635 = CARTESIAN_POINT('',(-0.192547025967,1.017223129949));
#636 = CARTESIAN_POINT('',(-0.289334501351,1.051681488567));
#637 = CARTESIAN_POINT('',(-0.387078828883,1.103367416541));
#638 = CARTESIAN_POINT('',(-0.486263774677,1.172211389461));
#639 = CARTESIAN_POINT('',(-0.587403257469,1.258011877885));
#640 = CARTESIAN_POINT('',(-0.805067812576,1.47272348067));
#641 = CARTESIAN_POINT('',(-0.924083753867,1.606964201554));
#642 = CARTESIAN_POINT('',(-1.047057607069,1.761585849872));
#643 = CARTESIAN_POINT('',(-1.173400404232,1.932987302317));
#644 = CARTESIAN_POINT('',(-1.3028238967,2.116125307685));
#645 = CARTESIAN_POINT('',(-1.4352398222,2.305364619412));
#646 = CARTESIAN_POINT('',(-1.570796326795,2.494917797869));
#647 = ( GEOMETRIC_REPRESENTATION_CONTEXT(2) 
PARAMETRIC_REPRESENTATION_CONTEXT() REPRESENTATION_CONTEXT('2D SPACE',''
  ) );
#648 = ORIENTED_EDGE('',*,*,#649,.T.);
#649 = EDGE_CURVE('',#594,#650,#652,.T.);
#650 = VERTEX_POINT('',#651);
#651 = CARTESIAN_POINT('',(72.,39.,-12.09682459678));
#652 = SURFACE_CURVE('',#653,(#657,#663),.PCURVE_S1.);
#653 = LINE('',#654,#655);
#654 = CARTESIAN_POINT('',(72.,-12.,-12.09682459678));
#655 = VECTOR('',#656,1.);
#656 = DIRECTION('',(0.,1.,0.));
#657 = PCURVE('',#99,#658);
#658 = DEFINITIONAL_REPRESENTATION('',(#659),#662);
#659 = B_SPLINE_CURVE_WITH_KNOTS('',1,(#660,#661),.UNSPECIFIED.,.F.,.F.,
  (2,2),(14.,51.),.PIECEWISE_BEZIER_KNOTS.);
#660 = CARTESIAN_POINT('',(6.662194327876,14.));
#661 = CARTESIAN_POINT('',(6.662194327876,51.));
#662 = ( GEOMETRIC_REPRESENTATION_CONTEXT(2) 
PARAMETRIC_REPRESENTATION_CONTEXT() REPRESENTATION_CONTEXT('2D SPACE',''
  ) );
#663 = PCURVE('',#241,#664);
#664 = DEFINITIONAL_REPRESENTATION('',(#665),#668);
#665 = B_SPLINE_CURVE_WITH_KNOTS('',1,(#666,#667),.UNSPECIFIED.,.F.,.F.,
  (2,2),(10.3,54.7),.PIECEWISE_BEZIER_KNOTS.);
#666 = CARTESIAN_POINT('',(1.,-0.3));
#667 = CARTESIAN_POINT('',(1.,-44.7));
#668 = ( GEOMETRIC_REPRESENTATION_CONTEXT(2) 
PARAMETRIC_REPRESENTATION_CONTEXT() REPRESENTATION_CONTEXT('2D SPACE',''
  ) );
#669 = ORIENTED_EDGE('',*,*,#670,.T.);
#670 = EDGE_CURVE('',#650,#671,#673,.T.);
#671 = VERTEX_POINT('',#672);
#672 = CARTESIAN_POINT('',(68.,43.,-10.60190679891));
#673 = SURFACE_CURVE('',#674,(#689,#707),.PCURVE_S1.);
#674 = B_SPLINE_CURVE_WITH_KNOTS('',7,(#675,#676,#677,#678,#679,#680,
    #681,#682,#683,#684,#685,#686,#687,#688),.UNSPECIFIED.,.F.,.F.,(8,6,
    8),(0.,0.476637669809,1.),.UNSPECIFIED.);
#675 = CARTESIAN_POINT('',(72.,39.,-12.09682459678));
#676 = CARTESIAN_POINT('',(72.,39.385060935732,-12.09682459678));
#677 = CARTESIAN_POINT('',(71.956754479627,39.770188424246,
    -12.07960146683));
#678 = CARTESIAN_POINT('',(71.870233218615,40.151508512046,
    -12.04514310822));
#679 = CARTESIAN_POINT('',(71.740085930671,40.524994825561,
    -11.99345718024));
#680 = CARTESIAN_POINT('',(71.56574930982,40.886207587317,
    -11.92461320732));
#681 = CARTESIAN_POINT('',(71.34657659984,41.229941820075,-11.8388127189
    ));
#682 = CARTESIAN_POINT('',(70.791598163404,41.900795508681,
    -11.62410111617));
#683 = CARTESIAN_POINT('',(70.441481677394,42.229007136076,
    -11.48986039518));
#684 = CARTESIAN_POINT('',(70.033246302543,42.517148826048,
    -11.33523874685));
#685 = CARTESIAN_POINT('',(69.573310940604,42.749891530787,
    -11.16383729452));
#686 = CARTESIAN_POINT('',(69.071889538922,42.914247990421,
    -10.98069928917));
#687 = CARTESIAN_POINT('',(68.542226018166,43.,-10.7914599773));
#688 = CARTESIAN_POINT('',(68.,43.,-10.60190679891));
#689 = PCURVE('',#99,#690);
#690 = DEFINITIONAL_REPRESENTATION('',(#691),#706);
#691 = B_SPLINE_CURVE_WITH_KNOTS('',7,(#692,#693,#694,#695,#696,#697,
    #698,#699,#700,#701,#702,#703,#704,#705),.UNSPECIFIED.,.F.,.F.,(8,6,
    8),(0.,0.476637669809,1.),.UNSPECIFIED.);
#692 = CARTESIAN_POINT('',(6.662194327876,51.));
#693 = CARTESIAN_POINT('',(6.662194327876,51.385060935732));
#694 = CARTESIAN_POINT('',(6.661728837676,51.770188424246));
#695 = CARTESIAN_POINT('',(6.66079753177,52.151508512046));
#696 = CARTESIAN_POINT('',(6.659397184191,52.524994825561));
#697 = CARTESIAN_POINT('',(6.657522818895,52.886207587317));
#698 = CARTESIAN_POINT('',(6.655169151129,53.229941820075));
#699 = CARTESIAN_POINT('',(6.649218502952,53.900795508681));
#700 = CARTESIAN_POINT('',(6.645468825411,54.229007136076));
#701 = CARTESIAN_POINT('',(6.641103520403,54.517148826048));
#702 = CARTESIAN_POINT('',(6.636195315861,54.749891530787));
#703 = CARTESIAN_POINT('',(6.630857330834,54.914247990421));
#704 = CARTESIAN_POINT('',(6.625232918042,55.));
#705 = CARTESIAN_POINT('',(6.619488882334,55.));
#706 = ( GEOMETRIC_REPRESENTATION_CONTEXT(2) 
PARAMETRIC_REPRESENTATION_CONTEXT() REPRESENTATION_CONTEXT('2D SPACE',''
  ) );
#707 = PCURVE('',#270,#708);
#708 = DEFINITIONAL_REPRESENTATION('',(#709),#724);
#709 = B_SPLINE_CURVE_WITH_KNOTS('',7,(#710,#711,#712,#713,#714,#715,
    #716,#717,#718,#719,#720,#721,#722,#723),.UNSPECIFIED.,.F.,.F.,(8,6,
    8),(0.,0.476637669809,1.),.UNSPECIFIED.);
#710 = CARTESIAN_POINT('',(0.,1.));
#711 = CARTESIAN_POINT('',(9.62652339331E-02,1.));
#712 = CARTESIAN_POINT('',(0.192547025966,1.017223129949));
#713 = CARTESIAN_POINT('',(0.289334501351,1.051681488568));
#714 = CARTESIAN_POINT('',(0.387078828882,1.103367416541));
#715 = CARTESIAN_POINT('',(0.486263774678,1.172211389461));
#716 = CARTESIAN_POINT('',(0.587403257469,1.258011877885));
#717 = CARTESIAN_POINT('',(0.805067812523,1.472723480618));
#718 = CARTESIAN_POINT('',(0.924083753931,1.606964201602));
#719 = CARTESIAN_POINT('',(1.047057607092,1.761585849937));
#720 = CARTESIAN_POINT('',(1.173400404202,1.93298730226));
#721 = CARTESIAN_POINT('',(1.302823896644,2.11612530761));
#722 = CARTESIAN_POINT('',(1.435239822253,2.305364619487));
#723 = CARTESIAN_POINT('',(1.570796326795,2.494917797869));
#724 = ( GEOMETRIC_REPRESENTATION_CONTEXT(2) 
PARAMETRIC_REPRESENTATION_CONTEXT() REPRESENTATION_CONTEXT('2D SPACE',''
  ) );
#725 = ORIENTED_EDGE('',*,*,#726,.F.);
#726 = EDGE_CURVE('',#465,#671,#727,.T.);
#727 = SURFACE_CURVE('',#728,(#733,#740),.PCURVE_S1.);
#728 = CIRCLE('',#729,100.);
#729 = AXIS2_PLACEMENT_3D('',#730,#731,#732);
#730 = CARTESIAN_POINT('',(35.,43.,-105.));
#731 = DIRECTION('',(0.,1.,0.));
#732 = DIRECTION('',(-0.33,0.,0.943980932011));
#733 = PCURVE('',#99,#734);
#734 = DEFINITIONAL_REPRESENTATION('',(#735),#739);
#735 = LINE('',#736,#737);
#736 = CARTESIAN_POINT('',(5.946881732026,55.));
#737 = VECTOR('',#738,1.);
#738 = DIRECTION('',(1.,0.));
#739 = ( GEOMETRIC_REPRESENTATION_CONTEXT(2) 
PARAMETRIC_REPRESENTATION_CONTEXT() REPRESENTATION_CONTEXT('2D SPACE',''
  ) );
#740 = PCURVE('',#298,#741);
#741 = DEFINITIONAL_REPRESENTATION('',(#742),#746);
#742 = CIRCLE('',#743,100.);
#743 = AXIS2_PLACEMENT_2D('',#744,#745);
#744 = CARTESIAN_POINT('',(-91.90317540321,37.));
#745 = DIRECTION('',(0.943980932011,-0.33));
#746 = ( GEOMETRIC_REPRESENTATION_CONTEXT(2) 
PARAMETRIC_REPRESENTATION_CONTEXT() REPRESENTATION_CONTEXT('2D SPACE',''
  ) );
#747 = ORIENTED_EDGE('',*,*,#464,.F.);
#748 = ORIENTED_EDGE('',*,*,#84,.F.);
#749 = ORIENTED_EDGE('',*,*,#750,.T.);
#750 = EDGE_CURVE('',#57,#566,#751,.T.);
#751 = SURFACE_CURVE('',#752,(#773,#797),.PCURVE_S1.);
#752 = B_SPLINE_CURVE_WITH_KNOTS('',7,(#753,#754,#755,#756,#757,#758,
    #759,#760,#761,#762,#763,#764,#765,#766,#767,#768,#769,#770,#771,
    #772),.UNSPECIFIED.,.F.,.F.,(8,6,6,8),(0.,0.474924690351,
    0.644693596588,1.),.UNSPECIFIED.);
#753 = CARTESIAN_POINT('',(-2.,2.,-12.09682459678));
#754 = CARTESIAN_POINT('',(-2.,1.614950872486,-12.09682459678));
#755 = CARTESIAN_POINT('',(-1.956757168645,1.229817481444,-12.0796025384
    ));
#756 = CARTESIAN_POINT('',(-1.870233914306,0.848481675315,
    -12.04514338343));
#757 = CARTESIAN_POINT('',(-1.740078906737,0.474980354197,
    -11.99345436684));
#758 = CARTESIAN_POINT('',(-1.565733036622,0.113762035661,-11.9246067725
    ));
#759 = CARTESIAN_POINT('',(-1.346558482529,-0.229963720142,
    -11.83880570962));
#760 = CARTESIAN_POINT('',(-0.987501535306,-0.663989011307,
    -11.69989275815));
#761 = CARTESIAN_POINT('',(-0.887168818749,-0.775202724954,
    -11.6612043405));
#762 = CARTESIAN_POINT('',(-0.781071984641,-0.882995036294,
    -11.62044251616));
#763 = CARTESIAN_POINT('',(-0.669246050378,-0.987009387372,
    -11.57765131381));
#764 = CARTESIAN_POINT('',(-0.551744333964,-1.086874591865,
    -11.5328838135));
#765 = CARTESIAN_POINT('',(-0.428638900414,-1.182204701041,
    -11.48620185765));
#766 = CARTESIAN_POINT('',(-3.083884920421E-02,-1.461783259631,
    -11.3361163368));
#767 = CARTESIAN_POINT('',(0.264385077062,-1.630679510351,
    -11.22576416883));
#768 = CARTESIAN_POINT('',(0.582938928667,-1.773311211102,
    -11.10799501833));
#769 = CARTESIAN_POINT('',(0.920910330904,-1.884740588011,
    -10.98463068312));
#770 = CARTESIAN_POINT('',(1.273456601747,-1.961162569595,-10.8577407379
    ));
#771 = CARTESIAN_POINT('',(1.635093143406,-2.,-10.72947215388));
#772 = CARTESIAN_POINT('',(2.,-2.,-10.60190679891));
#773 = PCURVE('',#99,#774);
#774 = DEFINITIONAL_REPRESENTATION('',(#775),#796);
#775 = B_SPLINE_CURVE_WITH_KNOTS('',7,(#776,#777,#778,#779,#780,#781,
    #782,#783,#784,#785,#786,#787,#788,#789,#790,#791,#792,#793,#794,
    #795),.UNSPECIFIED.,.F.,.F.,(8,6,6,8),(0.,0.474924690351,
    0.644693596588,1.),.UNSPECIFIED.);
#776 = CARTESIAN_POINT('',(5.904176286484,14.));
#777 = CARTESIAN_POINT('',(5.904176286484,13.614950872486));
#778 = CARTESIAN_POINT('',(5.904641747737,13.229817481444));
#779 = CARTESIAN_POINT('',(5.905573075106,12.848481675314));
#780 = CARTESIAN_POINT('',(5.906973505836,12.474980354197));
#781 = CARTESIAN_POINT('',(5.908847970452,12.113762035661));
#782 = CARTESIAN_POINT('',(5.91120165749,11.770036279858));
#783 = CARTESIAN_POINT('',(5.915051575664,11.336010988693));
#784 = CARTESIAN_POINT('',(5.91612690972,11.224797275046));
#785 = CARTESIAN_POINT('',(5.917263484944,11.117004963706));
#786 = CARTESIAN_POINT('',(5.918460818524,11.012990612628));
#787 = CARTESIAN_POINT('',(5.91971822551,10.913125408135));
#788 = CARTESIAN_POINT('',(5.921034815959,10.817795298959));
#789 = CARTESIAN_POINT('',(5.9252865279,10.538216740369));
#790 = CARTESIAN_POINT('',(5.928438255072,10.369320489649));
#791 = CARTESIAN_POINT('',(5.931834482869,10.226688788898));
#792 = CARTESIAN_POINT('',(5.935432248488,10.115259411989));
#793 = CARTESIAN_POINT('',(5.939179048779,10.038837430405));
#794 = CARTESIAN_POINT('',(5.943016115208,10.));
#795 = CARTESIAN_POINT('',(5.946881732026,10.));
#796 = ( GEOMETRIC_REPRESENTATION_CONTEXT(2) 
PARAMETRIC_REPRESENTATION_CONTEXT() REPRESENTATION_CONTEXT('2D SPACE',''
  ) );
#797 = PCURVE('',#72,#798);
#798 = DEFINITIONAL_REPRESENTATION('',(#799),#820);
#799 = B_SPLINE_CURVE_WITH_KNOTS('',7,(#800,#801,#802,#803,#804,#805,
    #806,#807,#808,#809,#810,#811,#812,#813,#814,#815,#816,#817,#818,
    #819),.UNSPECIFIED.,.F.,.F.,(8,6,6,8),(0.,0.474924690351,
    0.644693596588,1.),.UNSPECIFIED.);
#800 = CARTESIAN_POINT('',(0.,1.));
#801 = CARTESIAN_POINT('',(9.626228187841E-02,1.));
#802 = CARTESIAN_POINT('',(0.192545542061,1.017222058385));
#803 = CARTESIAN_POINT('',(0.289336839359,1.051681213354));
#804 = CARTESIAN_POINT('',(0.387085088226,1.103370229942));
#805 = CARTESIAN_POINT('',(0.48627222429,1.172217824286));
#806 = CARTESIAN_POINT('',(0.587410363144,1.258018887161));
#807 = CARTESIAN_POINT('',(0.728233799741,1.396931838636));
#808 = CARTESIAN_POINT('',(0.765645304484,1.435620256287));
#809 = CARTESIAN_POINT('',(0.80339965789,1.476382080619));
#810 = CARTESIAN_POINT('',(0.841512427598,1.519173282969));
#811 = CARTESIAN_POINT('',(0.880000785774,1.563940783279));
#812 = CARTESIAN_POINT('',(0.918884305863,1.610622739138));
#813 = CARTESIAN_POINT('',(1.040439090623,1.760708259983));
#814 = CARTESIAN_POINT('',(1.125102360512,1.871060427954));
#815 = CARTESIAN_POINT('',(1.211671394911,1.988829578458));
#816 = CARTESIAN_POINT('',(1.299783416151,2.112193913661));
#817 = CARTESIAN_POINT('',(1.389160638136,2.239083858882));
#818 = CARTESIAN_POINT('',(1.479569612646,2.3673524429));
#819 = CARTESIAN_POINT('',(1.570796326795,2.494917797869));
#820 = ( GEOMETRIC_REPRESENTATION_CONTEXT(2) 
PARAMETRIC_REPRESENTATION_CONTEXT() REPRESENTATION_CONTEXT('2D SPACE',''
  ) );
#821 = FACE_BOUND('',#822,.F.);
#822 = EDGE_LOOP('',(#823));
#823 = ORIENTED_EDGE('',*,*,#824,.F.);
#824 = EDGE_CURVE('',#825,#825,#827,.T.);
#825 = VERTEX_POINT('',#826);
#826 = CARTESIAN_POINT('',(5.85,3.5,-9.342917146716));
#827 = SURFACE_CURVE('',#828,(#859,#893),.PCURVE_S1.);
#828 = B_SPLINE_CURVE_WITH_KNOTS('',8,(#829,#830,#831,#832,#833,#834,
    #835,#836,#837,#838,#839,#840,#841,#842,#843,#844,#845,#846,#847,
    #848,#849,#850,#851,#852,#853,#854,#855,#856,#857,#858),
  .UNSPECIFIED.,.T.,.F.,(9,7,7,7,9),(0.,0.249998730411,0.500000000001,
    0.750001269591,1.),.UNSPECIFIED.);
#829 = CARTESIAN_POINT('',(5.85,3.5,-9.342917146716));
#830 = CARTESIAN_POINT('',(5.85,3.653374817721,-9.342917146716));
#831 = CARTESIAN_POINT('',(5.818371612215,3.811528116988,-9.352555366619
    ));
#832 = CARTESIAN_POINT('',(5.751663829997,3.965135226946,-9.372883733697
    ));
#833 = CARTESIAN_POINT('',(5.650461106399,4.104470994432,-9.403787049088
    ));
#834 = CARTESIAN_POINT('',(5.517958177552,4.220376611949,-9.444457515423
    ));
#835 = CARTESIAN_POINT('',(5.359909280755,4.304593228488,-9.49333826959)
  );
#836 = CARTESIAN_POINT('',(5.183769924281,4.35,-9.548286890785));
#837 = CARTESIAN_POINT('',(4.81622820921,4.35,-9.663873412816));
#838 = CARTESIAN_POINT('',(4.640103008354,4.304592276168,-9.719706878429
    ));
#839 = CARTESIAN_POINT('',(4.482114254005,4.220387987274,-9.770217406084
    ));
#840 = CARTESIAN_POINT('',(4.349695430949,4.104559579223,-9.812865912711
    ));
#841 = CARTESIAN_POINT('',(4.24852822079,3.965362222973,-9.845611345721)
  );
#842 = CARTESIAN_POINT('',(4.181752766311,3.811871421783,-9.867267681276
    ));
#843 = CARTESIAN_POINT('',(4.15,3.653675920908,-9.877565737624));
#844 = CARTESIAN_POINT('',(4.15,3.346324079092,-9.877565737624));
#845 = CARTESIAN_POINT('',(4.181752766311,3.188128578216,-9.867267681276
    ));
#846 = CARTESIAN_POINT('',(4.24852822079,3.034637777028,-9.845611345721)
  );
#847 = CARTESIAN_POINT('',(4.349695430949,2.895440420776,-9.812865912711
    ));
#848 = CARTESIAN_POINT('',(4.482114254004,2.779612012727,-9.770217406084
    ));
#849 = CARTESIAN_POINT('',(4.640103008355,2.695407723832,-9.719706878428
    ));
#850 = CARTESIAN_POINT('',(4.816228209209,2.65,-9.663873412816));
#851 = CARTESIAN_POINT('',(5.183769924281,2.65,-9.548286890785));
#852 = CARTESIAN_POINT('',(5.359909280756,2.695406771511,-9.49333826959)
  );
#853 = CARTESIAN_POINT('',(5.517958177551,2.779623388053,-9.444457515423
    ));
#854 = CARTESIAN_POINT('',(5.650461106399,2.895529005566,-9.403787049088
    ));
#855 = CARTESIAN_POINT('',(5.751663829997,3.034864773055,-9.372883733697
    ));
#856 = CARTESIAN_POINT('',(5.818371612215,3.188471883011,-9.352555366619
    ));
#857 = CARTESIAN_POINT('',(5.85,3.346625182279,-9.342917146716));
#858 = CARTESIAN_POINT('',(5.85,3.5,-9.342917146716));
#859 = PCURVE('',#99,#860);
#860 = DEFINITIONAL_REPRESENTATION('',(#861),#892);
#861 = B_SPLINE_CURVE_WITH_KNOTS('',8,(#862,#863,#864,#865,#866,#867,
    #868,#869,#870,#871,#872,#873,#874,#875,#876,#877,#878,#879,#880,
    #881,#882,#883,#884,#885,#886,#887,#888,#889,#890,#891),
  .UNSPECIFIED.,.T.,.F.,(9,7,7,7,9),(0.,0.249998730411,0.500000000001,
    0.750001269591,1.),.UNSPECIFIED.);
#862 = CARTESIAN_POINT('',(5.98739074193,15.5));
#863 = CARTESIAN_POINT('',(5.98739074193,15.653374817721));
#864 = CARTESIAN_POINT('',(5.987060098568,15.811528116988));
#865 = CARTESIAN_POINT('',(5.986362734311,15.965135226946));
#866 = CARTESIAN_POINT('',(5.985304575051,16.104470994432));
#867 = CARTESIAN_POINT('',(5.983918537089,16.220376611949));
#868 = CARTESIAN_POINT('',(5.982264193669,16.304593228488));
#869 = CARTESIAN_POINT('',(5.980419085415,16.35));
#870 = CARTESIAN_POINT('',(5.976566201347,16.35));
#871 = CARTESIAN_POINT('',(5.974718573595,16.304592276168));
#872 = CARTESIAN_POINT('',(5.97305991458,16.220387987273));
#873 = CARTESIAN_POINT('',(5.971668744686,16.104559579224));
#874 = CARTESIAN_POINT('',(5.970605397523,15.965362222972));
#875 = CARTESIAN_POINT('',(5.969903403471,15.811871421783));
#876 = CARTESIAN_POINT('',(5.969569593904,15.653675920908));
#877 = CARTESIAN_POINT('',(5.969569593904,15.346324079092));
#878 = CARTESIAN_POINT('',(5.969903403471,15.188128578216));
#879 = CARTESIAN_POINT('',(5.970605397523,15.034637777028));
#880 = CARTESIAN_POINT('',(5.971668744686,14.895440420776));
#881 = CARTESIAN_POINT('',(5.97305991458,14.779612012727));
#882 = CARTESIAN_POINT('',(5.974718573595,14.695407723832));
#883 = CARTESIAN_POINT('',(5.976566201347,14.65));
#884 = CARTESIAN_POINT('',(5.980419085415,14.65));
#885 = CARTESIAN_POINT('',(5.982264193669,14.695406771511));
#886 = CARTESIAN_POINT('',(5.983918537089,14.779623388053));
#887 = CARTESIAN_POINT('',(5.985304575051,14.895529005566));
#888 = CARTESIAN_POINT('',(5.986362734311,15.034864773055));
#889 = CARTESIAN_POINT('',(5.987060098568,15.188471883011));
#890 = CARTESIAN_POINT('',(5.98739074193,15.346625182279));
#891 = CARTESIAN_POINT('',(5.98739074193,15.5));
#892 = ( GEOMETRIC_REPRESENTATION_CONTEXT(2) 
PARAMETRIC_REPRESENTATION_CONTEXT() REPRESENTATION_CONTEXT('2D SPACE',''
  ) );
#893 = PCURVE('',#894,#899);
#894 = CYLINDRICAL_SURFACE('',#895,0.85);
#895 = AXIS2_PLACEMENT_3D('',#896,#897,#898);
#896 = CARTESIAN_POINT('',(5.,3.5,-10.1060798583));
#897 = DIRECTION('',(0.,0.,1.));
#898 = DIRECTION('',(1.,0.,-0.));
#899 = DEFINITIONAL_REPRESENTATION('',(#900),#931);
#900 = B_SPLINE_CURVE_WITH_KNOTS('',8,(#901,#902,#903,#904,#905,#906,
    #907,#908,#909,#910,#911,#912,#913,#914,#915,#916,#917,#918,#919,
    #920,#921,#922,#923,#924,#925,#926,#927,#928,#929,#930),
  .UNSPECIFIED.,.F.,.F.,(9,7,7,7,9),(0.,0.249998730411,0.500000000001,
    0.750001269591,1.),.UNSPECIFIED.);
#901 = CARTESIAN_POINT('',(0.,0.763162711589));
#902 = CARTESIAN_POINT('',(0.180440962025,0.763162711589));
#903 = CARTESIAN_POINT('',(0.366503612798,0.753524491686));
#904 = CARTESIAN_POINT('',(0.55617111819,0.733196124608));
#905 = CARTESIAN_POINT('',(0.749289546851,0.702292809218));
#906 = CARTESIAN_POINT('',(0.946043183327,0.661622342882));
#907 = CARTESIAN_POINT('',(1.147372247786,0.612741588715));
#908 = CARTESIAN_POINT('',(1.354596415876,0.557792967521));
#909 = CARTESIAN_POINT('',(1.786998433607,0.442206445489));
#910 = CARTESIAN_POINT('',(1.994205827176,0.386372979877));
#911 = CARTESIAN_POINT('',(2.195465352102,0.335862452222));
#912 = CARTESIAN_POINT('',(2.392107524293,0.293213945594));
#913 = CARTESIAN_POINT('',(2.585101117844,0.260468512585));
#914 = CARTESIAN_POINT('',(2.774685253068,0.238812177029));
#915 = CARTESIAN_POINT('',(2.960797452522,0.228514120681));
#916 = CARTESIAN_POINT('',(3.322387854658,0.228514120681));
#917 = CARTESIAN_POINT('',(3.508500054112,0.238812177029));
#918 = CARTESIAN_POINT('',(3.698084189334,0.260468512585));
#919 = CARTESIAN_POINT('',(3.891077782889,0.293213945594));
#920 = CARTESIAN_POINT('',(4.087719955076,0.335862452221));
#921 = CARTESIAN_POINT('',(4.288979480006,0.386372979877));
#922 = CARTESIAN_POINT('',(4.496186873572,0.442206445489));
#923 = CARTESIAN_POINT('',(4.928588891303,0.557792967521));
#924 = CARTESIAN_POINT('',(5.135813059394,0.612741588716));
#925 = CARTESIAN_POINT('',(5.337142123854,0.661622342882));
#926 = CARTESIAN_POINT('',(5.533895760324,0.702292809217));
#927 = CARTESIAN_POINT('',(5.727014188992,0.733196124609));
#928 = CARTESIAN_POINT('',(5.916681694381,0.753524491686));
#929 = CARTESIAN_POINT('',(6.102744345155,0.763162711589));
#930 = CARTESIAN_POINT('',(6.28318530718,0.763162711589));
#931 = ( GEOMETRIC_REPRESENTATION_CONTEXT(2) 
PARAMETRIC_REPRESENTATION_CONTEXT() REPRESENTATION_CONTEXT('2D SPACE',''
  ) );
#932 = FACE_BOUND('',#933,.F.);
#933 = EDGE_LOOP('',(#934));
#934 = ORIENTED_EDGE('',*,*,#935,.F.);
#935 = EDGE_CURVE('',#936,#936,#938,.T.);
#936 = VERTEX_POINT('',#937);
#937 = CARTESIAN_POINT('',(65.85,3.5,-9.877565737624));
#938 = SURFACE_CURVE('',#939,(#970,#1004),.PCURVE_S1.);
#939 = B_SPLINE_CURVE_WITH_KNOTS('',8,(#940,#941,#942,#943,#944,#945,
    #946,#947,#948,#949,#950,#951,#952,#953,#954,#955,#956,#957,#958,
    #959,#960,#961,#962,#963,#964,#965,#966,#967,#968,#969),
  .UNSPECIFIED.,.T.,.F.,(9,7,7,7,9),(0.,0.250001269589,0.499999999999,
    0.749998730409,1.),.UNSPECIFIED.);
#940 = CARTESIAN_POINT('',(65.85,3.5,-9.877565737624));
#941 = CARTESIAN_POINT('',(65.85,3.653675920908,-9.877565737624));
#942 = CARTESIAN_POINT('',(65.818247233689,3.811871421784,
    -9.867267681276));
#943 = CARTESIAN_POINT('',(65.751471779212,3.965362222969,
    -9.845611345721));
#944 = CARTESIAN_POINT('',(65.650304569049,4.104559579228,
    -9.812865912711));
#945 = CARTESIAN_POINT('',(65.517885745996,4.220387987271,
    -9.770217406084));
#946 = CARTESIAN_POINT('',(65.359896991647,4.304592276169,
    -9.719706878429));
#947 = CARTESIAN_POINT('',(65.18377179079,4.35,-9.663873412816));
#948 = CARTESIAN_POINT('',(64.816230075719,4.35,-9.548286890785));
#949 = CARTESIAN_POINT('',(64.640090719245,4.304593228488,-9.49333826959
    ));
#950 = CARTESIAN_POINT('',(64.482041822449,4.220376611948,
    -9.444457515423));
#951 = CARTESIAN_POINT('',(64.349538893601,4.104470994433,
    -9.403787049088));
#952 = CARTESIAN_POINT('',(64.248336170004,3.965135226945,
    -9.372883733697));
#953 = CARTESIAN_POINT('',(64.181628387785,3.811528116989,
    -9.352555366619));
#954 = CARTESIAN_POINT('',(64.15,3.653374817721,-9.342917146716));
#955 = CARTESIAN_POINT('',(64.15,3.346625182279,-9.342917146716));
#956 = CARTESIAN_POINT('',(64.181628387784,3.188471883012,
    -9.352555366619));
#957 = CARTESIAN_POINT('',(64.248336170005,3.034864773052,
    -9.372883733697));
#958 = CARTESIAN_POINT('',(64.349538893599,2.89552900557,-9.403787049088
    ));
#959 = CARTESIAN_POINT('',(64.48204182245,2.77962338805,-9.444457515423)
  );
#960 = CARTESIAN_POINT('',(64.640090719245,2.695406771512,-9.49333826959
    ));
#961 = CARTESIAN_POINT('',(64.816230075719,2.65,-9.548286890785));
#962 = CARTESIAN_POINT('',(65.183771790791,2.65,-9.663873412816));
#963 = CARTESIAN_POINT('',(65.359896991645,2.695407723831,
    -9.719706878429));
#964 = CARTESIAN_POINT('',(65.517885745997,2.779612012728,
    -9.770217406084));
#965 = CARTESIAN_POINT('',(65.650304569049,2.895440420774,
    -9.812865912711));
#966 = CARTESIAN_POINT('',(65.751471779211,3.03463777703,-9.845611345721
    ));
#967 = CARTESIAN_POINT('',(65.818247233689,3.188128578216,
    -9.867267681276));
#968 = CARTESIAN_POINT('',(65.85,3.346324079092,-9.877565737624));
#969 = CARTESIAN_POINT('',(65.85,3.5,-9.877565737624));
#970 = PCURVE('',#99,#971);
#971 = DEFINITIONAL_REPRESENTATION('',(#972),#1003);
#972 = B_SPLINE_CURVE_WITH_KNOTS('',8,(#973,#974,#975,#976,#977,#978,
    #979,#980,#981,#982,#983,#984,#985,#986,#987,#988,#989,#990,#991,
    #992,#993,#994,#995,#996,#997,#998,#999,#1000,#1001,#1002),
  .UNSPECIFIED.,.T.,.F.,(9,7,7,7,9),(0.,0.250001269589,0.499999999999,
    0.749998730409,1.),.UNSPECIFIED.);
#973 = CARTESIAN_POINT('',(6.596801020455,15.5));
#974 = CARTESIAN_POINT('',(6.596801020455,15.653675920908));
#975 = CARTESIAN_POINT('',(6.596467210888,15.811871421784));
#976 = CARTESIAN_POINT('',(6.595765216836,15.965362222969));
#977 = CARTESIAN_POINT('',(6.594701869673,16.104559579227));
#978 = CARTESIAN_POINT('',(6.593310699779,16.220387987271));
#979 = CARTESIAN_POINT('',(6.591652040764,16.304592276169));
#980 = CARTESIAN_POINT('',(6.589804413012,16.35));
#981 = CARTESIAN_POINT('',(6.585951528944,16.35));
#982 = CARTESIAN_POINT('',(6.58410642069,16.304593228488));
#983 = CARTESIAN_POINT('',(6.58245207727,16.220376611949));
#984 = CARTESIAN_POINT('',(6.581066039309,16.104470994433));
#985 = CARTESIAN_POINT('',(6.580007880048,15.965135226945));
#986 = CARTESIAN_POINT('',(6.579310515791,15.811528116989));
#987 = CARTESIAN_POINT('',(6.578979872429,15.653374817721));
#988 = CARTESIAN_POINT('',(6.578979872429,15.346625182279));
#989 = CARTESIAN_POINT('',(6.579310515791,15.188471883012));
#990 = CARTESIAN_POINT('',(6.580007880048,15.034864773052));
#991 = CARTESIAN_POINT('',(6.581066039309,14.89552900557));
#992 = CARTESIAN_POINT('',(6.58245207727,14.77962338805));
#993 = CARTESIAN_POINT('',(6.58410642069,14.695406771512));
#994 = CARTESIAN_POINT('',(6.585951528944,14.65));
#995 = CARTESIAN_POINT('',(6.589804413012,14.65));
#996 = CARTESIAN_POINT('',(6.591652040764,14.695407723831));
#997 = CARTESIAN_POINT('',(6.593310699779,14.779612012728));
#998 = CARTESIAN_POINT('',(6.594701869673,14.895440420774));
#999 = CARTESIAN_POINT('',(6.595765216836,15.03463777703));
#1000 = CARTESIAN_POINT('',(6.596467210888,15.188128578216));
#1001 = CARTESIAN_POINT('',(6.596801020455,15.346324079092));
#1002 = CARTESIAN_POINT('',(6.596801020455,15.5));
#1003 = ( GEOMETRIC_REPRESENTATION_CONTEXT(2) 
PARAMETRIC_REPRESENTATION_CONTEXT() REPRESENTATION_CONTEXT('2D SPACE',''
  ) );
#1004 = PCURVE('',#1005,#1010);
#1005 = CYLINDRICAL_SURFACE('',#1006,0.85);
#1006 = AXIS2_PLACEMENT_3D('',#1007,#1008,#1009);
#1007 = CARTESIAN_POINT('',(65.,3.5,-10.1060798583));
#1008 = DIRECTION('',(0.,0.,1.));
#1009 = DIRECTION('',(1.,0.,-0.));
#1010 = DEFINITIONAL_REPRESENTATION('',(#1011),#1042);
#1011 = B_SPLINE_CURVE_WITH_KNOTS('',8,(#1012,#1013,#1014,#1015,#1016,
    #1017,#1018,#1019,#1020,#1021,#1022,#1023,#1024,#1025,#1026,#1027,
    #1028,#1029,#1030,#1031,#1032,#1033,#1034,#1035,#1036,#1037,#1038,
    #1039,#1040,#1041),.UNSPECIFIED.,.F.,.F.,(9,7,7,7,9),(0.,
    0.250001269589,0.499999999999,0.749998730409,1.),.UNSPECIFIED.);
#1012 = CARTESIAN_POINT('',(0.,0.228514120681));
#1013 = CARTESIAN_POINT('',(0.180795201068,0.228514120681));
#1014 = CARTESIAN_POINT('',(0.366907400523,0.238812177029));
#1015 = CARTESIAN_POINT('',(0.556491535742,0.260468512585));
#1016 = CARTESIAN_POINT('',(0.749485129302,0.293213945594));
#1017 = CARTESIAN_POINT('',(0.946127301486,0.335862452222));
#1018 = CARTESIAN_POINT('',(1.147386826414,0.386372979876));
#1019 = CARTESIAN_POINT('',(1.354594219983,0.442206445489));
#1020 = CARTESIAN_POINT('',(1.786996237714,0.557792967521));
#1021 = CARTESIAN_POINT('',(1.994220405804,0.612741588715));
#1022 = CARTESIAN_POINT('',(2.195549470264,0.661622342883));
#1023 = CARTESIAN_POINT('',(2.392303106736,0.702292809217));
#1024 = CARTESIAN_POINT('',(2.585421535401,0.733196124609));
#1025 = CARTESIAN_POINT('',(2.775089040791,0.753524491686));
#1026 = CARTESIAN_POINT('',(2.961151691565,0.763162711589));
#1027 = CARTESIAN_POINT('',(3.322033615615,0.763162711589));
#1028 = CARTESIAN_POINT('',(3.508096266387,0.753524491686));
#1029 = CARTESIAN_POINT('',(3.697763771782,0.733196124608));
#1030 = CARTESIAN_POINT('',(3.890882200439,0.702292809218));
#1031 = CARTESIAN_POINT('',(4.087635836918,0.661622342882));
#1032 = CARTESIAN_POINT('',(4.288964901375,0.612741588715));
#1033 = CARTESIAN_POINT('',(4.496189069465,0.557792967521));
#1034 = CARTESIAN_POINT('',(4.928591087197,0.442206445489));
#1035 = CARTESIAN_POINT('',(5.135798480764,0.386372979877));
#1036 = CARTESIAN_POINT('',(5.337058005695,0.335862452222));
#1037 = CARTESIAN_POINT('',(5.533700177878,0.293213945594));
#1038 = CARTESIAN_POINT('',(5.726693771437,0.260468512585));
#1039 = CARTESIAN_POINT('',(5.916277906657,0.238812177029));
#1040 = CARTESIAN_POINT('',(6.102390106112,0.228514120681));
#1041 = CARTESIAN_POINT('',(6.28318530718,0.228514120681));
#1042 = ( GEOMETRIC_REPRESENTATION_CONTEXT(2) 
PARAMETRIC_REPRESENTATION_CONTEXT() REPRESENTATION_CONTEXT('2D SPACE',''
  ) );
#1043 = FACE_BOUND('',#1044,.F.);
#1044 = EDGE_LOOP('',(#1045));
#1045 = ORIENTED_EDGE('',*,*,#1046,.F.);
#1046 = EDGE_CURVE('',#1047,#1047,#1049,.T.);
#1047 = VERTEX_POINT('',#1048);
#1048 = CARTESIAN_POINT('',(5.85,37.5,-9.342917146716));
#1049 = SURFACE_CURVE('',#1050,(#1081,#1115),.PCURVE_S1.);
#1050 = B_SPLINE_CURVE_WITH_KNOTS('',8,(#1051,#1052,#1053,#1054,#1055,
    #1056,#1057,#1058,#1059,#1060,#1061,#1062,#1063,#1064,#1065,#1066,
    #1067,#1068,#1069,#1070,#1071,#1072,#1073,#1074,#1075,#1076,#1077,
    #1078,#1079,#1080),.UNSPECIFIED.,.T.,.F.,(9,7,7,7,9),(0.,
    0.249998730411,0.5,0.750001269589,1.),.UNSPECIFIED.);
#1051 = CARTESIAN_POINT('',(5.85,37.5,-9.342917146716));
#1052 = CARTESIAN_POINT('',(5.85,37.653374817721,-9.342917146716));
#1053 = CARTESIAN_POINT('',(5.818371612215,37.811528116988,
    -9.352555366619));
#1054 = CARTESIAN_POINT('',(5.751663829996,37.965135226945,
    -9.372883733697));
#1055 = CARTESIAN_POINT('',(5.650461106401,38.104470994433,
    -9.403787049087));
#1056 = CARTESIAN_POINT('',(5.517958177549,38.220376611948,
    -9.444457515424));
#1057 = CARTESIAN_POINT('',(5.359909280757,38.304593228489,
    -9.49333826959));
#1058 = CARTESIAN_POINT('',(5.183769924281,38.35,-9.548286890785));
#1059 = CARTESIAN_POINT('',(4.816228209211,38.35,-9.663873412816));
#1060 = CARTESIAN_POINT('',(4.640103008351,38.304592276169,
    -9.71970687843));
#1061 = CARTESIAN_POINT('',(4.482114254007,38.220387987271,
    -9.770217406083));
#1062 = CARTESIAN_POINT('',(4.349695430949,38.104559579227,
    -9.812865912711));
#1063 = CARTESIAN_POINT('',(4.248528220789,37.965362222971,
    -9.845611345721));
#1064 = CARTESIAN_POINT('',(4.181752766311,37.811871421783,
    -9.867267681276));
#1065 = CARTESIAN_POINT('',(4.15,37.653675920909,-9.877565737624));
#1066 = CARTESIAN_POINT('',(4.15,37.346324079092,-9.877565737624));
#1067 = CARTESIAN_POINT('',(4.181752766311,37.188128578216,
    -9.867267681276));
#1068 = CARTESIAN_POINT('',(4.248528220789,37.034637777031,
    -9.845611345721));
#1069 = CARTESIAN_POINT('',(4.34969543095,36.895440420772,
    -9.812865912711));
#1070 = CARTESIAN_POINT('',(4.482114254006,36.77961201273,
    -9.770217406084));
#1071 = CARTESIAN_POINT('',(4.640103008352,36.695407723831,
    -9.719706878429));
#1072 = CARTESIAN_POINT('',(4.816228209211,36.65,-9.663873412816));
#1073 = CARTESIAN_POINT('',(5.183769924282,36.65,-9.548286890784));
#1074 = CARTESIAN_POINT('',(5.359909280753,36.695406771511,
    -9.493338269591));
#1075 = CARTESIAN_POINT('',(5.517958177555,36.779623388052,
    -9.444457515422));
#1076 = CARTESIAN_POINT('',(5.650461106396,36.895529005567,
    -9.403787049089));
#1077 = CARTESIAN_POINT('',(5.751663829998,37.034864773056,
    -9.372883733697));
#1078 = CARTESIAN_POINT('',(5.818371612215,37.18847188301,
    -9.352555366619));
#1079 = CARTESIAN_POINT('',(5.85,37.34662518228,-9.342917146716));
#1080 = CARTESIAN_POINT('',(5.85,37.5,-9.342917146716));
#1081 = PCURVE('',#99,#1082);
#1082 = DEFINITIONAL_REPRESENTATION('',(#1083),#1114);
#1083 = B_SPLINE_CURVE_WITH_KNOTS('',8,(#1084,#1085,#1086,#1087,#1088,
    #1089,#1090,#1091,#1092,#1093,#1094,#1095,#1096,#1097,#1098,#1099,
    #1100,#1101,#1102,#1103,#1104,#1105,#1106,#1107,#1108,#1109,#1110,
    #1111,#1112,#1113),.UNSPECIFIED.,.T.,.F.,(9,7,7,7,9),(0.,
    0.249998730411,0.5,0.750001269589,1.),.UNSPECIFIED.);
#1084 = CARTESIAN_POINT('',(5.98739074193,49.5));
#1085 = CARTESIAN_POINT('',(5.98739074193,49.653374817721));
#1086 = CARTESIAN_POINT('',(5.987060098568,49.811528116988));
#1087 = CARTESIAN_POINT('',(5.986362734311,49.965135226945));
#1088 = CARTESIAN_POINT('',(5.985304575051,50.104470994433));
#1089 = CARTESIAN_POINT('',(5.983918537089,50.220376611948));
#1090 = CARTESIAN_POINT('',(5.982264193669,50.304593228489));
#1091 = CARTESIAN_POINT('',(5.980419085415,50.35));
#1092 = CARTESIAN_POINT('',(5.976566201347,50.35));
#1093 = CARTESIAN_POINT('',(5.974718573595,50.304592276169));
#1094 = CARTESIAN_POINT('',(5.97305991458,50.220387987271));
#1095 = CARTESIAN_POINT('',(5.971668744686,50.104559579227));
#1096 = CARTESIAN_POINT('',(5.970605397523,49.965362222971));
#1097 = CARTESIAN_POINT('',(5.969903403471,49.811871421783));
#1098 = CARTESIAN_POINT('',(5.969569593904,49.653675920909));
#1099 = CARTESIAN_POINT('',(5.969569593904,49.346324079092));
#1100 = CARTESIAN_POINT('',(5.969903403471,49.188128578216));
#1101 = CARTESIAN_POINT('',(5.970605397523,49.034637777031));
#1102 = CARTESIAN_POINT('',(5.971668744686,48.895440420772));
#1103 = CARTESIAN_POINT('',(5.97305991458,48.77961201273));
#1104 = CARTESIAN_POINT('',(5.974718573595,48.695407723831));
#1105 = CARTESIAN_POINT('',(5.976566201347,48.65));
#1106 = CARTESIAN_POINT('',(5.980419085415,48.65));
#1107 = CARTESIAN_POINT('',(5.982264193669,48.695406771511));
#1108 = CARTESIAN_POINT('',(5.983918537089,48.779623388052));
#1109 = CARTESIAN_POINT('',(5.985304575051,48.895529005567));
#1110 = CARTESIAN_POINT('',(5.986362734311,49.034864773056));
#1111 = CARTESIAN_POINT('',(5.987060098568,49.18847188301));
#1112 = CARTESIAN_POINT('',(5.98739074193,49.34662518228));
#1113 = CARTESIAN_POINT('',(5.98739074193,49.5));
#1114 = ( GEOMETRIC_REPRESENTATION_CONTEXT(2) 
PARAMETRIC_REPRESENTATION_CONTEXT() REPRESENTATION_CONTEXT('2D SPACE',''
  ) );
#1115 = PCURVE('',#1116,#1121);
#1116 = CYLINDRICAL_SURFACE('',#1117,0.85);
#1117 = AXIS2_PLACEMENT_3D('',#1118,#1119,#1120);
#1118 = CARTESIAN_POINT('',(5.,37.5,-10.1060798583));
#1119 = DIRECTION('',(0.,0.,1.));
#1120 = DIRECTION('',(1.,0.,-0.));
#1121 = DEFINITIONAL_REPRESENTATION('',(#1122),#1153);
#1122 = B_SPLINE_CURVE_WITH_KNOTS('',8,(#1123,#1124,#1125,#1126,#1127,
    #1128,#1129,#1130,#1131,#1132,#1133,#1134,#1135,#1136,#1137,#1138,
    #1139,#1140,#1141,#1142,#1143,#1144,#1145,#1146,#1147,#1148,#1149,
    #1150,#1151,#1152),.UNSPECIFIED.,.F.,.F.,(9,7,7,7,9),(0.,
    0.249998730411,0.5,0.750001269589,1.),.UNSPECIFIED.);
#1123 = CARTESIAN_POINT('',(0.,0.763162711589));
#1124 = CARTESIAN_POINT('',(0.180440962025,0.763162711589));
#1125 = CARTESIAN_POINT('',(0.366503612798,0.753524491686));
#1126 = CARTESIAN_POINT('',(0.55617111819,0.733196124608));
#1127 = CARTESIAN_POINT('',(0.749289546851,0.702292809218));
#1128 = CARTESIAN_POINT('',(0.946043183328,0.661622342882));
#1129 = CARTESIAN_POINT('',(1.147372247784,0.612741588716));
#1130 = CARTESIAN_POINT('',(1.354596415876,0.557792967521));
#1131 = CARTESIAN_POINT('',(1.786998433605,0.44220644549));
#1132 = CARTESIAN_POINT('',(1.994205827179,0.386372979876));
#1133 = CARTESIAN_POINT('',(2.1954653521,0.335862452222));
#1134 = CARTESIAN_POINT('',(2.392107524291,0.293213945594));
#1135 = CARTESIAN_POINT('',(2.585101117845,0.260468512584));
#1136 = CARTESIAN_POINT('',(2.774685253069,0.23881217703));
#1137 = CARTESIAN_POINT('',(2.960797452521,0.228514120681));
#1138 = CARTESIAN_POINT('',(3.322387854658,0.228514120681));
#1139 = CARTESIAN_POINT('',(3.508500054111,0.23881217703));
#1140 = CARTESIAN_POINT('',(3.698084189334,0.260468512584));
#1141 = CARTESIAN_POINT('',(3.891077782889,0.293213945595));
#1142 = CARTESIAN_POINT('',(4.087719955078,0.335862452222));
#1143 = CARTESIAN_POINT('',(4.288979480002,0.386372979876));
#1144 = CARTESIAN_POINT('',(4.496186873574,0.442206445489));
#1145 = CARTESIAN_POINT('',(4.928588891305,0.557792967521));
#1146 = CARTESIAN_POINT('',(5.13581305939,0.612741588715));
#1147 = CARTESIAN_POINT('',(5.337142123859,0.661622342883));
#1148 = CARTESIAN_POINT('',(5.533895760321,0.702292809217));
#1149 = CARTESIAN_POINT('',(5.727014188995,0.733196124609));
#1150 = CARTESIAN_POINT('',(5.916681694379,0.753524491686));
#1151 = CARTESIAN_POINT('',(6.102744345155,0.763162711589));
#1152 = CARTESIAN_POINT('',(6.28318530718,0.763162711589));
#1153 = ( GEOMETRIC_REPRESENTATION_CONTEXT(2) 
PARAMETRIC_REPRESENTATION_CONTEXT() REPRESENTATION_CONTEXT('2D SPACE',''
  ) );
#1154 = FACE_BOUND('',#1155,.F.);
#1155 = EDGE_LOOP('',(#1156));
#1156 = ORIENTED_EDGE('',*,*,#1157,.F.);
#1157 = EDGE_CURVE('',#1158,#1158,#1160,.T.);
#1158 = VERTEX_POINT('',#1159);
#1159 = CARTESIAN_POINT('',(65.85,37.5,-9.877565737624));
#1160 = SURFACE_CURVE('',#1161,(#1192,#1226),.PCURVE_S1.);
#1161 = B_SPLINE_CURVE_WITH_KNOTS('',8,(#1162,#1163,#1164,#1165,#1166,
    #1167,#1168,#1169,#1170,#1171,#1172,#1173,#1174,#1175,#1176,#1177,
    #1178,#1179,#1180,#1181,#1182,#1183,#1184,#1185,#1186,#1187,#1188,
    #1189,#1190,#1191),.UNSPECIFIED.,.T.,.F.,(9,7,7,7,9),(0.,
    0.25000126959,0.500000000001,0.749998730412,1.),.UNSPECIFIED.);
#1162 = CARTESIAN_POINT('',(65.85,37.5,-9.877565737624));
#1163 = CARTESIAN_POINT('',(65.85,37.653675920908,-9.877565737624));
#1164 = CARTESIAN_POINT('',(65.818247233689,37.811871421784,
    -9.867267681276));
#1165 = CARTESIAN_POINT('',(65.751471779212,37.965362222968,
    -9.845611345721));
#1166 = CARTESIAN_POINT('',(65.650304569048,38.10455957923,
    -9.812865912711));
#1167 = CARTESIAN_POINT('',(65.517885745996,38.22038798727,
    -9.770217406083));
#1168 = CARTESIAN_POINT('',(65.359896991647,38.304592276169,
    -9.719706878429));
#1169 = CARTESIAN_POINT('',(65.183771790789,38.35,-9.663873412816));
#1170 = CARTESIAN_POINT('',(64.816230075719,38.35,-9.548286890785));
#1171 = CARTESIAN_POINT('',(64.640090719244,38.304593228489,
    -9.49333826959));
#1172 = CARTESIAN_POINT('',(64.482041822449,38.220376611947,
    -9.444457515423));
#1173 = CARTESIAN_POINT('',(64.3495388936,38.104470994434,
    -9.403787049088));
#1174 = CARTESIAN_POINT('',(64.248336170004,37.965135226944,
    -9.372883733697));
#1175 = CARTESIAN_POINT('',(64.181628387785,37.811528116989,
    -9.352555366619));
#1176 = CARTESIAN_POINT('',(64.15,37.653374817721,-9.342917146716));
#1177 = CARTESIAN_POINT('',(64.15,37.346625182279,-9.342917146716));
#1178 = CARTESIAN_POINT('',(64.181628387784,37.188471883012,
    -9.352555366619));
#1179 = CARTESIAN_POINT('',(64.248336170005,37.034864773053,
    -9.372883733697));
#1180 = CARTESIAN_POINT('',(64.349538893599,36.895529005569,
    -9.403787049088));
#1181 = CARTESIAN_POINT('',(64.482041822451,36.77962338805,
    -9.444457515423));
#1182 = CARTESIAN_POINT('',(64.640090719244,36.695406771512,
    -9.49333826959));
#1183 = CARTESIAN_POINT('',(64.816230075719,36.65,-9.548286890785));
#1184 = CARTESIAN_POINT('',(65.183771790788,36.65,-9.663873412816));
#1185 = CARTESIAN_POINT('',(65.359896991651,36.695407723831,
    -9.719706878431));
#1186 = CARTESIAN_POINT('',(65.517885745991,36.779612012731,
    -9.770217406082));
#1187 = CARTESIAN_POINT('',(65.650304569051,36.89544042077,
    -9.812865912712));
#1188 = CARTESIAN_POINT('',(65.751471779211,37.034637777031,
    -9.845611345721));
#1189 = CARTESIAN_POINT('',(65.818247233689,37.188128578217,
    -9.867267681276));
#1190 = CARTESIAN_POINT('',(65.85,37.346324079091,-9.877565737624));
#1191 = CARTESIAN_POINT('',(65.85,37.5,-9.877565737624));
#1192 = PCURVE('',#99,#1193);
#1193 = DEFINITIONAL_REPRESENTATION('',(#1194),#1225);
#1194 = B_SPLINE_CURVE_WITH_KNOTS('',8,(#1195,#1196,#1197,#1198,#1199,
    #1200,#1201,#1202,#1203,#1204,#1205,#1206,#1207,#1208,#1209,#1210,
    #1211,#1212,#1213,#1214,#1215,#1216,#1217,#1218,#1219,#1220,#1221,
    #1222,#1223,#1224),.UNSPECIFIED.,.T.,.F.,(9,7,7,7,9),(0.,
    0.25000126959,0.500000000001,0.749998730412,1.),.UNSPECIFIED.);
#1195 = CARTESIAN_POINT('',(6.596801020455,49.5));
#1196 = CARTESIAN_POINT('',(6.596801020455,49.653675920908));
#1197 = CARTESIAN_POINT('',(6.596467210888,49.811871421784));
#1198 = CARTESIAN_POINT('',(6.595765216836,49.965362222968));
#1199 = CARTESIAN_POINT('',(6.594701869673,50.10455957923));
#1200 = CARTESIAN_POINT('',(6.593310699779,50.22038798727));
#1201 = CARTESIAN_POINT('',(6.591652040764,50.304592276169));
#1202 = CARTESIAN_POINT('',(6.589804413012,50.35));
#1203 = CARTESIAN_POINT('',(6.585951528944,50.35));
#1204 = CARTESIAN_POINT('',(6.58410642069,50.304593228489));
#1205 = CARTESIAN_POINT('',(6.58245207727,50.220376611947));
#1206 = CARTESIAN_POINT('',(6.581066039309,50.104470994434));
#1207 = CARTESIAN_POINT('',(6.580007880048,49.965135226944));
#1208 = CARTESIAN_POINT('',(6.579310515791,49.811528116989));
#1209 = CARTESIAN_POINT('',(6.578979872429,49.653374817721));
#1210 = CARTESIAN_POINT('',(6.578979872429,49.346625182279));
#1211 = CARTESIAN_POINT('',(6.579310515791,49.188471883012));
#1212 = CARTESIAN_POINT('',(6.580007880048,49.034864773053));
#1213 = CARTESIAN_POINT('',(6.581066039309,48.895529005569));
#1214 = CARTESIAN_POINT('',(6.58245207727,48.77962338805));
#1215 = CARTESIAN_POINT('',(6.58410642069,48.695406771512));
#1216 = CARTESIAN_POINT('',(6.585951528944,48.65));
#1217 = CARTESIAN_POINT('',(6.589804413012,48.65));
#1218 = CARTESIAN_POINT('',(6.591652040764,48.695407723831));
#1219 = CARTESIAN_POINT('',(6.593310699779,48.779612012731));
#1220 = CARTESIAN_POINT('',(6.594701869673,48.89544042077));
#1221 = CARTESIAN_POINT('',(6.595765216836,49.034637777031));
#1222 = CARTESIAN_POINT('',(6.596467210888,49.188128578217));
#1223 = CARTESIAN_POINT('',(6.596801020455,49.346324079091));
#1224 = CARTESIAN_POINT('',(6.596801020455,49.5));
#1225 = ( GEOMETRIC_REPRESENTATION_CONTEXT(2) 
PARAMETRIC_REPRESENTATION_CONTEXT() REPRESENTATION_CONTEXT('2D SPACE',''
  ) );
#1226 = PCURVE('',#1227,#1232);
#1227 = CYLINDRICAL_SURFACE('',#1228,0.85);
#1228 = AXIS2_PLACEMENT_3D('',#1229,#1230,#1231);
#1229 = CARTESIAN_POINT('',(65.,37.5,-10.1060798583));
#1230 = DIRECTION('',(0.,0.,1.));
#1231 = DIRECTION('',(1.,0.,-0.));
#1232 = DEFINITIONAL_REPRESENTATION('',(#1233),#1264);
#1233 = B_SPLINE_CURVE_WITH_KNOTS('',8,(#1234,#1235,#1236,#1237,#1238,
    #1239,#1240,#1241,#1242,#1243,#1244,#1245,#1246,#1247,#1248,#1249,
    #1250,#1251,#1252,#1253,#1254,#1255,#1256,#1257,#1258,#1259,#1260,
    #1261,#1262,#1263),.UNSPECIFIED.,.F.,.F.,(9,7,7,7,9),(0.,
    0.25000126959,0.500000000001,0.749998730412,1.),.UNSPECIFIED.);
#1234 = CARTESIAN_POINT('',(0.,0.228514120681));
#1235 = CARTESIAN_POINT('',(0.180795201068,0.228514120681));
#1236 = CARTESIAN_POINT('',(0.366907400523,0.23881217703));
#1237 = CARTESIAN_POINT('',(0.55649153574,0.260468512584));
#1238 = CARTESIAN_POINT('',(0.749485129304,0.293213945595));
#1239 = CARTESIAN_POINT('',(0.946127301485,0.335862452222));
#1240 = CARTESIAN_POINT('',(1.147386826413,0.386372979876));
#1241 = CARTESIAN_POINT('',(1.354594219984,0.442206445489));
#1242 = CARTESIAN_POINT('',(1.786996237714,0.557792967521));
#1243 = CARTESIAN_POINT('',(1.994220405804,0.612741588715));
#1244 = CARTESIAN_POINT('',(2.195549470263,0.661622342883));
#1245 = CARTESIAN_POINT('',(2.392303106737,0.702292809217));
#1246 = CARTESIAN_POINT('',(2.585421535401,0.733196124609));
#1247 = CARTESIAN_POINT('',(2.775089040791,0.753524491686));
#1248 = CARTESIAN_POINT('',(2.961151691565,0.763162711589));
#1249 = CARTESIAN_POINT('',(3.322033615615,0.763162711589));
#1250 = CARTESIAN_POINT('',(3.508096266387,0.753524491686));
#1251 = CARTESIAN_POINT('',(3.697763771782,0.733196124608));
#1252 = CARTESIAN_POINT('',(3.890882200438,0.702292809218));
#1253 = CARTESIAN_POINT('',(4.087635836919,0.661622342882));
#1254 = CARTESIAN_POINT('',(4.288964901374,0.612741588715));
#1255 = CARTESIAN_POINT('',(4.496189069466,0.557792967521));
#1256 = CARTESIAN_POINT('',(4.928591087194,0.44220644549));
#1257 = CARTESIAN_POINT('',(5.135798480771,0.386372979875));
#1258 = CARTESIAN_POINT('',(5.337058005687,0.335862452224));
#1259 = CARTESIAN_POINT('',(5.533700177882,0.293213945594));
#1260 = CARTESIAN_POINT('',(5.726693771435,0.260468512585));
#1261 = CARTESIAN_POINT('',(5.916277906659,0.238812177029));
#1262 = CARTESIAN_POINT('',(6.10239010611,0.228514120681));
#1263 = CARTESIAN_POINT('',(6.28318530718,0.228514120681));
#1264 = ( GEOMETRIC_REPRESENTATION_CONTEXT(2) 
PARAMETRIC_REPRESENTATION_CONTEXT() REPRESENTATION_CONTEXT('2D SPACE',''
  ) );
#1265 = ADVANCED_FACE('',(#1266),#72,.T.);
#1266 = FACE_BOUND('',#1267,.T.);
#1267 = EDGE_LOOP('',(#1268,#1269,#1270,#1291));
#1268 = ORIENTED_EDGE('',*,*,#56,.F.);
#1269 = ORIENTED_EDGE('',*,*,#750,.T.);
#1270 = ORIENTED_EDGE('',*,*,#1271,.T.);
#1271 = EDGE_CURVE('',#566,#141,#1272,.T.);
#1272 = SURFACE_CURVE('',#1273,(#1277,#1284),.PCURVE_S1.);
#1273 = LINE('',#1274,#1275);
#1274 = CARTESIAN_POINT('',(2.,-2.,-13.09682459678));
#1275 = VECTOR('',#1276,1.);
#1276 = DIRECTION('',(0.,0.,1.));
#1277 = PCURVE('',#72,#1278);
#1278 = DEFINITIONAL_REPRESENTATION('',(#1279),#1283);
#1279 = LINE('',#1280,#1281);
#1280 = CARTESIAN_POINT('',(1.570796326795,0.));
#1281 = VECTOR('',#1282,1.);
#1282 = DIRECTION('',(0.,1.));
#1283 = ( GEOMETRIC_REPRESENTATION_CONTEXT(2) 
PARAMETRIC_REPRESENTATION_CONTEXT() REPRESENTATION_CONTEXT('2D SPACE',''
  ) );
#1284 = PCURVE('',#180,#1285);
#1285 = DEFINITIONAL_REPRESENTATION('',(#1286),#1290);
#1286 = LINE('',#1287,#1288);
#1287 = CARTESIAN_POINT('',(0.,4.));
#1288 = VECTOR('',#1289,1.);
#1289 = DIRECTION('',(1.,0.));
#1290 = ( GEOMETRIC_REPRESENTATION_CONTEXT(2) 
PARAMETRIC_REPRESENTATION_CONTEXT() REPRESENTATION_CONTEXT('2D SPACE',''
  ) );
#1291 = ORIENTED_EDGE('',*,*,#140,.F.);
#1292 = ADVANCED_FACE('',(#1293),#180,.F.);
#1293 = FACE_BOUND('',#1294,.F.);
#1294 = EDGE_LOOP('',(#1295,#1296,#1297,#1298));
#1295 = ORIENTED_EDGE('',*,*,#563,.T.);
#1296 = ORIENTED_EDGE('',*,*,#1271,.T.);
#1297 = ORIENTED_EDGE('',*,*,#164,.T.);
#1298 = ORIENTED_EDGE('',*,*,#1299,.F.);
#1299 = EDGE_CURVE('',#564,#165,#1300,.T.);
#1300 = SURFACE_CURVE('',#1301,(#1305,#1312),.PCURVE_S1.);
#1301 = LINE('',#1302,#1303);
#1302 = CARTESIAN_POINT('',(68.,-2.,-13.09682459678));
#1303 = VECTOR('',#1304,1.);
#1304 = DIRECTION('',(0.,0.,1.));
#1305 = PCURVE('',#180,#1306);
#1306 = DEFINITIONAL_REPRESENTATION('',(#1307),#1311);
#1307 = LINE('',#1308,#1309);
#1308 = CARTESIAN_POINT('',(0.,70.));
#1309 = VECTOR('',#1310,1.);
#1310 = DIRECTION('',(1.,0.));
#1311 = ( GEOMETRIC_REPRESENTATION_CONTEXT(2) 
PARAMETRIC_REPRESENTATION_CONTEXT() REPRESENTATION_CONTEXT('2D SPACE',''
  ) );
#1312 = PCURVE('',#213,#1313);
#1313 = DEFINITIONAL_REPRESENTATION('',(#1314),#1318);
#1314 = LINE('',#1315,#1316);
#1315 = CARTESIAN_POINT('',(-1.570796326795,0.));
#1316 = VECTOR('',#1317,1.);
#1317 = DIRECTION('',(-0.,1.));
#1318 = ( GEOMETRIC_REPRESENTATION_CONTEXT(2) 
PARAMETRIC_REPRESENTATION_CONTEXT() REPRESENTATION_CONTEXT('2D SPACE',''
  ) );
#1319 = ADVANCED_FACE('',(#1320),#298,.T.);
#1320 = FACE_BOUND('',#1321,.T.);
#1321 = EDGE_LOOP('',(#1322,#1323,#1324,#1325));
#1322 = ORIENTED_EDGE('',*,*,#726,.F.);
#1323 = ORIENTED_EDGE('',*,*,#538,.T.);
#1324 = ORIENTED_EDGE('',*,*,#282,.T.);
#1325 = ORIENTED_EDGE('',*,*,#1326,.F.);
#1326 = EDGE_CURVE('',#671,#254,#1327,.T.);
#1327 = SURFACE_CURVE('',#1328,(#1332,#1339),.PCURVE_S1.);
#1328 = LINE('',#1329,#1330);
#1329 = CARTESIAN_POINT('',(68.,43.,-13.09682459678));
#1330 = VECTOR('',#1331,1.);
#1331 = DIRECTION('',(0.,0.,1.));
#1332 = PCURVE('',#298,#1333);
#1333 = DEFINITIONAL_REPRESENTATION('',(#1334),#1338);
#1334 = LINE('',#1335,#1336);
#1335 = CARTESIAN_POINT('',(0.,70.));
#1336 = VECTOR('',#1337,1.);
#1337 = DIRECTION('',(1.,0.));
#1338 = ( GEOMETRIC_REPRESENTATION_CONTEXT(2) 
PARAMETRIC_REPRESENTATION_CONTEXT() REPRESENTATION_CONTEXT('2D SPACE',''
  ) );
#1339 = PCURVE('',#270,#1340);
#1340 = DEFINITIONAL_REPRESENTATION('',(#1341),#1345);
#1341 = LINE('',#1342,#1343);
#1342 = CARTESIAN_POINT('',(1.570796326795,0.));
#1343 = VECTOR('',#1344,1.);
#1344 = DIRECTION('',(0.,1.));
#1345 = ( GEOMETRIC_REPRESENTATION_CONTEXT(2) 
PARAMETRIC_REPRESENTATION_CONTEXT() REPRESENTATION_CONTEXT('2D SPACE',''
  ) );
#1346 = ADVANCED_FACE('',(#1347),#213,.T.);
#1347 = FACE_BOUND('',#1348,.F.);
#1348 = EDGE_LOOP('',(#1349,#1370,#1371,#1372));
#1349 = ORIENTED_EDGE('',*,*,#1350,.F.);
#1350 = EDGE_CURVE('',#594,#193,#1351,.T.);
#1351 = SURFACE_CURVE('',#1352,(#1356,#1363),.PCURVE_S1.);
#1352 = LINE('',#1353,#1354);
#1353 = CARTESIAN_POINT('',(72.,2.,-13.09682459678));
#1354 = VECTOR('',#1355,1.);
#1355 = DIRECTION('',(0.,0.,1.));
#1356 = PCURVE('',#213,#1357);
#1357 = DEFINITIONAL_REPRESENTATION('',(#1358),#1362);
#1358 = LINE('',#1359,#1360);
#1359 = CARTESIAN_POINT('',(-0.,0.));
#1360 = VECTOR('',#1361,1.);
#1361 = DIRECTION('',(-0.,1.));
#1362 = ( GEOMETRIC_REPRESENTATION_CONTEXT(2) 
PARAMETRIC_REPRESENTATION_CONTEXT() REPRESENTATION_CONTEXT('2D SPACE',''
  ) );
#1363 = PCURVE('',#241,#1364);
#1364 = DEFINITIONAL_REPRESENTATION('',(#1365),#1369);
#1365 = LINE('',#1366,#1367);
#1366 = CARTESIAN_POINT('',(0.,-4.));
#1367 = VECTOR('',#1368,1.);
#1368 = DIRECTION('',(1.,0.));
#1369 = ( GEOMETRIC_REPRESENTATION_CONTEXT(2) 
PARAMETRIC_REPRESENTATION_CONTEXT() REPRESENTATION_CONTEXT('2D SPACE',''
  ) );
#1370 = ORIENTED_EDGE('',*,*,#593,.T.);
#1371 = ORIENTED_EDGE('',*,*,#1299,.T.);
#1372 = ORIENTED_EDGE('',*,*,#192,.F.);
#1373 = ADVANCED_FACE('',(#1374),#270,.T.);
#1374 = FACE_BOUND('',#1375,.T.);
#1375 = EDGE_LOOP('',(#1376,#1397,#1398,#1399));
#1376 = ORIENTED_EDGE('',*,*,#1377,.F.);
#1377 = EDGE_CURVE('',#650,#226,#1378,.T.);
#1378 = SURFACE_CURVE('',#1379,(#1383,#1390),.PCURVE_S1.);
#1379 = LINE('',#1380,#1381);
#1380 = CARTESIAN_POINT('',(72.,39.,-13.09682459678));
#1381 = VECTOR('',#1382,1.);
#1382 = DIRECTION('',(0.,0.,1.));
#1383 = PCURVE('',#270,#1384);
#1384 = DEFINITIONAL_REPRESENTATION('',(#1385),#1389);
#1385 = LINE('',#1386,#1387);
#1386 = CARTESIAN_POINT('',(0.,0.));
#1387 = VECTOR('',#1388,1.);
#1388 = DIRECTION('',(0.,1.));
#1389 = ( GEOMETRIC_REPRESENTATION_CONTEXT(2) 
PARAMETRIC_REPRESENTATION_CONTEXT() REPRESENTATION_CONTEXT('2D SPACE',''
  ) );
#1390 = PCURVE('',#241,#1391);
#1391 = DEFINITIONAL_REPRESENTATION('',(#1392),#1396);
#1392 = LINE('',#1393,#1394);
#1393 = CARTESIAN_POINT('',(0.,-41.));
#1394 = VECTOR('',#1395,1.);
#1395 = DIRECTION('',(1.,0.));
#1396 = ( GEOMETRIC_REPRESENTATION_CONTEXT(2) 
PARAMETRIC_REPRESENTATION_CONTEXT() REPRESENTATION_CONTEXT('2D SPACE',''
  ) );
#1397 = ORIENTED_EDGE('',*,*,#670,.T.);
#1398 = ORIENTED_EDGE('',*,*,#1326,.T.);
#1399 = ORIENTED_EDGE('',*,*,#253,.F.);
#1400 = ADVANCED_FACE('',(#1401),#241,.T.);
#1401 = FACE_BOUND('',#1402,.T.);
#1402 = EDGE_LOOP('',(#1403,#1404,#1405,#1406));
#1403 = ORIENTED_EDGE('',*,*,#225,.F.);
#1404 = ORIENTED_EDGE('',*,*,#1350,.F.);
#1405 = ORIENTED_EDGE('',*,*,#649,.T.);
#1406 = ORIENTED_EDGE('',*,*,#1377,.T.);
#1407 = ADVANCED_FACE('',(#1408),#355,.F.);
#1408 = FACE_BOUND('',#1409,.F.);
#1409 = EDGE_LOOP('',(#1410,#1411,#1434,#1461));
#1410 = ORIENTED_EDGE('',*,*,#338,.F.);
#1411 = ORIENTED_EDGE('',*,*,#1412,.F.);
#1412 = EDGE_CURVE('',#1413,#339,#1415,.T.);
#1413 = VERTEX_POINT('',#1414);
#1414 = CARTESIAN_POINT('',(5.85,10.5,-7.));
#1415 = SEAM_CURVE('',#1416,(#1420,#1427),.PCURVE_S1.);
#1416 = LINE('',#1417,#1418);
#1417 = CARTESIAN_POINT('',(5.85,10.5,-7.));
#1418 = VECTOR('',#1419,1.);
#1419 = DIRECTION('',(0.,0.,1.));
#1420 = PCURVE('',#355,#1421);
#1421 = DEFINITIONAL_REPRESENTATION('',(#1422),#1426);
#1422 = LINE('',#1423,#1424);
#1423 = CARTESIAN_POINT('',(6.28318530718,-0.));
#1424 = VECTOR('',#1425,1.);
#1425 = DIRECTION('',(0.,1.));
#1426 = ( GEOMETRIC_REPRESENTATION_CONTEXT(2) 
PARAMETRIC_REPRESENTATION_CONTEXT() REPRESENTATION_CONTEXT('2D SPACE',''
  ) );
#1427 = PCURVE('',#355,#1428);
#1428 = DEFINITIONAL_REPRESENTATION('',(#1429),#1433);
#1429 = LINE('',#1430,#1431);
#1430 = CARTESIAN_POINT('',(0.,-0.));
#1431 = VECTOR('',#1432,1.);
#1432 = DIRECTION('',(0.,1.));
#1433 = ( GEOMETRIC_REPRESENTATION_CONTEXT(2) 
PARAMETRIC_REPRESENTATION_CONTEXT() REPRESENTATION_CONTEXT('2D SPACE',''
  ) );
#1434 = ORIENTED_EDGE('',*,*,#1435,.T.);
#1435 = EDGE_CURVE('',#1413,#1413,#1436,.T.);
#1436 = SURFACE_CURVE('',#1437,(#1442,#1449),.PCURVE_S1.);
#1437 = CIRCLE('',#1438,0.85);
#1438 = AXIS2_PLACEMENT_3D('',#1439,#1440,#1441);
#1439 = CARTESIAN_POINT('',(5.,10.5,-7.));
#1440 = DIRECTION('',(0.,0.,1.));
#1441 = DIRECTION('',(1.,0.,-0.));
#1442 = PCURVE('',#355,#1443);
#1443 = DEFINITIONAL_REPRESENTATION('',(#1444),#1448);
#1444 = LINE('',#1445,#1446);
#1445 = CARTESIAN_POINT('',(0.,0.));
#1446 = VECTOR('',#1447,1.);
#1447 = DIRECTION('',(1.,0.));
#1448 = ( GEOMETRIC_REPRESENTATION_CONTEXT(2) 
PARAMETRIC_REPRESENTATION_CONTEXT() REPRESENTATION_CONTEXT('2D SPACE',''
  ) );
#1449 = PCURVE('',#1450,#1455);
#1450 = PLANE('',#1451);
#1451 = AXIS2_PLACEMENT_3D('',#1452,#1453,#1454);
#1452 = CARTESIAN_POINT('',(5.,10.5,-7.));
#1453 = DIRECTION('',(0.,0.,1.));
#1454 = DIRECTION('',(1.,0.,-0.));
#1455 = DEFINITIONAL_REPRESENTATION('',(#1456),#1460);
#1456 = CIRCLE('',#1457,0.85);
#1457 = AXIS2_PLACEMENT_2D('',#1458,#1459);
#1458 = CARTESIAN_POINT('',(0.,0.));
#1459 = DIRECTION('',(1.,0.));
#1460 = ( GEOMETRIC_REPRESENTATION_CONTEXT(2) 
PARAMETRIC_REPRESENTATION_CONTEXT() REPRESENTATION_CONTEXT('2D SPACE',''
  ) );
#1461 = ORIENTED_EDGE('',*,*,#1412,.T.);
#1462 = ADVANCED_FACE('',(#1463),#386,.F.);
#1463 = FACE_BOUND('',#1464,.F.);
#1464 = EDGE_LOOP('',(#1465,#1466,#1489,#1516));
#1465 = ORIENTED_EDGE('',*,*,#369,.F.);
#1466 = ORIENTED_EDGE('',*,*,#1467,.F.);
#1467 = EDGE_CURVE('',#1468,#370,#1470,.T.);
#1468 = VERTEX_POINT('',#1469);
#1469 = CARTESIAN_POINT('',(65.85,10.5,-7.));
#1470 = SEAM_CURVE('',#1471,(#1475,#1482),.PCURVE_S1.);
#1471 = LINE('',#1472,#1473);
#1472 = CARTESIAN_POINT('',(65.85,10.5,-7.));
#1473 = VECTOR('',#1474,1.);
#1474 = DIRECTION('',(0.,0.,1.));
#1475 = PCURVE('',#386,#1476);
#1476 = DEFINITIONAL_REPRESENTATION('',(#1477),#1481);
#1477 = LINE('',#1478,#1479);
#1478 = CARTESIAN_POINT('',(6.28318530718,-0.));
#1479 = VECTOR('',#1480,1.);
#1480 = DIRECTION('',(0.,1.));
#1481 = ( GEOMETRIC_REPRESENTATION_CONTEXT(2) 
PARAMETRIC_REPRESENTATION_CONTEXT() REPRESENTATION_CONTEXT('2D SPACE',''
  ) );
#1482 = PCURVE('',#386,#1483);
#1483 = DEFINITIONAL_REPRESENTATION('',(#1484),#1488);
#1484 = LINE('',#1485,#1486);
#1485 = CARTESIAN_POINT('',(0.,-0.));
#1486 = VECTOR('',#1487,1.);
#1487 = DIRECTION('',(0.,1.));
#1488 = ( GEOMETRIC_REPRESENTATION_CONTEXT(2) 
PARAMETRIC_REPRESENTATION_CONTEXT() REPRESENTATION_CONTEXT('2D SPACE',''
  ) );
#1489 = ORIENTED_EDGE('',*,*,#1490,.T.);
#1490 = EDGE_CURVE('',#1468,#1468,#1491,.T.);
#1491 = SURFACE_CURVE('',#1492,(#1497,#1504),.PCURVE_S1.);
#1492 = CIRCLE('',#1493,0.85);
#1493 = AXIS2_PLACEMENT_3D('',#1494,#1495,#1496);
#1494 = CARTESIAN_POINT('',(65.,10.5,-7.));
#1495 = DIRECTION('',(0.,0.,1.));
#1496 = DIRECTION('',(1.,0.,-0.));
#1497 = PCURVE('',#386,#1498);
#1498 = DEFINITIONAL_REPRESENTATION('',(#1499),#1503);
#1499 = LINE('',#1500,#1501);
#1500 = CARTESIAN_POINT('',(0.,0.));
#1501 = VECTOR('',#1502,1.);
#1502 = DIRECTION('',(1.,0.));
#1503 = ( GEOMETRIC_REPRESENTATION_CONTEXT(2) 
PARAMETRIC_REPRESENTATION_CONTEXT() REPRESENTATION_CONTEXT('2D SPACE',''
  ) );
#1504 = PCURVE('',#1505,#1510);
#1505 = PLANE('',#1506);
#1506 = AXIS2_PLACEMENT_3D('',#1507,#1508,#1509);
#1507 = CARTESIAN_POINT('',(65.,10.5,-7.));
#1508 = DIRECTION('',(0.,0.,1.));
#1509 = DIRECTION('',(1.,0.,-0.));
#1510 = DEFINITIONAL_REPRESENTATION('',(#1511),#1515);
#1511 = CIRCLE('',#1512,0.85);
#1512 = AXIS2_PLACEMENT_2D('',#1513,#1514);
#1513 = CARTESIAN_POINT('',(0.,0.));
#1514 = DIRECTION('',(1.,0.));
#1515 = ( GEOMETRIC_REPRESENTATION_CONTEXT(2) 
PARAMETRIC_REPRESENTATION_CONTEXT() REPRESENTATION_CONTEXT('2D SPACE',''
  ) );
#1516 = ORIENTED_EDGE('',*,*,#1467,.T.);
#1517 = ADVANCED_FACE('',(#1518),#417,.F.);
#1518 = FACE_BOUND('',#1519,.F.);
#1519 = EDGE_LOOP('',(#1520,#1521,#1544,#1571));
#1520 = ORIENTED_EDGE('',*,*,#400,.F.);
#1521 = ORIENTED_EDGE('',*,*,#1522,.F.);
#1522 = EDGE_CURVE('',#1523,#401,#1525,.T.);
#1523 = VERTEX_POINT('',#1524);
#1524 = CARTESIAN_POINT('',(5.85,30.5,-7.));
#1525 = SEAM_CURVE('',#1526,(#1530,#1537),.PCURVE_S1.);
#1526 = LINE('',#1527,#1528);
#1527 = CARTESIAN_POINT('',(5.85,30.5,-7.));
#1528 = VECTOR('',#1529,1.);
#1529 = DIRECTION('',(0.,0.,1.));
#1530 = PCURVE('',#417,#1531);
#1531 = DEFINITIONAL_REPRESENTATION('',(#1532),#1536);
#1532 = LINE('',#1533,#1534);
#1533 = CARTESIAN_POINT('',(6.28318530718,-0.));
#1534 = VECTOR('',#1535,1.);
#1535 = DIRECTION('',(0.,1.));
#1536 = ( GEOMETRIC_REPRESENTATION_CONTEXT(2) 
PARAMETRIC_REPRESENTATION_CONTEXT() REPRESENTATION_CONTEXT('2D SPACE',''
  ) );
#1537 = PCURVE('',#417,#1538);
#1538 = DEFINITIONAL_REPRESENTATION('',(#1539),#1543);
#1539 = LINE('',#1540,#1541);
#1540 = CARTESIAN_POINT('',(0.,-0.));
#1541 = VECTOR('',#1542,1.);
#1542 = DIRECTION('',(0.,1.));
#1543 = ( GEOMETRIC_REPRESENTATION_CONTEXT(2) 
PARAMETRIC_REPRESENTATION_CONTEXT() REPRESENTATION_CONTEXT('2D SPACE',''
  ) );
#1544 = ORIENTED_EDGE('',*,*,#1545,.T.);
#1545 = EDGE_CURVE('',#1523,#1523,#1546,.T.);
#1546 = SURFACE_CURVE('',#1547,(#1552,#1559),.PCURVE_S1.);
#1547 = CIRCLE('',#1548,0.85);
#1548 = AXIS2_PLACEMENT_3D('',#1549,#1550,#1551);
#1549 = CARTESIAN_POINT('',(5.,30.5,-7.));
#1550 = DIRECTION('',(0.,0.,1.));
#1551 = DIRECTION('',(1.,0.,-0.));
#1552 = PCURVE('',#417,#1553);
#1553 = DEFINITIONAL_REPRESENTATION('',(#1554),#1558);
#1554 = LINE('',#1555,#1556);
#1555 = CARTESIAN_POINT('',(0.,0.));
#1556 = VECTOR('',#1557,1.);
#1557 = DIRECTION('',(1.,0.));
#1558 = ( GEOMETRIC_REPRESENTATION_CONTEXT(2) 
PARAMETRIC_REPRESENTATION_CONTEXT() REPRESENTATION_CONTEXT('2D SPACE',''
  ) );
#1559 = PCURVE('',#1560,#1565);
#1560 = PLANE('',#1561);
#1561 = AXIS2_PLACEMENT_3D('',#1562,#1563,#1564);
#1562 = CARTESIAN_POINT('',(5.,30.5,-7.));
#1563 = DIRECTION('',(0.,0.,1.));
#1564 = DIRECTION('',(1.,0.,-0.));
#1565 = DEFINITIONAL_REPRESENTATION('',(#1566),#1570);
#1566 = CIRCLE('',#1567,0.85);
#1567 = AXIS2_PLACEMENT_2D('',#1568,#1569);
#1568 = CARTESIAN_POINT('',(0.,0.));
#1569 = DIRECTION('',(1.,0.));
#1570 = ( GEOMETRIC_REPRESENTATION_CONTEXT(2) 
PARAMETRIC_REPRESENTATION_CONTEXT() REPRESENTATION_CONTEXT('2D SPACE',''
  ) );
#1571 = ORIENTED_EDGE('',*,*,#1522,.T.);
#1572 = ADVANCED_FACE('',(#1573),#448,.F.);
#1573 = FACE_BOUND('',#1574,.F.);
#1574 = EDGE_LOOP('',(#1575,#1576,#1599,#1626));
#1575 = ORIENTED_EDGE('',*,*,#431,.F.);
#1576 = ORIENTED_EDGE('',*,*,#1577,.F.);
#1577 = EDGE_CURVE('',#1578,#432,#1580,.T.);
#1578 = VERTEX_POINT('',#1579);
#1579 = CARTESIAN_POINT('',(66.85,28.5,-7.));
#1580 = SEAM_CURVE('',#1581,(#1585,#1592),.PCURVE_S1.);
#1581 = LINE('',#1582,#1583);
#1582 = CARTESIAN_POINT('',(66.85,28.5,-7.));
#1583 = VECTOR('',#1584,1.);
#1584 = DIRECTION('',(0.,0.,1.));
#1585 = PCURVE('',#448,#1586);
#1586 = DEFINITIONAL_REPRESENTATION('',(#1587),#1591);
#1587 = LINE('',#1588,#1589);
#1588 = CARTESIAN_POINT('',(6.28318530718,-0.));
#1589 = VECTOR('',#1590,1.);
#1590 = DIRECTION('',(0.,1.));
#1591 = ( GEOMETRIC_REPRESENTATION_CONTEXT(2) 
PARAMETRIC_REPRESENTATION_CONTEXT() REPRESENTATION_CONTEXT('2D SPACE',''
  ) );
#1592 = PCURVE('',#448,#1593);
#1593 = DEFINITIONAL_REPRESENTATION('',(#1594),#1598);
#1594 = LINE('',#1595,#1596);
#1595 = CARTESIAN_POINT('',(0.,-0.));
#1596 = VECTOR('',#1597,1.);
#1597 = DIRECTION('',(0.,1.));
#1598 = ( GEOMETRIC_REPRESENTATION_CONTEXT(2) 
PARAMETRIC_REPRESENTATION_CONTEXT() REPRESENTATION_CONTEXT('2D SPACE',''
  ) );
#1599 = ORIENTED_EDGE('',*,*,#1600,.T.);
#1600 = EDGE_CURVE('',#1578,#1578,#1601,.T.);
#1601 = SURFACE_CURVE('',#1602,(#1607,#1614),.PCURVE_S1.);
#1602 = CIRCLE('',#1603,0.85);
#1603 = AXIS2_PLACEMENT_3D('',#1604,#1605,#1606);
#1604 = CARTESIAN_POINT('',(66.,28.5,-7.));
#1605 = DIRECTION('',(0.,0.,1.));
#1606 = DIRECTION('',(1.,0.,-0.));
#1607 = PCURVE('',#448,#1608);
#1608 = DEFINITIONAL_REPRESENTATION('',(#1609),#1613);
#1609 = LINE('',#1610,#1611);
#1610 = CARTESIAN_POINT('',(0.,0.));
#1611 = VECTOR('',#1612,1.);
#1612 = DIRECTION('',(1.,0.));
#1613 = ( GEOMETRIC_REPRESENTATION_CONTEXT(2) 
PARAMETRIC_REPRESENTATION_CONTEXT() REPRESENTATION_CONTEXT('2D SPACE',''
  ) );
#1614 = PCURVE('',#1615,#1620);
#1615 = PLANE('',#1616);
#1616 = AXIS2_PLACEMENT_3D('',#1617,#1618,#1619);
#1617 = CARTESIAN_POINT('',(66.,28.5,-7.));
#1618 = DIRECTION('',(0.,0.,1.));
#1619 = DIRECTION('',(1.,0.,-0.));
#1620 = DEFINITIONAL_REPRESENTATION('',(#1621),#1625);
#1621 = CIRCLE('',#1622,0.85);
#1622 = AXIS2_PLACEMENT_2D('',#1623,#1624);
#1623 = CARTESIAN_POINT('',(0.,0.));
#1624 = DIRECTION('',(1.,0.));
#1625 = ( GEOMETRIC_REPRESENTATION_CONTEXT(2) 
PARAMETRIC_REPRESENTATION_CONTEXT() REPRESENTATION_CONTEXT('2D SPACE',''
  ) );
#1626 = ORIENTED_EDGE('',*,*,#1577,.T.);
#1627 = ADVANCED_FACE('',(#1628),#894,.F.);
#1628 = FACE_BOUND('',#1629,.F.);
#1629 = EDGE_LOOP('',(#1630,#1653,#1680,#1681));
#1630 = ORIENTED_EDGE('',*,*,#1631,.T.);
#1631 = EDGE_CURVE('',#825,#1632,#1634,.T.);
#1632 = VERTEX_POINT('',#1633);
#1633 = CARTESIAN_POINT('',(5.85,3.5,-3.606079858305));
#1634 = SEAM_CURVE('',#1635,(#1639,#1646),.PCURVE_S1.);
#1635 = LINE('',#1636,#1637);
#1636 = CARTESIAN_POINT('',(5.85,3.5,-10.1060798583));
#1637 = VECTOR('',#1638,1.);
#1638 = DIRECTION('',(0.,0.,1.));
#1639 = PCURVE('',#894,#1640);
#1640 = DEFINITIONAL_REPRESENTATION('',(#1641),#1645);
#1641 = LINE('',#1642,#1643);
#1642 = CARTESIAN_POINT('',(6.28318530718,-0.));
#1643 = VECTOR('',#1644,1.);
#1644 = DIRECTION('',(0.,1.));
#1645 = ( GEOMETRIC_REPRESENTATION_CONTEXT(2) 
PARAMETRIC_REPRESENTATION_CONTEXT() REPRESENTATION_CONTEXT('2D SPACE',''
  ) );
#1646 = PCURVE('',#894,#1647);
#1647 = DEFINITIONAL_REPRESENTATION('',(#1648),#1652);
#1648 = LINE('',#1649,#1650);
#1649 = CARTESIAN_POINT('',(0.,-0.));
#1650 = VECTOR('',#1651,1.);
#1651 = DIRECTION('',(0.,1.));
#1652 = ( GEOMETRIC_REPRESENTATION_CONTEXT(2) 
PARAMETRIC_REPRESENTATION_CONTEXT() REPRESENTATION_CONTEXT('2D SPACE',''
  ) );
#1653 = ORIENTED_EDGE('',*,*,#1654,.F.);
#1654 = EDGE_CURVE('',#1632,#1632,#1655,.T.);
#1655 = SURFACE_CURVE('',#1656,(#1661,#1668),.PCURVE_S1.);
#1656 = CIRCLE('',#1657,0.85);
#1657 = AXIS2_PLACEMENT_3D('',#1658,#1659,#1660);
#1658 = CARTESIAN_POINT('',(5.,3.5,-3.606079858305));
#1659 = DIRECTION('',(0.,0.,1.));
#1660 = DIRECTION('',(1.,0.,-0.));
#1661 = PCURVE('',#894,#1662);
#1662 = DEFINITIONAL_REPRESENTATION('',(#1663),#1667);
#1663 = LINE('',#1664,#1665);
#1664 = CARTESIAN_POINT('',(0.,6.5));
#1665 = VECTOR('',#1666,1.);
#1666 = DIRECTION('',(1.,0.));
#1667 = ( GEOMETRIC_REPRESENTATION_CONTEXT(2) 
PARAMETRIC_REPRESENTATION_CONTEXT() REPRESENTATION_CONTEXT('2D SPACE',''
  ) );
#1668 = PCURVE('',#1669,#1674);
#1669 = PLANE('',#1670);
#1670 = AXIS2_PLACEMENT_3D('',#1671,#1672,#1673);
#1671 = CARTESIAN_POINT('',(5.,3.5,-3.606079858305));
#1672 = DIRECTION('',(0.,0.,1.));
#1673 = DIRECTION('',(1.,0.,-0.));
#1674 = DEFINITIONAL_REPRESENTATION('',(#1675),#1679);
#1675 = CIRCLE('',#1676,0.85);
#1676 = AXIS2_PLACEMENT_2D('',#1677,#1678);
#1677 = CARTESIAN_POINT('',(0.,0.));
#1678 = DIRECTION('',(1.,0.));
#1679 = ( GEOMETRIC_REPRESENTATION_CONTEXT(2) 
PARAMETRIC_REPRESENTATION_CONTEXT() REPRESENTATION_CONTEXT('2D SPACE',''
  ) );
#1680 = ORIENTED_EDGE('',*,*,#1631,.F.);
#1681 = ORIENTED_EDGE('',*,*,#824,.T.);
#1682 = ADVANCED_FACE('',(#1683),#1005,.F.);
#1683 = FACE_BOUND('',#1684,.F.);
#1684 = EDGE_LOOP('',(#1685,#1708,#1735,#1736));
#1685 = ORIENTED_EDGE('',*,*,#1686,.T.);
#1686 = EDGE_CURVE('',#936,#1687,#1689,.T.);
#1687 = VERTEX_POINT('',#1688);
#1688 = CARTESIAN_POINT('',(65.85,3.5,-3.606079858305));
#1689 = SEAM_CURVE('',#1690,(#1694,#1701),.PCURVE_S1.);
#1690 = LINE('',#1691,#1692);
#1691 = CARTESIAN_POINT('',(65.85,3.5,-10.1060798583));
#1692 = VECTOR('',#1693,1.);
#1693 = DIRECTION('',(0.,0.,1.));
#1694 = PCURVE('',#1005,#1695);
#1695 = DEFINITIONAL_REPRESENTATION('',(#1696),#1700);
#1696 = LINE('',#1697,#1698);
#1697 = CARTESIAN_POINT('',(6.28318530718,-0.));
#1698 = VECTOR('',#1699,1.);
#1699 = DIRECTION('',(0.,1.));
#1700 = ( GEOMETRIC_REPRESENTATION_CONTEXT(2) 
PARAMETRIC_REPRESENTATION_CONTEXT() REPRESENTATION_CONTEXT('2D SPACE',''
  ) );
#1701 = PCURVE('',#1005,#1702);
#1702 = DEFINITIONAL_REPRESENTATION('',(#1703),#1707);
#1703 = LINE('',#1704,#1705);
#1704 = CARTESIAN_POINT('',(0.,-0.));
#1705 = VECTOR('',#1706,1.);
#1706 = DIRECTION('',(0.,1.));
#1707 = ( GEOMETRIC_REPRESENTATION_CONTEXT(2) 
PARAMETRIC_REPRESENTATION_CONTEXT() REPRESENTATION_CONTEXT('2D SPACE',''
  ) );
#1708 = ORIENTED_EDGE('',*,*,#1709,.F.);
#1709 = EDGE_CURVE('',#1687,#1687,#1710,.T.);
#1710 = SURFACE_CURVE('',#1711,(#1716,#1723),.PCURVE_S1.);
#1711 = CIRCLE('',#1712,0.85);
#1712 = AXIS2_PLACEMENT_3D('',#1713,#1714,#1715);
#1713 = CARTESIAN_POINT('',(65.,3.5,-3.606079858305));
#1714 = DIRECTION('',(0.,0.,1.));
#1715 = DIRECTION('',(1.,0.,-0.));
#1716 = PCURVE('',#1005,#1717);
#1717 = DEFINITIONAL_REPRESENTATION('',(#1718),#1722);
#1718 = LINE('',#1719,#1720);
#1719 = CARTESIAN_POINT('',(0.,6.5));
#1720 = VECTOR('',#1721,1.);
#1721 = DIRECTION('',(1.,0.));
#1722 = ( GEOMETRIC_REPRESENTATION_CONTEXT(2) 
PARAMETRIC_REPRESENTATION_CONTEXT() REPRESENTATION_CONTEXT('2D SPACE',''
  ) );
#1723 = PCURVE('',#1724,#1729);
#1724 = PLANE('',#1725);
#1725 = AXIS2_PLACEMENT_3D('',#1726,#1727,#1728);
#1726 = CARTESIAN_POINT('',(65.,3.5,-3.606079858305));
#1727 = DIRECTION('',(0.,0.,1.));
#1728 = DIRECTION('',(1.,0.,-0.));
#1729 = DEFINITIONAL_REPRESENTATION('',(#1730),#1734);
#1730 = CIRCLE('',#1731,0.85);
#1731 = AXIS2_PLACEMENT_2D('',#1732,#1733);
#1732 = CARTESIAN_POINT('',(0.,0.));
#1733 = DIRECTION('',(1.,0.));
#1734 = ( GEOMETRIC_REPRESENTATION_CONTEXT(2) 
PARAMETRIC_REPRESENTATION_CONTEXT() REPRESENTATION_CONTEXT('2D SPACE',''
  ) );
#1735 = ORIENTED_EDGE('',*,*,#1686,.F.);
#1736 = ORIENTED_EDGE('',*,*,#935,.T.);
#1737 = ADVANCED_FACE('',(#1738),#1116,.F.);
#1738 = FACE_BOUND('',#1739,.F.);
#1739 = EDGE_LOOP('',(#1740,#1763,#1790,#1791));
#1740 = ORIENTED_EDGE('',*,*,#1741,.T.);
#1741 = EDGE_CURVE('',#1047,#1742,#1744,.T.);
#1742 = VERTEX_POINT('',#1743);
#1743 = CARTESIAN_POINT('',(5.85,37.5,-3.606079858305));
#1744 = SEAM_CURVE('',#1745,(#1749,#1756),.PCURVE_S1.);
#1745 = LINE('',#1746,#1747);
#1746 = CARTESIAN_POINT('',(5.85,37.5,-10.1060798583));
#1747 = VECTOR('',#1748,1.);
#1748 = DIRECTION('',(0.,0.,1.));
#1749 = PCURVE('',#1116,#1750);
#1750 = DEFINITIONAL_REPRESENTATION('',(#1751),#1755);
#1751 = LINE('',#1752,#1753);
#1752 = CARTESIAN_POINT('',(6.28318530718,-0.));
#1753 = VECTOR('',#1754,1.);
#1754 = DIRECTION('',(0.,1.));
#1755 = ( GEOMETRIC_REPRESENTATION_CONTEXT(2) 
PARAMETRIC_REPRESENTATION_CONTEXT() REPRESENTATION_CONTEXT('2D SPACE',''
  ) );
#1756 = PCURVE('',#1116,#1757);
#1757 = DEFINITIONAL_REPRESENTATION('',(#1758),#1762);
#1758 = LINE('',#1759,#1760);
#1759 = CARTESIAN_POINT('',(0.,-0.));
#1760 = VECTOR('',#1761,1.);
#1761 = DIRECTION('',(0.,1.));
#1762 = ( GEOMETRIC_REPRESENTATION_CONTEXT(2) 
PARAMETRIC_REPRESENTATION_CONTEXT() REPRESENTATION_CONTEXT('2D SPACE',''
  ) );
#1763 = ORIENTED_EDGE('',*,*,#1764,.F.);
#1764 = EDGE_CURVE('',#1742,#1742,#1765,.T.);
#1765 = SURFACE_CURVE('',#1766,(#1771,#1778),.PCURVE_S1.);
#1766 = CIRCLE('',#1767,0.85);
#1767 = AXIS2_PLACEMENT_3D('',#1768,#1769,#1770);
#1768 = CARTESIAN_POINT('',(5.,37.5,-3.606079858305));
#1769 = DIRECTION('',(0.,0.,1.));
#1770 = DIRECTION('',(1.,0.,-0.));
#1771 = PCURVE('',#1116,#1772);
#1772 = DEFINITIONAL_REPRESENTATION('',(#1773),#1777);
#1773 = LINE('',#1774,#1775);
#1774 = CARTESIAN_POINT('',(0.,6.5));
#1775 = VECTOR('',#1776,1.);
#1776 = DIRECTION('',(1.,0.));
#1777 = ( GEOMETRIC_REPRESENTATION_CONTEXT(2) 
PARAMETRIC_REPRESENTATION_CONTEXT() REPRESENTATION_CONTEXT('2D SPACE',''
  ) );
#1778 = PCURVE('',#1779,#1784);
#1779 = PLANE('',#1780);
#1780 = AXIS2_PLACEMENT_3D('',#1781,#1782,#1783);
#1781 = CARTESIAN_POINT('',(5.,37.5,-3.606079858305));
#1782 = DIRECTION('',(0.,0.,1.));
#1783 = DIRECTION('',(1.,0.,-0.));
#1784 = DEFINITIONAL_REPRESENTATION('',(#1785),#1789);
#1785 = CIRCLE('',#1786,0.85);
#1786 = AXIS2_PLACEMENT_2D('',#1787,#1788);
#1787 = CARTESIAN_POINT('',(0.,0.));
#1788 = DIRECTION('',(1.,0.));
#1789 = ( GEOMETRIC_REPRESENTATION_CONTEXT(2) 
PARAMETRIC_REPRESENTATION_CONTEXT() REPRESENTATION_CONTEXT('2D SPACE',''
  ) );
#1790 = ORIENTED_EDGE('',*,*,#1741,.F.);
#1791 = ORIENTED_EDGE('',*,*,#1046,.T.);
#1792 = ADVANCED_FACE('',(#1793),#1227,.F.);
#1793 = FACE_BOUND('',#1794,.F.);
#1794 = EDGE_LOOP('',(#1795,#1818,#1845,#1846));
#1795 = ORIENTED_EDGE('',*,*,#1796,.T.);
#1796 = EDGE_CURVE('',#1158,#1797,#1799,.T.);
#1797 = VERTEX_POINT('',#1798);
#1798 = CARTESIAN_POINT('',(65.85,37.5,-3.606079858305));
#1799 = SEAM_CURVE('',#1800,(#1804,#1811),.PCURVE_S1.);
#1800 = LINE('',#1801,#1802);
#1801 = CARTESIAN_POINT('',(65.85,37.5,-10.1060798583));
#1802 = VECTOR('',#1803,1.);
#1803 = DIRECTION('',(0.,0.,1.));
#1804 = PCURVE('',#1227,#1805);
#1805 = DEFINITIONAL_REPRESENTATION('',(#1806),#1810);
#1806 = LINE('',#1807,#1808);
#1807 = CARTESIAN_POINT('',(6.28318530718,-0.));
#1808 = VECTOR('',#1809,1.);
#1809 = DIRECTION('',(0.,1.));
#1810 = ( GEOMETRIC_REPRESENTATION_CONTEXT(2) 
PARAMETRIC_REPRESENTATION_CONTEXT() REPRESENTATION_CONTEXT('2D SPACE',''
  ) );
#1811 = PCURVE('',#1227,#1812);
#1812 = DEFINITIONAL_REPRESENTATION('',(#1813),#1817);
#1813 = LINE('',#1814,#1815);
#1814 = CARTESIAN_POINT('',(0.,-0.));
#1815 = VECTOR('',#1816,1.);
#1816 = DIRECTION('',(0.,1.));
#1817 = ( GEOMETRIC_REPRESENTATION_CONTEXT(2) 
PARAMETRIC_REPRESENTATION_CONTEXT() REPRESENTATION_CONTEXT('2D SPACE',''
  ) );
#1818 = ORIENTED_EDGE('',*,*,#1819,.F.);
#1819 = EDGE_CURVE('',#1797,#1797,#1820,.T.);
#1820 = SURFACE_CURVE('',#1821,(#1826,#1833),.PCURVE_S1.);
#1821 = CIRCLE('',#1822,0.85);
#1822 = AXIS2_PLACEMENT_3D('',#1823,#1824,#1825);
#1823 = CARTESIAN_POINT('',(65.,37.5,-3.606079858305));
#1824 = DIRECTION('',(0.,0.,1.));
#1825 = DIRECTION('',(1.,0.,-0.));
#1826 = PCURVE('',#1227,#1827);
#1827 = DEFINITIONAL_REPRESENTATION('',(#1828),#1832);
#1828 = LINE('',#1829,#1830);
#1829 = CARTESIAN_POINT('',(0.,6.5));
#1830 = VECTOR('',#1831,1.);
#1831 = DIRECTION('',(1.,0.));
#1832 = ( GEOMETRIC_REPRESENTATION_CONTEXT(2) 
PARAMETRIC_REPRESENTATION_CONTEXT() REPRESENTATION_CONTEXT('2D SPACE',''
  ) );
#1833 = PCURVE('',#1834,#1839);
#1834 = PLANE('',#1835);
#1835 = AXIS2_PLACEMENT_3D('',#1836,#1837,#1838);
#1836 = CARTESIAN_POINT('',(65.,37.5,-3.606079858305));
#1837 = DIRECTION('',(0.,0.,1.));
#1838 = DIRECTION('',(1.,0.,-0.));
#1839 = DEFINITIONAL_REPRESENTATION('',(#1840),#1844);
#1840 = CIRCLE('',#1841,0.85);
#1841 = AXIS2_PLACEMENT_2D('',#1842,#1843);
#1842 = CARTESIAN_POINT('',(0.,0.));
#1843 = DIRECTION('',(1.,0.));
#1844 = ( GEOMETRIC_REPRESENTATION_CONTEXT(2) 
PARAMETRIC_REPRESENTATION_CONTEXT() REPRESENTATION_CONTEXT('2D SPACE',''
  ) );
#1845 = ORIENTED_EDGE('',*,*,#1796,.F.);
#1846 = ORIENTED_EDGE('',*,*,#1157,.T.);
#1847 = ADVANCED_FACE('',(#1848),#1450,.T.);
#1848 = FACE_BOUND('',#1849,.F.);
#1849 = EDGE_LOOP('',(#1850));
#1850 = ORIENTED_EDGE('',*,*,#1435,.F.);
#1851 = ADVANCED_FACE('',(#1852),#1505,.T.);
#1852 = FACE_BOUND('',#1853,.F.);
#1853 = EDGE_LOOP('',(#1854));
#1854 = ORIENTED_EDGE('',*,*,#1490,.F.);
#1855 = ADVANCED_FACE('',(#1856),#1560,.T.);
#1856 = FACE_BOUND('',#1857,.F.);
#1857 = EDGE_LOOP('',(#1858));
#1858 = ORIENTED_EDGE('',*,*,#1545,.F.);
#1859 = ADVANCED_FACE('',(#1860),#1615,.T.);
#1860 = FACE_BOUND('',#1861,.F.);
#1861 = EDGE_LOOP('',(#1862));
#1862 = ORIENTED_EDGE('',*,*,#1600,.F.);
#1863 = ADVANCED_FACE('',(#1864),#1669,.F.);
#1864 = FACE_BOUND('',#1865,.F.);
#1865 = EDGE_LOOP('',(#1866));
#1866 = ORIENTED_EDGE('',*,*,#1654,.T.);
#1867 = ADVANCED_FACE('',(#1868),#1724,.F.);
#1868 = FACE_BOUND('',#1869,.F.);
#1869 = EDGE_LOOP('',(#1870));
#1870 = ORIENTED_EDGE('',*,*,#1709,.T.);
#1871 = ADVANCED_FACE('',(#1872),#1779,.F.);
#1872 = FACE_BOUND('',#1873,.F.);
#1873 = EDGE_LOOP('',(#1874));
#1874 = ORIENTED_EDGE('',*,*,#1764,.T.);
#1875 = ADVANCED_FACE('',(#1876),#1834,.F.);
#1876 = FACE_BOUND('',#1877,.F.);
#1877 = EDGE_LOOP('',(#1878));
#1878 = ORIENTED_EDGE('',*,*,#1819,.T.);
#1879 = ( GEOMETRIC_REPRESENTATION_CONTEXT(3) 
GLOBAL_UNCERTAINTY_ASSIGNED_CONTEXT((#1883)) 
GLOBAL_UNIT_ASSIGNED_CONTEXT((#1880,#1881,#1882)) REPRESENTATION_CONTEXT
('Context #1','3D Context with UNIT and UNCERTAINTY') );
#1880 = ( LENGTH_UNIT() NAMED_UNIT(*) SI_UNIT(.MILLI.,.METRE.) );
#1881 = ( NAMED_UNIT(*) PLANE_ANGLE_UNIT() SI_UNIT($,.RADIAN.) );
#1882 = ( NAMED_UNIT(*) SI_UNIT($,.STERADIAN.) SOLID_ANGLE_UNIT() );
#1883 = UNCERTAINTY_MEASURE_WITH_UNIT(LENGTH_MEASURE(1.E-07),#1880,
  'distance_accuracy_value','confusion accuracy');
#1884 = PRODUCT_RELATED_PRODUCT_CATEGORY('part',$,(#7));
ENDSEC;
END-ISO-10303-21;
