ISO-10303-21;
HEADER;
FILE_DESCRIPTION(('Open CASCADE Model'),'2;1');
FILE_NAME('Open CASCADE Shape Model','2026-09-27T11:32:11',('Author'),(
    'Open CASCADE'),'Open CASCADE STEP processor 7.9','Open CASCADE 7.9'
  ,'Unknown');
FILE_SCHEMA(('AUTOMOTIVE_DESIGN { 1 0 10303 214 1 1 1 1 }'));
ENDSEC;
DATA;
#1 = APPLICATION_PROTOCOL_DEFINITION('international standard',
  'automotive_design',2000,#2);
#2 = APPLICATION_CONTEXT(
  'core data for automotive mechanical design processes');
#3 = SHAPE_DEFINITION_REPRESENTATION(#4,#10);
#4 = PRODUCT_DEFINITION_SHAPE('','',#5);
#5 = PRODUCT_DEFINITION('design','',#6,#9);
#6 = PRODUCT_DEFINITION_FORMATION('','',#7);
#7 = PRODUCT('Open CASCADE STEP translator 7.9 6',
  'Open CASCADE STEP translator 7.9 6','',(#8));
#8 = PRODUCT_CONTEXT('',#2,'mechanical');
#9 = PRODUCT_DEFINITION_CONTEXT('part definition',#2,'design');
#10 = ADVANCED_BREP_SHAPE_REPRESENTATION('',(#11,#15),#3632);
#11 = AXIS2_PLACEMENT_3D('',#12,#13,#14);
#12 = CARTESIAN_POINT('',(0.,0.,0.));
#13 = DIRECTION('',(0.,0.,1.));
#14 = DIRECTION('',(1.,0.,-0.));
#15 = MANIFOLD_SOLID_BREP('',#16);
#16 = CLOSED_SHELL('',(#17,#330,#812,#893,#1163,#1335,#1650,#1966,#2047,
    #2125,#2180,#2240,#2289,#2325,#2361,#2466,#2494,#2530,#2579,#2615,
    #2880,#2988,#2995,#3022,#3049,#3056,#3083,#3110,#3271,#3325,#3375,
    #3476,#3545,#3614,#3623));
#17 = ADVANCED_FACE('',(#18,#299),#32,.T.);
#18 = FACE_BOUND('',#19,.T.);
#19 = EDGE_LOOP('',(#20,#55,#83,#111,#140,#163,#192,#220,#249,#272));
#20 = ORIENTED_EDGE('',*,*,#21,.F.);
#21 = EDGE_CURVE('',#22,#24,#26,.T.);
#22 = VERTEX_POINT('',#23);
#23 = CARTESIAN_POINT('',(70.5,-8.95,0.));
#24 = VERTEX_POINT('',#25);
#25 = CARTESIAN_POINT('',(70.5,-8.95,0.614250700561));
#26 = SURFACE_CURVE('',#27,(#31,#43),.PCURVE_S1.);
#27 = LINE('',#28,#29);
#28 = CARTESIAN_POINT('',(70.5,-8.95,0.));
#29 = VECTOR('',#30,1.);
#30 = DIRECTION('',(0.,0.,1.));
#31 = PCURVE('',#32,#37);
#32 = PLANE('',#33);
#33 = AXIS2_PLACEMENT_3D('',#34,#35,#36);
#34 = CARTESIAN_POINT('',(70.5,-11.95,0.));
#35 = DIRECTION('',(1.,0.,0.));
#36 = DIRECTION('',(0.,0.,1.));
#37 = DEFINITIONAL_REPRESENTATION('',(#38),#42);
#38 = LINE('',#39,#40);
#39 = CARTESIAN_POINT('',(0.,-3.));
#40 = VECTOR('',#41,1.);
#41 = DIRECTION('',(1.,0.));
#42 = ( GEOMETRIC_REPRESENTATION_CONTEXT(2) 
PARAMETRIC_REPRESENTATION_CONTEXT() REPRESENTATION_CONTEXT('2D SPACE',''
  ) );
#43 = PCURVE('',#44,#49);
#44 = CYLINDRICAL_SURFACE('',#45,3.);
#45 = AXIS2_PLACEMENT_3D('',#46,#47,#48);
#46 = CARTESIAN_POINT('',(67.5,-8.95,0.));
#47 = DIRECTION('',(0.,0.,1.));
#48 = DIRECTION('',(1.,0.,-0.));
#49 = DEFINITIONAL_REPRESENTATION('',(#50),#54);
#50 = LINE('',#51,#52);
#51 = CARTESIAN_POINT('',(-0.,0.));
#52 = VECTOR('',#53,1.);
#53 = DIRECTION('',(-0.,1.));
#54 = ( GEOMETRIC_REPRESENTATION_CONTEXT(2) 
PARAMETRIC_REPRESENTATION_CONTEXT() REPRESENTATION_CONTEXT('2D SPACE',''
  ) );
#55 = ORIENTED_EDGE('',*,*,#56,.T.);
#56 = EDGE_CURVE('',#22,#57,#59,.T.);
#57 = VERTEX_POINT('',#58);
#58 = CARTESIAN_POINT('',(70.5,8.95,0.));
#59 = SURFACE_CURVE('',#60,(#64,#71),.PCURVE_S1.);
#60 = LINE('',#61,#62);
#61 = CARTESIAN_POINT('',(70.5,-11.95,0.));
#62 = VECTOR('',#63,1.);
#63 = DIRECTION('',(0.,1.,0.));
#64 = PCURVE('',#32,#65);
#65 = DEFINITIONAL_REPRESENTATION('',(#66),#70);
#66 = LINE('',#67,#68);
#67 = CARTESIAN_POINT('',(0.,0.));
#68 = VECTOR('',#69,1.);
#69 = DIRECTION('',(0.,-1.));
#70 = ( GEOMETRIC_REPRESENTATION_CONTEXT(2) 
PARAMETRIC_REPRESENTATION_CONTEXT() REPRESENTATION_CONTEXT('2D SPACE',''
  ) );
#71 = PCURVE('',#72,#77);
#72 = PLANE('',#73);
#73 = AXIS2_PLACEMENT_3D('',#74,#75,#76);
#74 = CARTESIAN_POINT('',(60.5,-11.95,0.));
#75 = DIRECTION('',(0.,0.,1.));
#76 = DIRECTION('',(1.,0.,0.));
#77 = DEFINITIONAL_REPRESENTATION('',(#78),#82);
#78 = LINE('',#79,#80);
#79 = CARTESIAN_POINT('',(10.,0.));
#80 = VECTOR('',#81,1.);
#81 = DIRECTION('',(0.,1.));
#82 = ( GEOMETRIC_REPRESENTATION_CONTEXT(2) 
PARAMETRIC_REPRESENTATION_CONTEXT() REPRESENTATION_CONTEXT('2D SPACE',''
  ) );
#83 = ORIENTED_EDGE('',*,*,#84,.T.);
#84 = EDGE_CURVE('',#57,#85,#87,.T.);
#85 = VERTEX_POINT('',#86);
#86 = CARTESIAN_POINT('',(70.5,8.95,0.614250700561));
#87 = SURFACE_CURVE('',#88,(#92,#99),.PCURVE_S1.);
#88 = LINE('',#89,#90);
#89 = CARTESIAN_POINT('',(70.5,8.95,0.));
#90 = VECTOR('',#91,1.);
#91 = DIRECTION('',(0.,0.,1.));
#92 = PCURVE('',#32,#93);
#93 = DEFINITIONAL_REPRESENTATION('',(#94),#98);
#94 = LINE('',#95,#96);
#95 = CARTESIAN_POINT('',(0.,-20.9));
#96 = VECTOR('',#97,1.);
#97 = DIRECTION('',(1.,0.));
#98 = ( GEOMETRIC_REPRESENTATION_CONTEXT(2) 
PARAMETRIC_REPRESENTATION_CONTEXT() REPRESENTATION_CONTEXT('2D SPACE',''
  ) );
#99 = PCURVE('',#100,#105);
#100 = CYLINDRICAL_SURFACE('',#101,3.);
#101 = AXIS2_PLACEMENT_3D('',#102,#103,#104);
#102 = CARTESIAN_POINT('',(67.5,8.95,0.));
#103 = DIRECTION('',(0.,0.,1.));
#104 = DIRECTION('',(1.,0.,-0.));
#105 = DEFINITIONAL_REPRESENTATION('',(#106),#110);
#106 = LINE('',#107,#108);
#107 = CARTESIAN_POINT('',(0.,0.));
#108 = VECTOR('',#109,1.);
#109 = DIRECTION('',(0.,1.));
#110 = ( GEOMETRIC_REPRESENTATION_CONTEXT(2) 
PARAMETRIC_REPRESENTATION_CONTEXT() REPRESENTATION_CONTEXT('2D SPACE',''
  ) );
#111 = ORIENTED_EDGE('',*,*,#112,.F.);
#112 = EDGE_CURVE('',#113,#85,#115,.T.);
#113 = VERTEX_POINT('',#114);
#114 = CARTESIAN_POINT('',(70.5,8.95,4.985749299439));
#115 = SURFACE_CURVE('',#116,(#121,#128),.PCURVE_S1.);
#116 = CIRCLE('',#117,2.2);
#117 = AXIS2_PLACEMENT_3D('',#118,#119,#120);
#118 = CARTESIAN_POINT('',(70.5,9.2,2.8));
#119 = DIRECTION('',(1.,0.,0.));
#120 = DIRECTION('',(-0.,0.,1.));
#121 = PCURVE('',#32,#122);
#122 = DEFINITIONAL_REPRESENTATION('',(#123),#127);
#123 = CIRCLE('',#124,2.2);
#124 = AXIS2_PLACEMENT_2D('',#125,#126);
#125 = CARTESIAN_POINT('',(2.8,-21.15));
#126 = DIRECTION('',(1.,0.));
#127 = ( GEOMETRIC_REPRESENTATION_CONTEXT(2) 
PARAMETRIC_REPRESENTATION_CONTEXT() REPRESENTATION_CONTEXT('2D SPACE',''
  ) );
#128 = PCURVE('',#129,#134);
#129 = CYLINDRICAL_SURFACE('',#130,2.2);
#130 = AXIS2_PLACEMENT_3D('',#131,#132,#133);
#131 = CARTESIAN_POINT('',(67.,9.2,2.8));
#132 = DIRECTION('',(1.,0.,0.));
#133 = DIRECTION('',(-0.,0.,1.));
#134 = DEFINITIONAL_REPRESENTATION('',(#135),#139);
#135 = LINE('',#136,#137);
#136 = CARTESIAN_POINT('',(0.,3.5));
#137 = VECTOR('',#138,1.);
#138 = DIRECTION('',(1.,0.));
#139 = ( GEOMETRIC_REPRESENTATION_CONTEXT(2) 
PARAMETRIC_REPRESENTATION_CONTEXT() REPRESENTATION_CONTEXT('2D SPACE',''
  ) );
#140 = ORIENTED_EDGE('',*,*,#141,.T.);
#141 = EDGE_CURVE('',#113,#142,#144,.T.);
#142 = VERTEX_POINT('',#143);
#143 = CARTESIAN_POINT('',(70.5,8.95,15.914250700561));
#144 = SURFACE_CURVE('',#145,(#149,#156),.PCURVE_S1.);
#145 = LINE('',#146,#147);
#146 = CARTESIAN_POINT('',(70.5,8.95,0.));
#147 = VECTOR('',#148,1.);
#148 = DIRECTION('',(0.,0.,1.));
#149 = PCURVE('',#32,#150);
#150 = DEFINITIONAL_REPRESENTATION('',(#151),#155);
#151 = LINE('',#152,#153);
#152 = CARTESIAN_POINT('',(0.,-20.9));
#153 = VECTOR('',#154,1.);
#154 = DIRECTION('',(1.,0.));
#155 = ( GEOMETRIC_REPRESENTATION_CONTEXT(2) 
PARAMETRIC_REPRESENTATION_CONTEXT() REPRESENTATION_CONTEXT('2D SPACE',''
  ) );
#156 = PCURVE('',#100,#157);
#157 = DEFINITIONAL_REPRESENTATION('',(#158),#162);
#158 = LINE('',#159,#160);
#159 = CARTESIAN_POINT('',(0.,0.));
#160 = VECTOR('',#161,1.);
#161 = DIRECTION('',(0.,1.));
#162 = ( GEOMETRIC_REPRESENTATION_CONTEXT(2) 
PARAMETRIC_REPRESENTATION_CONTEXT() REPRESENTATION_CONTEXT('2D SPACE',''
  ) );
#163 = ORIENTED_EDGE('',*,*,#164,.F.);
#164 = EDGE_CURVE('',#165,#142,#167,.T.);
#165 = VERTEX_POINT('',#166);
#166 = CARTESIAN_POINT('',(70.5,7.150609846808,18.9));
#167 = SURFACE_CURVE('',#168,(#173,#180),.PCURVE_S1.);
#168 = CIRCLE('',#169,2.2);
#169 = AXIS2_PLACEMENT_3D('',#170,#171,#172);
#170 = CARTESIAN_POINT('',(70.5,9.2,18.1));
#171 = DIRECTION('',(1.,0.,0.));
#172 = DIRECTION('',(-0.,0.,1.));
#173 = PCURVE('',#32,#174);
#174 = DEFINITIONAL_REPRESENTATION('',(#175),#179);
#175 = CIRCLE('',#176,2.2);
#176 = AXIS2_PLACEMENT_2D('',#177,#178);
#177 = CARTESIAN_POINT('',(18.1,-21.15));
#178 = DIRECTION('',(1.,0.));
#179 = ( GEOMETRIC_REPRESENTATION_CONTEXT(2) 
PARAMETRIC_REPRESENTATION_CONTEXT() REPRESENTATION_CONTEXT('2D SPACE',''
  ) );
#180 = PCURVE('',#181,#186);
#181 = CYLINDRICAL_SURFACE('',#182,2.2);
#182 = AXIS2_PLACEMENT_3D('',#183,#184,#185);
#183 = CARTESIAN_POINT('',(67.,9.2,18.1));
#184 = DIRECTION('',(1.,0.,0.));
#185 = DIRECTION('',(-0.,0.,1.));
#186 = DEFINITIONAL_REPRESENTATION('',(#187),#191);
#187 = LINE('',#188,#189);
#188 = CARTESIAN_POINT('',(0.,3.5));
#189 = VECTOR('',#190,1.);
#190 = DIRECTION('',(1.,0.));
#191 = ( GEOMETRIC_REPRESENTATION_CONTEXT(2) 
PARAMETRIC_REPRESENTATION_CONTEXT() REPRESENTATION_CONTEXT('2D SPACE',''
  ) );
#192 = ORIENTED_EDGE('',*,*,#193,.T.);
#193 = EDGE_CURVE('',#165,#194,#196,.T.);
#194 = VERTEX_POINT('',#195);
#195 = CARTESIAN_POINT('',(70.5,-7.150609846808,18.9));
#196 = SURFACE_CURVE('',#197,(#201,#208),.PCURVE_S1.);
#197 = LINE('',#198,#199);
#198 = CARTESIAN_POINT('',(70.5,8.95,18.9));
#199 = VECTOR('',#200,1.);
#200 = DIRECTION('',(-0.,-1.,-0.));
#201 = PCURVE('',#32,#202);
#202 = DEFINITIONAL_REPRESENTATION('',(#203),#207);
#203 = LINE('',#204,#205);
#204 = CARTESIAN_POINT('',(18.9,-20.9));
#205 = VECTOR('',#206,1.);
#206 = DIRECTION('',(-0.,1.));
#207 = ( GEOMETRIC_REPRESENTATION_CONTEXT(2) 
PARAMETRIC_REPRESENTATION_CONTEXT() REPRESENTATION_CONTEXT('2D SPACE',''
  ) );
#208 = PCURVE('',#209,#214);
#209 = CYLINDRICAL_SURFACE('',#210,2.);
#210 = AXIS2_PLACEMENT_3D('',#211,#212,#213);
#211 = CARTESIAN_POINT('',(68.5,8.95,18.9));
#212 = DIRECTION('',(-0.,-1.,-0.));
#213 = DIRECTION('',(0.,0.,1.));
#214 = DEFINITIONAL_REPRESENTATION('',(#215),#219);
#215 = LINE('',#216,#217);
#216 = CARTESIAN_POINT('',(-1.570796326795,0.));
#217 = VECTOR('',#218,1.);
#218 = DIRECTION('',(-0.,1.));
#219 = ( GEOMETRIC_REPRESENTATION_CONTEXT(2) 
PARAMETRIC_REPRESENTATION_CONTEXT() REPRESENTATION_CONTEXT('2D SPACE',''
  ) );
#220 = ORIENTED_EDGE('',*,*,#221,.F.);
#221 = EDGE_CURVE('',#222,#194,#224,.T.);
#222 = VERTEX_POINT('',#223);
#223 = CARTESIAN_POINT('',(70.5,-8.95,15.914250700561));
#224 = SURFACE_CURVE('',#225,(#230,#237),.PCURVE_S1.);
#225 = CIRCLE('',#226,2.2);
#226 = AXIS2_PLACEMENT_3D('',#227,#228,#229);
#227 = CARTESIAN_POINT('',(70.5,-9.2,18.1));
#228 = DIRECTION('',(1.,0.,0.));
#229 = DIRECTION('',(-0.,0.,1.));
#230 = PCURVE('',#32,#231);
#231 = DEFINITIONAL_REPRESENTATION('',(#232),#236);
#232 = CIRCLE('',#233,2.2);
#233 = AXIS2_PLACEMENT_2D('',#234,#235);
#234 = CARTESIAN_POINT('',(18.1,-2.75));
#235 = DIRECTION('',(1.,0.));
#236 = ( GEOMETRIC_REPRESENTATION_CONTEXT(2) 
PARAMETRIC_REPRESENTATION_CONTEXT() REPRESENTATION_CONTEXT('2D SPACE',''
  ) );
#237 = PCURVE('',#238,#243);
#238 = CYLINDRICAL_SURFACE('',#239,2.2);
#239 = AXIS2_PLACEMENT_3D('',#240,#241,#242);
#240 = CARTESIAN_POINT('',(67.,-9.2,18.1));
#241 = DIRECTION('',(1.,0.,0.));
#242 = DIRECTION('',(-0.,0.,1.));
#243 = DEFINITIONAL_REPRESENTATION('',(#244),#248);
#244 = LINE('',#245,#246);
#245 = CARTESIAN_POINT('',(0.,3.5));
#246 = VECTOR('',#247,1.);
#247 = DIRECTION('',(1.,0.));
#248 = ( GEOMETRIC_REPRESENTATION_CONTEXT(2) 
PARAMETRIC_REPRESENTATION_CONTEXT() REPRESENTATION_CONTEXT('2D SPACE',''
  ) );
#249 = ORIENTED_EDGE('',*,*,#250,.F.);
#250 = EDGE_CURVE('',#251,#222,#253,.T.);
#251 = VERTEX_POINT('',#252);
#252 = CARTESIAN_POINT('',(70.5,-8.95,4.985749299439));
#253 = SURFACE_CURVE('',#254,(#258,#265),.PCURVE_S1.);
#254 = LINE('',#255,#256);
#255 = CARTESIAN_POINT('',(70.5,-8.95,0.));
#256 = VECTOR('',#257,1.);
#257 = DIRECTION('',(0.,0.,1.));
#258 = PCURVE('',#32,#259);
#259 = DEFINITIONAL_REPRESENTATION('',(#260),#264);
#260 = LINE('',#261,#262);
#261 = CARTESIAN_POINT('',(0.,-3.));
#262 = VECTOR('',#263,1.);
#263 = DIRECTION('',(1.,0.));
#264 = ( GEOMETRIC_REPRESENTATION_CONTEXT(2) 
PARAMETRIC_REPRESENTATION_CONTEXT() REPRESENTATION_CONTEXT('2D SPACE',''
  ) );
#265 = PCURVE('',#44,#266);
#266 = DEFINITIONAL_REPRESENTATION('',(#267),#271);
#267 = LINE('',#268,#269);
#268 = CARTESIAN_POINT('',(-0.,0.));
#269 = VECTOR('',#270,1.);
#270 = DIRECTION('',(-0.,1.));
#271 = ( GEOMETRIC_REPRESENTATION_CONTEXT(2) 
PARAMETRIC_REPRESENTATION_CONTEXT() REPRESENTATION_CONTEXT('2D SPACE',''
  ) );
#272 = ORIENTED_EDGE('',*,*,#273,.F.);
#273 = EDGE_CURVE('',#24,#251,#274,.T.);
#274 = SURFACE_CURVE('',#275,(#280,#287),.PCURVE_S1.);
#275 = CIRCLE('',#276,2.2);
#276 = AXIS2_PLACEMENT_3D('',#277,#278,#279);
#277 = CARTESIAN_POINT('',(70.5,-9.2,2.8));
#278 = DIRECTION('',(1.,0.,0.));
#279 = DIRECTION('',(-0.,0.,1.));
#280 = PCURVE('',#32,#281);
#281 = DEFINITIONAL_REPRESENTATION('',(#282),#286);
#282 = CIRCLE('',#283,2.2);
#283 = AXIS2_PLACEMENT_2D('',#284,#285);
#284 = CARTESIAN_POINT('',(2.8,-2.75));
#285 = DIRECTION('',(1.,0.));
#286 = ( GEOMETRIC_REPRESENTATION_CONTEXT(2) 
PARAMETRIC_REPRESENTATION_CONTEXT() REPRESENTATION_CONTEXT('2D SPACE',''
  ) );
#287 = PCURVE('',#288,#293);
#288 = CYLINDRICAL_SURFACE('',#289,2.2);
#289 = AXIS2_PLACEMENT_3D('',#290,#291,#292);
#290 = CARTESIAN_POINT('',(67.,-9.2,2.8));
#291 = DIRECTION('',(1.,0.,0.));
#292 = DIRECTION('',(-0.,0.,1.));
#293 = DEFINITIONAL_REPRESENTATION('',(#294),#298);
#294 = LINE('',#295,#296);
#295 = CARTESIAN_POINT('',(0.,3.5));
#296 = VECTOR('',#297,1.);
#297 = DIRECTION('',(1.,0.));
#298 = ( GEOMETRIC_REPRESENTATION_CONTEXT(2) 
PARAMETRIC_REPRESENTATION_CONTEXT() REPRESENTATION_CONTEXT('2D SPACE',''
  ) );
#299 = FACE_BOUND('',#300,.T.);
#300 = EDGE_LOOP('',(#301));
#301 = ORIENTED_EDGE('',*,*,#302,.F.);
#302 = EDGE_CURVE('',#303,#303,#305,.T.);
#303 = VERTEX_POINT('',#304);
#304 = CARTESIAN_POINT('',(70.5,4.531193156845E-16,12.3));
#305 = SURFACE_CURVE('',#306,(#311,#318),.PCURVE_S1.);
#306 = CIRCLE('',#307,1.85);
#307 = AXIS2_PLACEMENT_3D('',#308,#309,#310);
#308 = CARTESIAN_POINT('',(70.5,0.,10.45));
#309 = DIRECTION('',(1.,0.,0.));
#310 = DIRECTION('',(-0.,0.,1.));
#311 = PCURVE('',#32,#312);
#312 = DEFINITIONAL_REPRESENTATION('',(#313),#317);
#313 = CIRCLE('',#314,1.85);
#314 = AXIS2_PLACEMENT_2D('',#315,#316);
#315 = CARTESIAN_POINT('',(10.45,-11.95));
#316 = DIRECTION('',(1.,0.));
#317 = ( GEOMETRIC_REPRESENTATION_CONTEXT(2) 
PARAMETRIC_REPRESENTATION_CONTEXT() REPRESENTATION_CONTEXT('2D SPACE',''
  ) );
#318 = PCURVE('',#319,#324);
#319 = CYLINDRICAL_SURFACE('',#320,1.85);
#320 = AXIS2_PLACEMENT_3D('',#321,#322,#323);
#321 = CARTESIAN_POINT('',(67.5,0.,10.45));
#322 = DIRECTION('',(1.,0.,0.));
#323 = DIRECTION('',(-0.,0.,1.));
#324 = DEFINITIONAL_REPRESENTATION('',(#325),#329);
#325 = LINE('',#326,#327);
#326 = CARTESIAN_POINT('',(0.,3.));
#327 = VECTOR('',#328,1.);
#328 = DIRECTION('',(1.,0.));
#329 = ( GEOMETRIC_REPRESENTATION_CONTEXT(2) 
PARAMETRIC_REPRESENTATION_CONTEXT() REPRESENTATION_CONTEXT('2D SPACE',''
  ) );
#330 = ADVANCED_FACE('',(#331),#44,.T.);
#331 = FACE_BOUND('',#332,.F.);
#332 = EDGE_LOOP('',(#333,#334,#362,#390,#431,#575,#576,#614));
#333 = ORIENTED_EDGE('',*,*,#21,.F.);
#334 = ORIENTED_EDGE('',*,*,#335,.T.);
#335 = EDGE_CURVE('',#22,#336,#338,.T.);
#336 = VERTEX_POINT('',#337);
#337 = CARTESIAN_POINT('',(67.5,-11.95,0.));
#338 = SURFACE_CURVE('',#339,(#344,#351),.PCURVE_S1.);
#339 = CIRCLE('',#340,3.);
#340 = AXIS2_PLACEMENT_3D('',#341,#342,#343);
#341 = CARTESIAN_POINT('',(67.5,-8.95,0.));
#342 = DIRECTION('',(-0.,-0.,-1.));
#343 = DIRECTION('',(0.,-1.,0.));
#344 = PCURVE('',#44,#345);
#345 = DEFINITIONAL_REPRESENTATION('',(#346),#350);
#346 = LINE('',#347,#348);
#347 = CARTESIAN_POINT('',(4.712388980385,-0.));
#348 = VECTOR('',#349,1.);
#349 = DIRECTION('',(-1.,0.));
#350 = ( GEOMETRIC_REPRESENTATION_CONTEXT(2) 
PARAMETRIC_REPRESENTATION_CONTEXT() REPRESENTATION_CONTEXT('2D SPACE',''
  ) );
#351 = PCURVE('',#72,#352);
#352 = DEFINITIONAL_REPRESENTATION('',(#353),#361);
#353 = ( BOUNDED_CURVE() B_SPLINE_CURVE(2,(#354,#355,#356,#357,#358,#359
,#360),.UNSPECIFIED.,.T.,.F.) B_SPLINE_CURVE_WITH_KNOTS((1,2,2,2,2,1),(
    -2.094395102393,0.,2.094395102393,4.188790204786,6.28318530718,
8.377580409573),.UNSPECIFIED.) CURVE() GEOMETRIC_REPRESENTATION_ITEM() 
RATIONAL_B_SPLINE_CURVE((1.,0.5,1.,0.5,1.,0.5,1.)) REPRESENTATION_ITEM(
  '') );
#354 = CARTESIAN_POINT('',(7.,0.));
#355 = CARTESIAN_POINT('',(1.803847577293,0.));
#356 = CARTESIAN_POINT('',(4.401923788647,4.5));
#357 = CARTESIAN_POINT('',(7.,9.));
#358 = CARTESIAN_POINT('',(9.598076211353,4.5));
#359 = CARTESIAN_POINT('',(12.196152422707,4.440892098501E-15));
#360 = CARTESIAN_POINT('',(7.,0.));
#361 = ( GEOMETRIC_REPRESENTATION_CONTEXT(2) 
PARAMETRIC_REPRESENTATION_CONTEXT() REPRESENTATION_CONTEXT('2D SPACE',''
  ) );
#362 = ORIENTED_EDGE('',*,*,#363,.T.);
#363 = EDGE_CURVE('',#336,#364,#366,.T.);
#364 = VERTEX_POINT('',#365);
#365 = CARTESIAN_POINT('',(67.5,-11.95,18.9));
#366 = SURFACE_CURVE('',#367,(#371,#378),.PCURVE_S1.);
#367 = LINE('',#368,#369);
#368 = CARTESIAN_POINT('',(67.5,-11.95,0.));
#369 = VECTOR('',#370,1.);
#370 = DIRECTION('',(0.,0.,1.));
#371 = PCURVE('',#44,#372);
#372 = DEFINITIONAL_REPRESENTATION('',(#373),#377);
#373 = LINE('',#374,#375);
#374 = CARTESIAN_POINT('',(-1.570796326795,0.));
#375 = VECTOR('',#376,1.);
#376 = DIRECTION('',(-0.,1.));
#377 = ( GEOMETRIC_REPRESENTATION_CONTEXT(2) 
PARAMETRIC_REPRESENTATION_CONTEXT() REPRESENTATION_CONTEXT('2D SPACE',''
  ) );
#378 = PCURVE('',#379,#384);
#379 = PLANE('',#380);
#380 = AXIS2_PLACEMENT_3D('',#381,#382,#383);
#381 = CARTESIAN_POINT('',(60.5,-11.95,0.));
#382 = DIRECTION('',(0.,1.,0.));
#383 = DIRECTION('',(0.,0.,1.));
#384 = DEFINITIONAL_REPRESENTATION('',(#385),#389);
#385 = LINE('',#386,#387);
#386 = CARTESIAN_POINT('',(0.,7.));
#387 = VECTOR('',#388,1.);
#388 = DIRECTION('',(1.,0.));
#389 = ( GEOMETRIC_REPRESENTATION_CONTEXT(2) 
PARAMETRIC_REPRESENTATION_CONTEXT() REPRESENTATION_CONTEXT('2D SPACE',''
  ) );
#390 = ORIENTED_EDGE('',*,*,#391,.F.);
#391 = EDGE_CURVE('',#392,#364,#394,.T.);
#392 = VERTEX_POINT('',#393);
#393 = CARTESIAN_POINT('',(69.426864012691,-11.24939015319,18.9));
#394 = SURFACE_CURVE('',#395,(#400,#407),.PCURVE_S1.);
#395 = CIRCLE('',#396,3.);
#396 = AXIS2_PLACEMENT_3D('',#397,#398,#399);
#397 = CARTESIAN_POINT('',(67.5,-8.95,18.9));
#398 = DIRECTION('',(0.,0.,-1.));
#399 = DIRECTION('',(1.,0.,0.));
#400 = PCURVE('',#44,#401);
#401 = DEFINITIONAL_REPRESENTATION('',(#402),#406);
#402 = LINE('',#403,#404);
#403 = CARTESIAN_POINT('',(-0.,18.9));
#404 = VECTOR('',#405,1.);
#405 = DIRECTION('',(-1.,0.));
#406 = ( GEOMETRIC_REPRESENTATION_CONTEXT(2) 
PARAMETRIC_REPRESENTATION_CONTEXT() REPRESENTATION_CONTEXT('2D SPACE',''
  ) );
#407 = PCURVE('',#408,#425);
#408 = SURFACE_OF_REVOLUTION('',#409,#422);
#409 = B_SPLINE_CURVE_WITH_KNOTS('',6,(#410,#411,#412,#413,#414,#415,
    #416,#417,#418,#419,#420,#421),.UNSPECIFIED.,.F.,.F.,(7,5,7),(
    4.712388980385,5.497787143782,6.28318530718),.UNSPECIFIED.);
#410 = CARTESIAN_POINT('',(68.5,-8.95,20.9));
#411 = CARTESIAN_POINT('',(68.761799387799,-8.95,20.9));
#412 = CARTESIAN_POINT('',(69.023598338321,-8.95,20.858876809637));
#413 = CARTESIAN_POINT('',(69.277325331457,-8.95,20.77662935758));
#414 = CARTESIAN_POINT('',(69.514895139958,-8.95,20.655375011249));
#415 = CARTESIAN_POINT('',(69.72909343995,-8.95,20.499333684796));
#416 = CARTESIAN_POINT('',(70.099333684797,-8.95,20.12909343995));
#417 = CARTESIAN_POINT('',(70.255375011248,-8.95,19.914895139958));
#418 = CARTESIAN_POINT('',(70.376629357581,-8.95,19.677325331457));
#419 = CARTESIAN_POINT('',(70.458876809637,-8.95,19.423598338321));
#420 = CARTESIAN_POINT('',(70.5,-8.95,19.161799387799));
#421 = CARTESIAN_POINT('',(70.5,-8.95,18.9));
#422 = AXIS1_PLACEMENT('',#423,#424);
#423 = CARTESIAN_POINT('',(67.5,-8.95,18.9));
#424 = DIRECTION('',(-0.,-0.,-1.));
#425 = DEFINITIONAL_REPRESENTATION('',(#426),#430);
#426 = LINE('',#427,#428);
#427 = CARTESIAN_POINT('',(0.,6.28318530718));
#428 = VECTOR('',#429,1.);
#429 = DIRECTION('',(1.,0.));
#430 = ( GEOMETRIC_REPRESENTATION_CONTEXT(2) 
PARAMETRIC_REPRESENTATION_CONTEXT() REPRESENTATION_CONTEXT('2D SPACE',''
  ) );
#431 = ORIENTED_EDGE('',*,*,#432,.T.);
#432 = EDGE_CURVE('',#392,#222,#433,.T.);
#433 = SURFACE_CURVE('',#434,(#479,#527),.PCURVE_S1.);
#434 = B_SPLINE_CURVE_WITH_KNOTS('',7,(#435,#436,#437,#438,#439,#440,
    #441,#442,#443,#444,#445,#446,#447,#448,#449,#450,#451,#452,#453,
    #454,#455,#456,#457,#458,#459,#460,#461,#462,#463,#464,#465,#466,
    #467,#468,#469,#470,#471,#472,#473,#474,#475,#476,#477,#478),
  .UNSPECIFIED.,.F.,.F.,(8,6,6,6,6,6,6,8),(0.,8.116939036642E-02,
    0.190775364831,0.277641849727,0.528554249969,0.720046770345,
    0.800270499455,1.),.UNSPECIFIED.);
#435 = CARTESIAN_POINT('',(69.426864292189,-11.24938991897,18.9000006));
#436 = CARTESIAN_POINT('',(69.406091759727,-11.2667970802,
    18.855408057507));
#437 = CARTESIAN_POINT('',(69.386132064789,-11.28315045804,
    18.81017324354));
#438 = CARTESIAN_POINT('',(69.367096843227,-11.29842069648,
    18.764317349843));
#439 = CARTESIAN_POINT('',(69.349100154257,-11.31258049992,
    18.717856904561));
#440 = CARTESIAN_POINT('',(69.332257670702,-11.32560305202,
    18.670803785433));
#441 = CARTESIAN_POINT('',(69.31668586924,-11.33746043458,
    18.623165232974));
#442 = CARTESIAN_POINT('',(69.2833471747,-11.36251880794,18.509828798122
    ));
#443 = CARTESIAN_POINT('',(69.266681421807,-11.37476600481,
    18.443511631065));
#444 = CARTESIAN_POINT('',(69.25289542604,-11.38470691015,18.37628283429
    ));
#445 = CARTESIAN_POINT('',(69.24229738084,-11.39224802999,
    18.308378020333));
#446 = CARTESIAN_POINT('',(69.235104345255,-11.39733204062,
    18.239991965533));
#447 = CARTESIAN_POINT('',(69.231438980271,-11.39992225899,
    18.171293425072));
#448 = CARTESIAN_POINT('',(69.23124521622,-11.40005918547,
    18.047872631287));
#449 = CARTESIAN_POINT('',(69.233393741584,-11.39854055362,
    17.993353990963));
#450 = CARTESIAN_POINT('',(69.237771373038,-11.39544814138,
    17.938976313455));
#451 = CARTESIAN_POINT('',(69.244329776322,-11.39079572721,
    17.884842533998));
#452 = CARTESIAN_POINT('',(69.252978798657,-11.38460933213,
    17.831067188583));
#453 = CARTESIAN_POINT('',(69.263587896205,-11.37693107455,
    17.77777657393));
#454 = CARTESIAN_POINT('',(69.311803789019,-11.3415145759,
    17.572979226732));
#455 = CARTESIAN_POINT('',(69.36234046512,-11.30344041942,
    17.426988361275));
#456 = CARTESIAN_POINT('',(69.424101561338,-11.25471502837,
    17.286602961903));
#457 = CARTESIAN_POINT('',(69.493727699405,-11.19587343748,
    17.151780452903));
#458 = CARTESIAN_POINT('',(69.568521133645,-11.12733291564,
    17.022627917841));
#459 = CARTESIAN_POINT('',(69.646456138604,-11.04923550675,
    16.899212908501));
#460 = CARTESIAN_POINT('',(69.786637547321,-10.89408850731,
    16.691943643313));
#461 = CARTESIAN_POINT('',(69.848289376461,-10.82110326149,
    16.605552130129));
#462 = CARTESIAN_POINT('',(69.910265585614,-10.74206588814,
    16.522487782313));
#463 = CARTESIAN_POINT('',(69.971976205777,-10.65666523364,
    16.442920759239));
#464 = CARTESIAN_POINT('',(70.032799309749,-10.56453127029,
    16.367201091365));
#465 = CARTESIAN_POINT('',(70.092014932323,-10.46527820607,
    16.295885163842));
#466 = CARTESIAN_POINT('',(70.172540684433,-10.31385131006,
    16.202079777316));
#467 = CARTESIAN_POINT('',(70.195889417555,-10.26782077112,
    16.175290329647));
#468 = CARTESIAN_POINT('',(70.218743720044,-10.22045019376,
    16.149472587557));
#469 = CARTESIAN_POINT('',(70.241031676064,-10.17172424004,
    16.12469821172));
#470 = CARTESIAN_POINT('',(70.262677611818,-10.12163046179,
    16.101045340081));
#471 = CARTESIAN_POINT('',(70.283602171699,-10.07015951292,
    16.078598687711));
#472 = CARTESIAN_POINT('',(70.353814830758,-9.885716698652,
    16.004795806543));
#473 = CARTESIAN_POINT('',(70.399681675618,-9.743559003752,
    15.959386779797));
#474 = CARTESIAN_POINT('',(70.438808289984,-9.59279109925,
    15.924082088261));
#475 = CARTESIAN_POINT('',(70.46926936211,-9.43560342211,15.900937590318
    ));
#476 = CARTESIAN_POINT('',(70.489831966264,-9.274397218832,
    15.891285072053));
#477 = CARTESIAN_POINT('',(70.5,-9.11169753508,15.895756180727));
#478 = CARTESIAN_POINT('',(70.5,-8.95,15.914250700561));
#479 = PCURVE('',#44,#480);
#480 = DEFINITIONAL_REPRESENTATION('',(#481),#526);
#481 = B_SPLINE_CURVE_WITH_KNOTS('',7,(#482,#483,#484,#485,#486,#487,
    #488,#489,#490,#491,#492,#493,#494,#495,#496,#497,#498,#499,#500,
    #501,#502,#503,#504,#505,#506,#507,#508,#509,#510,#511,#512,#513,
    #514,#515,#516,#517,#518,#519,#520,#521,#522,#523,#524,#525),
  .UNSPECIFIED.,.F.,.F.,(8,6,6,6,6,6,6,8),(0.,8.116939036642E-02,
    0.190775364831,0.277641849727,0.528554249969,0.720046770345,
    0.800270499455,1.),.UNSPECIFIED.);
#482 = CARTESIAN_POINT('',(-0.873316514737,18.9000006));
#483 = CARTESIAN_POINT('',(-0.882350446864,18.855408057507));
#484 = CARTESIAN_POINT('',(-0.890951092643,18.81017324354));
#485 = CARTESIAN_POINT('',(-0.899084870523,18.764317349843));
#486 = CARTESIAN_POINT('',(-0.906717454954,18.717856904561));
#487 = CARTESIAN_POINT('',(-0.913813728908,18.670803785433));
#488 = CARTESIAN_POINT('',(-0.920337736385,18.623165232974));
#489 = CARTESIAN_POINT('',(-0.934239737157,18.509828798122));
#490 = CARTESIAN_POINT('',(-0.941133294624,18.443511631065));
#491 = CARTESIAN_POINT('',(-0.946798491393,18.37628283429));
#492 = CARTESIAN_POINT('',(-0.951134167938,18.308378020333));
#493 = CARTESIAN_POINT('',(-0.954070307896,18.239991965533));
#494 = CARTESIAN_POINT('',(-0.955566374209,18.171293425072));
#495 = CARTESIAN_POINT('',(-0.955645461621,18.047872631287));
#496 = CARTESIAN_POINT('',(-0.954768453095,17.993353990963));
#497 = CARTESIAN_POINT('',(-0.952981862883,17.938976313455));
#498 = CARTESIAN_POINT('',(-0.950301540817,17.884842533998));
#499 = CARTESIAN_POINT('',(-0.946757020514,17.831067188583));
#500 = CARTESIAN_POINT('',(-0.942391747119,17.77777657393));
#501 = CARTESIAN_POINT('',(-0.922449885241,17.572979226732));
#502 = CARTESIAN_POINT('',(-0.901360160297,17.426988361275));
#503 = CARTESIAN_POINT('',(-0.875147539521,17.286602961903));
#504 = CARTESIAN_POINT('',(-0.84479624476,17.151780452903));
#505 = CARTESIAN_POINT('',(-0.811029206105,17.022627917841));
#506 = CARTESIAN_POINT('',(-0.774297181357,16.899212908501));
#507 = CARTESIAN_POINT('',(-0.704598290256,16.691943643313));
#508 = CARTESIAN_POINT('',(-0.672769509917,16.605552130129));
#509 = CARTESIAN_POINT('',(-0.639326484693,16.522487782313));
#510 = CARTESIAN_POINT('',(-0.604257144076,16.442920759239));
#511 = CARTESIAN_POINT('',(-0.567515367107,16.367201091365));
#512 = CARTESIAN_POINT('',(-0.52903683846,16.295885163842));
#513 = CARTESIAN_POINT('',(-0.471867983704,16.202079777316));
#514 = CARTESIAN_POINT('',(-0.454666629647,16.175290329647));
#515 = CARTESIAN_POINT('',(-0.437140416956,16.149472587557));
#516 = CARTESIAN_POINT('',(-0.41928688669,16.12469821172));
#517 = CARTESIAN_POINT('',(-0.401103516331,16.101045340081));
#518 = CARTESIAN_POINT('',(-0.382587610059,16.078598687711));
#519 = CARTESIAN_POINT('',(-0.316802632689,16.004795806543));
#520 = CARTESIAN_POINT('',(-0.267077416561,15.959386779797));
#521 = CARTESIAN_POINT('',(-0.215301550556,15.924082088261));
#522 = CARTESIAN_POINT('',(-0.162122929086,15.900937590318));
#523 = CARTESIAN_POINT('',(-0.108132666907,15.891285072053));
#524 = CARTESIAN_POINT('',(-5.389917835999E-02,15.895756180727));
#525 = CARTESIAN_POINT('',(0.,15.914250700561));
#526 = ( GEOMETRIC_REPRESENTATION_CONTEXT(2) 
PARAMETRIC_REPRESENTATION_CONTEXT() REPRESENTATION_CONTEXT('2D SPACE',''
  ) );
#527 = PCURVE('',#238,#528);
#528 = DEFINITIONAL_REPRESENTATION('',(#529),#574);
#529 = B_SPLINE_CURVE_WITH_KNOTS('',7,(#530,#531,#532,#533,#534,#535,
    #536,#537,#538,#539,#540,#541,#542,#543,#544,#545,#546,#547,#548,
    #549,#550,#551,#552,#553,#554,#555,#556,#557,#558,#559,#560,#561,
    #562,#563,#564,#565,#566,#567,#568,#569,#570,#571,#572,#573),
  .UNSPECIFIED.,.F.,.F.,(8,6,6,6,6,6,6,8),(0.,8.116939036642E-02,
    0.190775364831,0.277641849727,0.528554249969,0.720046770345,
    0.800270499455,1.),.UNSPECIFIED.);
#530 = CARTESIAN_POINT('',(1.198627500065,2.426864292189));
#531 = CARTESIAN_POINT('',(1.220386435287,2.406091759727));
#532 = CARTESIAN_POINT('',(1.242243133359,2.386132064789));
#533 = CARTESIAN_POINT('',(1.264200646135,2.367096843227));
#534 = CARTESIAN_POINT('',(1.286264909312,2.349100154257));
#535 = CARTESIAN_POINT('',(1.30844468807,2.332257670702));
#536 = CARTESIAN_POINT('',(1.33075152271,2.31668586924));
#537 = CARTESIAN_POINT('',(1.383512228295,2.2833471747));
#538 = CARTESIAN_POINT('',(1.414147355976,2.266681421807));
#539 = CARTESIAN_POINT('',(1.445006344066,2.25289542604));
#540 = CARTESIAN_POINT('',(1.476025080155,2.24229738084));
#541 = CARTESIAN_POINT('',(1.507162326216,2.235104345255));
#542 = CARTESIAN_POINT('',(1.538390205001,2.231438980271));
#543 = CARTESIAN_POINT('',(1.594490600338,2.23124521622));
#544 = CARTESIAN_POINT('',(1.619271053587,2.233393741584));
#545 = CARTESIAN_POINT('',(1.644011467446,2.237771373038));
#546 = CARTESIAN_POINT('',(1.66868992926,2.244329776322));
#547 = CARTESIAN_POINT('',(1.693278423194,2.252978798657));
#548 = CARTESIAN_POINT('',(1.717741848107,2.263587896205));
#549 = CARTESIAN_POINT('',(1.812213280883,2.311803789019));
#550 = CARTESIAN_POINT('',(1.880551415587,2.36234046512));
#551 = CARTESIAN_POINT('',(1.947767564106,2.424101561338));
#552 = CARTESIAN_POINT('',(2.014274594747,2.493727699405));
#553 = CARTESIAN_POINT('',(2.080428032585,2.568521133645));
#554 = CARTESIAN_POINT('',(2.146610300883,2.646456138604));
#555 = CARTESIAN_POINT('',(2.264293813045,2.786637547321));
#556 = CARTESIAN_POINT('',(2.315611209625,2.848289376461));
#557 = CARTESIAN_POINT('',(2.367581965199,2.910265585614));
#558 = CARTESIAN_POINT('',(2.420460138807,2.971976205777));
#559 = CARTESIAN_POINT('',(2.474489939431,3.032799309749));
#560 = CARTESIAN_POINT('',(2.529913431835,3.092014932323));
#561 = CARTESIAN_POINT('',(2.610880667549,3.172540684433));
#562 = CARTESIAN_POINT('',(2.635079961063,3.195889417555));
#563 = CARTESIAN_POINT('',(2.659586791232,3.218743720044));
#564 = CARTESIAN_POINT('',(2.684414686412,3.241031676064));
#565 = CARTESIAN_POINT('',(2.709577412749,3.262677611818));
#566 = CARTESIAN_POINT('',(2.735089356042,3.283602171699));
#567 = CARTESIAN_POINT('',(2.825389609334,3.353814830758));
#568 = CARTESIAN_POINT('',(2.893050168039,3.399681675618));
#569 = CARTESIAN_POINT('',(2.963074923282,3.438808289984));
#570 = CARTESIAN_POINT('',(3.034826652851,3.46926936211));
#571 = CARTESIAN_POINT('',(3.107790774042,3.489831966264));
#572 = CARTESIAN_POINT('',(3.181496938708,3.5));
#573 = CARTESIAN_POINT('',(3.255475018043,3.5));
#574 = ( GEOMETRIC_REPRESENTATION_CONTEXT(2) 
PARAMETRIC_REPRESENTATION_CONTEXT() REPRESENTATION_CONTEXT('2D SPACE',''
  ) );
#575 = ORIENTED_EDGE('',*,*,#250,.F.);
#576 = ORIENTED_EDGE('',*,*,#577,.T.);
#577 = EDGE_CURVE('',#251,#578,#580,.T.);
#578 = VERTEX_POINT('',#579);
#579 = CARTESIAN_POINT('',(70.489565185775,-9.2,5.));
#580 = SURFACE_CURVE('',#581,(#590,#602),.PCURVE_S1.);
#581 = B_SPLINE_CURVE_WITH_KNOTS('',4,(#582,#583,#584,#585,#586,#587,
    #588,#589),.UNSPECIFIED.,.F.,.F.,(5,3,5),(0.,0.603221923003,1.),
  .UNSPECIFIED.);
#582 = CARTESIAN_POINT('',(70.5,-8.95,4.985749299439));
#583 = CARTESIAN_POINT('',(70.5,-8.987499324739,4.990038369182));
#584 = CARTESIAN_POINT('',(70.499375042336,-9.025161725695,
    4.993477086389));
#585 = CARTESIAN_POINT('',(70.498112777785,-9.062914689433,
    4.996050290515));
#586 = CARTESIAN_POINT('',(70.494964134801,-9.125523524698,
    4.998879630764));
#587 = CARTESIAN_POINT('',(70.493439195327,-9.150371525314,
    4.999627372578));
#588 = CARTESIAN_POINT('',(70.491638725912,-9.175204066382,5.));
#589 = CARTESIAN_POINT('',(70.489565185775,-9.2,5.));
#590 = PCURVE('',#44,#591);
#591 = DEFINITIONAL_REPRESENTATION('',(#592),#601);
#592 = B_SPLINE_CURVE_WITH_KNOTS('',4,(#593,#594,#595,#596,#597,#598,
    #599,#600),.UNSPECIFIED.,.F.,.F.,(5,3,5),(0.,0.603221923003,1.),
  .UNSPECIFIED.);
#593 = CARTESIAN_POINT('',(0.,4.985749299439));
#594 = CARTESIAN_POINT('',(-1.249977491308E-02,4.990038369182));
#595 = CARTESIAN_POINT('',(-2.505390015413E-02,4.993477086389));
#596 = CARTESIAN_POINT('',(-3.764346276723E-02,4.996050290515));
#597 = CARTESIAN_POINT('',(-5.853944910644E-02,4.998879630764));
#598 = CARTESIAN_POINT('',(-6.683719177662E-02,4.999627372578));
#599 = CARTESIAN_POINT('',(-7.513592606317E-02,5.));
#600 = CARTESIAN_POINT('',(-8.343008661061E-02,5.));
#601 = ( GEOMETRIC_REPRESENTATION_CONTEXT(2) 
PARAMETRIC_REPRESENTATION_CONTEXT() REPRESENTATION_CONTEXT('2D SPACE',''
  ) );
#602 = PCURVE('',#288,#603);
#603 = DEFINITIONAL_REPRESENTATION('',(#604),#613);
#604 = B_SPLINE_CURVE_WITH_KNOTS('',4,(#605,#606,#607,#608,#609,#610,
    #611,#612),.UNSPECIFIED.,.F.,.F.,(5,3,5),(0.,0.603221923003,1.),
  .UNSPECIFIED.);
#605 = CARTESIAN_POINT('',(6.169302942726,3.5));
#606 = CARTESIAN_POINT('',(6.186459221696,3.5));
#607 = CARTESIAN_POINT('',(6.203645205543,3.499375042336));
#608 = CARTESIAN_POINT('',(6.220840933698,3.498112777785));
#609 = CARTESIAN_POINT('',(6.249328539454,3.494964134801));
#610 = CARTESIAN_POINT('',(6.260626911605,3.493439195327));
#611 = CARTESIAN_POINT('',(6.271914428262,3.491638725912));
#612 = CARTESIAN_POINT('',(6.28318530718,3.489565185775));
#613 = ( GEOMETRIC_REPRESENTATION_CONTEXT(2) 
PARAMETRIC_REPRESENTATION_CONTEXT() REPRESENTATION_CONTEXT('2D SPACE',''
  ) );
#614 = ORIENTED_EDGE('',*,*,#615,.T.);
#615 = EDGE_CURVE('',#578,#24,#616,.T.);
#616 = SURFACE_CURVE('',#617,(#680,#746),.PCURVE_S1.);
#617 = B_SPLINE_CURVE_WITH_KNOTS('',6,(#618,#619,#620,#621,#622,#623,
    #624,#625,#626,#627,#628,#629,#630,#631,#632,#633,#634,#635,#636,
    #637,#638,#639,#640,#641,#642,#643,#644,#645,#646,#647,#648,#649,
    #650,#651,#652,#653,#654,#655,#656,#657,#658,#659,#660,#661,#662,
    #663,#664,#665,#666,#667,#668,#669,#670,#671,#672,#673,#674,#675,
    #676,#677,#678,#679),.UNSPECIFIED.,.F.,.F.,(7,5,5,5,5,5,5,5,5,5,5,5,
    7),(0.,9.923543090071E-02,0.149702528928,0.273141085777,
    0.399190163782,0.431254402962,0.48592790656,0.540796871526,
    0.57279716753,0.698108723581,0.824442718667,0.916269617609,1.),
  .UNSPECIFIED.);
#618 = CARTESIAN_POINT('',(70.489565185775,-9.2,5.));
#619 = CARTESIAN_POINT('',(70.47722895597,-9.347519852601,5.));
#620 = CARTESIAN_POINT('',(70.456287664657,-9.492750616947,
    4.988129699447));
#621 = CARTESIAN_POINT('',(70.427234534574,-9.633975744664,
    4.965080214875));
#622 = CARTESIAN_POINT('',(70.39104465252,-9.769575504375,4.931963646363
    ));
#623 = CARTESIAN_POINT('',(70.349151305254,-9.898090939711,
    4.890318189786));
#624 = CARTESIAN_POINT('',(70.280066352386,-10.07938423592,
    4.817676468092));
#625 = CARTESIAN_POINT('',(70.25567100951,-10.13859753311,4.791403273111
    ));
#626 = CARTESIAN_POINT('',(70.230311460433,-10.19591747062,
    4.763501386024));
#627 = CARTESIAN_POINT('',(70.204121102131,-10.25136172005,
    4.734111609775));
#628 = CARTESIAN_POINT('',(70.177224965056,-10.30495472531,
    4.703360061108));
#629 = CARTESIAN_POINT('',(70.082512047934,-10.48335789402,
    4.593085220568));
#630 = CARTESIAN_POINT('',(70.011706564344,-10.5991942186,4.507272668807
    ));
#631 = CARTESIAN_POINT('',(69.938899392018,-10.70487035936,
    4.415398564337));
#632 = CARTESIAN_POINT('',(69.86532446399,-10.80111995561,4.318327602616
    ));
#633 = CARTESIAN_POINT('',(69.792022885633,-10.88856571269,
    4.216463875568));
#634 = CARTESIAN_POINT('',(69.646852457801,-11.04831312953,
    4.000881332435));
#635 = CARTESIAN_POINT('',(69.575118830747,-11.12017441209,
    3.887065144197));
#636 = CARTESIAN_POINT('',(69.506268696315,-11.18365380738,
    3.768350276703));
#637 = CARTESIAN_POINT('',(69.441950243032,-11.23868056555,
    3.644616788647));
#638 = CARTESIAN_POINT('',(69.384609538229,-11.28491983211,
    3.515845503408));
#639 = CARTESIAN_POINT('',(69.325078929035,-11.33103340918,
    3.347674297307));
#640 = CARTESIAN_POINT('',(69.313650185215,-11.33976809646,
    3.313239762434));
#641 = CARTESIAN_POINT('',(69.302920528346,-11.34786946267,
    3.278494264075));
#642 = CARTESIAN_POINT('',(69.292942453227,-11.35532228947,
    3.243454379188));
#643 = CARTESIAN_POINT('',(69.283765496423,-11.362112648,3.208133596748)
  );
#644 = CARTESIAN_POINT('',(69.261233814928,-11.37865515989,
    3.111854773893));
#645 = CARTESIAN_POINT('',(69.249481652777,-11.38712899134,
    3.050322529267));
#646 = CARTESIAN_POINT('',(69.240463679366,-11.39354562374,
    2.988177920446));
#647 = CARTESIAN_POINT('',(69.234377353036,-11.39784537768,
    2.925626866724));
#648 = CARTESIAN_POINT('',(69.231328969318,-11.4,2.862849367553));
#649 = CARTESIAN_POINT('',(69.231328969318,-11.4,2.736925941828));
#650 = CARTESIAN_POINT('',(69.234399181857,-11.39782994349,
    2.673924969674));
#651 = CARTESIAN_POINT('',(69.240528947249,-11.39349951691,
    2.611152852559));
#652 = CARTESIAN_POINT('',(69.249610488386,-11.38703732481,
    2.548791193459));
#653 = CARTESIAN_POINT('',(69.261443697709,-11.37850380952,
    2.487047940925));
#654 = CARTESIAN_POINT('',(69.284079253124,-11.36188064461,
    2.390646035066));
#655 = CARTESIAN_POINT('',(69.2932607089,-11.35508506915,2.355404082284)
  );
#656 = CARTESIAN_POINT('',(69.303238931881,-11.34763002032,2.32044233295
    ));
#657 = CARTESIAN_POINT('',(69.313964657868,-11.33952934111,
    2.285774123727));
#658 = CARTESIAN_POINT('',(69.32538571808,-11.33079814161,2.251415837348
    ));
#659 = CARTESIAN_POINT('',(69.384678568271,-11.2848569059,2.084131298888
    ));
#660 = CARTESIAN_POINT('',(69.441665285891,-11.23889727614,
    1.956109056473));
#661 = CARTESIAN_POINT('',(69.505554483606,-11.18425062997,
    1.833067344157));
#662 = CARTESIAN_POINT('',(69.573941953438,-11.12124709651,
    1.714985997217));
#663 = CARTESIAN_POINT('',(69.645201528157,-11.04995843736,
    1.601747881945));
#664 = CARTESIAN_POINT('',(69.791549149417,-10.88925487774,
    1.384065759216));
#665 = CARTESIAN_POINT('',(69.866588951036,-10.79978047972,
    1.279812789477));
#666 = CARTESIAN_POINT('',(69.941908662633,-10.70108661408,
    1.180571431968));
#667 = CARTESIAN_POINT('',(70.01639823861,-10.59250092062,1.086778236344
    ));
#668 = CARTESIAN_POINT('',(70.088727860257,-10.47323242574,
    0.999376745166));
#669 = CARTESIAN_POINT('',(70.20694595078,-10.2476648605,0.86228419048)
  );
#670 = CARTESIAN_POINT('',(70.254802642549,-10.14644955087,
    0.808648046101));
#671 = CARTESIAN_POINT('',(70.299916652175,-10.03895008328,
    0.759935108901));
#672 = CARTESIAN_POINT('',(70.341406083604,-9.92522864157,0.717065172851
    ));
#673 = CARTESIAN_POINT('',(70.378359658369,-9.805451086242,
    0.681043734271));
#674 = CARTESIAN_POINT('',(70.438562765284,-9.56544787092,0.627396659666
    ));
#675 = CARTESIAN_POINT('',(70.462765801437,-9.44606460282,0.608400490621
    ));
#676 = CARTESIAN_POINT('',(70.481417174825,-9.323244194739,
    0.597151744208));
#677 = CARTESIAN_POINT('',(70.493888087072,-9.198555825814,
    0.594320080332));
#678 = CARTESIAN_POINT('',(70.5,-9.073611081542,0.600112404648));
#679 = CARTESIAN_POINT('',(70.5,-8.95,0.614250700561));
#680 = PCURVE('',#44,#681);
#681 = DEFINITIONAL_REPRESENTATION('',(#682),#745);
#682 = B_SPLINE_CURVE_WITH_KNOTS('',6,(#683,#684,#685,#686,#687,#688,
    #689,#690,#691,#692,#693,#694,#695,#696,#697,#698,#699,#700,#701,
    #702,#703,#704,#705,#706,#707,#708,#709,#710,#711,#712,#713,#714,
    #715,#716,#717,#718,#719,#720,#721,#722,#723,#724,#725,#726,#727,
    #728,#729,#730,#731,#732,#733,#734,#735,#736,#737,#738,#739,#740,
    #741,#742,#743,#744),.UNSPECIFIED.,.F.,.F.,(7,5,5,5,5,5,5,5,5,5,5,5,
    7),(0.,9.923543090071E-02,0.149702528928,0.273141085777,
    0.399190163782,0.431254402962,0.48592790656,0.540796871526,
    0.57279716753,0.698108723581,0.824442718667,0.916269617609,1.),
  .UNSPECIFIED.);
#683 = CARTESIAN_POINT('',(-8.343008661061E-02,5.));
#684 = CARTESIAN_POINT('',(-0.132775005833,5.));
#685 = CARTESIAN_POINT('',(-0.181598619605,4.988129699447));
#686 = CARTESIAN_POINT('',(-0.229533037168,4.965080214875));
#687 = CARTESIAN_POINT('',(-0.276207433363,4.931963646363));
#688 = CARTESIAN_POINT('',(-0.321210557122,4.890318189786));
#689 = CARTESIAN_POINT('',(-0.385880651503,4.817676468092));
#690 = CARTESIAN_POINT('',(-0.407220286259,4.791403273111));
#691 = CARTESIAN_POINT('',(-0.428103263938,4.763501386024));
#692 = CARTESIAN_POINT('',(-0.448533971485,4.734111609775));
#693 = CARTESIAN_POINT('',(-0.468516528175,4.703360061108));
#694 = CARTESIAN_POINT('',(-0.535845098366,4.593085220568));
#695 = CARTESIAN_POINT('',(-0.581016201066,4.507272668807));
#696 = CARTESIAN_POINT('',(-0.623705417432,4.415398564337));
#697 = CARTESIAN_POINT('',(-0.664024262628,4.318327602616));
#698 = CARTESIAN_POINT('',(-0.702028731948,4.216463875568));
#699 = CARTESIAN_POINT('',(-0.773980637416,4.000881332435));
#700 = CARTESIAN_POINT('',(-0.807789353517,3.887065144197));
#701 = CARTESIAN_POINT('',(-0.83896898989,3.768350276703));
#702 = CARTESIAN_POINT('',(-0.867164247431,3.644616788647));
#703 = CARTESIAN_POINT('',(-0.891713585809,3.515845503408));
#704 = CARTESIAN_POINT('',(-0.916814173277,3.347674297307));
#705 = CARTESIAN_POINT('',(-0.921608879176,3.313239762434));
#706 = CARTESIAN_POINT('',(-0.926090306598,3.278494264075));
#707 = CARTESIAN_POINT('',(-0.930241626285,3.243454379188));
#708 = CARTESIAN_POINT('',(-0.934046946182,3.208133596748));
#709 = CARTESIAN_POINT('',(-0.943364381278,3.111854773893));
#710 = CARTESIAN_POINT('',(-0.948193738949,3.050322529267));
#711 = CARTESIAN_POINT('',(-0.951882958713,2.988177920446));
#712 = CARTESIAN_POINT('',(-0.954366963304,2.925626866724));
#713 = CARTESIAN_POINT('',(-0.955611276664,2.862849367553));
#714 = CARTESIAN_POINT('',(-0.955611276664,2.736925941828));
#715 = CARTESIAN_POINT('',(-0.954358052088,2.673924969674));
#716 = CARTESIAN_POINT('',(-0.951856321425,2.611152852559));
#717 = CARTESIAN_POINT('',(-0.94814103362,2.548791193459));
#718 = CARTESIAN_POINT('',(-0.943278130511,2.487047940925));
#719 = CARTESIAN_POINT('',(-0.933916874774,2.390646035066));
#720 = CARTESIAN_POINT('',(-0.930109315147,2.355404082284));
#721 = CARTESIAN_POINT('',(-0.925957512707,2.32044233295));
#722 = CARTESIAN_POINT('',(-0.921477268749,2.285774123727));
#723 = CARTESIAN_POINT('',(-0.916685303521,2.251415837348));
#724 = CARTESIAN_POINT('',(-0.891682549845,2.084131298888));
#725 = CARTESIAN_POINT('',(-0.867283523219,1.956109056473));
#726 = CARTESIAN_POINT('',(-0.839278973286,1.833067344157));
#727 = CARTESIAN_POINT('',(-0.808319471338,1.714985997217));
#728 = CARTESIAN_POINT('',(-0.774756638541,1.601747881945));
#729 = CARTESIAN_POINT('',(-0.702304922569,1.384065759216));
#730 = CARTESIAN_POINT('',(-0.663411987143,1.279812789477));
#731 = CARTESIAN_POINT('',(-0.622097345708,1.180571431968));
#732 = CARTESIAN_POINT('',(-0.57829816293,1.086778236344));
#733 = CARTESIAN_POINT('',(-0.531893124172,0.999376745166));
#734 = CARTESIAN_POINT('',(-0.447003494249,0.86228419048));
#735 = CARTESIAN_POINT('',(-0.409715275087,0.808648046101));
#736 = CARTESIAN_POINT('',(-0.37091412539,0.759935108901));
#737 = CARTESIAN_POINT('',(-0.330636617479,0.717065172851));
#738 = CARTESIAN_POINT('',(-0.288913575693,0.681043734271));
#739 = CARTESIAN_POINT('',(-0.206433977241,0.627396659666));
#740 = CARTESIAN_POINT('',(-0.165872441841,0.608400490621));
#741 = CARTESIAN_POINT('',(-0.124540508575,0.597151744208));
#742 = CARTESIAN_POINT('',(-8.285197818744E-02,0.594320080332));
#743 = CARTESIAN_POINT('',(-4.120369384724E-02,0.600112404648));
#744 = CARTESIAN_POINT('',(0.,0.614250700561));
#745 = ( GEOMETRIC_REPRESENTATION_CONTEXT(2) 
PARAMETRIC_REPRESENTATION_CONTEXT() REPRESENTATION_CONTEXT('2D SPACE',''
  ) );
#746 = PCURVE('',#288,#747);
#747 = DEFINITIONAL_REPRESENTATION('',(#748),#811);
#748 = B_SPLINE_CURVE_WITH_KNOTS('',6,(#749,#750,#751,#752,#753,#754,
    #755,#756,#757,#758,#759,#760,#761,#762,#763,#764,#765,#766,#767,
    #768,#769,#770,#771,#772,#773,#774,#775,#776,#777,#778,#779,#780,
    #781,#782,#783,#784,#785,#786,#787,#788,#789,#790,#791,#792,#793,
    #794,#795,#796,#797,#798,#799,#800,#801,#802,#803,#804,#805,#806,
    #807,#808,#809,#810),.UNSPECIFIED.,.F.,.F.,(7,5,5,5,5,5,5,5,5,5,5,5,
    7),(0.,9.923543090071E-02,0.149702528928,0.273141085777,
    0.399190163782,0.431254402962,0.48592790656,0.540796871526,
    0.57279716753,0.698108723581,0.824442718667,0.916269617609,1.),
  .UNSPECIFIED.);
#749 = CARTESIAN_POINT('',(0.,3.489565185775));
#750 = CARTESIAN_POINT('',(6.705447845485E-02,3.47722895597));
#751 = CARTESIAN_POINT('',(0.133068455824,3.456287664657));
#752 = CARTESIAN_POINT('',(0.197804439517,3.427234534574));
#753 = CARTESIAN_POINT('',(0.260984344912,3.39104465252));
#754 = CARTESIAN_POINT('',(0.322250221101,3.349151305254));
#755 = CARTESIAN_POINT('',(0.411025262945,3.280066352386));
#756 = CARTESIAN_POINT('',(0.440451269539,3.25567100951));
#757 = CARTESIAN_POINT('',(0.469401968143,3.230311460433));
#758 = CARTESIAN_POINT('',(0.497901266586,3.204121102131));
#759 = CARTESIAN_POINT('',(0.525972099109,3.177224965056));
#760 = CARTESIAN_POINT('',(0.62130560577,3.082512047934));
#761 = CARTESIAN_POINT('',(0.686601817021,3.011706564344));
#762 = CARTESIAN_POINT('',(0.749975238466,2.938899392018));
#763 = CARTESIAN_POINT('',(0.81186834283,2.86532446399));
#764 = CARTESIAN_POINT('',(0.872734390019,2.792022885633));
#765 = CARTESIAN_POINT('',(0.994697558564,2.646852457801));
#766 = CARTESIAN_POINT('',(1.055711598702,2.575118830746));
#767 = CARTESIAN_POINT('',(1.116665020983,2.506268696315));
#768 = CARTESIAN_POINT('',(1.177972051325,2.441950243032));
#769 = CARTESIAN_POINT('',(1.239979151132,2.384609538229));
#770 = CARTESIAN_POINT('',(1.31924230807,2.325078929035));
#771 = CARTESIAN_POINT('',(1.335387097545,2.313650185215));
#772 = CARTESIAN_POINT('',(1.35159955436,2.302920528346));
#773 = CARTESIAN_POINT('',(1.367878373771,2.292942453227));
#774 = CARTESIAN_POINT('',(1.384224072463,2.283765496423));
#775 = CARTESIAN_POINT('',(1.428628455832,2.261233814928));
#776 = CARTESIAN_POINT('',(1.456845932829,2.249481652777));
#777 = CARTESIAN_POINT('',(1.485219019837,2.240463679366));
#778 = CARTESIAN_POINT('',(1.513693161245,2.234377353036));
#779 = CARTESIAN_POINT('',(1.542228432452,2.231328969318));
#780 = CARTESIAN_POINT('',(1.599466353237,2.231328969318));
#781 = CARTESIAN_POINT('',(1.628103204138,2.234399181857));
#782 = CARTESIAN_POINT('',(1.656678277688,2.240528947249));
#783 = CARTESIAN_POINT('',(1.685151370196,2.249610488386));
#784 = CARTESIAN_POINT('',(1.713467405301,2.261443697709));
#785 = CARTESIAN_POINT('',(1.757933143492,2.284079253124));
#786 = CARTESIAN_POINT('',(1.774244125613,2.2932607089));
#787 = CARTESIAN_POINT('',(1.79048844794,2.303238931881));
#788 = CARTESIAN_POINT('',(1.806666650745,2.313964657868));
#789 = CARTESIAN_POINT('',(1.822777476186,2.32538571808));
#790 = CARTESIAN_POINT('',(1.901631240234,2.384678568271));
#791 = CARTESIAN_POINT('',(1.963278228989,2.441665285891));
#792 = CARTESIAN_POINT('',(2.024231932315,2.505554483606));
#793 = CARTESIAN_POINT('',(2.084833480789,2.573941953438));
#794 = CARTESIAN_POINT('',(2.145489535431,2.645201528157));
#795 = CARTESIAN_POINT('',(2.268478432189,2.791549149417));
#796 = CARTESIAN_POINT('',(2.330758009916,2.866588951036));
#797 = CARTESIAN_POINT('',(2.394116864969,2.941908662633));
#798 = CARTESIAN_POINT('',(2.459040336433,3.01639823861));
#799 = CARTESIAN_POINT('',(2.526001644442,3.088727860257));
#800 = CARTESIAN_POINT('',(2.645983646398,3.20694595078));
#801 = CARTESIAN_POINT('',(2.697960833698,3.254802642549));
#802 = CARTESIAN_POINT('',(2.751449767819,3.299916652175));
#803 = CARTESIAN_POINT('',(2.806505954978,3.341406083604));
#804 = CARTESIAN_POINT('',(2.863211224469,3.378359658369));
#805 = CARTESIAN_POINT('',(2.974995727877,3.438562765284));
#806 = CARTESIAN_POINT('',(3.029837542503,3.462765801437));
#807 = CARTESIAN_POINT('',(3.085708701144,3.481417174825));
#808 = CARTESIAN_POINT('',(3.142197471369,3.493888087072));
#809 = CARTESIAN_POINT('',(3.198921834394,3.5));
#810 = CARTESIAN_POINT('',(3.255475018043,3.5));
#811 = ( GEOMETRIC_REPRESENTATION_CONTEXT(2) 
PARAMETRIC_REPRESENTATION_CONTEXT() REPRESENTATION_CONTEXT('2D SPACE',''
  ) );
#812 = ADVANCED_FACE('',(#813),#288,.F.);
#813 = FACE_BOUND('',#814,.F.);
#814 = EDGE_LOOP('',(#815,#816,#839,#868,#890,#891,#892));
#815 = ORIENTED_EDGE('',*,*,#615,.F.);
#816 = ORIENTED_EDGE('',*,*,#817,.F.);
#817 = EDGE_CURVE('',#818,#578,#820,.T.);
#818 = VERTEX_POINT('',#819);
#819 = CARTESIAN_POINT('',(67.,-9.2,5.));
#820 = SEAM_CURVE('',#821,(#825,#832),.PCURVE_S1.);
#821 = LINE('',#822,#823);
#822 = CARTESIAN_POINT('',(67.,-9.2,5.));
#823 = VECTOR('',#824,1.);
#824 = DIRECTION('',(1.,0.,0.));
#825 = PCURVE('',#288,#826);
#826 = DEFINITIONAL_REPRESENTATION('',(#827),#831);
#827 = LINE('',#828,#829);
#828 = CARTESIAN_POINT('',(6.28318530718,-0.));
#829 = VECTOR('',#830,1.);
#830 = DIRECTION('',(0.,1.));
#831 = ( GEOMETRIC_REPRESENTATION_CONTEXT(2) 
PARAMETRIC_REPRESENTATION_CONTEXT() REPRESENTATION_CONTEXT('2D SPACE',''
  ) );
#832 = PCURVE('',#288,#833);
#833 = DEFINITIONAL_REPRESENTATION('',(#834),#838);
#834 = LINE('',#835,#836);
#835 = CARTESIAN_POINT('',(0.,-0.));
#836 = VECTOR('',#837,1.);
#837 = DIRECTION('',(0.,1.));
#838 = ( GEOMETRIC_REPRESENTATION_CONTEXT(2) 
PARAMETRIC_REPRESENTATION_CONTEXT() REPRESENTATION_CONTEXT('2D SPACE',''
  ) );
#839 = ORIENTED_EDGE('',*,*,#840,.T.);
#840 = EDGE_CURVE('',#818,#841,#843,.T.);
#841 = VERTEX_POINT('',#842);
#842 = CARTESIAN_POINT('',(67.,-7.,2.8));
#843 = SURFACE_CURVE('',#844,(#849,#856),.PCURVE_S1.);
#844 = CIRCLE('',#845,2.2);
#845 = AXIS2_PLACEMENT_3D('',#846,#847,#848);
#846 = CARTESIAN_POINT('',(67.,-9.2,2.8));
#847 = DIRECTION('',(1.,0.,0.));
#848 = DIRECTION('',(-0.,0.,1.));
#849 = PCURVE('',#288,#850);
#850 = DEFINITIONAL_REPRESENTATION('',(#851),#855);
#851 = LINE('',#852,#853);
#852 = CARTESIAN_POINT('',(0.,0.));
#853 = VECTOR('',#854,1.);
#854 = DIRECTION('',(1.,0.));
#855 = ( GEOMETRIC_REPRESENTATION_CONTEXT(2) 
PARAMETRIC_REPRESENTATION_CONTEXT() REPRESENTATION_CONTEXT('2D SPACE',''
  ) );
#856 = PCURVE('',#857,#862);
#857 = PLANE('',#858);
#858 = AXIS2_PLACEMENT_3D('',#859,#860,#861);
#859 = CARTESIAN_POINT('',(67.,-9.2,2.8));
#860 = DIRECTION('',(1.,0.,0.));
#861 = DIRECTION('',(-0.,0.,1.));
#862 = DEFINITIONAL_REPRESENTATION('',(#863),#867);
#863 = CIRCLE('',#864,2.2);
#864 = AXIS2_PLACEMENT_2D('',#865,#866);
#865 = CARTESIAN_POINT('',(0.,0.));
#866 = DIRECTION('',(1.,0.));
#867 = ( GEOMETRIC_REPRESENTATION_CONTEXT(2) 
PARAMETRIC_REPRESENTATION_CONTEXT() REPRESENTATION_CONTEXT('2D SPACE',''
  ) );
#868 = ORIENTED_EDGE('',*,*,#869,.T.);
#869 = EDGE_CURVE('',#841,#818,#870,.T.);
#870 = SURFACE_CURVE('',#871,(#876,#883),.PCURVE_S1.);
#871 = CIRCLE('',#872,2.2);
#872 = AXIS2_PLACEMENT_3D('',#873,#874,#875);
#873 = CARTESIAN_POINT('',(67.,-9.2,2.8));
#874 = DIRECTION('',(1.,0.,0.));
#875 = DIRECTION('',(-0.,0.,1.));
#876 = PCURVE('',#288,#877);
#877 = DEFINITIONAL_REPRESENTATION('',(#878),#882);
#878 = LINE('',#879,#880);
#879 = CARTESIAN_POINT('',(0.,0.));
#880 = VECTOR('',#881,1.);
#881 = DIRECTION('',(1.,0.));
#882 = ( GEOMETRIC_REPRESENTATION_CONTEXT(2) 
PARAMETRIC_REPRESENTATION_CONTEXT() REPRESENTATION_CONTEXT('2D SPACE',''
  ) );
#883 = PCURVE('',#857,#884);
#884 = DEFINITIONAL_REPRESENTATION('',(#885),#889);
#885 = CIRCLE('',#886,2.2);
#886 = AXIS2_PLACEMENT_2D('',#887,#888);
#887 = CARTESIAN_POINT('',(0.,0.));
#888 = DIRECTION('',(1.,0.));
#889 = ( GEOMETRIC_REPRESENTATION_CONTEXT(2) 
PARAMETRIC_REPRESENTATION_CONTEXT() REPRESENTATION_CONTEXT('2D SPACE',''
  ) );
#890 = ORIENTED_EDGE('',*,*,#817,.T.);
#891 = ORIENTED_EDGE('',*,*,#577,.F.);
#892 = ORIENTED_EDGE('',*,*,#273,.F.);
#893 = ADVANCED_FACE('',(#894),#238,.F.);
#894 = FACE_BOUND('',#895,.F.);
#895 = EDGE_LOOP('',(#896,#979,#1002,#1031,#1053,#1054,#1083,#1161,#1162
    ));
#896 = ORIENTED_EDGE('',*,*,#897,.T.);
#897 = EDGE_CURVE('',#392,#898,#900,.T.);
#898 = VERTEX_POINT('',#899);
#899 = CARTESIAN_POINT('',(69.915382241265,-9.2,20.3));
#900 = SURFACE_CURVE('',#901,(#925,#952),.PCURVE_S1.);
#901 = B_SPLINE_CURVE_WITH_KNOTS('',8,(#902,#903,#904,#905,#906,#907,
    #908,#909,#910,#911,#912,#913,#914,#915,#916,#917,#918,#919,#920,
    #921,#922,#923,#924),.UNSPECIFIED.,.F.,.F.,(9,7,7,9),(0.,
    0.549874976116,0.977700260325,1.),.UNSPECIFIED.);
#902 = CARTESIAN_POINT('',(69.426864012691,-11.24939015319,18.9));
#903 = CARTESIAN_POINT('',(69.497661842469,-11.1900623396,
    19.051982296222));
#904 = CARTESIAN_POINT('',(69.560666349609,-11.11580352773,
    19.204187679605));
#905 = CARTESIAN_POINT('',(69.615863510728,-11.02595662108,
    19.35370012779));
#906 = CARTESIAN_POINT('',(69.66349512996,-10.92048800195,
    19.497682685887));
#907 = CARTESIAN_POINT('',(69.703998434631,-10.79993939359,
    19.633477495262));
#908 = CARTESIAN_POINT('',(69.737997099786,-10.66536573855,
    19.758624259358));
#909 = CARTESIAN_POINT('',(69.766509744927,-10.5183611605,
    19.870938505683));
#910 = CARTESIAN_POINT('',(69.809766927397,-10.23865853758,
    20.044724009536));
#911 = CARTESIAN_POINT('',(69.826180394958,-10.10991205058,
    20.112018654962));
#912 = CARTESIAN_POINT('',(69.840689096047,-9.975754765345,
    20.169737140988));
#913 = CARTESIAN_POINT('',(69.854019823439,-9.837220535451,
    20.217254953967));
#914 = CARTESIAN_POINT('',(69.866964677227,-9.695401161812,
    20.254137163385));
#915 = CARTESIAN_POINT('',(69.880292023724,-9.551348863738,
    20.280148677672));
#916 = CARTESIAN_POINT('',(69.894366619347,-9.406070291505,
    20.295153566423));
#917 = CARTESIAN_POINT('',(69.909930326931,-9.253066568188,
    20.299372965026));
#918 = CARTESIAN_POINT('',(69.910703334546,-9.245486064032,
    20.29955213184));
#919 = CARTESIAN_POINT('',(69.911478301957,-9.237905185593,
    20.299701431821));
#920 = CARTESIAN_POINT('',(69.912255223521,-9.230324071655,
    20.299820866217));
#921 = CARTESIAN_POINT('',(69.913034090818,-9.222742859957,
    20.299910437052));
#922 = CARTESIAN_POINT('',(69.913814892653,-9.21516168719,20.29997014712
    ));
#923 = CARTESIAN_POINT('',(69.914597615052,-9.207580689004,
    20.299999999989));
#924 = CARTESIAN_POINT('',(69.915382241265,-9.2,20.3));
#925 = PCURVE('',#238,#926);
#926 = DEFINITIONAL_REPRESENTATION('',(#927),#951);
#927 = B_SPLINE_CURVE_WITH_KNOTS('',8,(#928,#929,#930,#931,#932,#933,
    #934,#935,#936,#937,#938,#939,#940,#941,#942,#943,#944,#945,#946,
    #947,#948,#949,#950),.UNSPECIFIED.,.F.,.F.,(9,7,7,9),(0.,
    0.549874976116,0.977700260325,1.),.UNSPECIFIED.);
#928 = CARTESIAN_POINT('',(1.198627792835,2.426864012691));
#929 = CARTESIAN_POINT('',(1.124468025849,2.497661842469));
#930 = CARTESIAN_POINT('',(1.047745847837,2.560666349609));
#931 = CARTESIAN_POINT('',(0.968966013417,2.615863510728));
#932 = CARTESIAN_POINT('',(0.888521784548,2.66349512996));
#933 = CARTESIAN_POINT('',(0.80671996233,2.703998434631));
#934 = CARTESIAN_POINT('',(0.723832360351,2.737997099786));
#935 = CARTESIAN_POINT('',(0.640132560934,2.766509744927));
#936 = CARTESIAN_POINT('',(0.490453180023,2.809766927397));
#937 = CARTESIAN_POINT('',(0.424602302665,2.826180394958));
#938 = CARTESIAN_POINT('',(0.358531269228,2.840689096047));
#939 = CARTESIAN_POINT('',(0.29234211754,2.854019823439));
#940 = CARTESIAN_POINT('',(0.226115671724,2.866964677227));
#941 = CARTESIAN_POINT('',(0.159895548778,2.880292023724));
#942 = CARTESIAN_POINT('',(9.369693718295E-02,2.894366619347));
#943 = CARTESIAN_POINT('',(2.412335007226E-02,2.909930326931));
#944 = CARTESIAN_POINT('',(2.067673082497E-02,2.910703334546));
#945 = CARTESIAN_POINT('',(1.723025335406E-02,2.911478301957));
#946 = CARTESIAN_POINT('',(1.378391832807E-02,2.912255223521));
#947 = CARTESIAN_POINT('',(1.033772595717E-02,2.913034090818));
#948 = CARTESIAN_POINT('',(6.891675993054E-03,2.913814892653));
#949 = CARTESIAN_POINT('',(3.44576772904E-03,2.914597615052));
#950 = CARTESIAN_POINT('',(0.,2.915382241265));
#951 = ( GEOMETRIC_REPRESENTATION_CONTEXT(2) 
PARAMETRIC_REPRESENTATION_CONTEXT() REPRESENTATION_CONTEXT('2D SPACE',''
  ) );
#952 = PCURVE('',#408,#953);
#953 = DEFINITIONAL_REPRESENTATION('',(#954),#978);
#954 = B_SPLINE_CURVE_WITH_KNOTS('',8,(#955,#956,#957,#958,#959,#960,
    #961,#962,#963,#964,#965,#966,#967,#968,#969,#970,#971,#972,#973,
    #974,#975,#976,#977),.UNSPECIFIED.,.F.,.F.,(9,7,7,9),(0.,
    0.549874976116,0.977700260325,1.),.UNSPECIFIED.);
#955 = CARTESIAN_POINT('',(0.87331663629,6.28318530718));
#956 = CARTESIAN_POINT('',(0.842526807222,6.207194159068));
#957 = CARTESIAN_POINT('',(0.810531321767,6.131091286565));
#958 = CARTESIAN_POINT('',(0.776607369971,6.055667449001));
#959 = CARTESIAN_POINT('',(0.740019055794,5.98165867424));
#960 = CARTESIAN_POINT('',(0.700017889115,5.909881198332));
#961 = CARTESIAN_POINT('',(0.655808780352,5.841297454086));
#962 = CARTESIAN_POINT('',(0.606592048991,5.777275288186));
#963 = CARTESIAN_POINT('',(0.509646211985,5.674476494587));
#964 = CARTESIAN_POINT('',(0.463972000103,5.633208018015));
#965 = CARTESIAN_POINT('',(0.414876399975,5.596425994125));
#966 = CARTESIAN_POINT('',(0.362344807935,5.564978506292));
#967 = CARTESIAN_POINT('',(0.306570962089,5.539768356749));
#968 = CARTESIAN_POINT('',(0.248225493578,5.521670034044));
#969 = CARTESIAN_POINT('',(0.188390816437,5.511179215789));
#970 = CARTESIAN_POINT('',(0.125100924904,5.508226738935));
#971 = CARTESIAN_POINT('',(0.121964549839,5.508101332325));
#972 = CARTESIAN_POINT('',(0.118827418405,5.507996816105));
#973 = CARTESIAN_POINT('',(0.11568969124,5.507913207948));
#974 = CARTESIAN_POINT('',(0.11255152893,5.507850515485));
#975 = CARTESIAN_POINT('',(0.109413092001,5.507808736306));
#976 = CARTESIAN_POINT('',(0.106274540923,5.507787857959));
#977 = CARTESIAN_POINT('',(0.103136036108,5.507787857952));
#978 = ( GEOMETRIC_REPRESENTATION_CONTEXT(2) 
PARAMETRIC_REPRESENTATION_CONTEXT() REPRESENTATION_CONTEXT('2D SPACE',''
  ) );
#979 = ORIENTED_EDGE('',*,*,#980,.F.);
#980 = EDGE_CURVE('',#981,#898,#983,.T.);
#981 = VERTEX_POINT('',#982);
#982 = CARTESIAN_POINT('',(67.,-9.2,20.3));
#983 = SEAM_CURVE('',#984,(#988,#995),.PCURVE_S1.);
#984 = LINE('',#985,#986);
#985 = CARTESIAN_POINT('',(67.,-9.2,20.3));
#986 = VECTOR('',#987,1.);
#987 = DIRECTION('',(1.,0.,0.));
#988 = PCURVE('',#238,#989);
#989 = DEFINITIONAL_REPRESENTATION('',(#990),#994);
#990 = LINE('',#991,#992);
#991 = CARTESIAN_POINT('',(6.28318530718,-0.));
#992 = VECTOR('',#993,1.);
#993 = DIRECTION('',(0.,1.));
#994 = ( GEOMETRIC_REPRESENTATION_CONTEXT(2) 
PARAMETRIC_REPRESENTATION_CONTEXT() REPRESENTATION_CONTEXT('2D SPACE',''
  ) );
#995 = PCURVE('',#238,#996);
#996 = DEFINITIONAL_REPRESENTATION('',(#997),#1001);
#997 = LINE('',#998,#999);
#998 = CARTESIAN_POINT('',(0.,-0.));
#999 = VECTOR('',#1000,1.);
#1000 = DIRECTION('',(0.,1.));
#1001 = ( GEOMETRIC_REPRESENTATION_CONTEXT(2) 
PARAMETRIC_REPRESENTATION_CONTEXT() REPRESENTATION_CONTEXT('2D SPACE',''
  ) );
#1002 = ORIENTED_EDGE('',*,*,#1003,.T.);
#1003 = EDGE_CURVE('',#981,#1004,#1006,.T.);
#1004 = VERTEX_POINT('',#1005);
#1005 = CARTESIAN_POINT('',(67.,-7.,18.1));
#1006 = SURFACE_CURVE('',#1007,(#1012,#1019),.PCURVE_S1.);
#1007 = CIRCLE('',#1008,2.2);
#1008 = AXIS2_PLACEMENT_3D('',#1009,#1010,#1011);
#1009 = CARTESIAN_POINT('',(67.,-9.2,18.1));
#1010 = DIRECTION('',(1.,0.,0.));
#1011 = DIRECTION('',(-0.,0.,1.));
#1012 = PCURVE('',#238,#1013);
#1013 = DEFINITIONAL_REPRESENTATION('',(#1014),#1018);
#1014 = LINE('',#1015,#1016);
#1015 = CARTESIAN_POINT('',(0.,0.));
#1016 = VECTOR('',#1017,1.);
#1017 = DIRECTION('',(1.,0.));
#1018 = ( GEOMETRIC_REPRESENTATION_CONTEXT(2) 
PARAMETRIC_REPRESENTATION_CONTEXT() REPRESENTATION_CONTEXT('2D SPACE',''
  ) );
#1019 = PCURVE('',#1020,#1025);
#1020 = PLANE('',#1021);
#1021 = AXIS2_PLACEMENT_3D('',#1022,#1023,#1024);
#1022 = CARTESIAN_POINT('',(67.,-9.2,18.1));
#1023 = DIRECTION('',(1.,0.,0.));
#1024 = DIRECTION('',(-0.,0.,1.));
#1025 = DEFINITIONAL_REPRESENTATION('',(#1026),#1030);
#1026 = CIRCLE('',#1027,2.2);
#1027 = AXIS2_PLACEMENT_2D('',#1028,#1029);
#1028 = CARTESIAN_POINT('',(0.,0.));
#1029 = DIRECTION('',(1.,0.));
#1030 = ( GEOMETRIC_REPRESENTATION_CONTEXT(2) 
PARAMETRIC_REPRESENTATION_CONTEXT() REPRESENTATION_CONTEXT('2D SPACE',''
  ) );
#1031 = ORIENTED_EDGE('',*,*,#1032,.T.);
#1032 = EDGE_CURVE('',#1004,#981,#1033,.T.);
#1033 = SURFACE_CURVE('',#1034,(#1039,#1046),.PCURVE_S1.);
#1034 = CIRCLE('',#1035,2.2);
#1035 = AXIS2_PLACEMENT_3D('',#1036,#1037,#1038);
#1036 = CARTESIAN_POINT('',(67.,-9.2,18.1));
#1037 = DIRECTION('',(1.,0.,0.));
#1038 = DIRECTION('',(-0.,0.,1.));
#1039 = PCURVE('',#238,#1040);
#1040 = DEFINITIONAL_REPRESENTATION('',(#1041),#1045);
#1041 = LINE('',#1042,#1043);
#1042 = CARTESIAN_POINT('',(0.,0.));
#1043 = VECTOR('',#1044,1.);
#1044 = DIRECTION('',(1.,0.));
#1045 = ( GEOMETRIC_REPRESENTATION_CONTEXT(2) 
PARAMETRIC_REPRESENTATION_CONTEXT() REPRESENTATION_CONTEXT('2D SPACE',''
  ) );
#1046 = PCURVE('',#1020,#1047);
#1047 = DEFINITIONAL_REPRESENTATION('',(#1048),#1052);
#1048 = CIRCLE('',#1049,2.2);
#1049 = AXIS2_PLACEMENT_2D('',#1050,#1051);
#1050 = CARTESIAN_POINT('',(0.,0.));
#1051 = DIRECTION('',(1.,0.));
#1052 = ( GEOMETRIC_REPRESENTATION_CONTEXT(2) 
PARAMETRIC_REPRESENTATION_CONTEXT() REPRESENTATION_CONTEXT('2D SPACE',''
  ) );
#1053 = ORIENTED_EDGE('',*,*,#980,.T.);
#1054 = ORIENTED_EDGE('',*,*,#1055,.T.);
#1055 = EDGE_CURVE('',#898,#1056,#1058,.T.);
#1056 = VERTEX_POINT('',#1057);
#1057 = CARTESIAN_POINT('',(69.942116111519,-8.95,20.285749299439));
#1058 = SURFACE_CURVE('',#1059,(#1065,#1074),.PCURVE_S1.);
#1059 = B_SPLINE_CURVE_WITH_KNOTS('',4,(#1060,#1061,#1062,#1063,#1064),
  .UNSPECIFIED.,.F.,.F.,(5,5),(0.,1.),.PIECEWISE_BEZIER_KNOTS.);
#1060 = CARTESIAN_POINT('',(69.915382241265,-9.2,20.3));
#1061 = CARTESIAN_POINT('',(69.921868663708,-9.137331241688,20.3));
#1062 = CARTESIAN_POINT('',(69.928507073849,-9.074687280051,
    20.297619694798));
#1063 = CARTESIAN_POINT('',(69.935279687074,-9.012202081619,
    20.292863802648));
#1064 = CARTESIAN_POINT('',(69.942116111519,-8.95,20.285749299439));
#1065 = PCURVE('',#238,#1066);
#1066 = DEFINITIONAL_REPRESENTATION('',(#1067),#1073);
#1067 = B_SPLINE_CURVE_WITH_KNOTS('',4,(#1068,#1069,#1070,#1071,#1072),
  .UNSPECIFIED.,.F.,.F.,(5,5),(0.,1.),.PIECEWISE_BEZIER_KNOTS.);
#1068 = CARTESIAN_POINT('',(6.28318530718,2.915382241265));
#1069 = CARTESIAN_POINT('',(6.254699507947,2.921868663708));
#1070 = CARTESIAN_POINT('',(6.226224986412,2.928507073849));
#1071 = CARTESIAN_POINT('',(6.197760955562,2.935279687074));
#1072 = CARTESIAN_POINT('',(6.169302942726,2.942116111519));
#1073 = ( GEOMETRIC_REPRESENTATION_CONTEXT(2) 
PARAMETRIC_REPRESENTATION_CONTEXT() REPRESENTATION_CONTEXT('2D SPACE',''
  ) );
#1074 = PCURVE('',#408,#1075);
#1075 = DEFINITIONAL_REPRESENTATION('',(#1076),#1082);
#1076 = B_SPLINE_CURVE_WITH_KNOTS('',4,(#1077,#1078,#1079,#1080,#1081),
  .UNSPECIFIED.,.F.,.F.,(5,5),(0.,1.),.PIECEWISE_BEZIER_KNOTS.);
#1077 = CARTESIAN_POINT('',(0.103136036337,5.507787810569));
#1078 = CARTESIAN_POINT('',(7.719034656596E-02,5.507787810569));
#1079 = CARTESIAN_POINT('',(5.124777536436E-02,5.50945451638));
#1080 = CARTESIAN_POINT('',(2.547056682765E-02,5.512783763143));
#1081 = CARTESIAN_POINT('',(0.,5.517717140665));
#1082 = ( GEOMETRIC_REPRESENTATION_CONTEXT(2) 
PARAMETRIC_REPRESENTATION_CONTEXT() REPRESENTATION_CONTEXT('2D SPACE',''
  ) );
#1083 = ORIENTED_EDGE('',*,*,#1084,.F.);
#1084 = EDGE_CURVE('',#194,#1056,#1085,.T.);
#1085 = SURFACE_CURVE('',#1086,(#1109,#1135),.PCURVE_S1.);
#1086 = B_SPLINE_CURVE_WITH_KNOTS('',6,(#1087,#1088,#1089,#1090,#1091,
    #1092,#1093,#1094,#1095,#1096,#1097,#1098,#1099,#1100,#1101,#1102,
    #1103,#1104,#1105,#1106,#1107,#1108),.UNSPECIFIED.,.F.,.F.,(7,5,5,5,
    7),(0.,0.190605726042,0.307885114386,0.58757550396,1.),
  .UNSPECIFIED.);
#1087 = CARTESIAN_POINT('',(70.5,-7.150609846808,18.9));
#1088 = CARTESIAN_POINT('',(70.5,-7.182217855367,18.980971426879));
#1089 = CARTESIAN_POINT('',(70.496066353293,-7.21734477651,
    19.059623938812));
#1090 = CARTESIAN_POINT('',(70.488620693483,-7.255711392014,
    19.135674180394));
#1091 = CARTESIAN_POINT('',(70.478100717218,-7.296994574121,
    19.208873328286));
#1092 = CARTESIAN_POINT('',(70.464958435139,-7.340826403069,
    19.279008782577));
#1093 = CARTESIAN_POINT('',(70.44024435052,-7.415076630913,
    19.387067518207));
#1094 = CARTESIAN_POINT('',(70.430002825527,-7.444200206531,
    19.42704948432));
#1095 = CARTESIAN_POINT('',(70.419026587727,-7.474105187306,
    19.465856215079));
#1096 = CARTESIAN_POINT('',(70.407403262875,-7.504737249847,
    19.50349478872));
#1097 = CARTESIAN_POINT('',(70.395215362596,-7.536046571546,
    19.53997490311));
#1098 = CARTESIAN_POINT('',(70.35231248722,-7.644162027162,
    19.659574088181));
#1099 = CARTESIAN_POINT('',(70.319306732783,-7.723950486077,
    19.73734198634));
#1100 = CARTESIAN_POINT('',(70.284540821808,-7.806829539218,
    19.808864539393));
#1101 = CARTESIAN_POINT('',(70.248868473548,-7.892455073584,
    19.874409238589));
#1102 = CARTESIAN_POINT('',(70.213063259133,-7.98063971431,
    19.934209172665));
#1103 = CARTESIAN_POINT('',(70.126055405012,-8.205059659989,
    20.068340871882));
#1104 = CARTESIAN_POINT('',(70.075278883401,-8.345090902493,
    20.136611854275));
#1105 = CARTESIAN_POINT('',(70.028525116429,-8.490282796644,
    20.192751336436));
#1106 = CARTESIAN_POINT('',(69.988911955622,-8.639649234733,
    20.236510921176));
#1107 = CARTESIAN_POINT('',(69.959391185127,-8.792820167553,
    20.267771545733));
#1108 = CARTESIAN_POINT('',(69.942116045575,-8.9500006,20.285749368066)
  );
#1109 = PCURVE('',#238,#1110);
#1110 = DEFINITIONAL_REPRESENTATION('',(#1111),#1134);
#1111 = B_SPLINE_CURVE_WITH_KNOTS('',6,(#1112,#1113,#1114,#1115,#1116,
    #1117,#1118,#1119,#1120,#1121,#1122,#1123,#1124,#1125,#1126,#1127,
    #1128,#1129,#1130,#1131,#1132,#1133),.UNSPECIFIED.,.F.,.F.,(7,5,5,5,
    7),(0.,0.190605726042,0.307885114386,0.58757550396,1.),
  .UNSPECIFIED.);
#1112 = CARTESIAN_POINT('',(5.084557514345,3.5));
#1113 = CARTESIAN_POINT('',(5.124067525044,3.5));
#1114 = CARTESIAN_POINT('',(5.163177289492,3.496066353293));
#1115 = CARTESIAN_POINT('',(5.201831659207,3.488620693483));
#1116 = CARTESIAN_POINT('',(5.239971680335,3.478100717218));
#1117 = CARTESIAN_POINT('',(5.277529614629,3.464958435139));
#1118 = CARTESIAN_POINT('',(5.337124990442,3.44024435052));
#1119 = CARTESIAN_POINT('',(5.359600423338,3.430002825527));
#1120 = CARTESIAN_POINT('',(5.381857664295,3.419026587727));
#1121 = CARTESIAN_POINT('',(5.403904464579,3.407403262875));
#1122 = CARTESIAN_POINT('',(5.425748921544,3.395215362596));
#1123 = CARTESIAN_POINT('',(5.499032189471,3.35231248722));
#1124 = CARTESIAN_POINT('',(5.549575759445,3.319306732783));
#1125 = CARTESIAN_POINT('',(5.599203174414,3.284540821808));
#1126 = CARTESIAN_POINT('',(5.648095597597,3.248868473548));
#1127 = CARTESIAN_POINT('',(5.696447562834,3.213063259133));
#1128 = CARTESIAN_POINT('',(5.81528805663,3.126055405012));
#1129 = CARTESIAN_POINT('',(5.885844661186,3.075278883401));
#1130 = CARTESIAN_POINT('',(5.956222929051,3.028525116429));
#1131 = CARTESIAN_POINT('',(6.026604454156,2.988911955622));
#1132 = CARTESIAN_POINT('',(6.097391755312,2.959391185127));
#1133 = CARTESIAN_POINT('',(6.169303217232,2.942116045575));
#1134 = ( GEOMETRIC_REPRESENTATION_CONTEXT(2) 
PARAMETRIC_REPRESENTATION_CONTEXT() REPRESENTATION_CONTEXT('2D SPACE',''
  ) );
#1135 = PCURVE('',#209,#1136);
#1136 = DEFINITIONAL_REPRESENTATION('',(#1137),#1160);
#1137 = B_SPLINE_CURVE_WITH_KNOTS('',6,(#1138,#1139,#1140,#1141,#1142,
    #1143,#1144,#1145,#1146,#1147,#1148,#1149,#1150,#1151,#1152,#1153,
    #1154,#1155,#1156,#1157,#1158,#1159),.UNSPECIFIED.,.F.,.F.,(7,5,5,5,
    7),(0.,0.190605726042,0.307885114386,0.58757550396,1.),
  .UNSPECIFIED.);
#1138 = CARTESIAN_POINT('',(-1.570796326795,16.100609846808));
#1139 = CARTESIAN_POINT('',(-1.530310613355,16.132217855367));
#1140 = CARTESIAN_POINT('',(-1.49098435083,16.16734477651));
#1141 = CARTESIAN_POINT('',(-1.452839814909,16.205711392014));
#1142 = CARTESIAN_POINT('',(-1.415916015281,16.246994574121));
#1143 = CARTESIAN_POINT('',(-1.380265927431,16.290826403069));
#1144 = CARTESIAN_POINT('',(-1.324841482633,16.365076630913));
#1145 = CARTESIAN_POINT('',(-1.304211875939,16.394200206531));
#1146 = CARTESIAN_POINT('',(-1.284056507578,16.424105187306));
#1147 = CARTESIAN_POINT('',(-1.264368353681,16.454737249847));
#1148 = CARTESIAN_POINT('',(-1.245141763291,16.486046571546));
#1149 = CARTESIAN_POINT('',(-1.181611019188,16.594162027162));
#1150 = CARTESIAN_POINT('',(-1.139437934424,16.673950486077));
#1151 = CARTESIAN_POINT('',(-1.099747590159,16.756829539218));
#1152 = CARTESIAN_POINT('',(-1.062484681675,16.842455073583));
#1153 = CARTESIAN_POINT('',(-1.027657841034,16.93063971431));
#1154 = CARTESIAN_POINT('',(-0.947717739374,17.155059659989));
#1155 = CARTESIAN_POINT('',(-0.905263504295,17.295090902493));
#1156 = CARTESIAN_POINT('',(-0.868796982792,17.440282796644));
#1157 = CARTESIAN_POINT('',(-0.839291504871,17.589649234733));
#1158 = CARTESIAN_POINT('',(-0.817794392635,17.742820167553));
#1159 = CARTESIAN_POINT('',(-0.805328112693,17.9000006));
#1160 = ( GEOMETRIC_REPRESENTATION_CONTEXT(2) 
PARAMETRIC_REPRESENTATION_CONTEXT() REPRESENTATION_CONTEXT('2D SPACE',''
  ) );
#1161 = ORIENTED_EDGE('',*,*,#221,.F.);
#1162 = ORIENTED_EDGE('',*,*,#432,.F.);
#1163 = ADVANCED_FACE('',(#1164),#209,.T.);
#1164 = FACE_BOUND('',#1165,.F.);
#1165 = EDGE_LOOP('',(#1166,#1196,#1235,#1313,#1314,#1315));
#1166 = ORIENTED_EDGE('',*,*,#1167,.F.);
#1167 = EDGE_CURVE('',#1168,#1170,#1172,.T.);
#1168 = VERTEX_POINT('',#1169);
#1169 = CARTESIAN_POINT('',(68.5,8.95,20.9));
#1170 = VERTEX_POINT('',#1171);
#1171 = CARTESIAN_POINT('',(68.5,-8.95,20.9));
#1172 = SURFACE_CURVE('',#1173,(#1177,#1184),.PCURVE_S1.);
#1173 = LINE('',#1174,#1175);
#1174 = CARTESIAN_POINT('',(68.5,8.95,20.9));
#1175 = VECTOR('',#1176,1.);
#1176 = DIRECTION('',(-0.,-1.,-0.));
#1177 = PCURVE('',#209,#1178);
#1178 = DEFINITIONAL_REPRESENTATION('',(#1179),#1183);
#1179 = LINE('',#1180,#1181);
#1180 = CARTESIAN_POINT('',(-0.,0.));
#1181 = VECTOR('',#1182,1.);
#1182 = DIRECTION('',(-0.,1.));
#1183 = ( GEOMETRIC_REPRESENTATION_CONTEXT(2) 
PARAMETRIC_REPRESENTATION_CONTEXT() REPRESENTATION_CONTEXT('2D SPACE',''
  ) );
#1184 = PCURVE('',#1185,#1190);
#1185 = PLANE('',#1186);
#1186 = AXIS2_PLACEMENT_3D('',#1187,#1188,#1189);
#1187 = CARTESIAN_POINT('',(60.5,-11.95,20.9));
#1188 = DIRECTION('',(0.,0.,1.));
#1189 = DIRECTION('',(1.,0.,0.));
#1190 = DEFINITIONAL_REPRESENTATION('',(#1191),#1195);
#1191 = LINE('',#1192,#1193);
#1192 = CARTESIAN_POINT('',(8.,20.9));
#1193 = VECTOR('',#1194,1.);
#1194 = DIRECTION('',(-0.,-1.));
#1195 = ( GEOMETRIC_REPRESENTATION_CONTEXT(2) 
PARAMETRIC_REPRESENTATION_CONTEXT() REPRESENTATION_CONTEXT('2D SPACE',''
  ) );
#1196 = ORIENTED_EDGE('',*,*,#1197,.T.);
#1197 = EDGE_CURVE('',#1168,#1198,#1200,.T.);
#1198 = VERTEX_POINT('',#1199);
#1199 = CARTESIAN_POINT('',(69.942116111519,8.95,20.285749299439));
#1200 = SURFACE_CURVE('',#1201,(#1206,#1212),.PCURVE_S1.);
#1201 = CIRCLE('',#1202,2.);
#1202 = AXIS2_PLACEMENT_3D('',#1203,#1204,#1205);
#1203 = CARTESIAN_POINT('',(68.5,8.95,18.9));
#1204 = DIRECTION('',(-6.123233995737E-17,1.,0.));
#1205 = DIRECTION('',(1.,6.123233995737E-17,0.));
#1206 = PCURVE('',#209,#1207);
#1207 = DEFINITIONAL_REPRESENTATION('',(#1208),#1211);
#1208 = B_SPLINE_CURVE_WITH_KNOTS('',1,(#1209,#1210),.UNSPECIFIED.,.F.,
  .F.,(2,2),(4.712388980385,6.28318530718),.PIECEWISE_BEZIER_KNOTS.);
#1209 = CARTESIAN_POINT('',(0.,0.));
#1210 = CARTESIAN_POINT('',(-1.570796326795,0.));
#1211 = ( GEOMETRIC_REPRESENTATION_CONTEXT(2) 
PARAMETRIC_REPRESENTATION_CONTEXT() REPRESENTATION_CONTEXT('2D SPACE',''
  ) );
#1212 = PCURVE('',#1213,#1230);
#1213 = SURFACE_OF_REVOLUTION('',#1214,#1227);
#1214 = B_SPLINE_CURVE_WITH_KNOTS('',6,(#1215,#1216,#1217,#1218,#1219,
    #1220,#1221,#1222,#1223,#1224,#1225,#1226),.UNSPECIFIED.,.F.,.F.,(7,
    5,7),(4.712388980385,5.497787143782,6.28318530718),.UNSPECIFIED.);
#1215 = CARTESIAN_POINT('',(67.5,9.95,20.9));
#1216 = CARTESIAN_POINT('',(67.5,10.211799387799,20.9));
#1217 = CARTESIAN_POINT('',(67.5,10.473598338322,20.858876809637));
#1218 = CARTESIAN_POINT('',(67.5,10.727325331457,20.77662935758));
#1219 = CARTESIAN_POINT('',(67.5,10.964895139958,20.655375011249));
#1220 = CARTESIAN_POINT('',(67.5,11.17909343995,20.499333684796));
#1221 = CARTESIAN_POINT('',(67.5,11.549333684796,20.12909343995));
#1222 = CARTESIAN_POINT('',(67.5,11.705375011249,19.914895139958));
#1223 = CARTESIAN_POINT('',(67.5,11.82662935758,19.677325331457));
#1224 = CARTESIAN_POINT('',(67.5,11.908876809637,19.423598338321));
#1225 = CARTESIAN_POINT('',(67.5,11.95,19.161799387799));
#1226 = CARTESIAN_POINT('',(67.5,11.95,18.9));
#1227 = AXIS1_PLACEMENT('',#1228,#1229);
#1228 = CARTESIAN_POINT('',(67.5,8.95,18.9));
#1229 = DIRECTION('',(-0.,-0.,-1.));
#1230 = DEFINITIONAL_REPRESENTATION('',(#1231),#1234);
#1231 = B_SPLINE_CURVE_WITH_KNOTS('',1,(#1232,#1233),.UNSPECIFIED.,.F.,
  .F.,(2,2),(4.712388980385,6.28318530718),.PIECEWISE_BEZIER_KNOTS.);
#1232 = CARTESIAN_POINT('',(1.570796326795,4.712388980385));
#1233 = CARTESIAN_POINT('',(1.570796326795,6.28318530718));
#1234 = ( GEOMETRIC_REPRESENTATION_CONTEXT(2) 
PARAMETRIC_REPRESENTATION_CONTEXT() REPRESENTATION_CONTEXT('2D SPACE',''
  ) );
#1235 = ORIENTED_EDGE('',*,*,#1236,.T.);
#1236 = EDGE_CURVE('',#1198,#165,#1237,.T.);
#1237 = SURFACE_CURVE('',#1238,(#1261,#1287),.PCURVE_S1.);
#1238 = B_SPLINE_CURVE_WITH_KNOTS('',6,(#1239,#1240,#1241,#1242,#1243,
    #1244,#1245,#1246,#1247,#1248,#1249,#1250,#1251,#1252,#1253,#1254,
    #1255,#1256,#1257,#1258,#1259,#1260),.UNSPECIFIED.,.F.,.F.,(7,5,5,5,
    7),(0.,0.414655263076,0.693302531646,0.809602312398,1.),
  .UNSPECIFIED.);
#1239 = CARTESIAN_POINT('',(69.942116045575,8.9500006,20.285749368066));
#1240 = CARTESIAN_POINT('',(69.959485420518,8.791962752798,
    20.267673477227));
#1241 = CARTESIAN_POINT('',(69.989233350314,8.637987593386,
    20.236170546771));
#1242 = CARTESIAN_POINT('',(70.02916896513,8.487861871812,
    20.192039769026));
#1243 = CARTESIAN_POINT('',(70.076288267315,8.341959874424,
    20.13539850277));
#1244 = CARTESIAN_POINT('',(70.127427021168,8.201280377035,
    20.066496297487));
#1245 = CARTESIAN_POINT('',(70.214646344801,7.976725377915,
    19.931579880022));
#1246 = CARTESIAN_POINT('',(70.250315380986,7.888963844797,
    19.871796967452));
#1247 = CARTESIAN_POINT('',(70.285830778301,7.803747009177,
    19.806306280056));
#1248 = CARTESIAN_POINT('',(70.320426536014,7.721262819098,
    19.734876008573));
#1249 = CARTESIAN_POINT('',(70.353256468837,7.641854469796,
    19.65724136876));
#1250 = CARTESIAN_POINT('',(70.395856252501,7.534400464912,
    19.538058105542));
#1251 = CARTESIAN_POINT('',(70.407918483652,7.503381612171,
    19.501834616502));
#1252 = CARTESIAN_POINT('',(70.419422967409,7.473030230699,
    19.46447157079));
#1253 = CARTESIAN_POINT('',(70.430289112122,7.443395072608,
    19.425959636503));
#1254 = CARTESIAN_POINT('',(70.440431384612,7.414529223602,
    19.386292029441));
#1255 = CARTESIAN_POINT('',(70.465030323083,7.340586459018,
    19.27862462184));
#1256 = CARTESIAN_POINT('',(70.478146825926,7.296813635627,
    19.208552530479));
#1257 = CARTESIAN_POINT('',(70.488645347838,7.25558469346,
    19.135423268052));
#1258 = CARTESIAN_POINT('',(70.496075146414,7.217266879327,
    19.059449725737));
#1259 = CARTESIAN_POINT('',(70.5,7.182182508462,18.980880877379));
#1260 = CARTESIAN_POINT('',(70.5,7.150609846808,18.9));
#1261 = PCURVE('',#209,#1262);
#1262 = DEFINITIONAL_REPRESENTATION('',(#1263),#1286);
#1263 = B_SPLINE_CURVE_WITH_KNOTS('',6,(#1264,#1265,#1266,#1267,#1268,
    #1269,#1270,#1271,#1272,#1273,#1274,#1275,#1276,#1277,#1278,#1279,
    #1280,#1281,#1282,#1283,#1284,#1285),.UNSPECIFIED.,.F.,.F.,(7,5,5,5,
    7),(0.,0.414655263076,0.693302531646,0.809602312398,1.),
  .UNSPECIFIED.);
#1264 = CARTESIAN_POINT('',(-0.805328112693,-6.000000023493E-07));
#1265 = CARTESIAN_POINT('',(-0.817862395835,0.158037247202));
#1266 = CARTESIAN_POINT('',(-0.839525559823,0.312012406614));
#1267 = CARTESIAN_POINT('',(-0.869276655504,0.462138128188));
#1268 = CARTESIAN_POINT('',(-0.906051323483,0.608040125576));
#1269 = CARTESIAN_POINT('',(-0.948864657262,0.748719622965));
#1270 = CARTESIAN_POINT('',(-1.029191567629,0.973274622085));
#1271 = CARTESIAN_POINT('',(-1.06397620773,1.061036155203));
#1272 = CARTESIAN_POINT('',(-1.101178113798,1.146252990823));
#1273 = CARTESIAN_POINT('',(-1.140790254001,1.228737180902));
#1274 = CARTESIAN_POINT('',(-1.182868219558,1.308145530204));
#1275 = CARTESIAN_POINT('',(-1.246152087565,1.415599535088));
#1276 = CARTESIAN_POINT('',(-1.26523716933,1.446618387829));
#1277 = CARTESIAN_POINT('',(-1.284776347512,1.476969769301));
#1278 = CARTESIAN_POINT('',(-1.304775120975,1.506604927392));
#1279 = CARTESIAN_POINT('',(-1.325240316549,1.535470776398));
#1280 = CARTESIAN_POINT('',(-1.380461187679,1.609413540982));
#1281 = CARTESIAN_POINT('',(-1.416077838312,1.653186364373));
#1282 = CARTESIAN_POINT('',(-1.452965670265,1.69441530654));
#1283 = CARTESIAN_POINT('',(-1.491071457968,1.732733120673));
#1284 = CARTESIAN_POINT('',(-1.530355888105,1.767817491538));
#1285 = CARTESIAN_POINT('',(-1.570796326795,1.799390153192));
#1286 = ( GEOMETRIC_REPRESENTATION_CONTEXT(2) 
PARAMETRIC_REPRESENTATION_CONTEXT() REPRESENTATION_CONTEXT('2D SPACE',''
  ) );
#1287 = PCURVE('',#181,#1288);
#1288 = DEFINITIONAL_REPRESENTATION('',(#1289),#1312);
#1289 = B_SPLINE_CURVE_WITH_KNOTS('',6,(#1290,#1291,#1292,#1293,#1294,
    #1295,#1296,#1297,#1298,#1299,#1300,#1301,#1302,#1303,#1304,#1305,
    #1306,#1307,#1308,#1309,#1310,#1311),.UNSPECIFIED.,.F.,.F.,(7,5,5,5,
    7),(0.,0.414655263076,0.693302531646,0.809602312398,1.),
  .UNSPECIFIED.);
#1290 = CARTESIAN_POINT('',(0.113882089948,2.942116045575));
#1291 = CARTESIAN_POINT('',(0.186185826831,2.959485420518));
#1292 = CARTESIAN_POINT('',(0.25734885444,2.989233350314));
#1293 = CARTESIAN_POINT('',(0.328103354374,3.02916896513));
#1294 = CARTESIAN_POINT('',(0.398858865932,3.076288267315));
#1295 = CARTESIAN_POINT('',(0.469801766263,3.127427021168));
#1296 = CARTESIAN_POINT('',(0.58887826377,3.214646344801));
#1297 = CARTESIAN_POINT('',(0.637067646205,3.250315380986));
#1298 = CARTESIAN_POINT('',(0.685798920701,3.285830778301));
#1299 = CARTESIAN_POINT('',(0.735264408629,3.320426536014));
#1300 = CARTESIAN_POINT('',(0.785643029139,3.353256468837));
#1301 = CARTESIAN_POINT('',(0.858584494119,3.395856252501));
#1302 = CARTESIAN_POINT('',(0.880254626325,3.407918483652));
#1303 = CARTESIAN_POINT('',(0.902124040924,3.419422967409));
#1304 = CARTESIAN_POINT('',(0.924200578871,3.430289112122));
#1305 = CARTESIAN_POINT('',(0.946491749836,3.440431384612));
#1306 = CARTESIAN_POINT('',(1.005861377638,3.465030323083));
#1307 = CARTESIAN_POINT('',(1.043380782908,3.478146825926));
#1308 = CARTESIAN_POINT('',(1.081481205325,3.488645347838));
#1309 = CARTESIAN_POINT('',(1.120094659884,3.496075146414));
#1310 = CARTESIAN_POINT('',(1.159161965767,3.5));
#1311 = CARTESIAN_POINT('',(1.198627792835,3.5));
#1312 = ( GEOMETRIC_REPRESENTATION_CONTEXT(2) 
PARAMETRIC_REPRESENTATION_CONTEXT() REPRESENTATION_CONTEXT('2D SPACE',''
  ) );
#1313 = ORIENTED_EDGE('',*,*,#193,.T.);
#1314 = ORIENTED_EDGE('',*,*,#1084,.T.);
#1315 = ORIENTED_EDGE('',*,*,#1316,.F.);
#1316 = EDGE_CURVE('',#1170,#1056,#1317,.T.);
#1317 = SURFACE_CURVE('',#1318,(#1323,#1329),.PCURVE_S1.);
#1318 = CIRCLE('',#1319,2.);
#1319 = AXIS2_PLACEMENT_3D('',#1320,#1321,#1322);
#1320 = CARTESIAN_POINT('',(68.5,-8.95,18.9));
#1321 = DIRECTION('',(0.,1.,0.));
#1322 = DIRECTION('',(0.,-0.,1.));
#1323 = PCURVE('',#209,#1324);
#1324 = DEFINITIONAL_REPRESENTATION('',(#1325),#1328);
#1325 = B_SPLINE_CURVE_WITH_KNOTS('',1,(#1326,#1327),.UNSPECIFIED.,.F.,
  .F.,(2,2),(0.,1.570796326795),.PIECEWISE_BEZIER_KNOTS.);
#1326 = CARTESIAN_POINT('',(0.,17.9));
#1327 = CARTESIAN_POINT('',(-1.570796326795,17.9));
#1328 = ( GEOMETRIC_REPRESENTATION_CONTEXT(2) 
PARAMETRIC_REPRESENTATION_CONTEXT() REPRESENTATION_CONTEXT('2D SPACE',''
  ) );
#1329 = PCURVE('',#408,#1330);
#1330 = DEFINITIONAL_REPRESENTATION('',(#1331),#1334);
#1331 = B_SPLINE_CURVE_WITH_KNOTS('',1,(#1332,#1333),.UNSPECIFIED.,.F.,
  .F.,(2,2),(0.,1.570796326795),.PIECEWISE_BEZIER_KNOTS.);
#1332 = CARTESIAN_POINT('',(0.,4.712388980385));
#1333 = CARTESIAN_POINT('',(0.,6.28318530718));
#1334 = ( GEOMETRIC_REPRESENTATION_CONTEXT(2) 
PARAMETRIC_REPRESENTATION_CONTEXT() REPRESENTATION_CONTEXT('2D SPACE',''
  ) );
#1335 = ADVANCED_FACE('',(#1336),#181,.F.);
#1336 = FACE_BOUND('',#1337,.F.);
#1337 = EDGE_LOOP('',(#1338,#1367,#1390,#1419,#1441,#1442,#1525,#1648,
    #1649));
#1338 = ORIENTED_EDGE('',*,*,#1339,.T.);
#1339 = EDGE_CURVE('',#1198,#1340,#1342,.T.);
#1340 = VERTEX_POINT('',#1341);
#1341 = CARTESIAN_POINT('',(69.915382241265,9.2,20.3));
#1342 = SURFACE_CURVE('',#1343,(#1349,#1358),.PCURVE_S1.);
#1343 = B_SPLINE_CURVE_WITH_KNOTS('',4,(#1344,#1345,#1346,#1347,#1348),
  .UNSPECIFIED.,.F.,.F.,(5,5),(0.,1.),.PIECEWISE_BEZIER_KNOTS.);
#1344 = CARTESIAN_POINT('',(69.942116111519,8.95,20.285749299439));
#1345 = CARTESIAN_POINT('',(69.93527968707,9.012202081657,
    20.292863802653));
#1346 = CARTESIAN_POINT('',(69.928507073847,9.074687280022,
    20.297619694794));
#1347 = CARTESIAN_POINT('',(69.921868663716,9.137331241605,20.3));
#1348 = CARTESIAN_POINT('',(69.915382241265,9.2,20.3));
#1349 = PCURVE('',#181,#1350);
#1350 = DEFINITIONAL_REPRESENTATION('',(#1351),#1357);
#1351 = B_SPLINE_CURVE_WITH_KNOTS('',4,(#1352,#1353,#1354,#1355,#1356),
  .UNSPECIFIED.,.F.,.F.,(5,5),(0.,1.),.PIECEWISE_BEZIER_KNOTS.);
#1352 = CARTESIAN_POINT('',(0.113882364453,2.942116111519));
#1353 = CARTESIAN_POINT('',(8.54243516003E-02,2.93527968707));
#1354 = CARTESIAN_POINT('',(5.696032078127E-02,2.928507073847));
#1355 = CARTESIAN_POINT('',(2.848579927062E-02,2.921868663716));
#1356 = CARTESIAN_POINT('',(0.,2.915382241265));
#1357 = ( GEOMETRIC_REPRESENTATION_CONTEXT(2) 
PARAMETRIC_REPRESENTATION_CONTEXT() REPRESENTATION_CONTEXT('2D SPACE',''
  ) );
#1358 = PCURVE('',#1213,#1359);
#1359 = DEFINITIONAL_REPRESENTATION('',(#1360),#1366);
#1360 = B_SPLINE_CURVE_WITH_KNOTS('',4,(#1361,#1362,#1363,#1364,#1365),
  .UNSPECIFIED.,.F.,.F.,(5,5),(0.,1.),.PIECEWISE_BEZIER_KNOTS.);
#1361 = CARTESIAN_POINT('',(1.570796326795,5.517717140665));
#1362 = CARTESIAN_POINT('',(1.545325759952,5.51278376314));
#1363 = CARTESIAN_POINT('',(1.519548551428,5.509454516378));
#1364 = CARTESIAN_POINT('',(1.493605980264,5.507787810569));
#1365 = CARTESIAN_POINT('',(1.467660290457,5.507787810569));
#1366 = ( GEOMETRIC_REPRESENTATION_CONTEXT(2) 
PARAMETRIC_REPRESENTATION_CONTEXT() REPRESENTATION_CONTEXT('2D SPACE',''
  ) );
#1367 = ORIENTED_EDGE('',*,*,#1368,.F.);
#1368 = EDGE_CURVE('',#1369,#1340,#1371,.T.);
#1369 = VERTEX_POINT('',#1370);
#1370 = CARTESIAN_POINT('',(67.,9.2,20.3));
#1371 = SEAM_CURVE('',#1372,(#1376,#1383),.PCURVE_S1.);
#1372 = LINE('',#1373,#1374);
#1373 = CARTESIAN_POINT('',(67.,9.2,20.3));
#1374 = VECTOR('',#1375,1.);
#1375 = DIRECTION('',(1.,0.,0.));
#1376 = PCURVE('',#181,#1377);
#1377 = DEFINITIONAL_REPRESENTATION('',(#1378),#1382);
#1378 = LINE('',#1379,#1380);
#1379 = CARTESIAN_POINT('',(6.28318530718,-0.));
#1380 = VECTOR('',#1381,1.);
#1381 = DIRECTION('',(0.,1.));
#1382 = ( GEOMETRIC_REPRESENTATION_CONTEXT(2) 
PARAMETRIC_REPRESENTATION_CONTEXT() REPRESENTATION_CONTEXT('2D SPACE',''
  ) );
#1383 = PCURVE('',#181,#1384);
#1384 = DEFINITIONAL_REPRESENTATION('',(#1385),#1389);
#1385 = LINE('',#1386,#1387);
#1386 = CARTESIAN_POINT('',(0.,-0.));
#1387 = VECTOR('',#1388,1.);
#1388 = DIRECTION('',(0.,1.));
#1389 = ( GEOMETRIC_REPRESENTATION_CONTEXT(2) 
PARAMETRIC_REPRESENTATION_CONTEXT() REPRESENTATION_CONTEXT('2D SPACE',''
  ) );
#1390 = ORIENTED_EDGE('',*,*,#1391,.T.);
#1391 = EDGE_CURVE('',#1369,#1392,#1394,.T.);
#1392 = VERTEX_POINT('',#1393);
#1393 = CARTESIAN_POINT('',(67.,7.,18.1));
#1394 = SURFACE_CURVE('',#1395,(#1400,#1407),.PCURVE_S1.);
#1395 = CIRCLE('',#1396,2.2);
#1396 = AXIS2_PLACEMENT_3D('',#1397,#1398,#1399);
#1397 = CARTESIAN_POINT('',(67.,9.2,18.1));
#1398 = DIRECTION('',(1.,0.,0.));
#1399 = DIRECTION('',(-0.,0.,1.));
#1400 = PCURVE('',#181,#1401);
#1401 = DEFINITIONAL_REPRESENTATION('',(#1402),#1406);
#1402 = LINE('',#1403,#1404);
#1403 = CARTESIAN_POINT('',(0.,0.));
#1404 = VECTOR('',#1405,1.);
#1405 = DIRECTION('',(1.,0.));
#1406 = ( GEOMETRIC_REPRESENTATION_CONTEXT(2) 
PARAMETRIC_REPRESENTATION_CONTEXT() REPRESENTATION_CONTEXT('2D SPACE',''
  ) );
#1407 = PCURVE('',#1408,#1413);
#1408 = PLANE('',#1409);
#1409 = AXIS2_PLACEMENT_3D('',#1410,#1411,#1412);
#1410 = CARTESIAN_POINT('',(67.,9.2,18.1));
#1411 = DIRECTION('',(1.,0.,0.));
#1412 = DIRECTION('',(-0.,0.,1.));
#1413 = DEFINITIONAL_REPRESENTATION('',(#1414),#1418);
#1414 = CIRCLE('',#1415,2.2);
#1415 = AXIS2_PLACEMENT_2D('',#1416,#1417);
#1416 = CARTESIAN_POINT('',(0.,0.));
#1417 = DIRECTION('',(1.,0.));
#1418 = ( GEOMETRIC_REPRESENTATION_CONTEXT(2) 
PARAMETRIC_REPRESENTATION_CONTEXT() REPRESENTATION_CONTEXT('2D SPACE',''
  ) );
#1419 = ORIENTED_EDGE('',*,*,#1420,.T.);
#1420 = EDGE_CURVE('',#1392,#1369,#1421,.T.);
#1421 = SURFACE_CURVE('',#1422,(#1427,#1434),.PCURVE_S1.);
#1422 = CIRCLE('',#1423,2.2);
#1423 = AXIS2_PLACEMENT_3D('',#1424,#1425,#1426);
#1424 = CARTESIAN_POINT('',(67.,9.2,18.1));
#1425 = DIRECTION('',(1.,0.,0.));
#1426 = DIRECTION('',(-0.,0.,1.));
#1427 = PCURVE('',#181,#1428);
#1428 = DEFINITIONAL_REPRESENTATION('',(#1429),#1433);
#1429 = LINE('',#1430,#1431);
#1430 = CARTESIAN_POINT('',(0.,0.));
#1431 = VECTOR('',#1432,1.);
#1432 = DIRECTION('',(1.,0.));
#1433 = ( GEOMETRIC_REPRESENTATION_CONTEXT(2) 
PARAMETRIC_REPRESENTATION_CONTEXT() REPRESENTATION_CONTEXT('2D SPACE',''
  ) );
#1434 = PCURVE('',#1408,#1435);
#1435 = DEFINITIONAL_REPRESENTATION('',(#1436),#1440);
#1436 = CIRCLE('',#1437,2.2);
#1437 = AXIS2_PLACEMENT_2D('',#1438,#1439);
#1438 = CARTESIAN_POINT('',(0.,0.));
#1439 = DIRECTION('',(1.,0.));
#1440 = ( GEOMETRIC_REPRESENTATION_CONTEXT(2) 
PARAMETRIC_REPRESENTATION_CONTEXT() REPRESENTATION_CONTEXT('2D SPACE',''
  ) );
#1441 = ORIENTED_EDGE('',*,*,#1368,.T.);
#1442 = ORIENTED_EDGE('',*,*,#1443,.T.);
#1443 = EDGE_CURVE('',#1340,#1444,#1446,.T.);
#1444 = VERTEX_POINT('',#1445);
#1445 = CARTESIAN_POINT('',(69.426864012691,11.249390153192,18.9));
#1446 = SURFACE_CURVE('',#1447,(#1471,#1498),.PCURVE_S1.);
#1447 = B_SPLINE_CURVE_WITH_KNOTS('',8,(#1448,#1449,#1450,#1451,#1452,
    #1453,#1454,#1455,#1456,#1457,#1458,#1459,#1460,#1461,#1462,#1463,
    #1464,#1465,#1466,#1467,#1468,#1469,#1470),.UNSPECIFIED.,.F.,.F.,(9,
    7,7,9),(0.,2.288851712444E-02,0.450320889324,1.),.UNSPECIFIED.);
#1448 = CARTESIAN_POINT('',(69.915382241265,9.2,20.3));
#1449 = CARTESIAN_POINT('',(69.914576898788,9.207780839663,20.3));
#1450 = CARTESIAN_POINT('',(69.913773561767,9.21556200732,
    20.299968549903));
#1451 = CARTESIAN_POINT('',(69.912972248486,9.223343355642,
    20.299905645039));
#1452 = CARTESIAN_POINT('',(69.91217297408,9.231124736847,
    20.299811281584));
#1453 = CARTESIAN_POINT('',(69.91137575053,9.2389060027,20.299685456561)
  );
#1454 = CARTESIAN_POINT('',(69.91058058667,9.246687004514,
    20.299528167841));
#1455 = CARTESIAN_POINT('',(69.909787488178,9.25446759315,
    20.299339414141));
#1456 = CARTESIAN_POINT('',(69.89422433055,9.407535970095,
    20.295006705831));
#1457 = CARTESIAN_POINT('',(69.880169135191,9.552671017586,
    20.279919826724));
#1458 = CARTESIAN_POINT('',(69.86685729678,9.696574659882,
    20.253847386937));
#1459 = CARTESIAN_POINT('',(69.853922742554,9.838242654608,
    20.216925619181));
#1460 = CARTESIAN_POINT('',(69.840598677464,9.976625359902,
    20.16938997009));
#1461 = CARTESIAN_POINT('',(69.826095399531,10.110634282555,
    20.111674995122));
#1462 = CARTESIAN_POINT('',(69.809688356594,10.239238805559,
    20.044404016187));
#1463 = CARTESIAN_POINT('',(69.766438745613,10.518727059008,
    19.870658860015));
#1464 = CARTESIAN_POINT('',(69.737924538815,10.665652899374,
    19.758357191726));
#1465 = CARTESIAN_POINT('',(69.703926379866,10.800153846239,
    19.633235926853));
#1466 = CARTESIAN_POINT('',(69.663427324256,10.920638142586,
    19.497477711461));
#1467 = CARTESIAN_POINT('',(69.615804567616,11.026052532723,
    19.353540487308));
#1468 = CARTESIAN_POINT('',(69.560621519954,11.115856334258,
    19.204079404465));
#1469 = CARTESIAN_POINT('',(69.497636701989,11.190083407053,
    19.051928326944));
#1470 = CARTESIAN_POINT('',(69.426864012691,11.249390153192,18.9));
#1471 = PCURVE('',#181,#1472);
#1472 = DEFINITIONAL_REPRESENTATION('',(#1473),#1497);
#1473 = B_SPLINE_CURVE_WITH_KNOTS('',8,(#1474,#1475,#1476,#1477,#1478,
    #1479,#1480,#1481,#1482,#1483,#1484,#1485,#1486,#1487,#1488,#1489,
    #1490,#1491,#1492,#1493,#1494,#1495,#1496),.UNSPECIFIED.,.F.,.F.,(9,
    7,7,9),(0.,2.288851712444E-02,0.450320889324,1.),.UNSPECIFIED.);
#1474 = CARTESIAN_POINT('',(6.28318530718,2.915382241265));
#1475 = CARTESIAN_POINT('',(6.279648561878,2.914576898788));
#1476 = CARTESIAN_POINT('',(6.276111667491,2.913773561767));
#1477 = CARTESIAN_POINT('',(6.272574623569,2.912972248486));
#1478 = CARTESIAN_POINT('',(6.269037429847,2.91217297408));
#1479 = CARTESIAN_POINT('',(6.265500086251,2.91137575053));
#1480 = CARTESIAN_POINT('',(6.261962592891,2.91058058667));
#1481 = CARTESIAN_POINT('',(6.258424950065,2.909787488179));
#1482 = CARTESIAN_POINT('',(6.188820547862,2.89422433055));
#1483 = CARTESIAN_POINT('',(6.122682473213,2.880169135191));
#1484 = CARTESIAN_POINT('',(6.056523041112,2.86685729678));
#1485 = CARTESIAN_POINT('',(5.990357607658,2.853922742554));
#1486 = CARTESIAN_POINT('',(5.924229894613,2.840598677464));
#1487 = CARTESIAN_POINT('',(5.858220549297,2.826095399531));
#1488 = CARTESIAN_POINT('',(5.79243133088,2.809688356594));
#1489 = CARTESIAN_POINT('',(5.64284439058,2.766438745613));
#1490 = CARTESIAN_POINT('',(5.559176066635,2.737924538815));
#1491 = CARTESIAN_POINT('',(5.476319823914,2.703926379866));
#1492 = CARTESIAN_POINT('',(5.39454900364,2.663427324256));
#1493 = CARTESIAN_POINT('',(5.314135182865,2.615804567616));
#1494 = CARTESIAN_POINT('',(5.235384884236,2.560621519954));
#1495 = CARTESIAN_POINT('',(5.158690947019,2.497636701989));
#1496 = CARTESIAN_POINT('',(5.084557514345,2.426864012691));
#1497 = ( GEOMETRIC_REPRESENTATION_CONTEXT(2) 
PARAMETRIC_REPRESENTATION_CONTEXT() REPRESENTATION_CONTEXT('2D SPACE',''
  ) );
#1498 = PCURVE('',#1213,#1499);
#1499 = DEFINITIONAL_REPRESENTATION('',(#1500),#1524);
#1500 = B_SPLINE_CURVE_WITH_KNOTS('',8,(#1501,#1502,#1503,#1504,#1505,
    #1506,#1507,#1508,#1509,#1510,#1511,#1512,#1513,#1514,#1515,#1516,
    #1517,#1518,#1519,#1520,#1521,#1522,#1523),.UNSPECIFIED.,.F.,.F.,(9,
    7,7,9),(0.,2.288851712444E-02,0.450320889324,1.),.UNSPECIFIED.);
#1501 = CARTESIAN_POINT('',(1.467660290457,5.507787810569));
#1502 = CARTESIAN_POINT('',(1.464438920552,5.507787810569));
#1503 = CARTESIAN_POINT('',(1.461217501186,5.507809830047));
#1504 = CARTESIAN_POINT('',(1.457996206391,5.507853872263));
#1505 = CARTESIAN_POINT('',(1.454775210028,5.507919937229));
#1506 = CARTESIAN_POINT('',(1.45155468578,5.508008021709));
#1507 = CARTESIAN_POINT('',(1.448334807161,5.50811811922));
#1508 = CARTESIAN_POINT('',(1.445115747508,5.508250220032));
#1509 = CARTESIAN_POINT('',(1.381801771353,5.511281891174));
#1510 = CARTESIAN_POINT('',(1.322034486834,5.52182930165));
#1511 = CARTESIAN_POINT('',(1.263761545743,5.539966835186));
#1512 = CARTESIAN_POINT('',(1.208060366454,5.565197915442));
#1513 = CARTESIAN_POINT('',(1.155597142675,5.59664987029));
#1514 = CARTESIAN_POINT('',(1.106564018385,5.633422550761));
#1515 = CARTESIAN_POINT('',(1.060945639702,5.674670447724));
#1516 = CARTESIAN_POINT('',(0.964081781376,5.777434682865));
#1517 = CARTESIAN_POINT('',(0.914893205402,5.841443812283));
#1518 = CARTESIAN_POINT('',(0.87070727879,5.910008883326));
#1519 = CARTESIAN_POINT('',(0.830725183582,5.981764035954));
#1520 = CARTESIAN_POINT('',(0.794152741052,6.05574797832));
#1521 = CARTESIAN_POINT('',(0.760242245428,6.131145424756));
#1522 = CARTESIAN_POINT('',(0.728258586031,6.207221143707));
#1523 = CARTESIAN_POINT('',(0.697479690505,6.28318530718));
#1524 = ( GEOMETRIC_REPRESENTATION_CONTEXT(2) 
PARAMETRIC_REPRESENTATION_CONTEXT() REPRESENTATION_CONTEXT('2D SPACE',''
  ) );
#1525 = ORIENTED_EDGE('',*,*,#1526,.F.);
#1526 = EDGE_CURVE('',#142,#1444,#1527,.T.);
#1527 = SURFACE_CURVE('',#1528,(#1566,#1607),.PCURVE_S1.);
#1528 = B_SPLINE_CURVE_WITH_KNOTS('',6,(#1529,#1530,#1531,#1532,#1533,
    #1534,#1535,#1536,#1537,#1538,#1539,#1540,#1541,#1542,#1543,#1544,
    #1545,#1546,#1547,#1548,#1549,#1550,#1551,#1552,#1553,#1554,#1555,
    #1556,#1557,#1558,#1559,#1560,#1561,#1562,#1563,#1564,#1565),
  .UNSPECIFIED.,.F.,.F.,(7,5,5,5,5,5,5,7),(0.,0.136635507573,
    0.279210664232,0.474943655035,0.673403865093,0.808778747655,
    0.91914690969,1.),.UNSPECIFIED.);
#1529 = CARTESIAN_POINT('',(70.5,8.95,15.914250700561));
#1530 = CARTESIAN_POINT('',(70.5,9.078192648057,15.899588377657));
#1531 = CARTESIAN_POINT('',(70.493426613041,9.207777999886,
    15.89390694213));
#1532 = CARTESIAN_POINT('',(70.480012306783,9.337008588173,
    15.897502321688));
#1533 = CARTESIAN_POINT('',(70.45997311751,9.464113242605,
    15.910122394225));
#1534 = CARTESIAN_POINT('',(70.434036846825,9.587372890275,
    15.930992790149));
#1535 = CARTESIAN_POINT('',(70.37142349151,9.828100058578,15.9877874801)
  );
#1536 = CARTESIAN_POINT('',(70.334266199802,9.945320884015,
    16.024382788077));
#1537 = CARTESIAN_POINT('',(70.292818625959,10.056595362838,
    16.067505241533));
#1538 = CARTESIAN_POINT('',(70.2479463371,10.16180394287,16.116201700202
    ));
#1539 = CARTESIAN_POINT('',(70.200476664805,10.260922250115,
    16.16961296545));
#1540 = CARTESIAN_POINT('',(70.083525470208,10.481763671752,
    16.30567444681));
#1541 = CARTESIAN_POINT('',(70.012206628141,10.598569882716,
    16.392068940058));
#1542 = CARTESIAN_POINT('',(69.938848613915,10.70505822438,
    16.484619699316));
#1543 = CARTESIAN_POINT('',(69.864713579497,10.801979730196,
    16.582441211041));
#1544 = CARTESIAN_POINT('',(69.790864201569,10.889971022698,
    16.685122002237));
#1545 = CARTESIAN_POINT('',(69.64519218972,11.050004959273,
    16.901724056905));
#1546 = CARTESIAN_POINT('',(69.573482820314,11.121729035774,
    17.015676256085));
#1547 = CARTESIAN_POINT('',(69.504682348078,11.18506711174,
    17.134533525354));
#1548 = CARTESIAN_POINT('',(69.440449686112,11.239942009561,
    17.258413752949));
#1549 = CARTESIAN_POINT('',(69.383242635109,11.286015726505,
    17.387334571273));
#1550 = CARTESIAN_POINT('',(69.303730312681,11.347544396794,
    17.613113742929));
#1551 = CARTESIAN_POINT('',(69.275943972716,11.368205656239,
    17.707611846747));
#1552 = CARTESIAN_POINT('',(69.25400259337,11.383977791387,
    17.804112340651));
#1553 = CARTESIAN_POINT('',(69.238935870145,11.394624347129,
    17.901968244072));
#1554 = CARTESIAN_POINT('',(69.231328969318,11.4,18.000725363317));
#1555 = CARTESIAN_POINT('',(69.231328969318,11.4,18.180936426167));
#1556 = CARTESIAN_POINT('',(69.236385216665,11.396426896625,
    18.261661603972));
#1557 = CARTESIAN_POINT('',(69.246448591412,11.389315604494,
    18.34189176824));
#1558 = CARTESIAN_POINT('',(69.26124599538,11.378741128376,
    18.421318832903));
#1559 = CARTESIAN_POINT('',(69.280275314792,11.364832576388,
    18.499553527083));
#1560 = CARTESIAN_POINT('',(69.319360178296,11.33544671589,
    18.632131685584));
#1561 = CARTESIAN_POINT('',(69.337812250804,11.321359688775,
    18.687377170684));
#1562 = CARTESIAN_POINT('',(69.357988523419,11.305663689645,
    18.7418067394));
#1563 = CARTESIAN_POINT('',(69.379687402916,11.288405425971,
    18.795405764947));
#1564 = CARTESIAN_POINT('',(69.402710281336,11.269630723131,
    18.848149013905));
#1565 = CARTESIAN_POINT('',(69.426864292189,11.249389918976,18.9000006)
  );
#1566 = PCURVE('',#181,#1567);
#1567 = DEFINITIONAL_REPRESENTATION('',(#1568),#1606);
#1568 = B_SPLINE_CURVE_WITH_KNOTS('',6,(#1569,#1570,#1571,#1572,#1573,
    #1574,#1575,#1576,#1577,#1578,#1579,#1580,#1581,#1582,#1583,#1584,
    #1585,#1586,#1587,#1588,#1589,#1590,#1591,#1592,#1593,#1594,#1595,
    #1596,#1597,#1598,#1599,#1600,#1601,#1602,#1603,#1604,#1605),
  .UNSPECIFIED.,.F.,.F.,(7,5,5,5,5,5,5,7),(0.,0.136635507573,
    0.279210664232,0.474943655035,0.673403865093,0.808778747655,
    0.91914690969,1.),.UNSPECIFIED.);
#1569 = CARTESIAN_POINT('',(3.027710289137,3.5));
#1570 = CARTESIAN_POINT('',(3.08635958075,3.5));
#1571 = CARTESIAN_POINT('',(3.145173916656,3.493426613041));
#1572 = CARTESIAN_POINT('',(3.203712086255,3.480012306783));
#1573 = CARTESIAN_POINT('',(3.261560164922,3.45997311751));
#1574 = CARTESIAN_POINT('',(3.318268518007,3.434036846825));
#1575 = CARTESIAN_POINT('',(3.430694073142,3.37142349151));
#1576 = CARTESIAN_POINT('',(3.486372530096,3.334266199802));
#1577 = CARTESIAN_POINT('',(3.540440760567,3.292818625959));
#1578 = CARTESIAN_POINT('',(3.592987966401,3.2479463371));
#1579 = CARTESIAN_POINT('',(3.644080530431,3.200476664805));
#1580 = CARTESIAN_POINT('',(3.761985503567,3.083525470208));
#1581 = CARTESIAN_POINT('',(3.82778771947,3.012206628141));
#1582 = CARTESIAN_POINT('',(3.891635343208,2.938848613915));
#1583 = CARTESIAN_POINT('',(3.953980523926,2.864713579497));
#1584 = CARTESIAN_POINT('',(4.01528646374,2.790864201569));
#1585 = CARTESIAN_POINT('',(4.137699623161,2.64519218972));
#1586 = CARTESIAN_POINT('',(4.198732645661,2.573482820314));
#1587 = CARTESIAN_POINT('',(4.259712602661,2.504682348078));
#1588 = CARTESIAN_POINT('',(4.321052196041,2.440449686112));
#1589 = CARTESIAN_POINT('',(4.383097486441,2.383242635109));
#1590 = CARTESIAN_POINT('',(4.489466961437,2.303730312681));
#1591 = CARTESIAN_POINT('',(4.53337854441,2.275943972716));
#1592 = CARTESIAN_POINT('',(4.577728875566,2.25400259337));
#1593 = CARTESIAN_POINT('',(4.62237462786,2.238935870145));
#1594 = CARTESIAN_POINT('',(4.667264145529,2.231328969318));
#1595 = CARTESIAN_POINT('',(4.749178265006,2.231328969318));
#1596 = CARTESIAN_POINT('',(4.78587150175,2.236385216665));
#1597 = CARTESIAN_POINT('',(4.822429512124,2.246448591412));
#1598 = CARTESIAN_POINT('',(4.858798916352,2.26124599538));
#1599 = CARTESIAN_POINT('',(4.894885585054,2.280275314792));
#1600 = CARTESIAN_POINT('',(4.956610944692,2.319360178296));
#1601 = CARTESIAN_POINT('',(4.98251317183,2.337812250804));
#1602 = CARTESIAN_POINT('',(5.008243507771,2.357988523419));
#1603 = CARTESIAN_POINT('',(5.033820628891,2.379687402916));
#1604 = CARTESIAN_POINT('',(5.059256820897,2.402710281336));
#1605 = CARTESIAN_POINT('',(5.084557807115,2.426864292189));
#1606 = ( GEOMETRIC_REPRESENTATION_CONTEXT(2) 
PARAMETRIC_REPRESENTATION_CONTEXT() REPRESENTATION_CONTEXT('2D SPACE',''
  ) );
#1607 = PCURVE('',#100,#1608);
#1608 = DEFINITIONAL_REPRESENTATION('',(#1609),#1647);
#1609 = B_SPLINE_CURVE_WITH_KNOTS('',6,(#1610,#1611,#1612,#1613,#1614,
    #1615,#1616,#1617,#1618,#1619,#1620,#1621,#1622,#1623,#1624,#1625,
    #1626,#1627,#1628,#1629,#1630,#1631,#1632,#1633,#1634,#1635,#1636,
    #1637,#1638,#1639,#1640,#1641,#1642,#1643,#1644,#1645,#1646),
  .UNSPECIFIED.,.F.,.F.,(7,5,5,5,5,5,5,7),(0.,0.136635507573,
    0.279210664232,0.474943655035,0.673403865093,0.808778747655,
    0.91914690969,1.),.UNSPECIFIED.);
#1610 = CARTESIAN_POINT('',(0.,15.914250700561));
#1611 = CARTESIAN_POINT('',(4.27308826858E-02,15.899588377657));
#1612 = CARTESIAN_POINT('',(8.592604521521E-02,15.89390694213));
#1613 = CARTESIAN_POINT('',(0.129143131931,15.897502321688));
#1614 = CARTESIAN_POINT('',(0.171948511292,15.910122394225));
#1615 = CARTESIAN_POINT('',(0.213888336852,15.930992790149));
#1616 = CARTESIAN_POINT('',(0.296800607638,15.9877874801));
#1617 = CARTESIAN_POINT('',(0.33773379333,16.024382788077));
#1618 = CARTESIAN_POINT('',(0.377245338338,16.067505241533));
#1619 = CARTESIAN_POINT('',(0.415315169097,16.116201700202));
#1620 = CARTESIAN_POINT('',(0.451918355934,16.16961296545));
#1621 = CARTESIAN_POINT('',(0.535217359148,16.30567444681));
#1622 = CARTESIAN_POINT('',(0.580751398771,16.392068940058));
#1623 = CARTESIAN_POINT('',(0.623765733508,16.484619699316));
#1624 = CARTESIAN_POINT('',(0.664374551735,16.582441211041));
#1625 = CARTESIAN_POINT('',(0.702635145467,16.685122002237));
#1626 = CARTESIAN_POINT('',(0.774770200816,16.901724056905));
#1627 = CARTESIAN_POINT('',(0.808540949603,17.015676256085));
#1628 = CARTESIAN_POINT('',(0.839676612757,17.134533525354));
#1629 = CARTESIAN_POINT('',(0.86781740085,17.258413752949));
#1630 = CARTESIAN_POINT('',(0.89229749262,17.387334571273));
#1631 = CARTESIAN_POINT('',(0.925810320488,17.613113742929));
#1632 = CARTESIAN_POINT('',(0.9373501811,17.707611846747));
#1633 = CARTESIAN_POINT('',(0.946356650445,17.804112340651));
#1634 = CARTESIAN_POINT('',(0.952506441201,17.901968244072));
#1635 = CARTESIAN_POINT('',(0.955611276664,18.000725363317));
#1636 = CARTESIAN_POINT('',(0.955611276664,18.180936426167));
#1637 = CARTESIAN_POINT('',(0.953547507327,18.261661603972));
#1638 = CARTESIAN_POINT('',(0.949439982629,18.34189176824));
#1639 = CARTESIAN_POINT('',(0.943377718189,18.421318832903));
#1640 = CARTESIAN_POINT('',(0.935521655625,18.499553527083));
#1641 = CARTESIAN_POINT('',(0.919221841883,18.632131685584));
#1642 = CARTESIAN_POINT('',(0.911483804851,18.687377170684));
#1643 = CARTESIAN_POINT('',(0.902963521865,18.7418067394));
#1644 = CARTESIAN_POINT('',(0.893722690876,18.795405764947));
#1645 = CARTESIAN_POINT('',(0.88382104494,18.848149013905));
#1646 = CARTESIAN_POINT('',(0.873316514737,18.9000006));
#1647 = ( GEOMETRIC_REPRESENTATION_CONTEXT(2) 
PARAMETRIC_REPRESENTATION_CONTEXT() REPRESENTATION_CONTEXT('2D SPACE',''
  ) );
#1648 = ORIENTED_EDGE('',*,*,#164,.F.);
#1649 = ORIENTED_EDGE('',*,*,#1236,.F.);
#1650 = ADVANCED_FACE('',(#1651),#100,.T.);
#1651 = FACE_BOUND('',#1652,.T.);
#1652 = EDGE_LOOP('',(#1653,#1654,#1678,#1706,#1728,#1729,#1730,#1768));
#1653 = ORIENTED_EDGE('',*,*,#84,.F.);
#1654 = ORIENTED_EDGE('',*,*,#1655,.T.);
#1655 = EDGE_CURVE('',#57,#1656,#1658,.T.);
#1656 = VERTEX_POINT('',#1657);
#1657 = CARTESIAN_POINT('',(67.5,11.95,0.));
#1658 = SURFACE_CURVE('',#1659,(#1664,#1671),.PCURVE_S1.);
#1659 = CIRCLE('',#1660,3.);
#1660 = AXIS2_PLACEMENT_3D('',#1661,#1662,#1663);
#1661 = CARTESIAN_POINT('',(67.5,8.95,0.));
#1662 = DIRECTION('',(0.,0.,1.));
#1663 = DIRECTION('',(0.,-1.,0.));
#1664 = PCURVE('',#100,#1665);
#1665 = DEFINITIONAL_REPRESENTATION('',(#1666),#1670);
#1666 = LINE('',#1667,#1668);
#1667 = CARTESIAN_POINT('',(-1.570796326795,0.));
#1668 = VECTOR('',#1669,1.);
#1669 = DIRECTION('',(1.,0.));
#1670 = ( GEOMETRIC_REPRESENTATION_CONTEXT(2) 
PARAMETRIC_REPRESENTATION_CONTEXT() REPRESENTATION_CONTEXT('2D SPACE',''
  ) );
#1671 = PCURVE('',#72,#1672);
#1672 = DEFINITIONAL_REPRESENTATION('',(#1673),#1677);
#1673 = CIRCLE('',#1674,3.);
#1674 = AXIS2_PLACEMENT_2D('',#1675,#1676);
#1675 = CARTESIAN_POINT('',(7.,20.9));
#1676 = DIRECTION('',(0.,-1.));
#1677 = ( GEOMETRIC_REPRESENTATION_CONTEXT(2) 
PARAMETRIC_REPRESENTATION_CONTEXT() REPRESENTATION_CONTEXT('2D SPACE',''
  ) );
#1678 = ORIENTED_EDGE('',*,*,#1679,.T.);
#1679 = EDGE_CURVE('',#1656,#1680,#1682,.T.);
#1680 = VERTEX_POINT('',#1681);
#1681 = CARTESIAN_POINT('',(67.5,11.95,18.9));
#1682 = SURFACE_CURVE('',#1683,(#1687,#1694),.PCURVE_S1.);
#1683 = LINE('',#1684,#1685);
#1684 = CARTESIAN_POINT('',(67.5,11.95,0.));
#1685 = VECTOR('',#1686,1.);
#1686 = DIRECTION('',(0.,0.,1.));
#1687 = PCURVE('',#100,#1688);
#1688 = DEFINITIONAL_REPRESENTATION('',(#1689),#1693);
#1689 = LINE('',#1690,#1691);
#1690 = CARTESIAN_POINT('',(1.570796326795,0.));
#1691 = VECTOR('',#1692,1.);
#1692 = DIRECTION('',(0.,1.));
#1693 = ( GEOMETRIC_REPRESENTATION_CONTEXT(2) 
PARAMETRIC_REPRESENTATION_CONTEXT() REPRESENTATION_CONTEXT('2D SPACE',''
  ) );
#1694 = PCURVE('',#1695,#1700);
#1695 = PLANE('',#1696);
#1696 = AXIS2_PLACEMENT_3D('',#1697,#1698,#1699);
#1697 = CARTESIAN_POINT('',(60.5,11.95,0.));
#1698 = DIRECTION('',(0.,1.,0.));
#1699 = DIRECTION('',(0.,0.,1.));
#1700 = DEFINITIONAL_REPRESENTATION('',(#1701),#1705);
#1701 = LINE('',#1702,#1703);
#1702 = CARTESIAN_POINT('',(0.,7.));
#1703 = VECTOR('',#1704,1.);
#1704 = DIRECTION('',(1.,0.));
#1705 = ( GEOMETRIC_REPRESENTATION_CONTEXT(2) 
PARAMETRIC_REPRESENTATION_CONTEXT() REPRESENTATION_CONTEXT('2D SPACE',''
  ) );
#1706 = ORIENTED_EDGE('',*,*,#1707,.T.);
#1707 = EDGE_CURVE('',#1680,#1444,#1708,.T.);
#1708 = SURFACE_CURVE('',#1709,(#1714,#1721),.PCURVE_S1.);
#1709 = CIRCLE('',#1710,3.);
#1710 = AXIS2_PLACEMENT_3D('',#1711,#1712,#1713);
#1711 = CARTESIAN_POINT('',(67.5,8.95,18.9));
#1712 = DIRECTION('',(0.,-0.,-1.));
#1713 = DIRECTION('',(0.,1.,-0.));
#1714 = PCURVE('',#100,#1715);
#1715 = DEFINITIONAL_REPRESENTATION('',(#1716),#1720);
#1716 = LINE('',#1717,#1718);
#1717 = CARTESIAN_POINT('',(1.570796326795,18.9));
#1718 = VECTOR('',#1719,1.);
#1719 = DIRECTION('',(-1.,-0.));
#1720 = ( GEOMETRIC_REPRESENTATION_CONTEXT(2) 
PARAMETRIC_REPRESENTATION_CONTEXT() REPRESENTATION_CONTEXT('2D SPACE',''
  ) );
#1721 = PCURVE('',#1213,#1722);
#1722 = DEFINITIONAL_REPRESENTATION('',(#1723),#1727);
#1723 = LINE('',#1724,#1725);
#1724 = CARTESIAN_POINT('',(0.,6.28318530718));
#1725 = VECTOR('',#1726,1.);
#1726 = DIRECTION('',(1.,0.));
#1727 = ( GEOMETRIC_REPRESENTATION_CONTEXT(2) 
PARAMETRIC_REPRESENTATION_CONTEXT() REPRESENTATION_CONTEXT('2D SPACE',''
  ) );
#1728 = ORIENTED_EDGE('',*,*,#1526,.F.);
#1729 = ORIENTED_EDGE('',*,*,#141,.F.);
#1730 = ORIENTED_EDGE('',*,*,#1731,.F.);
#1731 = EDGE_CURVE('',#1732,#113,#1734,.T.);
#1732 = VERTEX_POINT('',#1733);
#1733 = CARTESIAN_POINT('',(70.489565185775,9.2,5.));
#1734 = SURFACE_CURVE('',#1735,(#1744,#1756),.PCURVE_S1.);
#1735 = B_SPLINE_CURVE_WITH_KNOTS('',4,(#1736,#1737,#1738,#1739,#1740,
    #1741,#1742,#1743),.UNSPECIFIED.,.F.,.F.,(5,3,5),(0.,0.396781329568,
    1.),.UNSPECIFIED.);
#1736 = CARTESIAN_POINT('',(70.489565185775,9.2,5.));
#1737 = CARTESIAN_POINT('',(70.49163874283,9.175203864069,5.));
#1738 = CARTESIAN_POINT('',(70.493439224881,9.15037111828,4.999627366571
    ));
#1739 = CARTESIAN_POINT('',(70.494964172147,9.12552291623,4.998879612458
    ));
#1740 = CARTESIAN_POINT('',(70.498112798053,9.0629140825,4.996050249114)
  );
#1741 = CARTESIAN_POINT('',(70.499375048629,9.025161316745,
    4.993477048664));
#1742 = CARTESIAN_POINT('',(70.5,8.9874991257,4.990038346416));
#1743 = CARTESIAN_POINT('',(70.5,8.95,4.985749299439));
#1744 = PCURVE('',#100,#1745);
#1745 = DEFINITIONAL_REPRESENTATION('',(#1746),#1755);
#1746 = B_SPLINE_CURVE_WITH_KNOTS('',4,(#1747,#1748,#1749,#1750,#1751,
    #1752,#1753,#1754),.UNSPECIFIED.,.F.,.F.,(5,3,5),(0.,0.396781329568,
    1.),.UNSPECIFIED.);
#1747 = CARTESIAN_POINT('',(8.343008661062E-02,5.));
#1748 = CARTESIAN_POINT('',(7.513585839017E-02,5.));
#1749 = CARTESIAN_POINT('',(6.683705580925E-02,4.999627366571));
#1750 = CARTESIAN_POINT('',(5.85392459147E-02,4.998879612458));
#1751 = CARTESIAN_POINT('',(3.764326037219E-02,4.996050249114));
#1752 = CARTESIAN_POINT('',(2.505376405328E-02,4.993477048664));
#1753 = CARTESIAN_POINT('',(1.249970856672E-02,4.990038346416));
#1754 = CARTESIAN_POINT('',(0.,4.985749299439));
#1755 = ( GEOMETRIC_REPRESENTATION_CONTEXT(2) 
PARAMETRIC_REPRESENTATION_CONTEXT() REPRESENTATION_CONTEXT('2D SPACE',''
  ) );
#1756 = PCURVE('',#129,#1757);
#1757 = DEFINITIONAL_REPRESENTATION('',(#1758),#1767);
#1758 = B_SPLINE_CURVE_WITH_KNOTS('',4,(#1759,#1760,#1761,#1762,#1763,
    #1764,#1765,#1766),.UNSPECIFIED.,.F.,.F.,(5,3,5),(0.,0.396781329568,
    1.),.UNSPECIFIED.);
#1759 = CARTESIAN_POINT('',(0.,3.489565185775));
#1760 = CARTESIAN_POINT('',(1.12709708776E-02,3.49163874283));
#1761 = CARTESIAN_POINT('',(2.255858046999E-02,3.493439224881));
#1762 = CARTESIAN_POINT('',(3.385704439578E-02,3.494964172147));
#1763 = CARTESIAN_POINT('',(6.234464992874E-02,3.498112798053));
#1764 = CARTESIAN_POINT('',(7.95402878231E-02,3.499375048629));
#1765 = CARTESIAN_POINT('',(9.672617654564E-02,3.5));
#1766 = CARTESIAN_POINT('',(0.113882364453,3.5));
#1767 = ( GEOMETRIC_REPRESENTATION_CONTEXT(2) 
PARAMETRIC_REPRESENTATION_CONTEXT() REPRESENTATION_CONTEXT('2D SPACE',''
  ) );
#1768 = ORIENTED_EDGE('',*,*,#1769,.F.);
#1769 = EDGE_CURVE('',#85,#1732,#1770,.T.);
#1770 = SURFACE_CURVE('',#1771,(#1834,#1900),.PCURVE_S1.);
#1771 = B_SPLINE_CURVE_WITH_KNOTS('',6,(#1772,#1773,#1774,#1775,#1776,
    #1777,#1778,#1779,#1780,#1781,#1782,#1783,#1784,#1785,#1786,#1787,
    #1788,#1789,#1790,#1791,#1792,#1793,#1794,#1795,#1796,#1797,#1798,
    #1799,#1800,#1801,#1802,#1803,#1804,#1805,#1806,#1807,#1808,#1809,
    #1810,#1811,#1812,#1813,#1814,#1815,#1816,#1817,#1818,#1819,#1820,
    #1821,#1822,#1823,#1824,#1825,#1826,#1827,#1828,#1829,#1830,#1831,
    #1832,#1833),.UNSPECIFIED.,.F.,.F.,(7,5,5,5,5,5,5,5,5,5,5,5,7),(0.,
    8.681553491697E-02,0.177636501793,0.30202743885,0.427943492721,
    0.459984479581,0.51408098319,0.568952395343,0.60095411858,
    0.726271263601,0.84894962406,0.899145283406,1.),.UNSPECIFIED.);
#1772 = CARTESIAN_POINT('',(70.5,8.95,0.614250700561));
#1773 = CARTESIAN_POINT('',(70.5,9.078192648057,0.599588377657));
#1774 = CARTESIAN_POINT('',(70.493426613041,9.207777999886,0.59390694213
    ));
#1775 = CARTESIAN_POINT('',(70.480012306783,9.337008588173,
    0.597502321688));
#1776 = CARTESIAN_POINT('',(70.45997311751,9.464113242605,0.610122394225
    ));
#1777 = CARTESIAN_POINT('',(70.434036846825,9.587372890275,
    0.630992790149));
#1778 = CARTESIAN_POINT('',(70.371341787676,9.828414182178,
    0.687861591188));
#1779 = CARTESIAN_POINT('',(70.334073578728,9.945930323742,0.72457233247
    ));
#1780 = CARTESIAN_POINT('',(70.292491965153,10.057474074509,
    0.767844862789));
#1781 = CARTESIAN_POINT('',(70.247470483791,10.162919746486,
    0.816718036008));
#1782 = CARTESIAN_POINT('',(70.1998457921,10.262238003209,0.870323060623
    ));
#1783 = CARTESIAN_POINT('',(70.082695876922,10.48315739157,
    1.006672735181));
#1784 = CARTESIAN_POINT('',(70.011340031823,10.59988329292,
    1.093147333507));
#1785 = CARTESIAN_POINT('',(69.937954893133,10.706293183325,
    1.18577227131));
#1786 = CARTESIAN_POINT('',(69.863801789603,10.803138258835,
    1.28366477215));
#1787 = CARTESIAN_POINT('',(69.789943627436,10.891054392473,
    1.386415824407));
#1788 = CARTESIAN_POINT('',(69.644398099564,11.050803494937,
    1.60298167924));
#1789 = CARTESIAN_POINT('',(69.572818076037,11.122348038038,
    1.716812451339));
#1790 = CARTESIAN_POINT('',(69.504149768974,11.185530726067,
    1.835534834082));
#1791 = CARTESIAN_POINT('',(69.440048231894,11.240273227353,
    1.959265811081));
#1792 = CARTESIAN_POINT('',(69.382962854266,11.286237920258,
    2.088023271418));
#1793 = CARTESIAN_POINT('',(69.323791584116,11.332019009412,
    2.256175933129));
#1794 = CARTESIAN_POINT('',(69.31243537327,11.340688633518,
    2.290614692731));
#1795 = CARTESIAN_POINT('',(69.301781066851,11.348724805787,
    2.325363126993));
#1796 = CARTESIAN_POINT('',(69.291881065125,11.356112291408,
    2.360404383769));
#1797 = CARTESIAN_POINT('',(69.282784721174,11.362837176334,
    2.395724713785));
#1798 = CARTESIAN_POINT('',(69.260615538115,11.379100882526,
    2.491399863176));
#1799 = CARTESIAN_POINT('',(69.249102249694,11.387398909915,
    2.552305903164));
#1800 = CARTESIAN_POINT('',(69.240271527428,11.39368136539,
    2.613806537176));
#1801 = CARTESIAN_POINT('',(69.234313102503,11.397890805797,
    2.675701869751));
#1802 = CARTESIAN_POINT('',(69.231328969318,11.4,2.737816690299));
#1803 = CARTESIAN_POINT('',(69.231328969318,11.4,2.863074058174));
#1804 = CARTESIAN_POINT('',(69.234399181857,11.397829943496,
    2.926075030326));
#1805 = CARTESIAN_POINT('',(69.240528947249,11.393499516918,
    2.98884714744));
#1806 = CARTESIAN_POINT('',(69.249610488386,11.387037324817,
    3.05120880654));
#1807 = CARTESIAN_POINT('',(69.26144369771,11.378503809529,
    3.112952059077));
#1808 = CARTESIAN_POINT('',(69.284079253124,11.361880644616,
    3.209353964934));
#1809 = CARTESIAN_POINT('',(69.2932607089,11.355085069159,3.244595917716
    ));
#1810 = CARTESIAN_POINT('',(69.303238931881,11.347630020328,
    3.27955766705));
#1811 = CARTESIAN_POINT('',(69.313964657868,11.33952934111,
    3.314225876273));
#1812 = CARTESIAN_POINT('',(69.32538571808,11.330798141616,
    3.348584162652));
#1813 = CARTESIAN_POINT('',(69.384678568271,11.284856905902,
    3.515868701112));
#1814 = CARTESIAN_POINT('',(69.44166528589,11.23889727614,3.643890943527
    ));
#1815 = CARTESIAN_POINT('',(69.505554483606,11.184250629975,
    3.766932655843));
#1816 = CARTESIAN_POINT('',(69.573941953438,11.121247096512,
    3.885014002784));
#1817 = CARTESIAN_POINT('',(69.645201528156,11.049958437367,
    3.998252118055));
#1818 = CARTESIAN_POINT('',(69.789419987431,10.891592899412,
    4.212767257291));
#1819 = CARTESIAN_POINT('',(69.862245308392,10.804954244567,
    4.314146877285));
#1820 = CARTESIAN_POINT('',(69.935369110388,10.709633527749,
    4.410798447931));
#1821 = CARTESIAN_POINT('',(70.007768729971,10.605024334637,
    4.502333534202));
#1822 = CARTESIAN_POINT('',(70.078239016648,10.490409075616,
    4.587916873151));
#1823 = CARTESIAN_POINT('',(70.172660336021,10.313915173581,
    4.698115655025));
#1824 = CARTESIAN_POINT('',(70.199504723608,10.260872907643,
    4.728886917413));
#1825 = CARTESIAN_POINT('',(70.225664295764,10.206003627666,
    4.758324374255));
#1826 = CARTESIAN_POINT('',(70.251017417453,10.149281609221,
    4.78630593014));
#1827 = CARTESIAN_POINT('',(70.275434081855,10.090687566389,
    4.81269486895));
#1828 = CARTESIAN_POINT('',(70.345675693512,9.908694559668,
    4.886856435992));
#1829 = CARTESIAN_POINT('',(70.388645567228,9.77851532801,4.929762860068
    ));
#1830 = CARTESIAN_POINT('',(70.425788416408,9.640964618476,
    4.963928512879));
#1831 = CARTESIAN_POINT('',(70.455591352864,9.497554452529,
    4.987732170353));
#1832 = CARTESIAN_POINT('',(70.477024090782,9.34996968393,5.));
#1833 = CARTESIAN_POINT('',(70.489565185775,9.2,5.));
#1834 = PCURVE('',#100,#1835);
#1835 = DEFINITIONAL_REPRESENTATION('',(#1836),#1899);
#1836 = B_SPLINE_CURVE_WITH_KNOTS('',6,(#1837,#1838,#1839,#1840,#1841,
    #1842,#1843,#1844,#1845,#1846,#1847,#1848,#1849,#1850,#1851,#1852,
    #1853,#1854,#1855,#1856,#1857,#1858,#1859,#1860,#1861,#1862,#1863,
    #1864,#1865,#1866,#1867,#1868,#1869,#1870,#1871,#1872,#1873,#1874,
    #1875,#1876,#1877,#1878,#1879,#1880,#1881,#1882,#1883,#1884,#1885,
    #1886,#1887,#1888,#1889,#1890,#1891,#1892,#1893,#1894,#1895,#1896,
    #1897,#1898),.UNSPECIFIED.,.F.,.F.,(7,5,5,5,5,5,5,5,5,5,5,5,7),(0.,
    8.681553491697E-02,0.177636501793,0.30202743885,0.427943492721,
    0.459984479581,0.51408098319,0.568952395343,0.60095411858,
    0.726271263601,0.84894962406,0.899145283406,1.),.UNSPECIFIED.);
#1837 = CARTESIAN_POINT('',(0.,0.614250700561));
#1838 = CARTESIAN_POINT('',(4.27308826858E-02,0.599588377657));
#1839 = CARTESIAN_POINT('',(8.592604521521E-02,0.59390694213));
#1840 = CARTESIAN_POINT('',(0.129143131931,0.597502321688));
#1841 = CARTESIAN_POINT('',(0.171948511292,0.610122394225));
#1842 = CARTESIAN_POINT('',(0.213888336852,0.630992790149));
#1843 = CARTESIAN_POINT('',(0.296908799419,0.687861591188));
#1844 = CARTESIAN_POINT('',(0.337946558818,0.72457233247));
#1845 = CARTESIAN_POINT('',(0.377557274103,0.767844862789));
#1846 = CARTESIAN_POINT('',(0.415718902979,0.816718036008));
#1847 = CARTESIAN_POINT('',(0.452404356201,0.870323060623));
#1848 = CARTESIAN_POINT('',(0.535757339738,1.006672735181));
#1849 = CARTESIAN_POINT('',(0.58127505138,1.093147333507));
#1850 = CARTESIAN_POINT('',(0.624273086518,1.18577227131));
#1851 = CARTESIAN_POINT('',(0.664865413226,1.28366477215));
#1852 = CARTESIAN_POINT('',(0.703108756198,1.386415824407));
#1853 = CARTESIAN_POINT('',(0.775145225683,1.60298167924));
#1854 = CARTESIAN_POINT('',(0.80884341322,1.716812451339));
#1855 = CARTESIAN_POINT('',(0.839911811529,1.835534834082));
#1856 = CARTESIAN_POINT('',(0.867990837966,1.959265811081));
#1857 = CARTESIAN_POINT('',(0.892416575689,2.088023271418));
#1858 = CARTESIAN_POINT('',(0.917354604069,2.256175933129));
#1859 = CARTESIAN_POINT('',(0.922116933267,2.290614692731));
#1860 = CARTESIAN_POINT('',(0.926565223946,2.325363126993));
#1861 = CARTESIAN_POINT('',(0.930682661637,2.360404383769));
#1862 = CARTESIAN_POINT('',(0.934453400615,2.395724713785));
#1863 = CARTESIAN_POINT('',(0.943618435721,2.491399863176));
#1864 = CARTESIAN_POINT('',(0.948348943773,2.552305903164));
#1865 = CARTESIAN_POINT('',(0.951961380366,2.613806537176));
#1866 = CARTESIAN_POINT('',(0.954393192299,2.675701869751));
#1867 = CARTESIAN_POINT('',(0.955611276664,2.737816690299));
#1868 = CARTESIAN_POINT('',(0.955611276664,2.863074058174));
#1869 = CARTESIAN_POINT('',(0.954358052088,2.926075030326));
#1870 = CARTESIAN_POINT('',(0.951856321425,2.98884714744));
#1871 = CARTESIAN_POINT('',(0.94814103362,3.05120880654));
#1872 = CARTESIAN_POINT('',(0.94327813051,3.112952059077));
#1873 = CARTESIAN_POINT('',(0.933916874774,3.209353964934));
#1874 = CARTESIAN_POINT('',(0.930109315147,3.244595917716));
#1875 = CARTESIAN_POINT('',(0.925957512707,3.27955766705));
#1876 = CARTESIAN_POINT('',(0.921477268749,3.314225876273));
#1877 = CARTESIAN_POINT('',(0.916685303521,3.348584162652));
#1878 = CARTESIAN_POINT('',(0.891682549845,3.515868701112));
#1879 = CARTESIAN_POINT('',(0.867283523219,3.643890943527));
#1880 = CARTESIAN_POINT('',(0.839278973286,3.766932655843));
#1881 = CARTESIAN_POINT('',(0.808319471338,3.885014002784));
#1882 = CARTESIAN_POINT('',(0.774756638541,3.998252118055));
#1883 = CARTESIAN_POINT('',(0.703358998051,4.212767257291));
#1884 = CARTESIAN_POINT('',(0.665661947782,4.314146877285));
#1885 = CARTESIAN_POINT('',(0.625678805967,4.410798447931));
#1886 = CARTESIAN_POINT('',(0.583357217882,4.502333534202));
#1887 = CARTESIAN_POINT('',(0.538589208784,4.587916873151));
#1888 = CARTESIAN_POINT('',(0.471867995259,4.698115655025));
#1889 = CARTESIAN_POINT('',(0.452057007752,4.728886917413));
#1890 = CARTESIAN_POINT('',(0.431803618913,4.758324374255));
#1891 = CARTESIAN_POINT('',(0.411103360008,4.78630593014));
#1892 = CARTESIAN_POINT('',(0.389951501096,4.81269486895));
#1893 = CARTESIAN_POINT('',(0.324925575922,4.886856435992));
#1894 = CARTESIAN_POINT('',(0.27928565041,4.929762860068));
#1895 = CARTESIAN_POINT('',(0.231905672501,4.963928512879));
#1896 = CARTESIAN_POINT('',(0.183213672562,4.987732170353));
#1897 = CARTESIAN_POINT('',(0.133594466582,5.));
#1898 = CARTESIAN_POINT('',(8.343008661062E-02,5.));
#1899 = ( GEOMETRIC_REPRESENTATION_CONTEXT(2) 
PARAMETRIC_REPRESENTATION_CONTEXT() REPRESENTATION_CONTEXT('2D SPACE',''
  ) );
#1900 = PCURVE('',#129,#1901);
#1901 = DEFINITIONAL_REPRESENTATION('',(#1902),#1965);
#1902 = B_SPLINE_CURVE_WITH_KNOTS('',6,(#1903,#1904,#1905,#1906,#1907,
    #1908,#1909,#1910,#1911,#1912,#1913,#1914,#1915,#1916,#1917,#1918,
    #1919,#1920,#1921,#1922,#1923,#1924,#1925,#1926,#1927,#1928,#1929,
    #1930,#1931,#1932,#1933,#1934,#1935,#1936,#1937,#1938,#1939,#1940,
    #1941,#1942,#1943,#1944,#1945,#1946,#1947,#1948,#1949,#1950,#1951,
    #1952,#1953,#1954,#1955,#1956,#1957,#1958,#1959,#1960,#1961,#1962,
    #1963,#1964),.UNSPECIFIED.,.F.,.F.,(7,5,5,5,5,5,5,5,5,5,5,5,7),(0.,
    8.681553491697E-02,0.177636501793,0.30202743885,0.427943492721,
    0.459984479581,0.51408098319,0.568952395343,0.60095411858,
    0.726271263601,0.84894962406,0.899145283406,1.),.UNSPECIFIED.);
#1903 = CARTESIAN_POINT('',(3.027710289137,3.5));
#1904 = CARTESIAN_POINT('',(3.08635958075,3.5));
#1905 = CARTESIAN_POINT('',(3.145173916656,3.493426613041));
#1906 = CARTESIAN_POINT('',(3.203712086255,3.480012306783));
#1907 = CARTESIAN_POINT('',(3.261560164922,3.45997311751));
#1908 = CARTESIAN_POINT('',(3.318268518007,3.434036846825));
#1909 = CARTESIAN_POINT('',(3.43084077665,3.371341787676));
#1910 = CARTESIAN_POINT('',(3.486661917858,3.334073578728));
#1911 = CARTESIAN_POINT('',(3.540867562073,3.292491965153));
#1912 = CARTESIAN_POINT('',(3.593545213807,3.247470483791));
#1913 = CARTESIAN_POINT('',(3.644759008982,3.1998457921));
#1914 = CARTESIAN_POINT('',(3.762762904689,3.082695876922));
#1915 = CARTESIAN_POINT('',(3.828557556601,3.011340031823));
#1916 = CARTESIAN_POINT('',(3.892400483098,2.937954893133));
#1917 = CARTESIAN_POINT('',(3.954744152644,2.863801789603));
#1918 = CARTESIAN_POINT('',(4.016052076144,2.789943627436));
#1919 = CARTESIAN_POINT('',(4.138375101636,2.644398099564));
#1920 = CARTESIAN_POINT('',(4.19931875711,2.572818076037));
#1921 = CARTESIAN_POINT('',(4.260212389546,2.504149768974));
#1922 = CARTESIAN_POINT('',(4.321466602258,2.440048231894));
#1923 = CARTESIAN_POINT('',(4.38342607077,2.382962854266));
#1924 = CARTESIAN_POINT('',(4.462641262783,2.323791584116));
#1925 = CARTESIAN_POINT('',(4.47878067113,2.31243537327));
#1926 = CARTESIAN_POINT('',(4.494987729646,2.301781066851));
#1927 = CARTESIAN_POINT('',(4.511261011298,2.291881065125));
#1928 = CARTESIAN_POINT('',(4.527600918821,2.282784721174));
#1929 = CARTESIAN_POINT('',(4.571713477588,2.260615538115));
#1930 = CARTESIAN_POINT('',(4.599638579501,2.249102249694));
#1931 = CARTESIAN_POINT('',(4.627715014452,2.240271527428));
#1932 = CARTESIAN_POINT('',(4.655889788975,2.234313102503));
#1933 = CARTESIAN_POINT('',(4.684123839612,2.231328969318));
#1934 = CARTESIAN_POINT('',(4.741059006827,2.231328969318));
#1935 = CARTESIAN_POINT('',(4.769695857728,2.234399181857));
#1936 = CARTESIAN_POINT('',(4.798270931277,2.240528947249));
#1937 = CARTESIAN_POINT('',(4.826744023786,2.249610488386));
#1938 = CARTESIAN_POINT('',(4.855060058891,2.26144369771));
#1939 = CARTESIAN_POINT('',(4.899525797082,2.284079253124));
#1940 = CARTESIAN_POINT('',(4.915836779203,2.2932607089));
#1941 = CARTESIAN_POINT('',(4.93208110153,2.303238931881));
#1942 = CARTESIAN_POINT('',(4.948259304335,2.313964657868));
#1943 = CARTESIAN_POINT('',(4.964370129775,2.32538571808));
#1944 = CARTESIAN_POINT('',(5.043223893824,2.384678568271));
#1945 = CARTESIAN_POINT('',(5.104870882578,2.44166528589));
#1946 = CARTESIAN_POINT('',(5.165824585905,2.505554483606));
#1947 = CARTESIAN_POINT('',(5.226426134379,2.573941953438));
#1948 = CARTESIAN_POINT('',(5.287082189021,2.645201528156));
#1949 = CARTESIAN_POINT('',(5.408281761966,2.789419987431));
#1950 = CARTESIAN_POINT('',(5.468745001828,2.862245308392));
#1951 = CARTESIAN_POINT('',(5.530210494029,2.935369110388));
#1952 = CARTESIAN_POINT('',(5.593123138461,3.007768729971));
#1953 = CARTESIAN_POINT('',(5.657917503295,3.078239016648));
#1954 = CARTESIAN_POINT('',(5.752495588772,3.172660336021));
#1955 = CARTESIAN_POINT('',(5.780354392189,3.199504723608));
#1956 = CARTESIAN_POINT('',(5.808633835933,3.225664295764));
#1957 = CARTESIAN_POINT('',(5.837357044888,3.251017417453));
#1958 = CARTESIAN_POINT('',(5.866548025267,3.275434081855));
#1959 = CARTESIAN_POINT('',(5.955876780738,3.345675693512));
#1960 = CARTESIAN_POINT('',(6.018033927641,3.388645567228));
#1961 = CARTESIAN_POINT('',(6.082176615941,3.425788416408));
#1962 = CARTESIAN_POINT('',(6.147933289885,3.455591352864));
#1963 = CARTESIAN_POINT('',(6.21501726903,3.477024090782));
#1964 = CARTESIAN_POINT('',(6.28318530718,3.489565185775));
#1965 = ( GEOMETRIC_REPRESENTATION_CONTEXT(2) 
PARAMETRIC_REPRESENTATION_CONTEXT() REPRESENTATION_CONTEXT('2D SPACE',''
  ) );
#1966 = ADVANCED_FACE('',(#1967),#129,.F.);
#1967 = FACE_BOUND('',#1968,.F.);
#1968 = EDGE_LOOP('',(#1969,#1970,#1993,#2022,#2044,#2045,#2046));
#1969 = ORIENTED_EDGE('',*,*,#1731,.F.);
#1970 = ORIENTED_EDGE('',*,*,#1971,.F.);
#1971 = EDGE_CURVE('',#1972,#1732,#1974,.T.);
#1972 = VERTEX_POINT('',#1973);
#1973 = CARTESIAN_POINT('',(67.,9.2,5.));
#1974 = SEAM_CURVE('',#1975,(#1979,#1986),.PCURVE_S1.);
#1975 = LINE('',#1976,#1977);
#1976 = CARTESIAN_POINT('',(67.,9.2,5.));
#1977 = VECTOR('',#1978,1.);
#1978 = DIRECTION('',(1.,0.,0.));
#1979 = PCURVE('',#129,#1980);
#1980 = DEFINITIONAL_REPRESENTATION('',(#1981),#1985);
#1981 = LINE('',#1982,#1983);
#1982 = CARTESIAN_POINT('',(6.28318530718,-0.));
#1983 = VECTOR('',#1984,1.);
#1984 = DIRECTION('',(0.,1.));
#1985 = ( GEOMETRIC_REPRESENTATION_CONTEXT(2) 
PARAMETRIC_REPRESENTATION_CONTEXT() REPRESENTATION_CONTEXT('2D SPACE',''
  ) );
#1986 = PCURVE('',#129,#1987);
#1987 = DEFINITIONAL_REPRESENTATION('',(#1988),#1992);
#1988 = LINE('',#1989,#1990);
#1989 = CARTESIAN_POINT('',(0.,-0.));
#1990 = VECTOR('',#1991,1.);
#1991 = DIRECTION('',(0.,1.));
#1992 = ( GEOMETRIC_REPRESENTATION_CONTEXT(2) 
PARAMETRIC_REPRESENTATION_CONTEXT() REPRESENTATION_CONTEXT('2D SPACE',''
  ) );
#1993 = ORIENTED_EDGE('',*,*,#1994,.T.);
#1994 = EDGE_CURVE('',#1972,#1995,#1997,.T.);
#1995 = VERTEX_POINT('',#1996);
#1996 = CARTESIAN_POINT('',(67.,7.,2.8));
#1997 = SURFACE_CURVE('',#1998,(#2003,#2010),.PCURVE_S1.);
#1998 = CIRCLE('',#1999,2.2);
#1999 = AXIS2_PLACEMENT_3D('',#2000,#2001,#2002);
#2000 = CARTESIAN_POINT('',(67.,9.2,2.8));
#2001 = DIRECTION('',(1.,0.,0.));
#2002 = DIRECTION('',(-0.,0.,1.));
#2003 = PCURVE('',#129,#2004);
#2004 = DEFINITIONAL_REPRESENTATION('',(#2005),#2009);
#2005 = LINE('',#2006,#2007);
#2006 = CARTESIAN_POINT('',(0.,0.));
#2007 = VECTOR('',#2008,1.);
#2008 = DIRECTION('',(1.,0.));
#2009 = ( GEOMETRIC_REPRESENTATION_CONTEXT(2) 
PARAMETRIC_REPRESENTATION_CONTEXT() REPRESENTATION_CONTEXT('2D SPACE',''
  ) );
#2010 = PCURVE('',#2011,#2016);
#2011 = PLANE('',#2012);
#2012 = AXIS2_PLACEMENT_3D('',#2013,#2014,#2015);
#2013 = CARTESIAN_POINT('',(67.,9.2,2.8));
#2014 = DIRECTION('',(1.,0.,0.));
#2015 = DIRECTION('',(-0.,0.,1.));
#2016 = DEFINITIONAL_REPRESENTATION('',(#2017),#2021);
#2017 = CIRCLE('',#2018,2.2);
#2018 = AXIS2_PLACEMENT_2D('',#2019,#2020);
#2019 = CARTESIAN_POINT('',(0.,0.));
#2020 = DIRECTION('',(1.,0.));
#2021 = ( GEOMETRIC_REPRESENTATION_CONTEXT(2) 
PARAMETRIC_REPRESENTATION_CONTEXT() REPRESENTATION_CONTEXT('2D SPACE',''
  ) );
#2022 = ORIENTED_EDGE('',*,*,#2023,.T.);
#2023 = EDGE_CURVE('',#1995,#1972,#2024,.T.);
#2024 = SURFACE_CURVE('',#2025,(#2030,#2037),.PCURVE_S1.);
#2025 = CIRCLE('',#2026,2.2);
#2026 = AXIS2_PLACEMENT_3D('',#2027,#2028,#2029);
#2027 = CARTESIAN_POINT('',(67.,9.2,2.8));
#2028 = DIRECTION('',(1.,0.,0.));
#2029 = DIRECTION('',(-0.,0.,1.));
#2030 = PCURVE('',#129,#2031);
#2031 = DEFINITIONAL_REPRESENTATION('',(#2032),#2036);
#2032 = LINE('',#2033,#2034);
#2033 = CARTESIAN_POINT('',(0.,0.));
#2034 = VECTOR('',#2035,1.);
#2035 = DIRECTION('',(1.,0.));
#2036 = ( GEOMETRIC_REPRESENTATION_CONTEXT(2) 
PARAMETRIC_REPRESENTATION_CONTEXT() REPRESENTATION_CONTEXT('2D SPACE',''
  ) );
#2037 = PCURVE('',#2011,#2038);
#2038 = DEFINITIONAL_REPRESENTATION('',(#2039),#2043);
#2039 = CIRCLE('',#2040,2.2);
#2040 = AXIS2_PLACEMENT_2D('',#2041,#2042);
#2041 = CARTESIAN_POINT('',(0.,0.));
#2042 = DIRECTION('',(1.,0.));
#2043 = ( GEOMETRIC_REPRESENTATION_CONTEXT(2) 
PARAMETRIC_REPRESENTATION_CONTEXT() REPRESENTATION_CONTEXT('2D SPACE',''
  ) );
#2044 = ORIENTED_EDGE('',*,*,#1971,.T.);
#2045 = ORIENTED_EDGE('',*,*,#1769,.F.);
#2046 = ORIENTED_EDGE('',*,*,#112,.F.);
#2047 = ADVANCED_FACE('',(#2048),#72,.F.);
#2048 = FACE_BOUND('',#2049,.F.);
#2049 = EDGE_LOOP('',(#2050,#2073,#2101,#2122,#2123,#2124));
#2050 = ORIENTED_EDGE('',*,*,#2051,.F.);
#2051 = EDGE_CURVE('',#2052,#1656,#2054,.T.);
#2052 = VERTEX_POINT('',#2053);
#2053 = CARTESIAN_POINT('',(60.5,11.95,0.));
#2054 = SURFACE_CURVE('',#2055,(#2059,#2066),.PCURVE_S1.);
#2055 = LINE('',#2056,#2057);
#2056 = CARTESIAN_POINT('',(60.5,11.95,0.));
#2057 = VECTOR('',#2058,1.);
#2058 = DIRECTION('',(1.,0.,0.));
#2059 = PCURVE('',#72,#2060);
#2060 = DEFINITIONAL_REPRESENTATION('',(#2061),#2065);
#2061 = LINE('',#2062,#2063);
#2062 = CARTESIAN_POINT('',(0.,23.9));
#2063 = VECTOR('',#2064,1.);
#2064 = DIRECTION('',(1.,0.));
#2065 = ( GEOMETRIC_REPRESENTATION_CONTEXT(2) 
PARAMETRIC_REPRESENTATION_CONTEXT() REPRESENTATION_CONTEXT('2D SPACE',''
  ) );
#2066 = PCURVE('',#1695,#2067);
#2067 = DEFINITIONAL_REPRESENTATION('',(#2068),#2072);
#2068 = LINE('',#2069,#2070);
#2069 = CARTESIAN_POINT('',(0.,0.));
#2070 = VECTOR('',#2071,1.);
#2071 = DIRECTION('',(0.,1.));
#2072 = ( GEOMETRIC_REPRESENTATION_CONTEXT(2) 
PARAMETRIC_REPRESENTATION_CONTEXT() REPRESENTATION_CONTEXT('2D SPACE',''
  ) );
#2073 = ORIENTED_EDGE('',*,*,#2074,.F.);
#2074 = EDGE_CURVE('',#2075,#2052,#2077,.T.);
#2075 = VERTEX_POINT('',#2076);
#2076 = CARTESIAN_POINT('',(60.5,-11.95,0.));
#2077 = SURFACE_CURVE('',#2078,(#2082,#2089),.PCURVE_S1.);
#2078 = LINE('',#2079,#2080);
#2079 = CARTESIAN_POINT('',(60.5,-11.95,0.));
#2080 = VECTOR('',#2081,1.);
#2081 = DIRECTION('',(0.,1.,0.));
#2082 = PCURVE('',#72,#2083);
#2083 = DEFINITIONAL_REPRESENTATION('',(#2084),#2088);
#2084 = LINE('',#2085,#2086);
#2085 = CARTESIAN_POINT('',(0.,0.));
#2086 = VECTOR('',#2087,1.);
#2087 = DIRECTION('',(0.,1.));
#2088 = ( GEOMETRIC_REPRESENTATION_CONTEXT(2) 
PARAMETRIC_REPRESENTATION_CONTEXT() REPRESENTATION_CONTEXT('2D SPACE',''
  ) );
#2089 = PCURVE('',#2090,#2095);
#2090 = PLANE('',#2091);
#2091 = AXIS2_PLACEMENT_3D('',#2092,#2093,#2094);
#2092 = CARTESIAN_POINT('',(60.5,-11.95,0.));
#2093 = DIRECTION('',(1.,0.,0.));
#2094 = DIRECTION('',(0.,0.,1.));
#2095 = DEFINITIONAL_REPRESENTATION('',(#2096),#2100);
#2096 = LINE('',#2097,#2098);
#2097 = CARTESIAN_POINT('',(0.,0.));
#2098 = VECTOR('',#2099,1.);
#2099 = DIRECTION('',(0.,-1.));
#2100 = ( GEOMETRIC_REPRESENTATION_CONTEXT(2) 
PARAMETRIC_REPRESENTATION_CONTEXT() REPRESENTATION_CONTEXT('2D SPACE',''
  ) );
#2101 = ORIENTED_EDGE('',*,*,#2102,.T.);
#2102 = EDGE_CURVE('',#2075,#336,#2103,.T.);
#2103 = SURFACE_CURVE('',#2104,(#2108,#2115),.PCURVE_S1.);
#2104 = LINE('',#2105,#2106);
#2105 = CARTESIAN_POINT('',(60.5,-11.95,0.));
#2106 = VECTOR('',#2107,1.);
#2107 = DIRECTION('',(1.,0.,0.));
#2108 = PCURVE('',#72,#2109);
#2109 = DEFINITIONAL_REPRESENTATION('',(#2110),#2114);
#2110 = LINE('',#2111,#2112);
#2111 = CARTESIAN_POINT('',(0.,0.));
#2112 = VECTOR('',#2113,1.);
#2113 = DIRECTION('',(1.,0.));
#2114 = ( GEOMETRIC_REPRESENTATION_CONTEXT(2) 
PARAMETRIC_REPRESENTATION_CONTEXT() REPRESENTATION_CONTEXT('2D SPACE',''
  ) );
#2115 = PCURVE('',#379,#2116);
#2116 = DEFINITIONAL_REPRESENTATION('',(#2117),#2121);
#2117 = LINE('',#2118,#2119);
#2118 = CARTESIAN_POINT('',(0.,0.));
#2119 = VECTOR('',#2120,1.);
#2120 = DIRECTION('',(0.,1.));
#2121 = ( GEOMETRIC_REPRESENTATION_CONTEXT(2) 
PARAMETRIC_REPRESENTATION_CONTEXT() REPRESENTATION_CONTEXT('2D SPACE',''
  ) );
#2122 = ORIENTED_EDGE('',*,*,#335,.F.);
#2123 = ORIENTED_EDGE('',*,*,#56,.T.);
#2124 = ORIENTED_EDGE('',*,*,#1655,.T.);
#2125 = ADVANCED_FACE('',(#2126),#319,.F.);
#2126 = FACE_BOUND('',#2127,.F.);
#2127 = EDGE_LOOP('',(#2128,#2129,#2152,#2179));
#2128 = ORIENTED_EDGE('',*,*,#302,.F.);
#2129 = ORIENTED_EDGE('',*,*,#2130,.F.);
#2130 = EDGE_CURVE('',#2131,#303,#2133,.T.);
#2131 = VERTEX_POINT('',#2132);
#2132 = CARTESIAN_POINT('',(68.,4.531193156845E-16,12.3));
#2133 = SEAM_CURVE('',#2134,(#2138,#2145),.PCURVE_S1.);
#2134 = LINE('',#2135,#2136);
#2135 = CARTESIAN_POINT('',(67.5,4.531193156845E-16,12.3));
#2136 = VECTOR('',#2137,1.);
#2137 = DIRECTION('',(1.,0.,0.));
#2138 = PCURVE('',#319,#2139);
#2139 = DEFINITIONAL_REPRESENTATION('',(#2140),#2144);
#2140 = LINE('',#2141,#2142);
#2141 = CARTESIAN_POINT('',(6.28318530718,-0.));
#2142 = VECTOR('',#2143,1.);
#2143 = DIRECTION('',(0.,1.));
#2144 = ( GEOMETRIC_REPRESENTATION_CONTEXT(2) 
PARAMETRIC_REPRESENTATION_CONTEXT() REPRESENTATION_CONTEXT('2D SPACE',''
  ) );
#2145 = PCURVE('',#319,#2146);
#2146 = DEFINITIONAL_REPRESENTATION('',(#2147),#2151);
#2147 = LINE('',#2148,#2149);
#2148 = CARTESIAN_POINT('',(0.,-0.));
#2149 = VECTOR('',#2150,1.);
#2150 = DIRECTION('',(0.,1.));
#2151 = ( GEOMETRIC_REPRESENTATION_CONTEXT(2) 
PARAMETRIC_REPRESENTATION_CONTEXT() REPRESENTATION_CONTEXT('2D SPACE',''
  ) );
#2152 = ORIENTED_EDGE('',*,*,#2153,.T.);
#2153 = EDGE_CURVE('',#2131,#2131,#2154,.T.);
#2154 = SURFACE_CURVE('',#2155,(#2160,#2167),.PCURVE_S1.);
#2155 = CIRCLE('',#2156,1.85);
#2156 = AXIS2_PLACEMENT_3D('',#2157,#2158,#2159);
#2157 = CARTESIAN_POINT('',(68.,0.,10.45));
#2158 = DIRECTION('',(1.,0.,0.));
#2159 = DIRECTION('',(-0.,0.,1.));
#2160 = PCURVE('',#319,#2161);
#2161 = DEFINITIONAL_REPRESENTATION('',(#2162),#2166);
#2162 = LINE('',#2163,#2164);
#2163 = CARTESIAN_POINT('',(0.,0.5));
#2164 = VECTOR('',#2165,1.);
#2165 = DIRECTION('',(1.,0.));
#2166 = ( GEOMETRIC_REPRESENTATION_CONTEXT(2) 
PARAMETRIC_REPRESENTATION_CONTEXT() REPRESENTATION_CONTEXT('2D SPACE',''
  ) );
#2167 = PCURVE('',#2168,#2173);
#2168 = PLANE('',#2169);
#2169 = AXIS2_PLACEMENT_3D('',#2170,#2171,#2172);
#2170 = CARTESIAN_POINT('',(68.,-7.,2.));
#2171 = DIRECTION('',(1.,0.,0.));
#2172 = DIRECTION('',(0.,0.,1.));
#2173 = DEFINITIONAL_REPRESENTATION('',(#2174),#2178);
#2174 = CIRCLE('',#2175,1.85);
#2175 = AXIS2_PLACEMENT_2D('',#2176,#2177);
#2176 = CARTESIAN_POINT('',(8.45,-7.));
#2177 = DIRECTION('',(1.,0.));
#2178 = ( GEOMETRIC_REPRESENTATION_CONTEXT(2) 
PARAMETRIC_REPRESENTATION_CONTEXT() REPRESENTATION_CONTEXT('2D SPACE',''
  ) );
#2179 = ORIENTED_EDGE('',*,*,#2130,.T.);
#2180 = ADVANCED_FACE('',(#2181),#408,.T.);
#2181 = FACE_BOUND('',#2182,.T.);
#2182 = EDGE_LOOP('',(#2183,#2184,#2185,#2213,#2238,#2239));
#2183 = ORIENTED_EDGE('',*,*,#1055,.T.);
#2184 = ORIENTED_EDGE('',*,*,#1316,.F.);
#2185 = ORIENTED_EDGE('',*,*,#2186,.T.);
#2186 = EDGE_CURVE('',#1170,#2187,#2189,.T.);
#2187 = VERTEX_POINT('',#2188);
#2188 = CARTESIAN_POINT('',(67.5,-9.95,20.9));
#2189 = SURFACE_CURVE('',#2190,(#2195,#2202),.PCURVE_S1.);
#2190 = CIRCLE('',#2191,1.);
#2191 = AXIS2_PLACEMENT_3D('',#2192,#2193,#2194);
#2192 = CARTESIAN_POINT('',(67.5,-8.95,20.9));
#2193 = DIRECTION('',(0.,0.,-1.));
#2194 = DIRECTION('',(1.,0.,0.));
#2195 = PCURVE('',#408,#2196);
#2196 = DEFINITIONAL_REPRESENTATION('',(#2197),#2201);
#2197 = LINE('',#2198,#2199);
#2198 = CARTESIAN_POINT('',(0.,4.712388980385));
#2199 = VECTOR('',#2200,1.);
#2200 = DIRECTION('',(1.,0.));
#2201 = ( GEOMETRIC_REPRESENTATION_CONTEXT(2) 
PARAMETRIC_REPRESENTATION_CONTEXT() REPRESENTATION_CONTEXT('2D SPACE',''
  ) );
#2202 = PCURVE('',#1185,#2203);
#2203 = DEFINITIONAL_REPRESENTATION('',(#2204),#2212);
#2204 = ( BOUNDED_CURVE() B_SPLINE_CURVE(2,(#2205,#2206,#2207,#2208,
#2209,#2210,#2211),.UNSPECIFIED.,.T.,.F.) B_SPLINE_CURVE_WITH_KNOTS((1,2
    ,2,2,2,1),(-2.094395102393,0.,2.094395102393,4.188790204786,
6.28318530718,8.377580409573),.UNSPECIFIED.) CURVE() 
GEOMETRIC_REPRESENTATION_ITEM() RATIONAL_B_SPLINE_CURVE((1.,0.5,1.,0.5,
1.,0.5,1.)) REPRESENTATION_ITEM('') );
#2205 = CARTESIAN_POINT('',(8.,3.));
#2206 = CARTESIAN_POINT('',(8.,1.267949192431));
#2207 = CARTESIAN_POINT('',(6.5,2.133974596216));
#2208 = CARTESIAN_POINT('',(5.,3.));
#2209 = CARTESIAN_POINT('',(6.5,3.866025403784));
#2210 = CARTESIAN_POINT('',(8.,4.732050807569));
#2211 = CARTESIAN_POINT('',(8.,3.));
#2212 = ( GEOMETRIC_REPRESENTATION_CONTEXT(2) 
PARAMETRIC_REPRESENTATION_CONTEXT() REPRESENTATION_CONTEXT('2D SPACE',''
  ) );
#2213 = ORIENTED_EDGE('',*,*,#2214,.T.);
#2214 = EDGE_CURVE('',#2187,#364,#2215,.T.);
#2215 = SURFACE_CURVE('',#2216,(#2221,#2227),.PCURVE_S1.);
#2216 = CIRCLE('',#2217,2.);
#2217 = AXIS2_PLACEMENT_3D('',#2218,#2219,#2220);
#2218 = CARTESIAN_POINT('',(67.5,-9.95,18.9));
#2219 = DIRECTION('',(1.,6.123233995737E-17,0.));
#2220 = DIRECTION('',(6.123233995737E-17,-1.,0.));
#2221 = PCURVE('',#408,#2222);
#2222 = DEFINITIONAL_REPRESENTATION('',(#2223),#2226);
#2223 = B_SPLINE_CURVE_WITH_KNOTS('',1,(#2224,#2225),.UNSPECIFIED.,.F.,
  .F.,(2,2),(4.712388980385,6.28318530718),.PIECEWISE_BEZIER_KNOTS.);
#2224 = CARTESIAN_POINT('',(1.570796326795,4.712388980385));
#2225 = CARTESIAN_POINT('',(1.570796326795,6.28318530718));
#2226 = ( GEOMETRIC_REPRESENTATION_CONTEXT(2) 
PARAMETRIC_REPRESENTATION_CONTEXT() REPRESENTATION_CONTEXT('2D SPACE',''
  ) );
#2227 = PCURVE('',#2228,#2233);
#2228 = CYLINDRICAL_SURFACE('',#2229,2.);
#2229 = AXIS2_PLACEMENT_3D('',#2230,#2231,#2232);
#2230 = CARTESIAN_POINT('',(67.5,-9.95,18.9));
#2231 = DIRECTION('',(-1.,-0.,-0.));
#2232 = DIRECTION('',(-0.,0.,1.));
#2233 = DEFINITIONAL_REPRESENTATION('',(#2234),#2237);
#2234 = B_SPLINE_CURVE_WITH_KNOTS('',1,(#2235,#2236),.UNSPECIFIED.,.F.,
  .F.,(2,2),(4.712388980385,6.28318530718),.PIECEWISE_BEZIER_KNOTS.);
#2235 = CARTESIAN_POINT('',(0.,0.));
#2236 = CARTESIAN_POINT('',(-1.570796326795,0.));
#2237 = ( GEOMETRIC_REPRESENTATION_CONTEXT(2) 
PARAMETRIC_REPRESENTATION_CONTEXT() REPRESENTATION_CONTEXT('2D SPACE',''
  ) );
#2238 = ORIENTED_EDGE('',*,*,#391,.F.);
#2239 = ORIENTED_EDGE('',*,*,#897,.T.);
#2240 = ADVANCED_FACE('',(#2241),#379,.F.);
#2241 = FACE_BOUND('',#2242,.F.);
#2242 = EDGE_LOOP('',(#2243,#2244,#2245,#2268));
#2243 = ORIENTED_EDGE('',*,*,#363,.F.);
#2244 = ORIENTED_EDGE('',*,*,#2102,.F.);
#2245 = ORIENTED_EDGE('',*,*,#2246,.T.);
#2246 = EDGE_CURVE('',#2075,#2247,#2249,.T.);
#2247 = VERTEX_POINT('',#2248);
#2248 = CARTESIAN_POINT('',(60.5,-11.95,18.9));
#2249 = SURFACE_CURVE('',#2250,(#2254,#2261),.PCURVE_S1.);
#2250 = LINE('',#2251,#2252);
#2251 = CARTESIAN_POINT('',(60.5,-11.95,0.));
#2252 = VECTOR('',#2253,1.);
#2253 = DIRECTION('',(0.,0.,1.));
#2254 = PCURVE('',#379,#2255);
#2255 = DEFINITIONAL_REPRESENTATION('',(#2256),#2260);
#2256 = LINE('',#2257,#2258);
#2257 = CARTESIAN_POINT('',(0.,0.));
#2258 = VECTOR('',#2259,1.);
#2259 = DIRECTION('',(1.,0.));
#2260 = ( GEOMETRIC_REPRESENTATION_CONTEXT(2) 
PARAMETRIC_REPRESENTATION_CONTEXT() REPRESENTATION_CONTEXT('2D SPACE',''
  ) );
#2261 = PCURVE('',#2090,#2262);
#2262 = DEFINITIONAL_REPRESENTATION('',(#2263),#2267);
#2263 = LINE('',#2264,#2265);
#2264 = CARTESIAN_POINT('',(0.,0.));
#2265 = VECTOR('',#2266,1.);
#2266 = DIRECTION('',(1.,0.));
#2267 = ( GEOMETRIC_REPRESENTATION_CONTEXT(2) 
PARAMETRIC_REPRESENTATION_CONTEXT() REPRESENTATION_CONTEXT('2D SPACE',''
  ) );
#2268 = ORIENTED_EDGE('',*,*,#2269,.F.);
#2269 = EDGE_CURVE('',#364,#2247,#2270,.T.);
#2270 = SURFACE_CURVE('',#2271,(#2275,#2282),.PCURVE_S1.);
#2271 = LINE('',#2272,#2273);
#2272 = CARTESIAN_POINT('',(67.5,-11.95,18.9));
#2273 = VECTOR('',#2274,1.);
#2274 = DIRECTION('',(-1.,-0.,-0.));
#2275 = PCURVE('',#379,#2276);
#2276 = DEFINITIONAL_REPRESENTATION('',(#2277),#2281);
#2277 = LINE('',#2278,#2279);
#2278 = CARTESIAN_POINT('',(18.9,7.));
#2279 = VECTOR('',#2280,1.);
#2280 = DIRECTION('',(-0.,-1.));
#2281 = ( GEOMETRIC_REPRESENTATION_CONTEXT(2) 
PARAMETRIC_REPRESENTATION_CONTEXT() REPRESENTATION_CONTEXT('2D SPACE',''
  ) );
#2282 = PCURVE('',#2228,#2283);
#2283 = DEFINITIONAL_REPRESENTATION('',(#2284),#2288);
#2284 = LINE('',#2285,#2286);
#2285 = CARTESIAN_POINT('',(-1.570796326795,0.));
#2286 = VECTOR('',#2287,1.);
#2287 = DIRECTION('',(-0.,1.));
#2288 = ( GEOMETRIC_REPRESENTATION_CONTEXT(2) 
PARAMETRIC_REPRESENTATION_CONTEXT() REPRESENTATION_CONTEXT('2D SPACE',''
  ) );
#2289 = ADVANCED_FACE('',(#2290,#2294),#857,.T.);
#2290 = FACE_BOUND('',#2291,.T.);
#2291 = EDGE_LOOP('',(#2292,#2293));
#2292 = ORIENTED_EDGE('',*,*,#840,.T.);
#2293 = ORIENTED_EDGE('',*,*,#869,.T.);
#2294 = FACE_BOUND('',#2295,.T.);
#2295 = EDGE_LOOP('',(#2296));
#2296 = ORIENTED_EDGE('',*,*,#2297,.F.);
#2297 = EDGE_CURVE('',#2298,#2298,#2300,.T.);
#2298 = VERTEX_POINT('',#2299);
#2299 = CARTESIAN_POINT('',(67.,-9.2,3.95));
#2300 = SURFACE_CURVE('',#2301,(#2306,#2313),.PCURVE_S1.);
#2301 = CIRCLE('',#2302,1.15);
#2302 = AXIS2_PLACEMENT_3D('',#2303,#2304,#2305);
#2303 = CARTESIAN_POINT('',(67.,-9.2,2.8));
#2304 = DIRECTION('',(1.,0.,0.));
#2305 = DIRECTION('',(-0.,0.,1.));
#2306 = PCURVE('',#857,#2307);
#2307 = DEFINITIONAL_REPRESENTATION('',(#2308),#2312);
#2308 = CIRCLE('',#2309,1.15);
#2309 = AXIS2_PLACEMENT_2D('',#2310,#2311);
#2310 = CARTESIAN_POINT('',(0.,0.));
#2311 = DIRECTION('',(1.,0.));
#2312 = ( GEOMETRIC_REPRESENTATION_CONTEXT(2) 
PARAMETRIC_REPRESENTATION_CONTEXT() REPRESENTATION_CONTEXT('2D SPACE',''
  ) );
#2313 = PCURVE('',#2314,#2319);
#2314 = CYLINDRICAL_SURFACE('',#2315,1.15);
#2315 = AXIS2_PLACEMENT_3D('',#2316,#2317,#2318);
#2316 = CARTESIAN_POINT('',(60.,-9.2,2.8));
#2317 = DIRECTION('',(1.,0.,0.));
#2318 = DIRECTION('',(-0.,0.,1.));
#2319 = DEFINITIONAL_REPRESENTATION('',(#2320),#2324);
#2320 = LINE('',#2321,#2322);
#2321 = CARTESIAN_POINT('',(0.,7.));
#2322 = VECTOR('',#2323,1.);
#2323 = DIRECTION('',(1.,0.));
#2324 = ( GEOMETRIC_REPRESENTATION_CONTEXT(2) 
PARAMETRIC_REPRESENTATION_CONTEXT() REPRESENTATION_CONTEXT('2D SPACE',''
  ) );
#2325 = ADVANCED_FACE('',(#2326,#2330),#1020,.T.);
#2326 = FACE_BOUND('',#2327,.T.);
#2327 = EDGE_LOOP('',(#2328,#2329));
#2328 = ORIENTED_EDGE('',*,*,#1003,.T.);
#2329 = ORIENTED_EDGE('',*,*,#1032,.T.);
#2330 = FACE_BOUND('',#2331,.T.);
#2331 = EDGE_LOOP('',(#2332));
#2332 = ORIENTED_EDGE('',*,*,#2333,.F.);
#2333 = EDGE_CURVE('',#2334,#2334,#2336,.T.);
#2334 = VERTEX_POINT('',#2335);
#2335 = CARTESIAN_POINT('',(67.,-9.2,19.25));
#2336 = SURFACE_CURVE('',#2337,(#2342,#2349),.PCURVE_S1.);
#2337 = CIRCLE('',#2338,1.15);
#2338 = AXIS2_PLACEMENT_3D('',#2339,#2340,#2341);
#2339 = CARTESIAN_POINT('',(67.,-9.2,18.1));
#2340 = DIRECTION('',(1.,0.,0.));
#2341 = DIRECTION('',(-0.,0.,1.));
#2342 = PCURVE('',#1020,#2343);
#2343 = DEFINITIONAL_REPRESENTATION('',(#2344),#2348);
#2344 = CIRCLE('',#2345,1.15);
#2345 = AXIS2_PLACEMENT_2D('',#2346,#2347);
#2346 = CARTESIAN_POINT('',(0.,0.));
#2347 = DIRECTION('',(1.,0.));
#2348 = ( GEOMETRIC_REPRESENTATION_CONTEXT(2) 
PARAMETRIC_REPRESENTATION_CONTEXT() REPRESENTATION_CONTEXT('2D SPACE',''
  ) );
#2349 = PCURVE('',#2350,#2355);
#2350 = CYLINDRICAL_SURFACE('',#2351,1.15);
#2351 = AXIS2_PLACEMENT_3D('',#2352,#2353,#2354);
#2352 = CARTESIAN_POINT('',(60.,-9.2,18.1));
#2353 = DIRECTION('',(1.,0.,0.));
#2354 = DIRECTION('',(-0.,0.,1.));
#2355 = DEFINITIONAL_REPRESENTATION('',(#2356),#2360);
#2356 = LINE('',#2357,#2358);
#2357 = CARTESIAN_POINT('',(0.,7.));
#2358 = VECTOR('',#2359,1.);
#2359 = DIRECTION('',(1.,0.));
#2360 = ( GEOMETRIC_REPRESENTATION_CONTEXT(2) 
PARAMETRIC_REPRESENTATION_CONTEXT() REPRESENTATION_CONTEXT('2D SPACE',''
  ) );
#2361 = ADVANCED_FACE('',(#2362),#1185,.T.);
#2362 = FACE_BOUND('',#2363,.T.);
#2363 = EDGE_LOOP('',(#2364,#2389,#2410,#2411,#2412,#2440));
#2364 = ORIENTED_EDGE('',*,*,#2365,.F.);
#2365 = EDGE_CURVE('',#2366,#2368,#2370,.T.);
#2366 = VERTEX_POINT('',#2367);
#2367 = CARTESIAN_POINT('',(60.5,-9.95,20.9));
#2368 = VERTEX_POINT('',#2369);
#2369 = CARTESIAN_POINT('',(60.5,9.95,20.9));
#2370 = SURFACE_CURVE('',#2371,(#2375,#2382),.PCURVE_S1.);
#2371 = LINE('',#2372,#2373);
#2372 = CARTESIAN_POINT('',(60.5,-11.95,20.9));
#2373 = VECTOR('',#2374,1.);
#2374 = DIRECTION('',(0.,1.,0.));
#2375 = PCURVE('',#1185,#2376);
#2376 = DEFINITIONAL_REPRESENTATION('',(#2377),#2381);
#2377 = LINE('',#2378,#2379);
#2378 = CARTESIAN_POINT('',(0.,0.));
#2379 = VECTOR('',#2380,1.);
#2380 = DIRECTION('',(0.,1.));
#2381 = ( GEOMETRIC_REPRESENTATION_CONTEXT(2) 
PARAMETRIC_REPRESENTATION_CONTEXT() REPRESENTATION_CONTEXT('2D SPACE',''
  ) );
#2382 = PCURVE('',#2090,#2383);
#2383 = DEFINITIONAL_REPRESENTATION('',(#2384),#2388);
#2384 = LINE('',#2385,#2386);
#2385 = CARTESIAN_POINT('',(20.9,0.));
#2386 = VECTOR('',#2387,1.);
#2387 = DIRECTION('',(0.,-1.));
#2388 = ( GEOMETRIC_REPRESENTATION_CONTEXT(2) 
PARAMETRIC_REPRESENTATION_CONTEXT() REPRESENTATION_CONTEXT('2D SPACE',''
  ) );
#2389 = ORIENTED_EDGE('',*,*,#2390,.F.);
#2390 = EDGE_CURVE('',#2187,#2366,#2391,.T.);
#2391 = SURFACE_CURVE('',#2392,(#2396,#2403),.PCURVE_S1.);
#2392 = LINE('',#2393,#2394);
#2393 = CARTESIAN_POINT('',(67.5,-9.95,20.9));
#2394 = VECTOR('',#2395,1.);
#2395 = DIRECTION('',(-1.,-0.,-0.));
#2396 = PCURVE('',#1185,#2397);
#2397 = DEFINITIONAL_REPRESENTATION('',(#2398),#2402);
#2398 = LINE('',#2399,#2400);
#2399 = CARTESIAN_POINT('',(7.,2.));
#2400 = VECTOR('',#2401,1.);
#2401 = DIRECTION('',(-1.,-0.));
#2402 = ( GEOMETRIC_REPRESENTATION_CONTEXT(2) 
PARAMETRIC_REPRESENTATION_CONTEXT() REPRESENTATION_CONTEXT('2D SPACE',''
  ) );
#2403 = PCURVE('',#2228,#2404);
#2404 = DEFINITIONAL_REPRESENTATION('',(#2405),#2409);
#2405 = LINE('',#2406,#2407);
#2406 = CARTESIAN_POINT('',(-0.,0.));
#2407 = VECTOR('',#2408,1.);
#2408 = DIRECTION('',(-0.,1.));
#2409 = ( GEOMETRIC_REPRESENTATION_CONTEXT(2) 
PARAMETRIC_REPRESENTATION_CONTEXT() REPRESENTATION_CONTEXT('2D SPACE',''
  ) );
#2410 = ORIENTED_EDGE('',*,*,#2186,.F.);
#2411 = ORIENTED_EDGE('',*,*,#1167,.F.);
#2412 = ORIENTED_EDGE('',*,*,#2413,.F.);
#2413 = EDGE_CURVE('',#2414,#1168,#2416,.T.);
#2414 = VERTEX_POINT('',#2415);
#2415 = CARTESIAN_POINT('',(67.5,9.95,20.9));
#2416 = SURFACE_CURVE('',#2417,(#2422,#2433),.PCURVE_S1.);
#2417 = CIRCLE('',#2418,1.);
#2418 = AXIS2_PLACEMENT_3D('',#2419,#2420,#2421);
#2419 = CARTESIAN_POINT('',(67.5,8.95,20.9));
#2420 = DIRECTION('',(0.,-0.,-1.));
#2421 = DIRECTION('',(0.,1.,-0.));
#2422 = PCURVE('',#1185,#2423);
#2423 = DEFINITIONAL_REPRESENTATION('',(#2424),#2432);
#2424 = ( BOUNDED_CURVE() B_SPLINE_CURVE(2,(#2425,#2426,#2427,#2428,
#2429,#2430,#2431),.UNSPECIFIED.,.T.,.F.) B_SPLINE_CURVE_WITH_KNOTS((1,2
    ,2,2,2,1),(-2.094395102393,0.,2.094395102393,4.188790204786,
6.28318530718,8.377580409573),.UNSPECIFIED.) CURVE() 
GEOMETRIC_REPRESENTATION_ITEM() RATIONAL_B_SPLINE_CURVE((1.,0.5,1.,0.5,
1.,0.5,1.)) REPRESENTATION_ITEM('') );
#2425 = CARTESIAN_POINT('',(7.,21.9));
#2426 = CARTESIAN_POINT('',(8.732050807569,21.9));
#2427 = CARTESIAN_POINT('',(7.866025403784,20.4));
#2428 = CARTESIAN_POINT('',(7.,18.9));
#2429 = CARTESIAN_POINT('',(6.133974596216,20.4));
#2430 = CARTESIAN_POINT('',(5.267949192431,21.9));
#2431 = CARTESIAN_POINT('',(7.,21.9));
#2432 = ( GEOMETRIC_REPRESENTATION_CONTEXT(2) 
PARAMETRIC_REPRESENTATION_CONTEXT() REPRESENTATION_CONTEXT('2D SPACE',''
  ) );
#2433 = PCURVE('',#1213,#2434);
#2434 = DEFINITIONAL_REPRESENTATION('',(#2435),#2439);
#2435 = LINE('',#2436,#2437);
#2436 = CARTESIAN_POINT('',(0.,4.712388980385));
#2437 = VECTOR('',#2438,1.);
#2438 = DIRECTION('',(1.,0.));
#2439 = ( GEOMETRIC_REPRESENTATION_CONTEXT(2) 
PARAMETRIC_REPRESENTATION_CONTEXT() REPRESENTATION_CONTEXT('2D SPACE',''
  ) );
#2440 = ORIENTED_EDGE('',*,*,#2441,.F.);
#2441 = EDGE_CURVE('',#2368,#2414,#2442,.T.);
#2442 = SURFACE_CURVE('',#2443,(#2447,#2454),.PCURVE_S1.);
#2443 = LINE('',#2444,#2445);
#2444 = CARTESIAN_POINT('',(60.5,9.95,20.9));
#2445 = VECTOR('',#2446,1.);
#2446 = DIRECTION('',(1.,0.,0.));
#2447 = PCURVE('',#1185,#2448);
#2448 = DEFINITIONAL_REPRESENTATION('',(#2449),#2453);
#2449 = LINE('',#2450,#2451);
#2450 = CARTESIAN_POINT('',(0.,21.9));
#2451 = VECTOR('',#2452,1.);
#2452 = DIRECTION('',(1.,0.));
#2453 = ( GEOMETRIC_REPRESENTATION_CONTEXT(2) 
PARAMETRIC_REPRESENTATION_CONTEXT() REPRESENTATION_CONTEXT('2D SPACE',''
  ) );
#2454 = PCURVE('',#2455,#2460);
#2455 = CYLINDRICAL_SURFACE('',#2456,2.);
#2456 = AXIS2_PLACEMENT_3D('',#2457,#2458,#2459);
#2457 = CARTESIAN_POINT('',(60.5,9.95,18.9));
#2458 = DIRECTION('',(1.,0.,0.));
#2459 = DIRECTION('',(0.,0.,1.));
#2460 = DEFINITIONAL_REPRESENTATION('',(#2461),#2465);
#2461 = LINE('',#2462,#2463);
#2462 = CARTESIAN_POINT('',(-0.,0.));
#2463 = VECTOR('',#2464,1.);
#2464 = DIRECTION('',(-0.,1.));
#2465 = ( GEOMETRIC_REPRESENTATION_CONTEXT(2) 
PARAMETRIC_REPRESENTATION_CONTEXT() REPRESENTATION_CONTEXT('2D SPACE',''
  ) );
#2466 = ADVANCED_FACE('',(#2467),#1213,.T.);
#2467 = FACE_BOUND('',#2468,.T.);
#2468 = EDGE_LOOP('',(#2469,#2489,#2490,#2491,#2492,#2493));
#2469 = ORIENTED_EDGE('',*,*,#2470,.F.);
#2470 = EDGE_CURVE('',#2414,#1680,#2471,.T.);
#2471 = SURFACE_CURVE('',#2472,(#2477,#2483),.PCURVE_S1.);
#2472 = CIRCLE('',#2473,2.);
#2473 = AXIS2_PLACEMENT_3D('',#2474,#2475,#2476);
#2474 = CARTESIAN_POINT('',(67.5,9.95,18.9));
#2475 = DIRECTION('',(-1.,0.,-0.));
#2476 = DIRECTION('',(-0.,0.,1.));
#2477 = PCURVE('',#1213,#2478);
#2478 = DEFINITIONAL_REPRESENTATION('',(#2479),#2482);
#2479 = B_SPLINE_CURVE_WITH_KNOTS('',1,(#2480,#2481),.UNSPECIFIED.,.F.,
  .F.,(2,2),(0.,1.570796326795),.PIECEWISE_BEZIER_KNOTS.);
#2480 = CARTESIAN_POINT('',(0.,4.712388980385));
#2481 = CARTESIAN_POINT('',(0.,6.28318530718));
#2482 = ( GEOMETRIC_REPRESENTATION_CONTEXT(2) 
PARAMETRIC_REPRESENTATION_CONTEXT() REPRESENTATION_CONTEXT('2D SPACE',''
  ) );
#2483 = PCURVE('',#2455,#2484);
#2484 = DEFINITIONAL_REPRESENTATION('',(#2485),#2488);
#2485 = B_SPLINE_CURVE_WITH_KNOTS('',1,(#2486,#2487),.UNSPECIFIED.,.F.,
  .F.,(2,2),(0.,1.570796326795),.PIECEWISE_BEZIER_KNOTS.);
#2486 = CARTESIAN_POINT('',(0.,7.));
#2487 = CARTESIAN_POINT('',(-1.570796326795,7.));
#2488 = ( GEOMETRIC_REPRESENTATION_CONTEXT(2) 
PARAMETRIC_REPRESENTATION_CONTEXT() REPRESENTATION_CONTEXT('2D SPACE',''
  ) );
#2489 = ORIENTED_EDGE('',*,*,#2413,.T.);
#2490 = ORIENTED_EDGE('',*,*,#1197,.T.);
#2491 = ORIENTED_EDGE('',*,*,#1339,.T.);
#2492 = ORIENTED_EDGE('',*,*,#1443,.T.);
#2493 = ORIENTED_EDGE('',*,*,#1707,.F.);
#2494 = ADVANCED_FACE('',(#2495,#2499),#1408,.T.);
#2495 = FACE_BOUND('',#2496,.T.);
#2496 = EDGE_LOOP('',(#2497,#2498));
#2497 = ORIENTED_EDGE('',*,*,#1391,.T.);
#2498 = ORIENTED_EDGE('',*,*,#1420,.T.);
#2499 = FACE_BOUND('',#2500,.T.);
#2500 = EDGE_LOOP('',(#2501));
#2501 = ORIENTED_EDGE('',*,*,#2502,.F.);
#2502 = EDGE_CURVE('',#2503,#2503,#2505,.T.);
#2503 = VERTEX_POINT('',#2504);
#2504 = CARTESIAN_POINT('',(67.,9.2,19.25));
#2505 = SURFACE_CURVE('',#2506,(#2511,#2518),.PCURVE_S1.);
#2506 = CIRCLE('',#2507,1.15);
#2507 = AXIS2_PLACEMENT_3D('',#2508,#2509,#2510);
#2508 = CARTESIAN_POINT('',(67.,9.2,18.1));
#2509 = DIRECTION('',(1.,0.,0.));
#2510 = DIRECTION('',(-0.,0.,1.));
#2511 = PCURVE('',#1408,#2512);
#2512 = DEFINITIONAL_REPRESENTATION('',(#2513),#2517);
#2513 = CIRCLE('',#2514,1.15);
#2514 = AXIS2_PLACEMENT_2D('',#2515,#2516);
#2515 = CARTESIAN_POINT('',(0.,0.));
#2516 = DIRECTION('',(1.,0.));
#2517 = ( GEOMETRIC_REPRESENTATION_CONTEXT(2) 
PARAMETRIC_REPRESENTATION_CONTEXT() REPRESENTATION_CONTEXT('2D SPACE',''
  ) );
#2518 = PCURVE('',#2519,#2524);
#2519 = CYLINDRICAL_SURFACE('',#2520,1.15);
#2520 = AXIS2_PLACEMENT_3D('',#2521,#2522,#2523);
#2521 = CARTESIAN_POINT('',(60.,9.2,18.1));
#2522 = DIRECTION('',(1.,0.,0.));
#2523 = DIRECTION('',(-0.,0.,1.));
#2524 = DEFINITIONAL_REPRESENTATION('',(#2525),#2529);
#2525 = LINE('',#2526,#2527);
#2526 = CARTESIAN_POINT('',(0.,7.));
#2527 = VECTOR('',#2528,1.);
#2528 = DIRECTION('',(1.,0.));
#2529 = ( GEOMETRIC_REPRESENTATION_CONTEXT(2) 
PARAMETRIC_REPRESENTATION_CONTEXT() REPRESENTATION_CONTEXT('2D SPACE',''
  ) );
#2530 = ADVANCED_FACE('',(#2531),#1695,.T.);
#2531 = FACE_BOUND('',#2532,.T.);
#2532 = EDGE_LOOP('',(#2533,#2534,#2535,#2558));
#2533 = ORIENTED_EDGE('',*,*,#1679,.F.);
#2534 = ORIENTED_EDGE('',*,*,#2051,.F.);
#2535 = ORIENTED_EDGE('',*,*,#2536,.T.);
#2536 = EDGE_CURVE('',#2052,#2537,#2539,.T.);
#2537 = VERTEX_POINT('',#2538);
#2538 = CARTESIAN_POINT('',(60.5,11.95,18.9));
#2539 = SURFACE_CURVE('',#2540,(#2544,#2551),.PCURVE_S1.);
#2540 = LINE('',#2541,#2542);
#2541 = CARTESIAN_POINT('',(60.5,11.95,0.));
#2542 = VECTOR('',#2543,1.);
#2543 = DIRECTION('',(0.,0.,1.));
#2544 = PCURVE('',#1695,#2545);
#2545 = DEFINITIONAL_REPRESENTATION('',(#2546),#2550);
#2546 = LINE('',#2547,#2548);
#2547 = CARTESIAN_POINT('',(0.,0.));
#2548 = VECTOR('',#2549,1.);
#2549 = DIRECTION('',(1.,0.));
#2550 = ( GEOMETRIC_REPRESENTATION_CONTEXT(2) 
PARAMETRIC_REPRESENTATION_CONTEXT() REPRESENTATION_CONTEXT('2D SPACE',''
  ) );
#2551 = PCURVE('',#2090,#2552);
#2552 = DEFINITIONAL_REPRESENTATION('',(#2553),#2557);
#2553 = LINE('',#2554,#2555);
#2554 = CARTESIAN_POINT('',(0.,-23.9));
#2555 = VECTOR('',#2556,1.);
#2556 = DIRECTION('',(1.,0.));
#2557 = ( GEOMETRIC_REPRESENTATION_CONTEXT(2) 
PARAMETRIC_REPRESENTATION_CONTEXT() REPRESENTATION_CONTEXT('2D SPACE',''
  ) );
#2558 = ORIENTED_EDGE('',*,*,#2559,.T.);
#2559 = EDGE_CURVE('',#2537,#1680,#2560,.T.);
#2560 = SURFACE_CURVE('',#2561,(#2565,#2572),.PCURVE_S1.);
#2561 = LINE('',#2562,#2563);
#2562 = CARTESIAN_POINT('',(60.5,11.95,18.9));
#2563 = VECTOR('',#2564,1.);
#2564 = DIRECTION('',(1.,0.,0.));
#2565 = PCURVE('',#1695,#2566);
#2566 = DEFINITIONAL_REPRESENTATION('',(#2567),#2571);
#2567 = LINE('',#2568,#2569);
#2568 = CARTESIAN_POINT('',(18.9,0.));
#2569 = VECTOR('',#2570,1.);
#2570 = DIRECTION('',(0.,1.));
#2571 = ( GEOMETRIC_REPRESENTATION_CONTEXT(2) 
PARAMETRIC_REPRESENTATION_CONTEXT() REPRESENTATION_CONTEXT('2D SPACE',''
  ) );
#2572 = PCURVE('',#2455,#2573);
#2573 = DEFINITIONAL_REPRESENTATION('',(#2574),#2578);
#2574 = LINE('',#2575,#2576);
#2575 = CARTESIAN_POINT('',(-1.570796326795,0.));
#2576 = VECTOR('',#2577,1.);
#2577 = DIRECTION('',(-0.,1.));
#2578 = ( GEOMETRIC_REPRESENTATION_CONTEXT(2) 
PARAMETRIC_REPRESENTATION_CONTEXT() REPRESENTATION_CONTEXT('2D SPACE',''
  ) );
#2579 = ADVANCED_FACE('',(#2580,#2584),#2011,.T.);
#2580 = FACE_BOUND('',#2581,.T.);
#2581 = EDGE_LOOP('',(#2582,#2583));
#2582 = ORIENTED_EDGE('',*,*,#1994,.T.);
#2583 = ORIENTED_EDGE('',*,*,#2023,.T.);
#2584 = FACE_BOUND('',#2585,.T.);
#2585 = EDGE_LOOP('',(#2586));
#2586 = ORIENTED_EDGE('',*,*,#2587,.F.);
#2587 = EDGE_CURVE('',#2588,#2588,#2590,.T.);
#2588 = VERTEX_POINT('',#2589);
#2589 = CARTESIAN_POINT('',(67.,9.2,3.95));
#2590 = SURFACE_CURVE('',#2591,(#2596,#2603),.PCURVE_S1.);
#2591 = CIRCLE('',#2592,1.15);
#2592 = AXIS2_PLACEMENT_3D('',#2593,#2594,#2595);
#2593 = CARTESIAN_POINT('',(67.,9.2,2.8));
#2594 = DIRECTION('',(1.,0.,0.));
#2595 = DIRECTION('',(-0.,0.,1.));
#2596 = PCURVE('',#2011,#2597);
#2597 = DEFINITIONAL_REPRESENTATION('',(#2598),#2602);
#2598 = CIRCLE('',#2599,1.15);
#2599 = AXIS2_PLACEMENT_2D('',#2600,#2601);
#2600 = CARTESIAN_POINT('',(0.,0.));
#2601 = DIRECTION('',(1.,0.));
#2602 = ( GEOMETRIC_REPRESENTATION_CONTEXT(2) 
PARAMETRIC_REPRESENTATION_CONTEXT() REPRESENTATION_CONTEXT('2D SPACE',''
  ) );
#2603 = PCURVE('',#2604,#2609);
#2604 = CYLINDRICAL_SURFACE('',#2605,1.15);
#2605 = AXIS2_PLACEMENT_3D('',#2606,#2607,#2608);
#2606 = CARTESIAN_POINT('',(60.,9.2,2.8));
#2607 = DIRECTION('',(1.,0.,0.));
#2608 = DIRECTION('',(-0.,0.,1.));
#2609 = DEFINITIONAL_REPRESENTATION('',(#2610),#2614);
#2610 = LINE('',#2611,#2612);
#2611 = CARTESIAN_POINT('',(0.,7.));
#2612 = VECTOR('',#2613,1.);
#2613 = DIRECTION('',(1.,0.));
#2614 = ( GEOMETRIC_REPRESENTATION_CONTEXT(2) 
PARAMETRIC_REPRESENTATION_CONTEXT() REPRESENTATION_CONTEXT('2D SPACE',''
  ) );
#2615 = ADVANCED_FACE('',(#2616,#2670,#2696,#2722,#2828,#2854),#2090,.F.
  );
#2616 = FACE_BOUND('',#2617,.F.);
#2617 = EDGE_LOOP('',(#2618,#2619,#2620,#2621,#2647,#2648));
#2618 = ORIENTED_EDGE('',*,*,#2246,.F.);
#2619 = ORIENTED_EDGE('',*,*,#2074,.T.);
#2620 = ORIENTED_EDGE('',*,*,#2536,.T.);
#2621 = ORIENTED_EDGE('',*,*,#2622,.F.);
#2622 = EDGE_CURVE('',#2368,#2537,#2623,.T.);
#2623 = SURFACE_CURVE('',#2624,(#2629,#2640),.PCURVE_S1.);
#2624 = CIRCLE('',#2625,2.);
#2625 = AXIS2_PLACEMENT_3D('',#2626,#2627,#2628);
#2626 = CARTESIAN_POINT('',(60.5,9.95,18.9));
#2627 = DIRECTION('',(-1.,0.,-0.));
#2628 = DIRECTION('',(-0.,0.,1.));
#2629 = PCURVE('',#2090,#2630);
#2630 = DEFINITIONAL_REPRESENTATION('',(#2631),#2639);
#2631 = ( BOUNDED_CURVE() B_SPLINE_CURVE(2,(#2632,#2633,#2634,#2635,
#2636,#2637,#2638),.UNSPECIFIED.,.T.,.F.) B_SPLINE_CURVE_WITH_KNOTS((1,2
    ,2,2,2,1),(-2.094395102393,0.,2.094395102393,4.188790204786,
6.28318530718,8.377580409573),.UNSPECIFIED.) CURVE() 
GEOMETRIC_REPRESENTATION_ITEM() RATIONAL_B_SPLINE_CURVE((1.,0.5,1.,0.5,
1.,0.5,1.)) REPRESENTATION_ITEM('') );
#2632 = CARTESIAN_POINT('',(20.9,-21.9));
#2633 = CARTESIAN_POINT('',(20.9,-25.36410161513));
#2634 = CARTESIAN_POINT('',(17.9,-23.63205080756));
#2635 = CARTESIAN_POINT('',(14.9,-21.9));
#2636 = CARTESIAN_POINT('',(17.9,-20.16794919243));
#2637 = CARTESIAN_POINT('',(20.9,-18.43589838486));
#2638 = CARTESIAN_POINT('',(20.9,-21.9));
#2639 = ( GEOMETRIC_REPRESENTATION_CONTEXT(2) 
PARAMETRIC_REPRESENTATION_CONTEXT() REPRESENTATION_CONTEXT('2D SPACE',''
  ) );
#2640 = PCURVE('',#2455,#2641);
#2641 = DEFINITIONAL_REPRESENTATION('',(#2642),#2646);
#2642 = LINE('',#2643,#2644);
#2643 = CARTESIAN_POINT('',(-0.,0.));
#2644 = VECTOR('',#2645,1.);
#2645 = DIRECTION('',(-1.,0.));
#2646 = ( GEOMETRIC_REPRESENTATION_CONTEXT(2) 
PARAMETRIC_REPRESENTATION_CONTEXT() REPRESENTATION_CONTEXT('2D SPACE',''
  ) );
#2647 = ORIENTED_EDGE('',*,*,#2365,.F.);
#2648 = ORIENTED_EDGE('',*,*,#2649,.T.);
#2649 = EDGE_CURVE('',#2366,#2247,#2650,.T.);
#2650 = SURFACE_CURVE('',#2651,(#2656,#2663),.PCURVE_S1.);
#2651 = CIRCLE('',#2652,2.);
#2652 = AXIS2_PLACEMENT_3D('',#2653,#2654,#2655);
#2653 = CARTESIAN_POINT('',(60.5,-9.95,18.9));
#2654 = DIRECTION('',(1.,0.,0.));
#2655 = DIRECTION('',(0.,0.,-1.));
#2656 = PCURVE('',#2090,#2657);
#2657 = DEFINITIONAL_REPRESENTATION('',(#2658),#2662);
#2658 = CIRCLE('',#2659,2.);
#2659 = AXIS2_PLACEMENT_2D('',#2660,#2661);
#2660 = CARTESIAN_POINT('',(18.9,-2.));
#2661 = DIRECTION('',(-1.,0.));
#2662 = ( GEOMETRIC_REPRESENTATION_CONTEXT(2) 
PARAMETRIC_REPRESENTATION_CONTEXT() REPRESENTATION_CONTEXT('2D SPACE',''
  ) );
#2663 = PCURVE('',#2228,#2664);
#2664 = DEFINITIONAL_REPRESENTATION('',(#2665),#2669);
#2665 = LINE('',#2666,#2667);
#2666 = CARTESIAN_POINT('',(3.14159265359,7.));
#2667 = VECTOR('',#2668,1.);
#2668 = DIRECTION('',(-1.,0.));
#2669 = ( GEOMETRIC_REPRESENTATION_CONTEXT(2) 
PARAMETRIC_REPRESENTATION_CONTEXT() REPRESENTATION_CONTEXT('2D SPACE',''
  ) );
#2670 = FACE_BOUND('',#2671,.F.);
#2671 = EDGE_LOOP('',(#2672));
#2672 = ORIENTED_EDGE('',*,*,#2673,.F.);
#2673 = EDGE_CURVE('',#2674,#2674,#2676,.T.);
#2674 = VERTEX_POINT('',#2675);
#2675 = CARTESIAN_POINT('',(60.5,9.2,3.95));
#2676 = SURFACE_CURVE('',#2677,(#2682,#2689),.PCURVE_S1.);
#2677 = CIRCLE('',#2678,1.15);
#2678 = AXIS2_PLACEMENT_3D('',#2679,#2680,#2681);
#2679 = CARTESIAN_POINT('',(60.5,9.2,2.8));
#2680 = DIRECTION('',(1.,0.,0.));
#2681 = DIRECTION('',(-0.,0.,1.));
#2682 = PCURVE('',#2090,#2683);
#2683 = DEFINITIONAL_REPRESENTATION('',(#2684),#2688);
#2684 = CIRCLE('',#2685,1.15);
#2685 = AXIS2_PLACEMENT_2D('',#2686,#2687);
#2686 = CARTESIAN_POINT('',(2.8,-21.15));
#2687 = DIRECTION('',(1.,0.));
#2688 = ( GEOMETRIC_REPRESENTATION_CONTEXT(2) 
PARAMETRIC_REPRESENTATION_CONTEXT() REPRESENTATION_CONTEXT('2D SPACE',''
  ) );
#2689 = PCURVE('',#2604,#2690);
#2690 = DEFINITIONAL_REPRESENTATION('',(#2691),#2695);
#2691 = LINE('',#2692,#2693);
#2692 = CARTESIAN_POINT('',(0.,0.5));
#2693 = VECTOR('',#2694,1.);
#2694 = DIRECTION('',(1.,0.));
#2695 = ( GEOMETRIC_REPRESENTATION_CONTEXT(2) 
PARAMETRIC_REPRESENTATION_CONTEXT() REPRESENTATION_CONTEXT('2D SPACE',''
  ) );
#2696 = FACE_BOUND('',#2697,.F.);
#2697 = EDGE_LOOP('',(#2698));
#2698 = ORIENTED_EDGE('',*,*,#2699,.F.);
#2699 = EDGE_CURVE('',#2700,#2700,#2702,.T.);
#2700 = VERTEX_POINT('',#2701);
#2701 = CARTESIAN_POINT('',(60.5,9.2,19.25));
#2702 = SURFACE_CURVE('',#2703,(#2708,#2715),.PCURVE_S1.);
#2703 = CIRCLE('',#2704,1.15);
#2704 = AXIS2_PLACEMENT_3D('',#2705,#2706,#2707);
#2705 = CARTESIAN_POINT('',(60.5,9.2,18.1));
#2706 = DIRECTION('',(1.,0.,0.));
#2707 = DIRECTION('',(-0.,0.,1.));
#2708 = PCURVE('',#2090,#2709);
#2709 = DEFINITIONAL_REPRESENTATION('',(#2710),#2714);
#2710 = CIRCLE('',#2711,1.15);
#2711 = AXIS2_PLACEMENT_2D('',#2712,#2713);
#2712 = CARTESIAN_POINT('',(18.1,-21.15));
#2713 = DIRECTION('',(1.,0.));
#2714 = ( GEOMETRIC_REPRESENTATION_CONTEXT(2) 
PARAMETRIC_REPRESENTATION_CONTEXT() REPRESENTATION_CONTEXT('2D SPACE',''
  ) );
#2715 = PCURVE('',#2519,#2716);
#2716 = DEFINITIONAL_REPRESENTATION('',(#2717),#2721);
#2717 = LINE('',#2718,#2719);
#2718 = CARTESIAN_POINT('',(0.,0.5));
#2719 = VECTOR('',#2720,1.);
#2720 = DIRECTION('',(1.,0.));
#2721 = ( GEOMETRIC_REPRESENTATION_CONTEXT(2) 
PARAMETRIC_REPRESENTATION_CONTEXT() REPRESENTATION_CONTEXT('2D SPACE',''
  ) );
#2722 = FACE_BOUND('',#2723,.F.);
#2723 = EDGE_LOOP('',(#2724,#2752,#2778,#2804));
#2724 = ORIENTED_EDGE('',*,*,#2725,.F.);
#2725 = EDGE_CURVE('',#2726,#2728,#2730,.T.);
#2726 = VERTEX_POINT('',#2727);
#2727 = CARTESIAN_POINT('',(60.5,6.435889894354,18.9));
#2728 = VERTEX_POINT('',#2729);
#2729 = CARTESIAN_POINT('',(60.5,-6.435889894354,18.9));
#2730 = SURFACE_CURVE('',#2731,(#2735,#2741),.PCURVE_S1.);
#2731 = LINE('',#2732,#2733);
#2732 = CARTESIAN_POINT('',(60.5,-9.475,18.9));
#2733 = VECTOR('',#2734,1.);
#2734 = DIRECTION('',(0.,-1.,0.));
#2735 = PCURVE('',#2090,#2736);
#2736 = DEFINITIONAL_REPRESENTATION('',(#2737),#2740);
#2737 = B_SPLINE_CURVE_WITH_KNOTS('',1,(#2738,#2739),.UNSPECIFIED.,.F.,
  .F.,(2,2),(-16.475,-2.475),.PIECEWISE_BEZIER_KNOTS.);
#2738 = CARTESIAN_POINT('',(18.9,-18.95));
#2739 = CARTESIAN_POINT('',(18.9,-4.95));
#2740 = ( GEOMETRIC_REPRESENTATION_CONTEXT(2) 
PARAMETRIC_REPRESENTATION_CONTEXT() REPRESENTATION_CONTEXT('2D SPACE',''
  ) );
#2741 = PCURVE('',#2742,#2747);
#2742 = PLANE('',#2743);
#2743 = AXIS2_PLACEMENT_3D('',#2744,#2745,#2746);
#2744 = CARTESIAN_POINT('',(60.4,-7.,18.9));
#2745 = DIRECTION('',(0.,0.,1.));
#2746 = DIRECTION('',(1.,0.,0.));
#2747 = DEFINITIONAL_REPRESENTATION('',(#2748),#2751);
#2748 = B_SPLINE_CURVE_WITH_KNOTS('',1,(#2749,#2750),.UNSPECIFIED.,.F.,
  .F.,(2,2),(-16.475,-2.475),.PIECEWISE_BEZIER_KNOTS.);
#2749 = CARTESIAN_POINT('',(0.1,14.));
#2750 = CARTESIAN_POINT('',(0.1,0.));
#2751 = ( GEOMETRIC_REPRESENTATION_CONTEXT(2) 
PARAMETRIC_REPRESENTATION_CONTEXT() REPRESENTATION_CONTEXT('2D SPACE',''
  ) );
#2752 = ORIENTED_EDGE('',*,*,#2753,.F.);
#2753 = EDGE_CURVE('',#2754,#2726,#2756,.T.);
#2754 = VERTEX_POINT('',#2755);
#2755 = CARTESIAN_POINT('',(60.5,6.435889894354,2.));
#2756 = SURFACE_CURVE('',#2757,(#2761,#2767),.PCURVE_S1.);
#2757 = LINE('',#2758,#2759);
#2758 = CARTESIAN_POINT('',(60.5,6.435889894354,2.));
#2759 = VECTOR('',#2760,1.);
#2760 = DIRECTION('',(0.,0.,1.));
#2761 = PCURVE('',#2090,#2762);
#2762 = DEFINITIONAL_REPRESENTATION('',(#2763),#2766);
#2763 = B_SPLINE_CURVE_WITH_KNOTS('',1,(#2764,#2765),.UNSPECIFIED.,.F.,
  .F.,(2,2),(-5.999999999062E-07,16.9000006),.PIECEWISE_BEZIER_KNOTS.);
#2764 = CARTESIAN_POINT('',(1.9999994,-18.38588989435));
#2765 = CARTESIAN_POINT('',(18.9000006,-18.38588989435));
#2766 = ( GEOMETRIC_REPRESENTATION_CONTEXT(2) 
PARAMETRIC_REPRESENTATION_CONTEXT() REPRESENTATION_CONTEXT('2D SPACE',''
  ) );
#2767 = PCURVE('',#2768,#2773);
#2768 = CYLINDRICAL_SURFACE('',#2769,1.);
#2769 = AXIS2_PLACEMENT_3D('',#2770,#2771,#2772);
#2770 = CARTESIAN_POINT('',(61.4,6.,2.));
#2771 = DIRECTION('',(0.,0.,1.));
#2772 = DIRECTION('',(-1.,-0.,0.));
#2773 = DEFINITIONAL_REPRESENTATION('',(#2774),#2777);
#2774 = B_SPLINE_CURVE_WITH_KNOTS('',1,(#2775,#2776),.UNSPECIFIED.,.F.,
  .F.,(2,2),(-5.999999999062E-07,16.9000006),.PIECEWISE_BEZIER_KNOTS.);
#2775 = CARTESIAN_POINT('',(-0.451026811796,-5.999999999062E-07));
#2776 = CARTESIAN_POINT('',(-0.451026811796,16.9000006));
#2777 = ( GEOMETRIC_REPRESENTATION_CONTEXT(2) 
PARAMETRIC_REPRESENTATION_CONTEXT() REPRESENTATION_CONTEXT('2D SPACE',''
  ) );
#2778 = ORIENTED_EDGE('',*,*,#2779,.T.);
#2779 = EDGE_CURVE('',#2754,#2780,#2782,.T.);
#2780 = VERTEX_POINT('',#2781);
#2781 = CARTESIAN_POINT('',(60.5,-6.435889894354,2.));
#2782 = SURFACE_CURVE('',#2783,(#2787,#2793),.PCURVE_S1.);
#2783 = LINE('',#2784,#2785);
#2784 = CARTESIAN_POINT('',(60.5,-9.475,2.));
#2785 = VECTOR('',#2786,1.);
#2786 = DIRECTION('',(0.,-1.,0.));
#2787 = PCURVE('',#2090,#2788);
#2788 = DEFINITIONAL_REPRESENTATION('',(#2789),#2792);
#2789 = B_SPLINE_CURVE_WITH_KNOTS('',1,(#2790,#2791),.UNSPECIFIED.,.F.,
  .F.,(2,2),(-16.475,-2.475),.PIECEWISE_BEZIER_KNOTS.);
#2790 = CARTESIAN_POINT('',(2.,-18.95));
#2791 = CARTESIAN_POINT('',(2.,-4.95));
#2792 = ( GEOMETRIC_REPRESENTATION_CONTEXT(2) 
PARAMETRIC_REPRESENTATION_CONTEXT() REPRESENTATION_CONTEXT('2D SPACE',''
  ) );
#2793 = PCURVE('',#2794,#2799);
#2794 = PLANE('',#2795);
#2795 = AXIS2_PLACEMENT_3D('',#2796,#2797,#2798);
#2796 = CARTESIAN_POINT('',(60.4,-7.,2.));
#2797 = DIRECTION('',(0.,0.,1.));
#2798 = DIRECTION('',(1.,0.,0.));
#2799 = DEFINITIONAL_REPRESENTATION('',(#2800),#2803);
#2800 = B_SPLINE_CURVE_WITH_KNOTS('',1,(#2801,#2802),.UNSPECIFIED.,.F.,
  .F.,(2,2),(-16.475,-2.475),.PIECEWISE_BEZIER_KNOTS.);
#2801 = CARTESIAN_POINT('',(0.1,14.));
#2802 = CARTESIAN_POINT('',(0.1,0.));
#2803 = ( GEOMETRIC_REPRESENTATION_CONTEXT(2) 
PARAMETRIC_REPRESENTATION_CONTEXT() REPRESENTATION_CONTEXT('2D SPACE',''
  ) );
#2804 = ORIENTED_EDGE('',*,*,#2805,.T.);
#2805 = EDGE_CURVE('',#2780,#2728,#2806,.T.);
#2806 = SURFACE_CURVE('',#2807,(#2811,#2817),.PCURVE_S1.);
#2807 = LINE('',#2808,#2809);
#2808 = CARTESIAN_POINT('',(60.5,-6.435889894354,2.));
#2809 = VECTOR('',#2810,1.);
#2810 = DIRECTION('',(0.,0.,1.));
#2811 = PCURVE('',#2090,#2812);
#2812 = DEFINITIONAL_REPRESENTATION('',(#2813),#2816);
#2813 = B_SPLINE_CURVE_WITH_KNOTS('',1,(#2814,#2815),.UNSPECIFIED.,.F.,
  .F.,(2,2),(-5.999999999062E-07,16.9000006),.PIECEWISE_BEZIER_KNOTS.);
#2814 = CARTESIAN_POINT('',(1.9999994,-5.514110105646));
#2815 = CARTESIAN_POINT('',(18.9000006,-5.514110105646));
#2816 = ( GEOMETRIC_REPRESENTATION_CONTEXT(2) 
PARAMETRIC_REPRESENTATION_CONTEXT() REPRESENTATION_CONTEXT('2D SPACE',''
  ) );
#2817 = PCURVE('',#2818,#2823);
#2818 = CYLINDRICAL_SURFACE('',#2819,1.);
#2819 = AXIS2_PLACEMENT_3D('',#2820,#2821,#2822);
#2820 = CARTESIAN_POINT('',(61.4,-6.,2.));
#2821 = DIRECTION('',(0.,0.,1.));
#2822 = DIRECTION('',(-1.,-0.,0.));
#2823 = DEFINITIONAL_REPRESENTATION('',(#2824),#2827);
#2824 = B_SPLINE_CURVE_WITH_KNOTS('',1,(#2825,#2826),.UNSPECIFIED.,.F.,
  .F.,(2,2),(-5.999999999062E-07,16.9000006),.PIECEWISE_BEZIER_KNOTS.);
#2825 = CARTESIAN_POINT('',(0.451026811796,-5.999999999062E-07));
#2826 = CARTESIAN_POINT('',(0.451026811796,16.9000006));
#2827 = ( GEOMETRIC_REPRESENTATION_CONTEXT(2) 
PARAMETRIC_REPRESENTATION_CONTEXT() REPRESENTATION_CONTEXT('2D SPACE',''
  ) );
#2828 = FACE_BOUND('',#2829,.F.);
#2829 = EDGE_LOOP('',(#2830));
#2830 = ORIENTED_EDGE('',*,*,#2831,.F.);
#2831 = EDGE_CURVE('',#2832,#2832,#2834,.T.);
#2832 = VERTEX_POINT('',#2833);
#2833 = CARTESIAN_POINT('',(60.5,-9.2,3.95));
#2834 = SURFACE_CURVE('',#2835,(#2840,#2847),.PCURVE_S1.);
#2835 = CIRCLE('',#2836,1.15);
#2836 = AXIS2_PLACEMENT_3D('',#2837,#2838,#2839);
#2837 = CARTESIAN_POINT('',(60.5,-9.2,2.8));
#2838 = DIRECTION('',(1.,0.,0.));
#2839 = DIRECTION('',(-0.,0.,1.));
#2840 = PCURVE('',#2090,#2841);
#2841 = DEFINITIONAL_REPRESENTATION('',(#2842),#2846);
#2842 = CIRCLE('',#2843,1.15);
#2843 = AXIS2_PLACEMENT_2D('',#2844,#2845);
#2844 = CARTESIAN_POINT('',(2.8,-2.75));
#2845 = DIRECTION('',(1.,0.));
#2846 = ( GEOMETRIC_REPRESENTATION_CONTEXT(2) 
PARAMETRIC_REPRESENTATION_CONTEXT() REPRESENTATION_CONTEXT('2D SPACE',''
  ) );
#2847 = PCURVE('',#2314,#2848);
#2848 = DEFINITIONAL_REPRESENTATION('',(#2849),#2853);
#2849 = LINE('',#2850,#2851);
#2850 = CARTESIAN_POINT('',(0.,0.5));
#2851 = VECTOR('',#2852,1.);
#2852 = DIRECTION('',(1.,0.));
#2853 = ( GEOMETRIC_REPRESENTATION_CONTEXT(2) 
PARAMETRIC_REPRESENTATION_CONTEXT() REPRESENTATION_CONTEXT('2D SPACE',''
  ) );
#2854 = FACE_BOUND('',#2855,.F.);
#2855 = EDGE_LOOP('',(#2856));
#2856 = ORIENTED_EDGE('',*,*,#2857,.F.);
#2857 = EDGE_CURVE('',#2858,#2858,#2860,.T.);
#2858 = VERTEX_POINT('',#2859);
#2859 = CARTESIAN_POINT('',(60.5,-9.2,19.25));
#2860 = SURFACE_CURVE('',#2861,(#2866,#2873),.PCURVE_S1.);
#2861 = CIRCLE('',#2862,1.15);
#2862 = AXIS2_PLACEMENT_3D('',#2863,#2864,#2865);
#2863 = CARTESIAN_POINT('',(60.5,-9.2,18.1));
#2864 = DIRECTION('',(1.,0.,0.));
#2865 = DIRECTION('',(-0.,0.,1.));
#2866 = PCURVE('',#2090,#2867);
#2867 = DEFINITIONAL_REPRESENTATION('',(#2868),#2872);
#2868 = CIRCLE('',#2869,1.15);
#2869 = AXIS2_PLACEMENT_2D('',#2870,#2871);
#2870 = CARTESIAN_POINT('',(18.1,-2.75));
#2871 = DIRECTION('',(1.,0.));
#2872 = ( GEOMETRIC_REPRESENTATION_CONTEXT(2) 
PARAMETRIC_REPRESENTATION_CONTEXT() REPRESENTATION_CONTEXT('2D SPACE',''
  ) );
#2873 = PCURVE('',#2350,#2874);
#2874 = DEFINITIONAL_REPRESENTATION('',(#2875),#2879);
#2875 = LINE('',#2876,#2877);
#2876 = CARTESIAN_POINT('',(0.,0.5));
#2877 = VECTOR('',#2878,1.);
#2878 = DIRECTION('',(1.,0.));
#2879 = ( GEOMETRIC_REPRESENTATION_CONTEXT(2) 
PARAMETRIC_REPRESENTATION_CONTEXT() REPRESENTATION_CONTEXT('2D SPACE',''
  ) );
#2880 = ADVANCED_FACE('',(#2881,#2985),#2168,.F.);
#2881 = FACE_BOUND('',#2882,.F.);
#2882 = EDGE_LOOP('',(#2883,#2908,#2936,#2959));
#2883 = ORIENTED_EDGE('',*,*,#2884,.F.);
#2884 = EDGE_CURVE('',#2885,#2887,#2889,.T.);
#2885 = VERTEX_POINT('',#2886);
#2886 = CARTESIAN_POINT('',(68.,-6.,18.9));
#2887 = VERTEX_POINT('',#2888);
#2888 = CARTESIAN_POINT('',(68.,6.,18.9));
#2889 = SURFACE_CURVE('',#2890,(#2894,#2901),.PCURVE_S1.);
#2890 = LINE('',#2891,#2892);
#2891 = CARTESIAN_POINT('',(68.,-7.,18.9));
#2892 = VECTOR('',#2893,1.);
#2893 = DIRECTION('',(0.,1.,0.));
#2894 = PCURVE('',#2168,#2895);
#2895 = DEFINITIONAL_REPRESENTATION('',(#2896),#2900);
#2896 = LINE('',#2897,#2898);
#2897 = CARTESIAN_POINT('',(16.9,0.));
#2898 = VECTOR('',#2899,1.);
#2899 = DIRECTION('',(0.,-1.));
#2900 = ( GEOMETRIC_REPRESENTATION_CONTEXT(2) 
PARAMETRIC_REPRESENTATION_CONTEXT() REPRESENTATION_CONTEXT('2D SPACE',''
  ) );
#2901 = PCURVE('',#2742,#2902);
#2902 = DEFINITIONAL_REPRESENTATION('',(#2903),#2907);
#2903 = LINE('',#2904,#2905);
#2904 = CARTESIAN_POINT('',(7.6,0.));
#2905 = VECTOR('',#2906,1.);
#2906 = DIRECTION('',(0.,1.));
#2907 = ( GEOMETRIC_REPRESENTATION_CONTEXT(2) 
PARAMETRIC_REPRESENTATION_CONTEXT() REPRESENTATION_CONTEXT('2D SPACE',''
  ) );
#2908 = ORIENTED_EDGE('',*,*,#2909,.F.);
#2909 = EDGE_CURVE('',#2910,#2885,#2912,.T.);
#2910 = VERTEX_POINT('',#2911);
#2911 = CARTESIAN_POINT('',(68.,-6.,2.));
#2912 = SURFACE_CURVE('',#2913,(#2917,#2924),.PCURVE_S1.);
#2913 = LINE('',#2914,#2915);
#2914 = CARTESIAN_POINT('',(68.,-6.,2.));
#2915 = VECTOR('',#2916,1.);
#2916 = DIRECTION('',(0.,0.,1.));
#2917 = PCURVE('',#2168,#2918);
#2918 = DEFINITIONAL_REPRESENTATION('',(#2919),#2923);
#2919 = LINE('',#2920,#2921);
#2920 = CARTESIAN_POINT('',(0.,-1.));
#2921 = VECTOR('',#2922,1.);
#2922 = DIRECTION('',(1.,0.));
#2923 = ( GEOMETRIC_REPRESENTATION_CONTEXT(2) 
PARAMETRIC_REPRESENTATION_CONTEXT() REPRESENTATION_CONTEXT('2D SPACE',''
  ) );
#2924 = PCURVE('',#2925,#2930);
#2925 = CYLINDRICAL_SURFACE('',#2926,1.);
#2926 = AXIS2_PLACEMENT_3D('',#2927,#2928,#2929);
#2927 = CARTESIAN_POINT('',(67.,-6.,2.));
#2928 = DIRECTION('',(0.,0.,1.));
#2929 = DIRECTION('',(1.,0.,-0.));
#2930 = DEFINITIONAL_REPRESENTATION('',(#2931),#2935);
#2931 = LINE('',#2932,#2933);
#2932 = CARTESIAN_POINT('',(-0.,0.));
#2933 = VECTOR('',#2934,1.);
#2934 = DIRECTION('',(-0.,1.));
#2935 = ( GEOMETRIC_REPRESENTATION_CONTEXT(2) 
PARAMETRIC_REPRESENTATION_CONTEXT() REPRESENTATION_CONTEXT('2D SPACE',''
  ) );
#2936 = ORIENTED_EDGE('',*,*,#2937,.T.);
#2937 = EDGE_CURVE('',#2910,#2938,#2940,.T.);
#2938 = VERTEX_POINT('',#2939);
#2939 = CARTESIAN_POINT('',(68.,6.,2.));
#2940 = SURFACE_CURVE('',#2941,(#2945,#2952),.PCURVE_S1.);
#2941 = LINE('',#2942,#2943);
#2942 = CARTESIAN_POINT('',(68.,-7.,2.));
#2943 = VECTOR('',#2944,1.);
#2944 = DIRECTION('',(0.,1.,0.));
#2945 = PCURVE('',#2168,#2946);
#2946 = DEFINITIONAL_REPRESENTATION('',(#2947),#2951);
#2947 = LINE('',#2948,#2949);
#2948 = CARTESIAN_POINT('',(0.,0.));
#2949 = VECTOR('',#2950,1.);
#2950 = DIRECTION('',(0.,-1.));
#2951 = ( GEOMETRIC_REPRESENTATION_CONTEXT(2) 
PARAMETRIC_REPRESENTATION_CONTEXT() REPRESENTATION_CONTEXT('2D SPACE',''
  ) );
#2952 = PCURVE('',#2794,#2953);
#2953 = DEFINITIONAL_REPRESENTATION('',(#2954),#2958);
#2954 = LINE('',#2955,#2956);
#2955 = CARTESIAN_POINT('',(7.6,0.));
#2956 = VECTOR('',#2957,1.);
#2957 = DIRECTION('',(0.,1.));
#2958 = ( GEOMETRIC_REPRESENTATION_CONTEXT(2) 
PARAMETRIC_REPRESENTATION_CONTEXT() REPRESENTATION_CONTEXT('2D SPACE',''
  ) );
#2959 = ORIENTED_EDGE('',*,*,#2960,.T.);
#2960 = EDGE_CURVE('',#2938,#2887,#2961,.T.);
#2961 = SURFACE_CURVE('',#2962,(#2966,#2973),.PCURVE_S1.);
#2962 = LINE('',#2963,#2964);
#2963 = CARTESIAN_POINT('',(68.,6.,2.));
#2964 = VECTOR('',#2965,1.);
#2965 = DIRECTION('',(0.,0.,1.));
#2966 = PCURVE('',#2168,#2967);
#2967 = DEFINITIONAL_REPRESENTATION('',(#2968),#2972);
#2968 = LINE('',#2969,#2970);
#2969 = CARTESIAN_POINT('',(0.,-13.));
#2970 = VECTOR('',#2971,1.);
#2971 = DIRECTION('',(1.,0.));
#2972 = ( GEOMETRIC_REPRESENTATION_CONTEXT(2) 
PARAMETRIC_REPRESENTATION_CONTEXT() REPRESENTATION_CONTEXT('2D SPACE',''
  ) );
#2973 = PCURVE('',#2974,#2979);
#2974 = CYLINDRICAL_SURFACE('',#2975,1.);
#2975 = AXIS2_PLACEMENT_3D('',#2976,#2977,#2978);
#2976 = CARTESIAN_POINT('',(67.,6.,2.));
#2977 = DIRECTION('',(0.,0.,1.));
#2978 = DIRECTION('',(1.,0.,-0.));
#2979 = DEFINITIONAL_REPRESENTATION('',(#2980),#2984);
#2980 = LINE('',#2981,#2982);
#2981 = CARTESIAN_POINT('',(0.,0.));
#2982 = VECTOR('',#2983,1.);
#2983 = DIRECTION('',(0.,1.));
#2984 = ( GEOMETRIC_REPRESENTATION_CONTEXT(2) 
PARAMETRIC_REPRESENTATION_CONTEXT() REPRESENTATION_CONTEXT('2D SPACE',''
  ) );
#2985 = FACE_BOUND('',#2986,.F.);
#2986 = EDGE_LOOP('',(#2987));
#2987 = ORIENTED_EDGE('',*,*,#2153,.F.);
#2988 = ADVANCED_FACE('',(#2989),#2228,.T.);
#2989 = FACE_BOUND('',#2990,.F.);
#2990 = EDGE_LOOP('',(#2991,#2992,#2993,#2994));
#2991 = ORIENTED_EDGE('',*,*,#2214,.T.);
#2992 = ORIENTED_EDGE('',*,*,#2269,.T.);
#2993 = ORIENTED_EDGE('',*,*,#2649,.F.);
#2994 = ORIENTED_EDGE('',*,*,#2390,.F.);
#2995 = ADVANCED_FACE('',(#2996),#2314,.F.);
#2996 = FACE_BOUND('',#2997,.F.);
#2997 = EDGE_LOOP('',(#2998,#2999,#3020,#3021));
#2998 = ORIENTED_EDGE('',*,*,#2297,.F.);
#2999 = ORIENTED_EDGE('',*,*,#3000,.F.);
#3000 = EDGE_CURVE('',#2832,#2298,#3001,.T.);
#3001 = SEAM_CURVE('',#3002,(#3006,#3013),.PCURVE_S1.);
#3002 = LINE('',#3003,#3004);
#3003 = CARTESIAN_POINT('',(60.,-9.2,3.95));
#3004 = VECTOR('',#3005,1.);
#3005 = DIRECTION('',(1.,0.,0.));
#3006 = PCURVE('',#2314,#3007);
#3007 = DEFINITIONAL_REPRESENTATION('',(#3008),#3012);
#3008 = LINE('',#3009,#3010);
#3009 = CARTESIAN_POINT('',(6.28318530718,-0.));
#3010 = VECTOR('',#3011,1.);
#3011 = DIRECTION('',(0.,1.));
#3012 = ( GEOMETRIC_REPRESENTATION_CONTEXT(2) 
PARAMETRIC_REPRESENTATION_CONTEXT() REPRESENTATION_CONTEXT('2D SPACE',''
  ) );
#3013 = PCURVE('',#2314,#3014);
#3014 = DEFINITIONAL_REPRESENTATION('',(#3015),#3019);
#3015 = LINE('',#3016,#3017);
#3016 = CARTESIAN_POINT('',(0.,-0.));
#3017 = VECTOR('',#3018,1.);
#3018 = DIRECTION('',(0.,1.));
#3019 = ( GEOMETRIC_REPRESENTATION_CONTEXT(2) 
PARAMETRIC_REPRESENTATION_CONTEXT() REPRESENTATION_CONTEXT('2D SPACE',''
  ) );
#3020 = ORIENTED_EDGE('',*,*,#2831,.T.);
#3021 = ORIENTED_EDGE('',*,*,#3000,.T.);
#3022 = ADVANCED_FACE('',(#3023),#2350,.F.);
#3023 = FACE_BOUND('',#3024,.F.);
#3024 = EDGE_LOOP('',(#3025,#3026,#3047,#3048));
#3025 = ORIENTED_EDGE('',*,*,#2333,.F.);
#3026 = ORIENTED_EDGE('',*,*,#3027,.F.);
#3027 = EDGE_CURVE('',#2858,#2334,#3028,.T.);
#3028 = SEAM_CURVE('',#3029,(#3033,#3040),.PCURVE_S1.);
#3029 = LINE('',#3030,#3031);
#3030 = CARTESIAN_POINT('',(60.,-9.2,19.25));
#3031 = VECTOR('',#3032,1.);
#3032 = DIRECTION('',(1.,0.,0.));
#3033 = PCURVE('',#2350,#3034);
#3034 = DEFINITIONAL_REPRESENTATION('',(#3035),#3039);
#3035 = LINE('',#3036,#3037);
#3036 = CARTESIAN_POINT('',(6.28318530718,-0.));
#3037 = VECTOR('',#3038,1.);
#3038 = DIRECTION('',(0.,1.));
#3039 = ( GEOMETRIC_REPRESENTATION_CONTEXT(2) 
PARAMETRIC_REPRESENTATION_CONTEXT() REPRESENTATION_CONTEXT('2D SPACE',''
  ) );
#3040 = PCURVE('',#2350,#3041);
#3041 = DEFINITIONAL_REPRESENTATION('',(#3042),#3046);
#3042 = LINE('',#3043,#3044);
#3043 = CARTESIAN_POINT('',(0.,-0.));
#3044 = VECTOR('',#3045,1.);
#3045 = DIRECTION('',(0.,1.));
#3046 = ( GEOMETRIC_REPRESENTATION_CONTEXT(2) 
PARAMETRIC_REPRESENTATION_CONTEXT() REPRESENTATION_CONTEXT('2D SPACE',''
  ) );
#3047 = ORIENTED_EDGE('',*,*,#2857,.T.);
#3048 = ORIENTED_EDGE('',*,*,#3027,.T.);
#3049 = ADVANCED_FACE('',(#3050),#2455,.T.);
#3050 = FACE_BOUND('',#3051,.F.);
#3051 = EDGE_LOOP('',(#3052,#3053,#3054,#3055));
#3052 = ORIENTED_EDGE('',*,*,#2622,.T.);
#3053 = ORIENTED_EDGE('',*,*,#2559,.T.);
#3054 = ORIENTED_EDGE('',*,*,#2470,.F.);
#3055 = ORIENTED_EDGE('',*,*,#2441,.F.);
#3056 = ADVANCED_FACE('',(#3057),#2519,.F.);
#3057 = FACE_BOUND('',#3058,.F.);
#3058 = EDGE_LOOP('',(#3059,#3060,#3081,#3082));
#3059 = ORIENTED_EDGE('',*,*,#2502,.F.);
#3060 = ORIENTED_EDGE('',*,*,#3061,.F.);
#3061 = EDGE_CURVE('',#2700,#2503,#3062,.T.);
#3062 = SEAM_CURVE('',#3063,(#3067,#3074),.PCURVE_S1.);
#3063 = LINE('',#3064,#3065);
#3064 = CARTESIAN_POINT('',(60.,9.2,19.25));
#3065 = VECTOR('',#3066,1.);
#3066 = DIRECTION('',(1.,0.,0.));
#3067 = PCURVE('',#2519,#3068);
#3068 = DEFINITIONAL_REPRESENTATION('',(#3069),#3073);
#3069 = LINE('',#3070,#3071);
#3070 = CARTESIAN_POINT('',(6.28318530718,-0.));
#3071 = VECTOR('',#3072,1.);
#3072 = DIRECTION('',(0.,1.));
#3073 = ( GEOMETRIC_REPRESENTATION_CONTEXT(2) 
PARAMETRIC_REPRESENTATION_CONTEXT() REPRESENTATION_CONTEXT('2D SPACE',''
  ) );
#3074 = PCURVE('',#2519,#3075);
#3075 = DEFINITIONAL_REPRESENTATION('',(#3076),#3080);
#3076 = LINE('',#3077,#3078);
#3077 = CARTESIAN_POINT('',(0.,-0.));
#3078 = VECTOR('',#3079,1.);
#3079 = DIRECTION('',(0.,1.));
#3080 = ( GEOMETRIC_REPRESENTATION_CONTEXT(2) 
PARAMETRIC_REPRESENTATION_CONTEXT() REPRESENTATION_CONTEXT('2D SPACE',''
  ) );
#3081 = ORIENTED_EDGE('',*,*,#2699,.T.);
#3082 = ORIENTED_EDGE('',*,*,#3061,.T.);
#3083 = ADVANCED_FACE('',(#3084),#2604,.F.);
#3084 = FACE_BOUND('',#3085,.F.);
#3085 = EDGE_LOOP('',(#3086,#3087,#3108,#3109));
#3086 = ORIENTED_EDGE('',*,*,#2587,.F.);
#3087 = ORIENTED_EDGE('',*,*,#3088,.F.);
#3088 = EDGE_CURVE('',#2674,#2588,#3089,.T.);
#3089 = SEAM_CURVE('',#3090,(#3094,#3101),.PCURVE_S1.);
#3090 = LINE('',#3091,#3092);
#3091 = CARTESIAN_POINT('',(60.,9.2,3.95));
#3092 = VECTOR('',#3093,1.);
#3093 = DIRECTION('',(1.,0.,0.));
#3094 = PCURVE('',#2604,#3095);
#3095 = DEFINITIONAL_REPRESENTATION('',(#3096),#3100);
#3096 = LINE('',#3097,#3098);
#3097 = CARTESIAN_POINT('',(6.28318530718,-0.));
#3098 = VECTOR('',#3099,1.);
#3099 = DIRECTION('',(0.,1.));
#3100 = ( GEOMETRIC_REPRESENTATION_CONTEXT(2) 
PARAMETRIC_REPRESENTATION_CONTEXT() REPRESENTATION_CONTEXT('2D SPACE',''
  ) );
#3101 = PCURVE('',#2604,#3102);
#3102 = DEFINITIONAL_REPRESENTATION('',(#3103),#3107);
#3103 = LINE('',#3104,#3105);
#3104 = CARTESIAN_POINT('',(0.,-0.));
#3105 = VECTOR('',#3106,1.);
#3106 = DIRECTION('',(0.,1.));
#3107 = ( GEOMETRIC_REPRESENTATION_CONTEXT(2) 
PARAMETRIC_REPRESENTATION_CONTEXT() REPRESENTATION_CONTEXT('2D SPACE',''
  ) );
#3108 = ORIENTED_EDGE('',*,*,#2673,.T.);
#3109 = ORIENTED_EDGE('',*,*,#3088,.T.);
#3110 = ADVANCED_FACE('',(#3111),#2742,.F.);
#3111 = FACE_BOUND('',#3112,.F.);
#3112 = EDGE_LOOP('',(#3113,#3114,#3138,#3166,#3192,#3193,#3217,#3245));
#3113 = ORIENTED_EDGE('',*,*,#2725,.T.);
#3114 = ORIENTED_EDGE('',*,*,#3115,.T.);
#3115 = EDGE_CURVE('',#2728,#3116,#3118,.T.);
#3116 = VERTEX_POINT('',#3117);
#3117 = CARTESIAN_POINT('',(61.4,-7.,18.9));
#3118 = SURFACE_CURVE('',#3119,(#3124,#3131),.PCURVE_S1.);
#3119 = CIRCLE('',#3120,1.);
#3120 = AXIS2_PLACEMENT_3D('',#3121,#3122,#3123);
#3121 = CARTESIAN_POINT('',(61.4,-6.,18.9));
#3122 = DIRECTION('',(0.,0.,1.));
#3123 = DIRECTION('',(0.,-1.,0.));
#3124 = PCURVE('',#2742,#3125);
#3125 = DEFINITIONAL_REPRESENTATION('',(#3126),#3130);
#3126 = CIRCLE('',#3127,1.);
#3127 = AXIS2_PLACEMENT_2D('',#3128,#3129);
#3128 = CARTESIAN_POINT('',(1.,1.));
#3129 = DIRECTION('',(0.,-1.));
#3130 = ( GEOMETRIC_REPRESENTATION_CONTEXT(2) 
PARAMETRIC_REPRESENTATION_CONTEXT() REPRESENTATION_CONTEXT('2D SPACE',''
  ) );
#3131 = PCURVE('',#2818,#3132);
#3132 = DEFINITIONAL_REPRESENTATION('',(#3133),#3137);
#3133 = LINE('',#3134,#3135);
#3134 = CARTESIAN_POINT('',(-4.712388980385,16.9));
#3135 = VECTOR('',#3136,1.);
#3136 = DIRECTION('',(1.,0.));
#3137 = ( GEOMETRIC_REPRESENTATION_CONTEXT(2) 
PARAMETRIC_REPRESENTATION_CONTEXT() REPRESENTATION_CONTEXT('2D SPACE',''
  ) );
#3138 = ORIENTED_EDGE('',*,*,#3139,.T.);
#3139 = EDGE_CURVE('',#3116,#3140,#3142,.T.);
#3140 = VERTEX_POINT('',#3141);
#3141 = CARTESIAN_POINT('',(67.,-7.,18.9));
#3142 = SURFACE_CURVE('',#3143,(#3147,#3154),.PCURVE_S1.);
#3143 = LINE('',#3144,#3145);
#3144 = CARTESIAN_POINT('',(60.4,-7.,18.9));
#3145 = VECTOR('',#3146,1.);
#3146 = DIRECTION('',(1.,0.,0.));
#3147 = PCURVE('',#2742,#3148);
#3148 = DEFINITIONAL_REPRESENTATION('',(#3149),#3153);
#3149 = LINE('',#3150,#3151);
#3150 = CARTESIAN_POINT('',(0.,0.));
#3151 = VECTOR('',#3152,1.);
#3152 = DIRECTION('',(1.,0.));
#3153 = ( GEOMETRIC_REPRESENTATION_CONTEXT(2) 
PARAMETRIC_REPRESENTATION_CONTEXT() REPRESENTATION_CONTEXT('2D SPACE',''
  ) );
#3154 = PCURVE('',#3155,#3160);
#3155 = PLANE('',#3156);
#3156 = AXIS2_PLACEMENT_3D('',#3157,#3158,#3159);
#3157 = CARTESIAN_POINT('',(60.4,-7.,2.));
#3158 = DIRECTION('',(0.,1.,0.));
#3159 = DIRECTION('',(0.,0.,1.));
#3160 = DEFINITIONAL_REPRESENTATION('',(#3161),#3165);
#3161 = LINE('',#3162,#3163);
#3162 = CARTESIAN_POINT('',(16.9,0.));
#3163 = VECTOR('',#3164,1.);
#3164 = DIRECTION('',(0.,1.));
#3165 = ( GEOMETRIC_REPRESENTATION_CONTEXT(2) 
PARAMETRIC_REPRESENTATION_CONTEXT() REPRESENTATION_CONTEXT('2D SPACE',''
  ) );
#3166 = ORIENTED_EDGE('',*,*,#3167,.F.);
#3167 = EDGE_CURVE('',#2885,#3140,#3168,.T.);
#3168 = SURFACE_CURVE('',#3169,(#3174,#3185),.PCURVE_S1.);
#3169 = CIRCLE('',#3170,1.);
#3170 = AXIS2_PLACEMENT_3D('',#3171,#3172,#3173);
#3171 = CARTESIAN_POINT('',(67.,-6.,18.9));
#3172 = DIRECTION('',(-0.,-0.,-1.));
#3173 = DIRECTION('',(0.,-1.,0.));
#3174 = PCURVE('',#2742,#3175);
#3175 = DEFINITIONAL_REPRESENTATION('',(#3176),#3184);
#3176 = ( BOUNDED_CURVE() B_SPLINE_CURVE(2,(#3177,#3178,#3179,#3180,
#3181,#3182,#3183),.UNSPECIFIED.,.T.,.F.) B_SPLINE_CURVE_WITH_KNOTS((1,2
    ,2,2,2,1),(-2.094395102393,0.,2.094395102393,4.188790204786,
6.28318530718,8.377580409573),.UNSPECIFIED.) CURVE() 
GEOMETRIC_REPRESENTATION_ITEM() RATIONAL_B_SPLINE_CURVE((1.,0.5,1.,0.5,
1.,0.5,1.)) REPRESENTATION_ITEM('') );
#3177 = CARTESIAN_POINT('',(6.6,0.));
#3178 = CARTESIAN_POINT('',(4.867949192431,0.));
#3179 = CARTESIAN_POINT('',(5.733974596216,1.5));
#3180 = CARTESIAN_POINT('',(6.6,3.));
#3181 = CARTESIAN_POINT('',(7.466025403784,1.5));
#3182 = CARTESIAN_POINT('',(8.332050807569,1.554312234475E-15));
#3183 = CARTESIAN_POINT('',(6.6,0.));
#3184 = ( GEOMETRIC_REPRESENTATION_CONTEXT(2) 
PARAMETRIC_REPRESENTATION_CONTEXT() REPRESENTATION_CONTEXT('2D SPACE',''
  ) );
#3185 = PCURVE('',#2925,#3186);
#3186 = DEFINITIONAL_REPRESENTATION('',(#3187),#3191);
#3187 = LINE('',#3188,#3189);
#3188 = CARTESIAN_POINT('',(4.712388980385,16.9));
#3189 = VECTOR('',#3190,1.);
#3190 = DIRECTION('',(-1.,0.));
#3191 = ( GEOMETRIC_REPRESENTATION_CONTEXT(2) 
PARAMETRIC_REPRESENTATION_CONTEXT() REPRESENTATION_CONTEXT('2D SPACE',''
  ) );
#3192 = ORIENTED_EDGE('',*,*,#2884,.T.);
#3193 = ORIENTED_EDGE('',*,*,#3194,.T.);
#3194 = EDGE_CURVE('',#2887,#3195,#3197,.T.);
#3195 = VERTEX_POINT('',#3196);
#3196 = CARTESIAN_POINT('',(67.,7.,18.9));
#3197 = SURFACE_CURVE('',#3198,(#3203,#3210),.PCURVE_S1.);
#3198 = CIRCLE('',#3199,1.);
#3199 = AXIS2_PLACEMENT_3D('',#3200,#3201,#3202);
#3200 = CARTESIAN_POINT('',(67.,6.,18.9));
#3201 = DIRECTION('',(0.,0.,1.));
#3202 = DIRECTION('',(0.,-1.,0.));
#3203 = PCURVE('',#2742,#3204);
#3204 = DEFINITIONAL_REPRESENTATION('',(#3205),#3209);
#3205 = CIRCLE('',#3206,1.);
#3206 = AXIS2_PLACEMENT_2D('',#3207,#3208);
#3207 = CARTESIAN_POINT('',(6.6,13.));
#3208 = DIRECTION('',(0.,-1.));
#3209 = ( GEOMETRIC_REPRESENTATION_CONTEXT(2) 
PARAMETRIC_REPRESENTATION_CONTEXT() REPRESENTATION_CONTEXT('2D SPACE',''
  ) );
#3210 = PCURVE('',#2974,#3211);
#3211 = DEFINITIONAL_REPRESENTATION('',(#3212),#3216);
#3212 = LINE('',#3213,#3214);
#3213 = CARTESIAN_POINT('',(-1.570796326795,16.9));
#3214 = VECTOR('',#3215,1.);
#3215 = DIRECTION('',(1.,0.));
#3216 = ( GEOMETRIC_REPRESENTATION_CONTEXT(2) 
PARAMETRIC_REPRESENTATION_CONTEXT() REPRESENTATION_CONTEXT('2D SPACE',''
  ) );
#3217 = ORIENTED_EDGE('',*,*,#3218,.F.);
#3218 = EDGE_CURVE('',#3219,#3195,#3221,.T.);
#3219 = VERTEX_POINT('',#3220);
#3220 = CARTESIAN_POINT('',(61.4,7.,18.9));
#3221 = SURFACE_CURVE('',#3222,(#3226,#3233),.PCURVE_S1.);
#3222 = LINE('',#3223,#3224);
#3223 = CARTESIAN_POINT('',(60.4,7.,18.9));
#3224 = VECTOR('',#3225,1.);
#3225 = DIRECTION('',(1.,0.,0.));
#3226 = PCURVE('',#2742,#3227);
#3227 = DEFINITIONAL_REPRESENTATION('',(#3228),#3232);
#3228 = LINE('',#3229,#3230);
#3229 = CARTESIAN_POINT('',(0.,14.));
#3230 = VECTOR('',#3231,1.);
#3231 = DIRECTION('',(1.,0.));
#3232 = ( GEOMETRIC_REPRESENTATION_CONTEXT(2) 
PARAMETRIC_REPRESENTATION_CONTEXT() REPRESENTATION_CONTEXT('2D SPACE',''
  ) );
#3233 = PCURVE('',#3234,#3239);
#3234 = PLANE('',#3235);
#3235 = AXIS2_PLACEMENT_3D('',#3236,#3237,#3238);
#3236 = CARTESIAN_POINT('',(60.4,7.,2.));
#3237 = DIRECTION('',(0.,1.,0.));
#3238 = DIRECTION('',(0.,0.,1.));
#3239 = DEFINITIONAL_REPRESENTATION('',(#3240),#3244);
#3240 = LINE('',#3241,#3242);
#3241 = CARTESIAN_POINT('',(16.9,0.));
#3242 = VECTOR('',#3243,1.);
#3243 = DIRECTION('',(0.,1.));
#3244 = ( GEOMETRIC_REPRESENTATION_CONTEXT(2) 
PARAMETRIC_REPRESENTATION_CONTEXT() REPRESENTATION_CONTEXT('2D SPACE',''
  ) );
#3245 = ORIENTED_EDGE('',*,*,#3246,.F.);
#3246 = EDGE_CURVE('',#2726,#3219,#3247,.T.);
#3247 = SURFACE_CURVE('',#3248,(#3253,#3264),.PCURVE_S1.);
#3248 = CIRCLE('',#3249,1.);
#3249 = AXIS2_PLACEMENT_3D('',#3250,#3251,#3252);
#3250 = CARTESIAN_POINT('',(61.4,6.,18.9));
#3251 = DIRECTION('',(-0.,-0.,-1.));
#3252 = DIRECTION('',(0.,-1.,0.));
#3253 = PCURVE('',#2742,#3254);
#3254 = DEFINITIONAL_REPRESENTATION('',(#3255),#3263);
#3255 = ( BOUNDED_CURVE() B_SPLINE_CURVE(2,(#3256,#3257,#3258,#3259,
#3260,#3261,#3262),.UNSPECIFIED.,.T.,.F.) B_SPLINE_CURVE_WITH_KNOTS((1,2
    ,2,2,2,1),(-2.094395102393,0.,2.094395102393,4.188790204786,
6.28318530718,8.377580409573),.UNSPECIFIED.) CURVE() 
GEOMETRIC_REPRESENTATION_ITEM() RATIONAL_B_SPLINE_CURVE((1.,0.5,1.,0.5,
1.,0.5,1.)) REPRESENTATION_ITEM('') );
#3256 = CARTESIAN_POINT('',(1.,12.));
#3257 = CARTESIAN_POINT('',(-0.732050807569,12.));
#3258 = CARTESIAN_POINT('',(0.133974596216,13.5));
#3259 = CARTESIAN_POINT('',(1.,15.));
#3260 = CARTESIAN_POINT('',(1.866025403784,13.5));
#3261 = CARTESIAN_POINT('',(2.732050807569,12.));
#3262 = CARTESIAN_POINT('',(1.,12.));
#3263 = ( GEOMETRIC_REPRESENTATION_CONTEXT(2) 
PARAMETRIC_REPRESENTATION_CONTEXT() REPRESENTATION_CONTEXT('2D SPACE',''
  ) );
#3264 = PCURVE('',#2768,#3265);
#3265 = DEFINITIONAL_REPRESENTATION('',(#3266),#3270);
#3266 = LINE('',#3267,#3268);
#3267 = CARTESIAN_POINT('',(1.570796326795,16.9));
#3268 = VECTOR('',#3269,1.);
#3269 = DIRECTION('',(-1.,0.));
#3270 = ( GEOMETRIC_REPRESENTATION_CONTEXT(2) 
PARAMETRIC_REPRESENTATION_CONTEXT() REPRESENTATION_CONTEXT('2D SPACE',''
  ) );
#3271 = ADVANCED_FACE('',(#3272),#2768,.F.);
#3272 = FACE_BOUND('',#3273,.T.);
#3273 = EDGE_LOOP('',(#3274,#3275,#3303,#3324));
#3274 = ORIENTED_EDGE('',*,*,#2753,.F.);
#3275 = ORIENTED_EDGE('',*,*,#3276,.T.);
#3276 = EDGE_CURVE('',#2754,#3277,#3279,.T.);
#3277 = VERTEX_POINT('',#3278);
#3278 = CARTESIAN_POINT('',(61.4,7.,2.));
#3279 = SURFACE_CURVE('',#3280,(#3285,#3292),.PCURVE_S1.);
#3280 = CIRCLE('',#3281,1.);
#3281 = AXIS2_PLACEMENT_3D('',#3282,#3283,#3284);
#3282 = CARTESIAN_POINT('',(61.4,6.,2.));
#3283 = DIRECTION('',(-0.,-0.,-1.));
#3284 = DIRECTION('',(0.,-1.,0.));
#3285 = PCURVE('',#2768,#3286);
#3286 = DEFINITIONAL_REPRESENTATION('',(#3287),#3291);
#3287 = LINE('',#3288,#3289);
#3288 = CARTESIAN_POINT('',(1.570796326795,-0.));
#3289 = VECTOR('',#3290,1.);
#3290 = DIRECTION('',(-1.,0.));
#3291 = ( GEOMETRIC_REPRESENTATION_CONTEXT(2) 
PARAMETRIC_REPRESENTATION_CONTEXT() REPRESENTATION_CONTEXT('2D SPACE',''
  ) );
#3292 = PCURVE('',#2794,#3293);
#3293 = DEFINITIONAL_REPRESENTATION('',(#3294),#3302);
#3294 = ( BOUNDED_CURVE() B_SPLINE_CURVE(2,(#3295,#3296,#3297,#3298,
#3299,#3300,#3301),.UNSPECIFIED.,.T.,.F.) B_SPLINE_CURVE_WITH_KNOTS((1,2
    ,2,2,2,1),(-2.094395102393,0.,2.094395102393,4.188790204786,
6.28318530718,8.377580409573),.UNSPECIFIED.) CURVE() 
GEOMETRIC_REPRESENTATION_ITEM() RATIONAL_B_SPLINE_CURVE((1.,0.5,1.,0.5,
1.,0.5,1.)) REPRESENTATION_ITEM('') );
#3295 = CARTESIAN_POINT('',(1.,12.));
#3296 = CARTESIAN_POINT('',(-0.732050807569,12.));
#3297 = CARTESIAN_POINT('',(0.133974596216,13.5));
#3298 = CARTESIAN_POINT('',(1.,15.));
#3299 = CARTESIAN_POINT('',(1.866025403784,13.5));
#3300 = CARTESIAN_POINT('',(2.732050807569,12.));
#3301 = CARTESIAN_POINT('',(1.,12.));
#3302 = ( GEOMETRIC_REPRESENTATION_CONTEXT(2) 
PARAMETRIC_REPRESENTATION_CONTEXT() REPRESENTATION_CONTEXT('2D SPACE',''
  ) );
#3303 = ORIENTED_EDGE('',*,*,#3304,.T.);
#3304 = EDGE_CURVE('',#3277,#3219,#3305,.T.);
#3305 = SURFACE_CURVE('',#3306,(#3310,#3317),.PCURVE_S1.);
#3306 = LINE('',#3307,#3308);
#3307 = CARTESIAN_POINT('',(61.4,7.,2.));
#3308 = VECTOR('',#3309,1.);
#3309 = DIRECTION('',(0.,0.,1.));
#3310 = PCURVE('',#2768,#3311);
#3311 = DEFINITIONAL_REPRESENTATION('',(#3312),#3316);
#3312 = LINE('',#3313,#3314);
#3313 = CARTESIAN_POINT('',(-1.570796326795,0.));
#3314 = VECTOR('',#3315,1.);
#3315 = DIRECTION('',(-0.,1.));
#3316 = ( GEOMETRIC_REPRESENTATION_CONTEXT(2) 
PARAMETRIC_REPRESENTATION_CONTEXT() REPRESENTATION_CONTEXT('2D SPACE',''
  ) );
#3317 = PCURVE('',#3234,#3318);
#3318 = DEFINITIONAL_REPRESENTATION('',(#3319),#3323);
#3319 = LINE('',#3320,#3321);
#3320 = CARTESIAN_POINT('',(0.,1.));
#3321 = VECTOR('',#3322,1.);
#3322 = DIRECTION('',(1.,0.));
#3323 = ( GEOMETRIC_REPRESENTATION_CONTEXT(2) 
PARAMETRIC_REPRESENTATION_CONTEXT() REPRESENTATION_CONTEXT('2D SPACE',''
  ) );
#3324 = ORIENTED_EDGE('',*,*,#3246,.F.);
#3325 = ADVANCED_FACE('',(#3326),#2818,.F.);
#3326 = FACE_BOUND('',#3327,.F.);
#3327 = EDGE_LOOP('',(#3328,#3329,#3353,#3374));
#3328 = ORIENTED_EDGE('',*,*,#2805,.F.);
#3329 = ORIENTED_EDGE('',*,*,#3330,.T.);
#3330 = EDGE_CURVE('',#2780,#3331,#3333,.T.);
#3331 = VERTEX_POINT('',#3332);
#3332 = CARTESIAN_POINT('',(61.4,-7.,2.));
#3333 = SURFACE_CURVE('',#3334,(#3339,#3346),.PCURVE_S1.);
#3334 = CIRCLE('',#3335,1.);
#3335 = AXIS2_PLACEMENT_3D('',#3336,#3337,#3338);
#3336 = CARTESIAN_POINT('',(61.4,-6.,2.));
#3337 = DIRECTION('',(0.,0.,1.));
#3338 = DIRECTION('',(0.,-1.,0.));
#3339 = PCURVE('',#2818,#3340);
#3340 = DEFINITIONAL_REPRESENTATION('',(#3341),#3345);
#3341 = LINE('',#3342,#3343);
#3342 = CARTESIAN_POINT('',(-4.712388980385,0.));
#3343 = VECTOR('',#3344,1.);
#3344 = DIRECTION('',(1.,0.));
#3345 = ( GEOMETRIC_REPRESENTATION_CONTEXT(2) 
PARAMETRIC_REPRESENTATION_CONTEXT() REPRESENTATION_CONTEXT('2D SPACE',''
  ) );
#3346 = PCURVE('',#2794,#3347);
#3347 = DEFINITIONAL_REPRESENTATION('',(#3348),#3352);
#3348 = CIRCLE('',#3349,1.);
#3349 = AXIS2_PLACEMENT_2D('',#3350,#3351);
#3350 = CARTESIAN_POINT('',(1.,1.));
#3351 = DIRECTION('',(0.,-1.));
#3352 = ( GEOMETRIC_REPRESENTATION_CONTEXT(2) 
PARAMETRIC_REPRESENTATION_CONTEXT() REPRESENTATION_CONTEXT('2D SPACE',''
  ) );
#3353 = ORIENTED_EDGE('',*,*,#3354,.T.);
#3354 = EDGE_CURVE('',#3331,#3116,#3355,.T.);
#3355 = SURFACE_CURVE('',#3356,(#3360,#3367),.PCURVE_S1.);
#3356 = LINE('',#3357,#3358);
#3357 = CARTESIAN_POINT('',(61.4,-7.,2.));
#3358 = VECTOR('',#3359,1.);
#3359 = DIRECTION('',(0.,0.,1.));
#3360 = PCURVE('',#2818,#3361);
#3361 = DEFINITIONAL_REPRESENTATION('',(#3362),#3366);
#3362 = LINE('',#3363,#3364);
#3363 = CARTESIAN_POINT('',(1.570796326795,0.));
#3364 = VECTOR('',#3365,1.);
#3365 = DIRECTION('',(0.,1.));
#3366 = ( GEOMETRIC_REPRESENTATION_CONTEXT(2) 
PARAMETRIC_REPRESENTATION_CONTEXT() REPRESENTATION_CONTEXT('2D SPACE',''
  ) );
#3367 = PCURVE('',#3155,#3368);
#3368 = DEFINITIONAL_REPRESENTATION('',(#3369),#3373);
#3369 = LINE('',#3370,#3371);
#3370 = CARTESIAN_POINT('',(0.,1.));
#3371 = VECTOR('',#3372,1.);
#3372 = DIRECTION('',(1.,0.));
#3373 = ( GEOMETRIC_REPRESENTATION_CONTEXT(2) 
PARAMETRIC_REPRESENTATION_CONTEXT() REPRESENTATION_CONTEXT('2D SPACE',''
  ) );
#3374 = ORIENTED_EDGE('',*,*,#3115,.F.);
#3375 = ADVANCED_FACE('',(#3376),#2794,.T.);
#3376 = FACE_BOUND('',#3377,.T.);
#3377 = EDGE_LOOP('',(#3378,#3379,#3380,#3403,#3429,#3430,#3454,#3475));
#3378 = ORIENTED_EDGE('',*,*,#2779,.T.);
#3379 = ORIENTED_EDGE('',*,*,#3330,.T.);
#3380 = ORIENTED_EDGE('',*,*,#3381,.T.);
#3381 = EDGE_CURVE('',#3331,#3382,#3384,.T.);
#3382 = VERTEX_POINT('',#3383);
#3383 = CARTESIAN_POINT('',(67.,-7.,2.));
#3384 = SURFACE_CURVE('',#3385,(#3389,#3396),.PCURVE_S1.);
#3385 = LINE('',#3386,#3387);
#3386 = CARTESIAN_POINT('',(60.4,-7.,2.));
#3387 = VECTOR('',#3388,1.);
#3388 = DIRECTION('',(1.,0.,0.));
#3389 = PCURVE('',#2794,#3390);
#3390 = DEFINITIONAL_REPRESENTATION('',(#3391),#3395);
#3391 = LINE('',#3392,#3393);
#3392 = CARTESIAN_POINT('',(0.,0.));
#3393 = VECTOR('',#3394,1.);
#3394 = DIRECTION('',(1.,0.));
#3395 = ( GEOMETRIC_REPRESENTATION_CONTEXT(2) 
PARAMETRIC_REPRESENTATION_CONTEXT() REPRESENTATION_CONTEXT('2D SPACE',''
  ) );
#3396 = PCURVE('',#3155,#3397);
#3397 = DEFINITIONAL_REPRESENTATION('',(#3398),#3402);
#3398 = LINE('',#3399,#3400);
#3399 = CARTESIAN_POINT('',(0.,0.));
#3400 = VECTOR('',#3401,1.);
#3401 = DIRECTION('',(0.,1.));
#3402 = ( GEOMETRIC_REPRESENTATION_CONTEXT(2) 
PARAMETRIC_REPRESENTATION_CONTEXT() REPRESENTATION_CONTEXT('2D SPACE',''
  ) );
#3403 = ORIENTED_EDGE('',*,*,#3404,.F.);
#3404 = EDGE_CURVE('',#2910,#3382,#3405,.T.);
#3405 = SURFACE_CURVE('',#3406,(#3411,#3422),.PCURVE_S1.);
#3406 = CIRCLE('',#3407,1.);
#3407 = AXIS2_PLACEMENT_3D('',#3408,#3409,#3410);
#3408 = CARTESIAN_POINT('',(67.,-6.,2.));
#3409 = DIRECTION('',(-0.,-0.,-1.));
#3410 = DIRECTION('',(0.,-1.,0.));
#3411 = PCURVE('',#2794,#3412);
#3412 = DEFINITIONAL_REPRESENTATION('',(#3413),#3421);
#3413 = ( BOUNDED_CURVE() B_SPLINE_CURVE(2,(#3414,#3415,#3416,#3417,
#3418,#3419,#3420),.UNSPECIFIED.,.T.,.F.) B_SPLINE_CURVE_WITH_KNOTS((1,2
    ,2,2,2,1),(-2.094395102393,0.,2.094395102393,4.188790204786,
6.28318530718,8.377580409573),.UNSPECIFIED.) CURVE() 
GEOMETRIC_REPRESENTATION_ITEM() RATIONAL_B_SPLINE_CURVE((1.,0.5,1.,0.5,
1.,0.5,1.)) REPRESENTATION_ITEM('') );
#3414 = CARTESIAN_POINT('',(6.6,0.));
#3415 = CARTESIAN_POINT('',(4.867949192431,0.));
#3416 = CARTESIAN_POINT('',(5.733974596216,1.5));
#3417 = CARTESIAN_POINT('',(6.6,3.));
#3418 = CARTESIAN_POINT('',(7.466025403784,1.5));
#3419 = CARTESIAN_POINT('',(8.332050807569,1.554312234475E-15));
#3420 = CARTESIAN_POINT('',(6.6,0.));
#3421 = ( GEOMETRIC_REPRESENTATION_CONTEXT(2) 
PARAMETRIC_REPRESENTATION_CONTEXT() REPRESENTATION_CONTEXT('2D SPACE',''
  ) );
#3422 = PCURVE('',#2925,#3423);
#3423 = DEFINITIONAL_REPRESENTATION('',(#3424),#3428);
#3424 = LINE('',#3425,#3426);
#3425 = CARTESIAN_POINT('',(4.712388980385,-0.));
#3426 = VECTOR('',#3427,1.);
#3427 = DIRECTION('',(-1.,0.));
#3428 = ( GEOMETRIC_REPRESENTATION_CONTEXT(2) 
PARAMETRIC_REPRESENTATION_CONTEXT() REPRESENTATION_CONTEXT('2D SPACE',''
  ) );
#3429 = ORIENTED_EDGE('',*,*,#2937,.T.);
#3430 = ORIENTED_EDGE('',*,*,#3431,.T.);
#3431 = EDGE_CURVE('',#2938,#3432,#3434,.T.);
#3432 = VERTEX_POINT('',#3433);
#3433 = CARTESIAN_POINT('',(67.,7.,2.));
#3434 = SURFACE_CURVE('',#3435,(#3440,#3447),.PCURVE_S1.);
#3435 = CIRCLE('',#3436,1.);
#3436 = AXIS2_PLACEMENT_3D('',#3437,#3438,#3439);
#3437 = CARTESIAN_POINT('',(67.,6.,2.));
#3438 = DIRECTION('',(0.,0.,1.));
#3439 = DIRECTION('',(0.,-1.,0.));
#3440 = PCURVE('',#2794,#3441);
#3441 = DEFINITIONAL_REPRESENTATION('',(#3442),#3446);
#3442 = CIRCLE('',#3443,1.);
#3443 = AXIS2_PLACEMENT_2D('',#3444,#3445);
#3444 = CARTESIAN_POINT('',(6.6,13.));
#3445 = DIRECTION('',(0.,-1.));
#3446 = ( GEOMETRIC_REPRESENTATION_CONTEXT(2) 
PARAMETRIC_REPRESENTATION_CONTEXT() REPRESENTATION_CONTEXT('2D SPACE',''
  ) );
#3447 = PCURVE('',#2974,#3448);
#3448 = DEFINITIONAL_REPRESENTATION('',(#3449),#3453);
#3449 = LINE('',#3450,#3451);
#3450 = CARTESIAN_POINT('',(-1.570796326795,0.));
#3451 = VECTOR('',#3452,1.);
#3452 = DIRECTION('',(1.,0.));
#3453 = ( GEOMETRIC_REPRESENTATION_CONTEXT(2) 
PARAMETRIC_REPRESENTATION_CONTEXT() REPRESENTATION_CONTEXT('2D SPACE',''
  ) );
#3454 = ORIENTED_EDGE('',*,*,#3455,.F.);
#3455 = EDGE_CURVE('',#3277,#3432,#3456,.T.);
#3456 = SURFACE_CURVE('',#3457,(#3461,#3468),.PCURVE_S1.);
#3457 = LINE('',#3458,#3459);
#3458 = CARTESIAN_POINT('',(60.4,7.,2.));
#3459 = VECTOR('',#3460,1.);
#3460 = DIRECTION('',(1.,0.,0.));
#3461 = PCURVE('',#2794,#3462);
#3462 = DEFINITIONAL_REPRESENTATION('',(#3463),#3467);
#3463 = LINE('',#3464,#3465);
#3464 = CARTESIAN_POINT('',(0.,14.));
#3465 = VECTOR('',#3466,1.);
#3466 = DIRECTION('',(1.,0.));
#3467 = ( GEOMETRIC_REPRESENTATION_CONTEXT(2) 
PARAMETRIC_REPRESENTATION_CONTEXT() REPRESENTATION_CONTEXT('2D SPACE',''
  ) );
#3468 = PCURVE('',#3234,#3469);
#3469 = DEFINITIONAL_REPRESENTATION('',(#3470),#3474);
#3470 = LINE('',#3471,#3472);
#3471 = CARTESIAN_POINT('',(0.,0.));
#3472 = VECTOR('',#3473,1.);
#3473 = DIRECTION('',(0.,1.));
#3474 = ( GEOMETRIC_REPRESENTATION_CONTEXT(2) 
PARAMETRIC_REPRESENTATION_CONTEXT() REPRESENTATION_CONTEXT('2D SPACE',''
  ) );
#3475 = ORIENTED_EDGE('',*,*,#3276,.F.);
#3476 = ADVANCED_FACE('',(#3477),#2925,.F.);
#3477 = FACE_BOUND('',#3478,.T.);
#3478 = EDGE_LOOP('',(#3479,#3480,#3501,#3522,#3543,#3544));
#3479 = ORIENTED_EDGE('',*,*,#3404,.T.);
#3480 = ORIENTED_EDGE('',*,*,#3481,.T.);
#3481 = EDGE_CURVE('',#3382,#841,#3482,.T.);
#3482 = SURFACE_CURVE('',#3483,(#3487,#3494),.PCURVE_S1.);
#3483 = LINE('',#3484,#3485);
#3484 = CARTESIAN_POINT('',(67.,-7.,2.));
#3485 = VECTOR('',#3486,1.);
#3486 = DIRECTION('',(0.,0.,1.));
#3487 = PCURVE('',#2925,#3488);
#3488 = DEFINITIONAL_REPRESENTATION('',(#3489),#3493);
#3489 = LINE('',#3490,#3491);
#3490 = CARTESIAN_POINT('',(-1.570796326795,0.));
#3491 = VECTOR('',#3492,1.);
#3492 = DIRECTION('',(-0.,1.));
#3493 = ( GEOMETRIC_REPRESENTATION_CONTEXT(2) 
PARAMETRIC_REPRESENTATION_CONTEXT() REPRESENTATION_CONTEXT('2D SPACE',''
  ) );
#3494 = PCURVE('',#3155,#3495);
#3495 = DEFINITIONAL_REPRESENTATION('',(#3496),#3500);
#3496 = LINE('',#3497,#3498);
#3497 = CARTESIAN_POINT('',(0.,6.6));
#3498 = VECTOR('',#3499,1.);
#3499 = DIRECTION('',(1.,0.));
#3500 = ( GEOMETRIC_REPRESENTATION_CONTEXT(2) 
PARAMETRIC_REPRESENTATION_CONTEXT() REPRESENTATION_CONTEXT('2D SPACE',''
  ) );
#3501 = ORIENTED_EDGE('',*,*,#3502,.T.);
#3502 = EDGE_CURVE('',#841,#1004,#3503,.T.);
#3503 = SURFACE_CURVE('',#3504,(#3508,#3515),.PCURVE_S1.);
#3504 = LINE('',#3505,#3506);
#3505 = CARTESIAN_POINT('',(67.,-7.,2.));
#3506 = VECTOR('',#3507,1.);
#3507 = DIRECTION('',(0.,0.,1.));
#3508 = PCURVE('',#2925,#3509);
#3509 = DEFINITIONAL_REPRESENTATION('',(#3510),#3514);
#3510 = LINE('',#3511,#3512);
#3511 = CARTESIAN_POINT('',(-1.570796326795,0.));
#3512 = VECTOR('',#3513,1.);
#3513 = DIRECTION('',(-0.,1.));
#3514 = ( GEOMETRIC_REPRESENTATION_CONTEXT(2) 
PARAMETRIC_REPRESENTATION_CONTEXT() REPRESENTATION_CONTEXT('2D SPACE',''
  ) );
#3515 = PCURVE('',#3155,#3516);
#3516 = DEFINITIONAL_REPRESENTATION('',(#3517),#3521);
#3517 = LINE('',#3518,#3519);
#3518 = CARTESIAN_POINT('',(0.,6.6));
#3519 = VECTOR('',#3520,1.);
#3520 = DIRECTION('',(1.,0.));
#3521 = ( GEOMETRIC_REPRESENTATION_CONTEXT(2) 
PARAMETRIC_REPRESENTATION_CONTEXT() REPRESENTATION_CONTEXT('2D SPACE',''
  ) );
#3522 = ORIENTED_EDGE('',*,*,#3523,.T.);
#3523 = EDGE_CURVE('',#1004,#3140,#3524,.T.);
#3524 = SURFACE_CURVE('',#3525,(#3529,#3536),.PCURVE_S1.);
#3525 = LINE('',#3526,#3527);
#3526 = CARTESIAN_POINT('',(67.,-7.,2.));
#3527 = VECTOR('',#3528,1.);
#3528 = DIRECTION('',(0.,0.,1.));
#3529 = PCURVE('',#2925,#3530);
#3530 = DEFINITIONAL_REPRESENTATION('',(#3531),#3535);
#3531 = LINE('',#3532,#3533);
#3532 = CARTESIAN_POINT('',(-1.570796326795,0.));
#3533 = VECTOR('',#3534,1.);
#3534 = DIRECTION('',(-0.,1.));
#3535 = ( GEOMETRIC_REPRESENTATION_CONTEXT(2) 
PARAMETRIC_REPRESENTATION_CONTEXT() REPRESENTATION_CONTEXT('2D SPACE',''
  ) );
#3536 = PCURVE('',#3155,#3537);
#3537 = DEFINITIONAL_REPRESENTATION('',(#3538),#3542);
#3538 = LINE('',#3539,#3540);
#3539 = CARTESIAN_POINT('',(0.,6.6));
#3540 = VECTOR('',#3541,1.);
#3541 = DIRECTION('',(1.,0.));
#3542 = ( GEOMETRIC_REPRESENTATION_CONTEXT(2) 
PARAMETRIC_REPRESENTATION_CONTEXT() REPRESENTATION_CONTEXT('2D SPACE',''
  ) );
#3543 = ORIENTED_EDGE('',*,*,#3167,.F.);
#3544 = ORIENTED_EDGE('',*,*,#2909,.F.);
#3545 = ADVANCED_FACE('',(#3546),#2974,.F.);
#3546 = FACE_BOUND('',#3547,.F.);
#3547 = EDGE_LOOP('',(#3548,#3549,#3570,#3591,#3612,#3613));
#3548 = ORIENTED_EDGE('',*,*,#3431,.T.);
#3549 = ORIENTED_EDGE('',*,*,#3550,.T.);
#3550 = EDGE_CURVE('',#3432,#1995,#3551,.T.);
#3551 = SURFACE_CURVE('',#3552,(#3556,#3563),.PCURVE_S1.);
#3552 = LINE('',#3553,#3554);
#3553 = CARTESIAN_POINT('',(67.,7.,2.));
#3554 = VECTOR('',#3555,1.);
#3555 = DIRECTION('',(0.,0.,1.));
#3556 = PCURVE('',#2974,#3557);
#3557 = DEFINITIONAL_REPRESENTATION('',(#3558),#3562);
#3558 = LINE('',#3559,#3560);
#3559 = CARTESIAN_POINT('',(1.570796326795,0.));
#3560 = VECTOR('',#3561,1.);
#3561 = DIRECTION('',(0.,1.));
#3562 = ( GEOMETRIC_REPRESENTATION_CONTEXT(2) 
PARAMETRIC_REPRESENTATION_CONTEXT() REPRESENTATION_CONTEXT('2D SPACE',''
  ) );
#3563 = PCURVE('',#3234,#3564);
#3564 = DEFINITIONAL_REPRESENTATION('',(#3565),#3569);
#3565 = LINE('',#3566,#3567);
#3566 = CARTESIAN_POINT('',(0.,6.6));
#3567 = VECTOR('',#3568,1.);
#3568 = DIRECTION('',(1.,0.));
#3569 = ( GEOMETRIC_REPRESENTATION_CONTEXT(2) 
PARAMETRIC_REPRESENTATION_CONTEXT() REPRESENTATION_CONTEXT('2D SPACE',''
  ) );
#3570 = ORIENTED_EDGE('',*,*,#3571,.T.);
#3571 = EDGE_CURVE('',#1995,#1392,#3572,.T.);
#3572 = SURFACE_CURVE('',#3573,(#3577,#3584),.PCURVE_S1.);
#3573 = LINE('',#3574,#3575);
#3574 = CARTESIAN_POINT('',(67.,7.,2.));
#3575 = VECTOR('',#3576,1.);
#3576 = DIRECTION('',(0.,0.,1.));
#3577 = PCURVE('',#2974,#3578);
#3578 = DEFINITIONAL_REPRESENTATION('',(#3579),#3583);
#3579 = LINE('',#3580,#3581);
#3580 = CARTESIAN_POINT('',(1.570796326795,0.));
#3581 = VECTOR('',#3582,1.);
#3582 = DIRECTION('',(0.,1.));
#3583 = ( GEOMETRIC_REPRESENTATION_CONTEXT(2) 
PARAMETRIC_REPRESENTATION_CONTEXT() REPRESENTATION_CONTEXT('2D SPACE',''
  ) );
#3584 = PCURVE('',#3234,#3585);
#3585 = DEFINITIONAL_REPRESENTATION('',(#3586),#3590);
#3586 = LINE('',#3587,#3588);
#3587 = CARTESIAN_POINT('',(0.,6.6));
#3588 = VECTOR('',#3589,1.);
#3589 = DIRECTION('',(1.,0.));
#3590 = ( GEOMETRIC_REPRESENTATION_CONTEXT(2) 
PARAMETRIC_REPRESENTATION_CONTEXT() REPRESENTATION_CONTEXT('2D SPACE',''
  ) );
#3591 = ORIENTED_EDGE('',*,*,#3592,.T.);
#3592 = EDGE_CURVE('',#1392,#3195,#3593,.T.);
#3593 = SURFACE_CURVE('',#3594,(#3598,#3605),.PCURVE_S1.);
#3594 = LINE('',#3595,#3596);
#3595 = CARTESIAN_POINT('',(67.,7.,2.));
#3596 = VECTOR('',#3597,1.);
#3597 = DIRECTION('',(0.,0.,1.));
#3598 = PCURVE('',#2974,#3599);
#3599 = DEFINITIONAL_REPRESENTATION('',(#3600),#3604);
#3600 = LINE('',#3601,#3602);
#3601 = CARTESIAN_POINT('',(1.570796326795,0.));
#3602 = VECTOR('',#3603,1.);
#3603 = DIRECTION('',(0.,1.));
#3604 = ( GEOMETRIC_REPRESENTATION_CONTEXT(2) 
PARAMETRIC_REPRESENTATION_CONTEXT() REPRESENTATION_CONTEXT('2D SPACE',''
  ) );
#3605 = PCURVE('',#3234,#3606);
#3606 = DEFINITIONAL_REPRESENTATION('',(#3607),#3611);
#3607 = LINE('',#3608,#3609);
#3608 = CARTESIAN_POINT('',(0.,6.6));
#3609 = VECTOR('',#3610,1.);
#3610 = DIRECTION('',(1.,0.));
#3611 = ( GEOMETRIC_REPRESENTATION_CONTEXT(2) 
PARAMETRIC_REPRESENTATION_CONTEXT() REPRESENTATION_CONTEXT('2D SPACE',''
  ) );
#3612 = ORIENTED_EDGE('',*,*,#3194,.F.);
#3613 = ORIENTED_EDGE('',*,*,#2960,.F.);
#3614 = ADVANCED_FACE('',(#3615),#3234,.F.);
#3615 = FACE_BOUND('',#3616,.F.);
#3616 = EDGE_LOOP('',(#3617,#3618,#3619,#3620,#3621,#3622));
#3617 = ORIENTED_EDGE('',*,*,#3455,.F.);
#3618 = ORIENTED_EDGE('',*,*,#3304,.T.);
#3619 = ORIENTED_EDGE('',*,*,#3218,.T.);
#3620 = ORIENTED_EDGE('',*,*,#3592,.F.);
#3621 = ORIENTED_EDGE('',*,*,#3571,.F.);
#3622 = ORIENTED_EDGE('',*,*,#3550,.F.);
#3623 = ADVANCED_FACE('',(#3624),#3155,.T.);
#3624 = FACE_BOUND('',#3625,.T.);
#3625 = EDGE_LOOP('',(#3626,#3627,#3628,#3629,#3630,#3631));
#3626 = ORIENTED_EDGE('',*,*,#3381,.F.);
#3627 = ORIENTED_EDGE('',*,*,#3354,.T.);
#3628 = ORIENTED_EDGE('',*,*,#3139,.T.);
#3629 = ORIENTED_EDGE('',*,*,#3523,.F.);
#3630 = ORIENTED_EDGE('',*,*,#3502,.F.);
#3631 = ORIENTED_EDGE('',*,*,#3481,.F.);
#3632 = ( GEOMETRIC_REPRESENTATION_CONTEXT(3) 
GLOBAL_UNCERTAINTY_ASSIGNED_CONTEXT((#3636)) 
GLOBAL_UNIT_ASSIGNED_CONTEXT((#3633,#3634,#3635)) REPRESENTATION_CONTEXT
('Context #1','3D Context with UNIT and UNCERTAINTY') );
#3633 = ( LENGTH_UNIT() NAMED_UNIT(*) SI_UNIT(.MILLI.,.METRE.) );
#3634 = ( NAMED_UNIT(*) PLANE_ANGLE_UNIT() SI_UNIT($,.RADIAN.) );
#3635 = ( NAMED_UNIT(*) SI_UNIT($,.STERADIAN.) SOLID_ANGLE_UNIT() );
#3636 = UNCERTAINTY_MEASURE_WITH_UNIT(LENGTH_MEASURE(2.E-07),#3633,
  'distance_accuracy_value','confusion accuracy');
#3637 = PRODUCT_RELATED_PRODUCT_CATEGORY('part',$,(#7));
ENDSEC;
END-ISO-10303-21;
