ISO-10303-21;
HEADER;
FILE_DESCRIPTION(('Open CASCADE Model'),'2;1');
FILE_NAME('Open CASCADE Shape Model','2026-09-27T11:32:12',('Author'),(
    'Open CASCADE'),'Open CASCADE STEP processor 7.9','Open CASCADE 7.9'
  ,'Unknown');
FILE_SCHEMA(('AUTOMOTIVE_DESIGN { 1 0 10303 214 1 1 1 1 }'));
ENDSEC;
DATA;
#1 = APPLICATION_PROTOCOL_DEFINITION('international standard',
  'automotive_design',2000,#2);
#2 = APPLICATION_CONTEXT(
  'core data for automotive mechanical design processes');
#3 = SHAPE_DEFINITION_REPRESENTATION(#4,#10);
#4 = PRODUCT_DEFINITION_SHAPE('','',#5);
#5 = PRODUCT_DEFINITION('design','',#6,#9);
#6 = PRODUCT_DEFINITION_FORMATION('','',#7);
#7 = PRODUCT('Open CASCADE STEP translator 7.9 15',
  'Open CASCADE STEP translator 7.9 15','',(#8));
#8 = PRODUCT_CONTEXT('',#2,'mechanical');
#9 = PRODUCT_DEFINITION_CONTEXT('part definition',#2,'design');
#10 = ADVANCED_BREP_SHAPE_REPRESENTATION('',(#11,#15),#5149);
#11 = AXIS2_PLACEMENT_3D('',#12,#13,#14);
#12 = CARTESIAN_POINT('',(0.,0.,0.));
#13 = DIRECTION('',(0.,0.,1.));
#14 = DIRECTION('',(1.,0.,-0.));
#15 = MANIFOLD_SOLID_BREP('',#16);
#16 = CLOSED_SHELL('',(#17,#137,#696,#746,#800,#1056,#1083,#1110,#1137,
    #1164,#1197,#1251,#1353,#1407,#1567,#1622,#1677,#1844,#1898,#1931,
    #1958,#1985,#1991,#2074,#2124,#2174,#2374,#2428,#2576,#2603,#2658,
    #2713,#2767,#2842,#2896,#2967,#3017,#3067,#3099,#3240,#3389,#3416,
    #3423,#3450,#3457,#3649,#3749,#3904,#3982,#4055,#4102,#4149,#4175,
    #4251,#4298,#4371,#4416,#4472,#4479,#4674,#4724,#4876,#4903,#4910,
    #4963,#5018,#5073,#5100,#5107,#5134,#5141,#5145));
#17 = ADVANCED_FACE('',(#18),#32,.F.);
#18 = FACE_BOUND('',#19,.F.);
#19 = EDGE_LOOP('',(#20,#55,#83,#111));
#20 = ORIENTED_EDGE('',*,*,#21,.F.);
#21 = EDGE_CURVE('',#22,#24,#26,.T.);
#22 = VERTEX_POINT('',#23);
#23 = CARTESIAN_POINT('',(-22.8,-14.,2.5));
#24 = VERTEX_POINT('',#25);
#25 = CARTESIAN_POINT('',(-22.8,14.,2.5));
#26 = SURFACE_CURVE('',#27,(#31,#43),.PCURVE_S1.);
#27 = LINE('',#28,#29);
#28 = CARTESIAN_POINT('',(-22.8,-18.,2.5));
#29 = VECTOR('',#30,1.);
#30 = DIRECTION('',(0.,1.,0.));
#31 = PCURVE('',#32,#37);
#32 = PLANE('',#33);
#33 = AXIS2_PLACEMENT_3D('',#34,#35,#36);
#34 = CARTESIAN_POINT('',(-22.8,-18.,0.));
#35 = DIRECTION('',(1.,0.,0.));
#36 = DIRECTION('',(0.,0.,1.));
#37 = DEFINITIONAL_REPRESENTATION('',(#38),#42);
#38 = LINE('',#39,#40);
#39 = CARTESIAN_POINT('',(2.5,0.));
#40 = VECTOR('',#41,1.);
#41 = DIRECTION('',(0.,-1.));
#42 = ( GEOMETRIC_REPRESENTATION_CONTEXT(2) 
PARAMETRIC_REPRESENTATION_CONTEXT() REPRESENTATION_CONTEXT('2D SPACE',''
  ) );
#43 = PCURVE('',#44,#49);
#44 = PLANE('',#45);
#45 = AXIS2_PLACEMENT_3D('',#46,#47,#48);
#46 = CARTESIAN_POINT('',(-22.8,-18.,2.5));
#47 = DIRECTION('',(0.,0.,1.));
#48 = DIRECTION('',(1.,0.,0.));
#49 = DEFINITIONAL_REPRESENTATION('',(#50),#54);
#50 = LINE('',#51,#52);
#51 = CARTESIAN_POINT('',(0.,0.));
#52 = VECTOR('',#53,1.);
#53 = DIRECTION('',(0.,1.));
#54 = ( GEOMETRIC_REPRESENTATION_CONTEXT(2) 
PARAMETRIC_REPRESENTATION_CONTEXT() REPRESENTATION_CONTEXT('2D SPACE',''
  ) );
#55 = ORIENTED_EDGE('',*,*,#56,.F.);
#56 = EDGE_CURVE('',#57,#22,#59,.T.);
#57 = VERTEX_POINT('',#58);
#58 = CARTESIAN_POINT('',(-22.8,-14.,0.));
#59 = SURFACE_CURVE('',#60,(#64,#71),.PCURVE_S1.);
#60 = LINE('',#61,#62);
#61 = CARTESIAN_POINT('',(-22.8,-14.,0.));
#62 = VECTOR('',#63,1.);
#63 = DIRECTION('',(0.,0.,1.));
#64 = PCURVE('',#32,#65);
#65 = DEFINITIONAL_REPRESENTATION('',(#66),#70);
#66 = LINE('',#67,#68);
#67 = CARTESIAN_POINT('',(0.,-4.));
#68 = VECTOR('',#69,1.);
#69 = DIRECTION('',(1.,0.));
#70 = ( GEOMETRIC_REPRESENTATION_CONTEXT(2) 
PARAMETRIC_REPRESENTATION_CONTEXT() REPRESENTATION_CONTEXT('2D SPACE',''
  ) );
#71 = PCURVE('',#72,#77);
#72 = CYLINDRICAL_SURFACE('',#73,4.);
#73 = AXIS2_PLACEMENT_3D('',#74,#75,#76);
#74 = CARTESIAN_POINT('',(-18.8,-14.,0.));
#75 = DIRECTION('',(0.,0.,1.));
#76 = DIRECTION('',(-1.,-0.,0.));
#77 = DEFINITIONAL_REPRESENTATION('',(#78),#82);
#78 = LINE('',#79,#80);
#79 = CARTESIAN_POINT('',(0.,0.));
#80 = VECTOR('',#81,1.);
#81 = DIRECTION('',(0.,1.));
#82 = ( GEOMETRIC_REPRESENTATION_CONTEXT(2) 
PARAMETRIC_REPRESENTATION_CONTEXT() REPRESENTATION_CONTEXT('2D SPACE',''
  ) );
#83 = ORIENTED_EDGE('',*,*,#84,.T.);
#84 = EDGE_CURVE('',#57,#85,#87,.T.);
#85 = VERTEX_POINT('',#86);
#86 = CARTESIAN_POINT('',(-22.8,14.,0.));
#87 = SURFACE_CURVE('',#88,(#92,#99),.PCURVE_S1.);
#88 = LINE('',#89,#90);
#89 = CARTESIAN_POINT('',(-22.8,-18.,0.));
#90 = VECTOR('',#91,1.);
#91 = DIRECTION('',(0.,1.,0.));
#92 = PCURVE('',#32,#93);
#93 = DEFINITIONAL_REPRESENTATION('',(#94),#98);
#94 = LINE('',#95,#96);
#95 = CARTESIAN_POINT('',(0.,0.));
#96 = VECTOR('',#97,1.);
#97 = DIRECTION('',(0.,-1.));
#98 = ( GEOMETRIC_REPRESENTATION_CONTEXT(2) 
PARAMETRIC_REPRESENTATION_CONTEXT() REPRESENTATION_CONTEXT('2D SPACE',''
  ) );
#99 = PCURVE('',#100,#105);
#100 = PLANE('',#101);
#101 = AXIS2_PLACEMENT_3D('',#102,#103,#104);
#102 = CARTESIAN_POINT('',(-22.8,-18.,0.));
#103 = DIRECTION('',(0.,0.,1.));
#104 = DIRECTION('',(1.,0.,0.));
#105 = DEFINITIONAL_REPRESENTATION('',(#106),#110);
#106 = LINE('',#107,#108);
#107 = CARTESIAN_POINT('',(0.,0.));
#108 = VECTOR('',#109,1.);
#109 = DIRECTION('',(0.,1.));
#110 = ( GEOMETRIC_REPRESENTATION_CONTEXT(2) 
PARAMETRIC_REPRESENTATION_CONTEXT() REPRESENTATION_CONTEXT('2D SPACE',''
  ) );
#111 = ORIENTED_EDGE('',*,*,#112,.T.);
#112 = EDGE_CURVE('',#85,#24,#113,.T.);
#113 = SURFACE_CURVE('',#114,(#118,#125),.PCURVE_S1.);
#114 = LINE('',#115,#116);
#115 = CARTESIAN_POINT('',(-22.8,14.,0.));
#116 = VECTOR('',#117,1.);
#117 = DIRECTION('',(0.,0.,1.));
#118 = PCURVE('',#32,#119);
#119 = DEFINITIONAL_REPRESENTATION('',(#120),#124);
#120 = LINE('',#121,#122);
#121 = CARTESIAN_POINT('',(0.,-32.));
#122 = VECTOR('',#123,1.);
#123 = DIRECTION('',(1.,0.));
#124 = ( GEOMETRIC_REPRESENTATION_CONTEXT(2) 
PARAMETRIC_REPRESENTATION_CONTEXT() REPRESENTATION_CONTEXT('2D SPACE',''
  ) );
#125 = PCURVE('',#126,#131);
#126 = CYLINDRICAL_SURFACE('',#127,4.);
#127 = AXIS2_PLACEMENT_3D('',#128,#129,#130);
#128 = CARTESIAN_POINT('',(-18.8,14.,0.));
#129 = DIRECTION('',(0.,0.,1.));
#130 = DIRECTION('',(-1.,-0.,0.));
#131 = DEFINITIONAL_REPRESENTATION('',(#132),#136);
#132 = LINE('',#133,#134);
#133 = CARTESIAN_POINT('',(-0.,0.));
#134 = VECTOR('',#135,1.);
#135 = DIRECTION('',(-0.,1.));
#136 = ( GEOMETRIC_REPRESENTATION_CONTEXT(2) 
PARAMETRIC_REPRESENTATION_CONTEXT() REPRESENTATION_CONTEXT('2D SPACE',''
  ) );
#137 = ADVANCED_FACE('',(#138,#634,#665),#44,.T.);
#138 = FACE_BOUND('',#139,.T.);
#139 = EDGE_LOOP('',(#140,#141,#165,#193,#226,#254,#288,#314,#348,#374,
    #408,#434,#468,#494,#523,#551,#580,#608));
#140 = ORIENTED_EDGE('',*,*,#21,.F.);
#141 = ORIENTED_EDGE('',*,*,#142,.T.);
#142 = EDGE_CURVE('',#22,#143,#145,.T.);
#143 = VERTEX_POINT('',#144);
#144 = CARTESIAN_POINT('',(-18.8,-18.,2.5));
#145 = SURFACE_CURVE('',#146,(#151,#158),.PCURVE_S1.);
#146 = CIRCLE('',#147,4.);
#147 = AXIS2_PLACEMENT_3D('',#148,#149,#150);
#148 = CARTESIAN_POINT('',(-18.8,-14.,2.5));
#149 = DIRECTION('',(0.,0.,1.));
#150 = DIRECTION('',(0.,-1.,0.));
#151 = PCURVE('',#44,#152);
#152 = DEFINITIONAL_REPRESENTATION('',(#153),#157);
#153 = CIRCLE('',#154,4.);
#154 = AXIS2_PLACEMENT_2D('',#155,#156);
#155 = CARTESIAN_POINT('',(4.,4.));
#156 = DIRECTION('',(0.,-1.));
#157 = ( GEOMETRIC_REPRESENTATION_CONTEXT(2) 
PARAMETRIC_REPRESENTATION_CONTEXT() REPRESENTATION_CONTEXT('2D SPACE',''
  ) );
#158 = PCURVE('',#72,#159);
#159 = DEFINITIONAL_REPRESENTATION('',(#160),#164);
#160 = LINE('',#161,#162);
#161 = CARTESIAN_POINT('',(-4.712388980385,2.5));
#162 = VECTOR('',#163,1.);
#163 = DIRECTION('',(1.,0.));
#164 = ( GEOMETRIC_REPRESENTATION_CONTEXT(2) 
PARAMETRIC_REPRESENTATION_CONTEXT() REPRESENTATION_CONTEXT('2D SPACE',''
  ) );
#165 = ORIENTED_EDGE('',*,*,#166,.T.);
#166 = EDGE_CURVE('',#143,#167,#169,.T.);
#167 = VERTEX_POINT('',#168);
#168 = CARTESIAN_POINT('',(4.,-18.,2.5));
#169 = SURFACE_CURVE('',#170,(#174,#181),.PCURVE_S1.);
#170 = LINE('',#171,#172);
#171 = CARTESIAN_POINT('',(-22.8,-18.,2.5));
#172 = VECTOR('',#173,1.);
#173 = DIRECTION('',(1.,0.,0.));
#174 = PCURVE('',#44,#175);
#175 = DEFINITIONAL_REPRESENTATION('',(#176),#180);
#176 = LINE('',#177,#178);
#177 = CARTESIAN_POINT('',(0.,0.));
#178 = VECTOR('',#179,1.);
#179 = DIRECTION('',(1.,0.));
#180 = ( GEOMETRIC_REPRESENTATION_CONTEXT(2) 
PARAMETRIC_REPRESENTATION_CONTEXT() REPRESENTATION_CONTEXT('2D SPACE',''
  ) );
#181 = PCURVE('',#182,#187);
#182 = PLANE('',#183);
#183 = AXIS2_PLACEMENT_3D('',#184,#185,#186);
#184 = CARTESIAN_POINT('',(-22.8,-18.,0.));
#185 = DIRECTION('',(0.,1.,0.));
#186 = DIRECTION('',(0.,0.,1.));
#187 = DEFINITIONAL_REPRESENTATION('',(#188),#192);
#188 = LINE('',#189,#190);
#189 = CARTESIAN_POINT('',(2.5,0.));
#190 = VECTOR('',#191,1.);
#191 = DIRECTION('',(0.,1.));
#192 = ( GEOMETRIC_REPRESENTATION_CONTEXT(2) 
PARAMETRIC_REPRESENTATION_CONTEXT() REPRESENTATION_CONTEXT('2D SPACE',''
  ) );
#193 = ORIENTED_EDGE('',*,*,#194,.F.);
#194 = EDGE_CURVE('',#195,#167,#197,.T.);
#195 = VERTEX_POINT('',#196);
#196 = CARTESIAN_POINT('',(8.,-14.,2.5));
#197 = SURFACE_CURVE('',#198,(#203,#214),.PCURVE_S1.);
#198 = CIRCLE('',#199,4.);
#199 = AXIS2_PLACEMENT_3D('',#200,#201,#202);
#200 = CARTESIAN_POINT('',(4.,-14.,2.5));
#201 = DIRECTION('',(-0.,-0.,-1.));
#202 = DIRECTION('',(0.,-1.,0.));
#203 = PCURVE('',#44,#204);
#204 = DEFINITIONAL_REPRESENTATION('',(#205),#213);
#205 = ( BOUNDED_CURVE() B_SPLINE_CURVE(2,(#206,#207,#208,#209,#210,#211
,#212),.UNSPECIFIED.,.T.,.F.) B_SPLINE_CURVE_WITH_KNOTS((1,2,2,2,2,1),(
    -2.094395102393,0.,2.094395102393,4.188790204786,6.28318530718,
8.377580409573),.UNSPECIFIED.) CURVE() GEOMETRIC_REPRESENTATION_ITEM() 
RATIONAL_B_SPLINE_CURVE((1.,0.5,1.,0.5,1.,0.5,1.)) REPRESENTATION_ITEM(
  '') );
#206 = CARTESIAN_POINT('',(26.8,0.));
#207 = CARTESIAN_POINT('',(19.871796769724,0.));
#208 = CARTESIAN_POINT('',(23.335898384862,6.));
#209 = CARTESIAN_POINT('',(26.8,12.));
#210 = CARTESIAN_POINT('',(30.264101615138,6.));
#211 = CARTESIAN_POINT('',(33.728203230276,6.217248937901E-15));
#212 = CARTESIAN_POINT('',(26.8,0.));
#213 = ( GEOMETRIC_REPRESENTATION_CONTEXT(2) 
PARAMETRIC_REPRESENTATION_CONTEXT() REPRESENTATION_CONTEXT('2D SPACE',''
  ) );
#214 = PCURVE('',#215,#220);
#215 = CYLINDRICAL_SURFACE('',#216,4.);
#216 = AXIS2_PLACEMENT_3D('',#217,#218,#219);
#217 = CARTESIAN_POINT('',(4.,-14.,0.));
#218 = DIRECTION('',(0.,0.,1.));
#219 = DIRECTION('',(1.,0.,-0.));
#220 = DEFINITIONAL_REPRESENTATION('',(#221),#225);
#221 = LINE('',#222,#223);
#222 = CARTESIAN_POINT('',(4.712388980385,2.5));
#223 = VECTOR('',#224,1.);
#224 = DIRECTION('',(-1.,0.));
#225 = ( GEOMETRIC_REPRESENTATION_CONTEXT(2) 
PARAMETRIC_REPRESENTATION_CONTEXT() REPRESENTATION_CONTEXT('2D SPACE',''
  ) );
#226 = ORIENTED_EDGE('',*,*,#227,.T.);
#227 = EDGE_CURVE('',#195,#228,#230,.T.);
#228 = VERTEX_POINT('',#229);
#229 = CARTESIAN_POINT('',(8.,-11.55161811791,2.5));
#230 = SURFACE_CURVE('',#231,(#235,#242),.PCURVE_S1.);
#231 = LINE('',#232,#233);
#232 = CARTESIAN_POINT('',(8.,-18.,2.5));
#233 = VECTOR('',#234,1.);
#234 = DIRECTION('',(0.,1.,0.));
#235 = PCURVE('',#44,#236);
#236 = DEFINITIONAL_REPRESENTATION('',(#237),#241);
#237 = LINE('',#238,#239);
#238 = CARTESIAN_POINT('',(30.8,0.));
#239 = VECTOR('',#240,1.);
#240 = DIRECTION('',(0.,1.));
#241 = ( GEOMETRIC_REPRESENTATION_CONTEXT(2) 
PARAMETRIC_REPRESENTATION_CONTEXT() REPRESENTATION_CONTEXT('2D SPACE',''
  ) );
#242 = PCURVE('',#243,#248);
#243 = PLANE('',#244);
#244 = AXIS2_PLACEMENT_3D('',#245,#246,#247);
#245 = CARTESIAN_POINT('',(8.,-18.,0.));
#246 = DIRECTION('',(1.,0.,0.));
#247 = DIRECTION('',(0.,0.,1.));
#248 = DEFINITIONAL_REPRESENTATION('',(#249),#253);
#249 = LINE('',#250,#251);
#250 = CARTESIAN_POINT('',(2.5,0.));
#251 = VECTOR('',#252,1.);
#252 = DIRECTION('',(0.,-1.));
#253 = ( GEOMETRIC_REPRESENTATION_CONTEXT(2) 
PARAMETRIC_REPRESENTATION_CONTEXT() REPRESENTATION_CONTEXT('2D SPACE',''
  ) );
#254 = ORIENTED_EDGE('',*,*,#255,.F.);
#255 = EDGE_CURVE('',#256,#228,#258,.T.);
#256 = VERTEX_POINT('',#257);
#257 = CARTESIAN_POINT('',(6.223978862747,-13.49429453051,2.5));
#258 = SURFACE_CURVE('',#259,(#264,#271),.PCURVE_S1.);
#259 = ELLIPSE('',#260,2.128355544952,2.);
#260 = AXIS2_PLACEMENT_3D('',#261,#262,#263);
#261 = CARTESIAN_POINT('',(5.876682507413,-11.52467902448,2.5));
#262 = DIRECTION('',(0.,0.,1.));
#263 = DIRECTION('',(-0.984807753012,-0.173648177667,0.));
#264 = PCURVE('',#44,#265);
#265 = DEFINITIONAL_REPRESENTATION('',(#266),#270);
#266 = ELLIPSE('',#267,2.128355544952,2.);
#267 = AXIS2_PLACEMENT_2D('',#268,#269);
#268 = CARTESIAN_POINT('',(28.676682507413,6.475320975511));
#269 = DIRECTION('',(-0.984807753012,-0.173648177667));
#270 = ( GEOMETRIC_REPRESENTATION_CONTEXT(2) 
PARAMETRIC_REPRESENTATION_CONTEXT() REPRESENTATION_CONTEXT('2D SPACE',''
  ) );
#271 = PCURVE('',#272,#277);
#272 = CYLINDRICAL_SURFACE('',#273,2.);
#273 = AXIS2_PLACEMENT_3D('',#274,#275,#276);
#274 = CARTESIAN_POINT('',(12.850676206523,-10.29497577204,
    -16.9564778284));
#275 = DIRECTION('',(-0.336824088833,-5.939117461388E-02,0.939692620786)
  );
#276 = DIRECTION('',(0.925416578398,0.163175911167,0.342020143326));
#277 = DEFINITIONAL_REPRESENTATION('',(#278),#287);
#278 = B_SPLINE_CURVE_WITH_KNOTS('',7,(#279,#280,#281,#282,#283,#284,
    #285,#286),.UNSPECIFIED.,.F.,.F.,(8,8),(1.570796326795,3.14159265359
    ),.PIECEWISE_BEZIER_KNOTS.);
#279 = CARTESIAN_POINT('',(-1.570796326795,20.705151235659));
#280 = CARTESIAN_POINT('',(-1.346396851538,20.541801776502));
#281 = CARTESIAN_POINT('',(-1.121997376282,20.378452980642));
#282 = CARTESIAN_POINT('',(-0.897597901026,20.228534524536));
#283 = CARTESIAN_POINT('',(-0.673198425769,20.105501172084));
#284 = CARTESIAN_POINT('',(-0.448798950513,20.01997630339));
#285 = CARTESIAN_POINT('',(-0.224399475256,19.977210767126));
#286 = CARTESIAN_POINT('',(8.881784197001E-16,19.977210767126));
#287 = ( GEOMETRIC_REPRESENTATION_CONTEXT(2) 
PARAMETRIC_REPRESENTATION_CONTEXT() REPRESENTATION_CONTEXT('2D SPACE',''
  ) );
#288 = ORIENTED_EDGE('',*,*,#289,.T.);
#289 = EDGE_CURVE('',#256,#290,#292,.T.);
#290 = VERTEX_POINT('',#291);
#291 = CARTESIAN_POINT('',(-4.046524242245,-15.30526133337,2.5));
#292 = SURFACE_CURVE('',#293,(#297,#303),.PCURVE_S1.);
#293 = LINE('',#294,#295);
#294 = CARTESIAN_POINT('',(-10.20864201434,-16.39180895489,2.5));
#295 = VECTOR('',#296,1.);
#296 = DIRECTION('',(-0.984807753012,-0.173648177667,0.));
#297 = PCURVE('',#44,#298);
#298 = DEFINITIONAL_REPRESENTATION('',(#299),#302);
#299 = B_SPLINE_CURVE_WITH_KNOTS('',1,(#300,#301),.UNSPECIFIED.,.F.,.F.,
  (2,2),(-16.68612054162,-6.257178371361),.PIECEWISE_BEZIER_KNOTS.);
#300 = CARTESIAN_POINT('',(29.023978862747,4.505705469487));
#301 = CARTESIAN_POINT('',(18.753475757755,2.694738666627));
#302 = ( GEOMETRIC_REPRESENTATION_CONTEXT(2) 
PARAMETRIC_REPRESENTATION_CONTEXT() REPRESENTATION_CONTEXT('2D SPACE',''
  ) );
#303 = PCURVE('',#304,#309);
#304 = PLANE('',#305);
#305 = AXIS2_PLACEMENT_3D('',#306,#307,#308);
#306 = CARTESIAN_POINT('',(2.278056936756,-14.19006702983,
    -20.99231551964));
#307 = DIRECTION('',(-0.173648177667,0.984807753012,0.));
#308 = DIRECTION('',(-0.336824088833,-5.939117461388E-02,0.939692620786)
  );
#309 = DEFINITIONAL_REPRESENTATION('',(#310),#313);
#310 = B_SPLINE_CURVE_WITH_KNOTS('',1,(#311,#312),.UNSPECIFIED.,.F.,.F.,
  (2,2),(-16.68612054162,-6.257178371361),.PIECEWISE_BEZIER_KNOTS.);
#311 = CARTESIAN_POINT('',(20.705151235659,11.8));
#312 = CARTESIAN_POINT('',(24.272059531468,2.));
#313 = ( GEOMETRIC_REPRESENTATION_CONTEXT(2) 
PARAMETRIC_REPRESENTATION_CONTEXT() REPRESENTATION_CONTEXT('2D SPACE',''
  ) );
#314 = ORIENTED_EDGE('',*,*,#315,.F.);
#315 = EDGE_CURVE('',#316,#290,#318,.T.);
#316 = VERTEX_POINT('',#317);
#317 = CARTESIAN_POINT('',(-6.489841639414,-13.70523088915,2.5));
#318 = SURFACE_CURVE('',#319,(#324,#331),.PCURVE_S1.);
#319 = ELLIPSE('',#320,2.128355544952,2.);
#320 = AXIS2_PLACEMENT_3D('',#321,#322,#323);
#321 = CARTESIAN_POINT('',(-4.393820597579,-13.33564582734,2.5));
#322 = DIRECTION('',(0.,0.,1.));
#323 = DIRECTION('',(-0.984807753012,-0.173648177667,0.));
#324 = PCURVE('',#44,#325);
#325 = DEFINITIONAL_REPRESENTATION('',(#326),#330);
#326 = ELLIPSE('',#327,2.128355544952,2.);
#327 = AXIS2_PLACEMENT_2D('',#328,#329);
#328 = CARTESIAN_POINT('',(18.406179402421,4.664354172651));
#329 = DIRECTION('',(-0.984807753012,-0.173648177667));
#330 = ( GEOMETRIC_REPRESENTATION_CONTEXT(2) 
PARAMETRIC_REPRESENTATION_CONTEXT() REPRESENTATION_CONTEXT('2D SPACE',''
  ) );
#331 = PCURVE('',#332,#337);
#332 = CYLINDRICAL_SURFACE('',#333,2.);
#333 = AXIS2_PLACEMENT_3D('',#334,#335,#336);
#334 = CARTESIAN_POINT('',(3.781593738219,-11.89409970147,
    -20.30827523299));
#335 = DIRECTION('',(-0.336824088833,-5.939117461388E-02,0.939692620786)
  );
#336 = DIRECTION('',(-0.925416578398,-0.163175911167,-0.342020143326));
#337 = DEFINITIONAL_REPRESENTATION('',(#338),#347);
#338 = B_SPLINE_CURVE_WITH_KNOTS('',7,(#339,#340,#341,#342,#343,#344,
    #345,#346),.UNSPECIFIED.,.F.,.F.,(8,8),(5.551115123126E-17,
    1.570796326795),.PIECEWISE_BEZIER_KNOTS.);
#339 = CARTESIAN_POINT('',(8.881784197001E-16,25.));
#340 = CARTESIAN_POINT('',(0.224399475256,25.));
#341 = CARTESIAN_POINT('',(0.448798950513,24.957234463737));
#342 = CARTESIAN_POINT('',(0.673198425769,24.871709595031));
#343 = CARTESIAN_POINT('',(0.897597901026,24.748676242598));
#344 = CARTESIAN_POINT('',(1.121997376282,24.598757786483));
#345 = CARTESIAN_POINT('',(1.346396851538,24.435408990624));
#346 = CARTESIAN_POINT('',(1.570796326795,24.272059531468));
#347 = ( GEOMETRIC_REPRESENTATION_CONTEXT(2) 
PARAMETRIC_REPRESENTATION_CONTEXT() REPRESENTATION_CONTEXT('2D SPACE',''
  ) );
#348 = ORIENTED_EDGE('',*,*,#349,.T.);
#349 = EDGE_CURVE('',#316,#350,#352,.T.);
#350 = VERTEX_POINT('',#351);
#351 = CARTESIAN_POINT('',(-10.90050535215,11.308886037353,2.5));
#352 = SURFACE_CURVE('',#353,(#357,#363),.PCURVE_S1.);
#353 = LINE('',#354,#355);
#354 = CARTESIAN_POINT('',(-6.19487480136,-15.3780709552,2.5));
#355 = VECTOR('',#356,1.);
#356 = DIRECTION('',(-0.173648177667,0.984807753012,0.));
#357 = PCURVE('',#44,#358);
#358 = DEFINITIONAL_REPRESENTATION('',(#359),#362);
#359 = B_SPLINE_CURVE_WITH_KNOTS('',1,(#360,#361),.UNSPECIFIED.,.F.,.F.,
  (2,2),(1.69864632049,27.09864632049),.PIECEWISE_BEZIER_KNOTS.);
#360 = CARTESIAN_POINT('',(16.310158360586,4.294769110843));
#361 = CARTESIAN_POINT('',(11.899494647846,29.308886037353));
#362 = ( GEOMETRIC_REPRESENTATION_CONTEXT(2) 
PARAMETRIC_REPRESENTATION_CONTEXT() REPRESENTATION_CONTEXT('2D SPACE',''
  ) );
#363 = PCURVE('',#364,#369);
#364 = PLANE('',#365);
#365 = AXIS2_PLACEMENT_3D('',#366,#367,#368);
#366 = CARTESIAN_POINT('',(2.278056936756,-14.19006702983,
    -20.99231551964));
#367 = DIRECTION('',(0.925416578398,0.163175911167,0.342020143326));
#368 = DIRECTION('',(-0.336824088833,-5.939117461388E-02,0.939692620786)
  );
#369 = DEFINITIONAL_REPRESENTATION('',(#370),#373);
#370 = B_SPLINE_CURVE_WITH_KNOTS('',1,(#371,#372),.UNSPECIFIED.,.F.,.F.,
  (2,2),(1.69864632049,27.09864632049),.PIECEWISE_BEZIER_KNOTS.);
#371 = CARTESIAN_POINT('',(25.,-2.));
#372 = CARTESIAN_POINT('',(25.,-27.4));
#373 = ( GEOMETRIC_REPRESENTATION_CONTEXT(2) 
PARAMETRIC_REPRESENTATION_CONTEXT() REPRESENTATION_CONTEXT('2D SPACE',''
  ) );
#374 = ORIENTED_EDGE('',*,*,#375,.F.);
#375 = EDGE_CURVE('',#376,#350,#378,.T.);
#376 = VERTEX_POINT('',#377);
#377 = CARTESIAN_POINT('',(-9.151780665653,13.648086605186,2.5));
#378 = SURFACE_CURVE('',#379,(#384,#391),.PCURVE_S1.);
#379 = ELLIPSE('',#380,2.128355544952,2.);
#380 = AXIS2_PLACEMENT_3D('',#381,#382,#383);
#381 = CARTESIAN_POINT('',(-8.804484310319,11.678471099161,2.5));
#382 = DIRECTION('',(0.,0.,1.));
#383 = DIRECTION('',(-0.984807753012,-0.173648177667,0.));
#384 = PCURVE('',#44,#385);
#385 = DEFINITIONAL_REPRESENTATION('',(#386),#390);
#386 = ELLIPSE('',#387,2.128355544952,2.);
#387 = AXIS2_PLACEMENT_2D('',#388,#389);
#388 = CARTESIAN_POINT('',(13.995515689681,29.678471099161));
#389 = DIRECTION('',(-0.984807753012,-0.173648177667));
#390 = ( GEOMETRIC_REPRESENTATION_CONTEXT(2) 
PARAMETRIC_REPRESENTATION_CONTEXT() REPRESENTATION_CONTEXT('2D SPACE',''
  ) );
#391 = PCURVE('',#392,#397);
#392 = CYLINDRICAL_SURFACE('',#393,2.);
#393 = AXIS2_PLACEMENT_3D('',#394,#395,#396);
#394 = CARTESIAN_POINT('',(-0.629069974521,13.120017225033,
    -20.30827523299));
#395 = DIRECTION('',(-0.336824088833,-5.939117461388E-02,0.939692620786)
  );
#396 = DIRECTION('',(-0.925416578398,-0.163175911167,-0.342020143326));
#397 = DEFINITIONAL_REPRESENTATION('',(#398),#407);
#398 = B_SPLINE_CURVE_WITH_KNOTS('',7,(#399,#400,#401,#402,#403,#404,
    #405,#406),.UNSPECIFIED.,.F.,.F.,(8,8),(4.712388980385,6.28318530718
    ),.PIECEWISE_BEZIER_KNOTS.);
#399 = CARTESIAN_POINT('',(-1.570796326795,24.272059531468));
#400 = CARTESIAN_POINT('',(-1.346396851538,24.435408990624));
#401 = CARTESIAN_POINT('',(-1.121997376282,24.598757786483));
#402 = CARTESIAN_POINT('',(-0.897597901026,24.748676242594));
#403 = CARTESIAN_POINT('',(-0.673198425769,24.871709595041));
#404 = CARTESIAN_POINT('',(-0.448798950513,24.957234463736));
#405 = CARTESIAN_POINT('',(-0.224399475256,25.));
#406 = CARTESIAN_POINT('',(-1.7763568394E-15,25.));
#407 = ( GEOMETRIC_REPRESENTATION_CONTEXT(2) 
PARAMETRIC_REPRESENTATION_CONTEXT() REPRESENTATION_CONTEXT('2D SPACE',''
  ) );
#408 = ORIENTED_EDGE('',*,*,#409,.F.);
#409 = EDGE_CURVE('',#410,#376,#412,.T.);
#410 = VERTEX_POINT('',#411);
#411 = CARTESIAN_POINT('',(1.118722439339,15.459053408046,2.5));
#412 = SURFACE_CURVE('',#413,(#417,#423),.PCURVE_S1.);
#413 = LINE('',#414,#415);
#414 = CARTESIAN_POINT('',(-15.31389843775,12.561538983662,2.5));
#415 = VECTOR('',#416,1.);
#416 = DIRECTION('',(-0.984807753012,-0.173648177667,0.));
#417 = PCURVE('',#44,#418);
#418 = DEFINITIONAL_REPRESENTATION('',(#419),#422);
#419 = B_SPLINE_CURVE_WITH_KNOTS('',1,(#420,#421),.UNSPECIFIED.,.F.,.F.,
  (2,2),(-16.68612054162,-6.257178371361),.PIECEWISE_BEZIER_KNOTS.);
#420 = CARTESIAN_POINT('',(23.918722439339,33.459053408046));
#421 = CARTESIAN_POINT('',(13.648219334347,31.648086605186));
#422 = ( GEOMETRIC_REPRESENTATION_CONTEXT(2) 
PARAMETRIC_REPRESENTATION_CONTEXT() REPRESENTATION_CONTEXT('2D SPACE',''
  ) );
#423 = PCURVE('',#424,#429);
#424 = PLANE('',#425);
#425 = AXIS2_PLACEMENT_3D('',#426,#427,#428);
#426 = CARTESIAN_POINT('',(-2.827199486651,14.763280908725,
    -20.99231551964));
#427 = DIRECTION('',(-0.173648177667,0.984807753012,0.));
#428 = DIRECTION('',(-0.336824088833,-5.939117461388E-02,0.939692620786)
  );
#429 = DEFINITIONAL_REPRESENTATION('',(#430),#433);
#430 = B_SPLINE_CURVE_WITH_KNOTS('',1,(#431,#432),.UNSPECIFIED.,.F.,.F.,
  (2,2),(-16.68612054162,-6.257178371361),.PIECEWISE_BEZIER_KNOTS.);
#431 = CARTESIAN_POINT('',(20.705151235659,11.8));
#432 = CARTESIAN_POINT('',(24.272059531468,2.));
#433 = ( GEOMETRIC_REPRESENTATION_CONTEXT(2) 
PARAMETRIC_REPRESENTATION_CONTEXT() REPRESENTATION_CONTEXT('2D SPACE',''
  ) );
#434 = ORIENTED_EDGE('',*,*,#435,.F.);
#435 = EDGE_CURVE('',#436,#410,#438,.T.);
#436 = VERTEX_POINT('',#437);
#437 = CARTESIAN_POINT('',(3.562039836508,13.85902296383,2.5));
#438 = SURFACE_CURVE('',#439,(#444,#451),.PCURVE_S1.);
#439 = ELLIPSE('',#440,2.128355544952,2.);
#440 = AXIS2_PLACEMENT_3D('',#441,#442,#443);
#441 = CARTESIAN_POINT('',(1.466018794673,13.489437902022,2.5));
#442 = DIRECTION('',(0.,0.,1.));
#443 = DIRECTION('',(-0.984807753012,-0.173648177667,0.));
#444 = PCURVE('',#44,#445);
#445 = DEFINITIONAL_REPRESENTATION('',(#446),#450);
#446 = ELLIPSE('',#447,2.128355544952,2.);
#447 = AXIS2_PLACEMENT_2D('',#448,#449);
#448 = CARTESIAN_POINT('',(24.266018794673,31.489437902022));
#449 = DIRECTION('',(-0.984807753012,-0.173648177667));
#450 = ( GEOMETRIC_REPRESENTATION_CONTEXT(2) 
PARAMETRIC_REPRESENTATION_CONTEXT() REPRESENTATION_CONTEXT('2D SPACE',''
  ) );
#451 = PCURVE('',#452,#457);
#452 = CYLINDRICAL_SURFACE('',#453,2.);
#453 = AXIS2_PLACEMENT_3D('',#454,#455,#456);
#454 = CARTESIAN_POINT('',(8.440012493783,14.719141154465,-16.9564778284
    ));
#455 = DIRECTION('',(-0.336824088833,-5.939117461388E-02,0.939692620786)
  );
#456 = DIRECTION('',(0.925416578398,0.163175911167,0.342020143326));
#457 = DEFINITIONAL_REPRESENTATION('',(#458),#467);
#458 = B_SPLINE_CURVE_WITH_KNOTS('',7,(#459,#460,#461,#462,#463,#464,
    #465,#466),.UNSPECIFIED.,.F.,.F.,(8,8),(3.14159265359,4.712388980385
    ),.PIECEWISE_BEZIER_KNOTS.);
#459 = CARTESIAN_POINT('',(0.,19.977210767126));
#460 = CARTESIAN_POINT('',(0.224399475256,19.977210767126));
#461 = CARTESIAN_POINT('',(0.448798950513,20.019976303388));
#462 = CARTESIAN_POINT('',(0.67319842577,20.105501172091));
#463 = CARTESIAN_POINT('',(0.897597901026,20.228534524529));
#464 = CARTESIAN_POINT('',(1.121997376282,20.378452980643));
#465 = CARTESIAN_POINT('',(1.346396851538,20.541801776502));
#466 = CARTESIAN_POINT('',(1.570796326795,20.705151235659));
#467 = ( GEOMETRIC_REPRESENTATION_CONTEXT(2) 
PARAMETRIC_REPRESENTATION_CONTEXT() REPRESENTATION_CONTEXT('2D SPACE',''
  ) );
#468 = ORIENTED_EDGE('',*,*,#469,.F.);
#469 = EDGE_CURVE('',#470,#436,#472,.T.);
#470 = VERTEX_POINT('',#471);
#471 = CARTESIAN_POINT('',(7.972703549248,-11.15509396268,2.5));
#472 = SURFACE_CURVE('',#473,(#477,#483),.PCURVE_S1.);
#473 = LINE('',#474,#475);
#474 = CARTESIAN_POINT('',(8.267670387302,-12.82793402872,2.5));
#475 = VECTOR('',#476,1.);
#476 = DIRECTION('',(-0.173648177667,0.984807753012,0.));
#477 = PCURVE('',#44,#478);
#478 = DEFINITIONAL_REPRESENTATION('',(#479),#482);
#479 = B_SPLINE_CURVE_WITH_KNOTS('',1,(#480,#481),.UNSPECIFIED.,.F.,.F.,
  (2,2),(1.69864632049,27.09864632049),.PIECEWISE_BEZIER_KNOTS.);
#480 = CARTESIAN_POINT('',(30.772703549248,6.84490603732));
#481 = CARTESIAN_POINT('',(26.362039836508,31.85902296383));
#482 = ( GEOMETRIC_REPRESENTATION_CONTEXT(2) 
PARAMETRIC_REPRESENTATION_CONTEXT() REPRESENTATION_CONTEXT('2D SPACE',''
  ) );
#483 = PCURVE('',#484,#489);
#484 = PLANE('',#485);
#485 = AXIS2_PLACEMENT_3D('',#486,#487,#488);
#486 = CARTESIAN_POINT('',(15.048805718653,-11.93823945573,
    -16.27243754175));
#487 = DIRECTION('',(0.925416578398,0.163175911167,0.342020143326));
#488 = DIRECTION('',(-0.336824088833,-5.939117461388E-02,0.939692620786)
  );
#489 = DEFINITIONAL_REPRESENTATION('',(#490),#493);
#490 = B_SPLINE_CURVE_WITH_KNOTS('',1,(#491,#492),.UNSPECIFIED.,.F.,.F.,
  (2,2),(1.69864632049,27.09864632049),.PIECEWISE_BEZIER_KNOTS.);
#491 = CARTESIAN_POINT('',(19.977210767126,-2.));
#492 = CARTESIAN_POINT('',(19.977210767126,-27.4));
#493 = ( GEOMETRIC_REPRESENTATION_CONTEXT(2) 
PARAMETRIC_REPRESENTATION_CONTEXT() REPRESENTATION_CONTEXT('2D SPACE',''
  ) );
#494 = ORIENTED_EDGE('',*,*,#495,.F.);
#495 = EDGE_CURVE('',#496,#470,#498,.T.);
#496 = VERTEX_POINT('',#497);
#497 = CARTESIAN_POINT('',(8.,-11.41248792805,2.5));
#498 = SURFACE_CURVE('',#499,(#504,#511),.PCURVE_S1.);
#499 = ELLIPSE('',#500,2.128355544952,2.);
#500 = AXIS2_PLACEMENT_3D('',#501,#502,#503);
#501 = CARTESIAN_POINT('',(5.876682507413,-11.52467902448,2.5));
#502 = DIRECTION('',(0.,0.,1.));
#503 = DIRECTION('',(-0.984807753012,-0.173648177667,0.));
#504 = PCURVE('',#44,#505);
#505 = DEFINITIONAL_REPRESENTATION('',(#506),#510);
#506 = ELLIPSE('',#507,2.128355544952,2.);
#507 = AXIS2_PLACEMENT_2D('',#508,#509);
#508 = CARTESIAN_POINT('',(28.676682507413,6.475320975511));
#509 = DIRECTION('',(-0.984807753012,-0.173648177667));
#510 = ( GEOMETRIC_REPRESENTATION_CONTEXT(2) 
PARAMETRIC_REPRESENTATION_CONTEXT() REPRESENTATION_CONTEXT('2D SPACE',''
  ) );
#511 = PCURVE('',#272,#512);
#512 = DEFINITIONAL_REPRESENTATION('',(#513),#522);
#513 = B_SPLINE_CURVE_WITH_KNOTS('',7,(#514,#515,#516,#517,#518,#519,
    #520,#521),.UNSPECIFIED.,.F.,.F.,(8,8),(1.570796326795,3.14159265359
    ),.PIECEWISE_BEZIER_KNOTS.);
#514 = CARTESIAN_POINT('',(-1.570796326795,20.705151235659));
#515 = CARTESIAN_POINT('',(-1.346396851538,20.541801776502));
#516 = CARTESIAN_POINT('',(-1.121997376282,20.378452980642));
#517 = CARTESIAN_POINT('',(-0.897597901026,20.228534524536));
#518 = CARTESIAN_POINT('',(-0.673198425769,20.105501172084));
#519 = CARTESIAN_POINT('',(-0.448798950513,20.01997630339));
#520 = CARTESIAN_POINT('',(-0.224399475256,19.977210767126));
#521 = CARTESIAN_POINT('',(8.881784197001E-16,19.977210767126));
#522 = ( GEOMETRIC_REPRESENTATION_CONTEXT(2) 
PARAMETRIC_REPRESENTATION_CONTEXT() REPRESENTATION_CONTEXT('2D SPACE',''
  ) );
#523 = ORIENTED_EDGE('',*,*,#524,.T.);
#524 = EDGE_CURVE('',#496,#525,#527,.T.);
#525 = VERTEX_POINT('',#526);
#526 = CARTESIAN_POINT('',(8.,14.,2.5));
#527 = SURFACE_CURVE('',#528,(#532,#539),.PCURVE_S1.);
#528 = LINE('',#529,#530);
#529 = CARTESIAN_POINT('',(8.,-18.,2.5));
#530 = VECTOR('',#531,1.);
#531 = DIRECTION('',(0.,1.,0.));
#532 = PCURVE('',#44,#533);
#533 = DEFINITIONAL_REPRESENTATION('',(#534),#538);
#534 = LINE('',#535,#536);
#535 = CARTESIAN_POINT('',(30.8,0.));
#536 = VECTOR('',#537,1.);
#537 = DIRECTION('',(0.,1.));
#538 = ( GEOMETRIC_REPRESENTATION_CONTEXT(2) 
PARAMETRIC_REPRESENTATION_CONTEXT() REPRESENTATION_CONTEXT('2D SPACE',''
  ) );
#539 = PCURVE('',#540,#545);
#540 = PLANE('',#541);
#541 = AXIS2_PLACEMENT_3D('',#542,#543,#544);
#542 = CARTESIAN_POINT('',(8.,-18.,0.));
#543 = DIRECTION('',(1.,0.,0.));
#544 = DIRECTION('',(0.,0.,1.));
#545 = DEFINITIONAL_REPRESENTATION('',(#546),#550);
#546 = LINE('',#547,#548);
#547 = CARTESIAN_POINT('',(2.5,0.));
#548 = VECTOR('',#549,1.);
#549 = DIRECTION('',(0.,-1.));
#550 = ( GEOMETRIC_REPRESENTATION_CONTEXT(2) 
PARAMETRIC_REPRESENTATION_CONTEXT() REPRESENTATION_CONTEXT('2D SPACE',''
  ) );
#551 = ORIENTED_EDGE('',*,*,#552,.T.);
#552 = EDGE_CURVE('',#525,#553,#555,.T.);
#553 = VERTEX_POINT('',#554);
#554 = CARTESIAN_POINT('',(4.,18.,2.5));
#555 = SURFACE_CURVE('',#556,(#561,#568),.PCURVE_S1.);
#556 = CIRCLE('',#557,4.);
#557 = AXIS2_PLACEMENT_3D('',#558,#559,#560);
#558 = CARTESIAN_POINT('',(4.,14.,2.5));
#559 = DIRECTION('',(0.,0.,1.));
#560 = DIRECTION('',(0.,-1.,0.));
#561 = PCURVE('',#44,#562);
#562 = DEFINITIONAL_REPRESENTATION('',(#563),#567);
#563 = CIRCLE('',#564,4.);
#564 = AXIS2_PLACEMENT_2D('',#565,#566);
#565 = CARTESIAN_POINT('',(26.8,32.));
#566 = DIRECTION('',(0.,-1.));
#567 = ( GEOMETRIC_REPRESENTATION_CONTEXT(2) 
PARAMETRIC_REPRESENTATION_CONTEXT() REPRESENTATION_CONTEXT('2D SPACE',''
  ) );
#568 = PCURVE('',#569,#574);
#569 = CYLINDRICAL_SURFACE('',#570,4.);
#570 = AXIS2_PLACEMENT_3D('',#571,#572,#573);
#571 = CARTESIAN_POINT('',(4.,14.,0.));
#572 = DIRECTION('',(0.,0.,1.));
#573 = DIRECTION('',(1.,0.,-0.));
#574 = DEFINITIONAL_REPRESENTATION('',(#575),#579);
#575 = LINE('',#576,#577);
#576 = CARTESIAN_POINT('',(-1.570796326795,2.5));
#577 = VECTOR('',#578,1.);
#578 = DIRECTION('',(1.,0.));
#579 = ( GEOMETRIC_REPRESENTATION_CONTEXT(2) 
PARAMETRIC_REPRESENTATION_CONTEXT() REPRESENTATION_CONTEXT('2D SPACE',''
  ) );
#580 = ORIENTED_EDGE('',*,*,#581,.F.);
#581 = EDGE_CURVE('',#582,#553,#584,.T.);
#582 = VERTEX_POINT('',#583);
#583 = CARTESIAN_POINT('',(-18.8,18.,2.5));
#584 = SURFACE_CURVE('',#585,(#589,#596),.PCURVE_S1.);
#585 = LINE('',#586,#587);
#586 = CARTESIAN_POINT('',(-22.8,18.,2.5));
#587 = VECTOR('',#588,1.);
#588 = DIRECTION('',(1.,0.,0.));
#589 = PCURVE('',#44,#590);
#590 = DEFINITIONAL_REPRESENTATION('',(#591),#595);
#591 = LINE('',#592,#593);
#592 = CARTESIAN_POINT('',(0.,36.));
#593 = VECTOR('',#594,1.);
#594 = DIRECTION('',(1.,0.));
#595 = ( GEOMETRIC_REPRESENTATION_CONTEXT(2) 
PARAMETRIC_REPRESENTATION_CONTEXT() REPRESENTATION_CONTEXT('2D SPACE',''
  ) );
#596 = PCURVE('',#597,#602);
#597 = PLANE('',#598);
#598 = AXIS2_PLACEMENT_3D('',#599,#600,#601);
#599 = CARTESIAN_POINT('',(-22.8,18.,0.));
#600 = DIRECTION('',(0.,1.,0.));
#601 = DIRECTION('',(0.,0.,1.));
#602 = DEFINITIONAL_REPRESENTATION('',(#603),#607);
#603 = LINE('',#604,#605);
#604 = CARTESIAN_POINT('',(2.5,0.));
#605 = VECTOR('',#606,1.);
#606 = DIRECTION('',(0.,1.));
#607 = ( GEOMETRIC_REPRESENTATION_CONTEXT(2) 
PARAMETRIC_REPRESENTATION_CONTEXT() REPRESENTATION_CONTEXT('2D SPACE',''
  ) );
#608 = ORIENTED_EDGE('',*,*,#609,.F.);
#609 = EDGE_CURVE('',#24,#582,#610,.T.);
#610 = SURFACE_CURVE('',#611,(#616,#627),.PCURVE_S1.);
#611 = CIRCLE('',#612,4.);
#612 = AXIS2_PLACEMENT_3D('',#613,#614,#615);
#613 = CARTESIAN_POINT('',(-18.8,14.,2.5));
#614 = DIRECTION('',(-0.,-0.,-1.));
#615 = DIRECTION('',(0.,-1.,0.));
#616 = PCURVE('',#44,#617);
#617 = DEFINITIONAL_REPRESENTATION('',(#618),#626);
#618 = ( BOUNDED_CURVE() B_SPLINE_CURVE(2,(#619,#620,#621,#622,#623,#624
,#625),.UNSPECIFIED.,.T.,.F.) B_SPLINE_CURVE_WITH_KNOTS((1,2,2,2,2,1),(
    -2.094395102393,0.,2.094395102393,4.188790204786,6.28318530718,
8.377580409573),.UNSPECIFIED.) CURVE() GEOMETRIC_REPRESENTATION_ITEM() 
RATIONAL_B_SPLINE_CURVE((1.,0.5,1.,0.5,1.,0.5,1.)) REPRESENTATION_ITEM(
  '') );
#619 = CARTESIAN_POINT('',(4.,28.));
#620 = CARTESIAN_POINT('',(-2.928203230276,28.));
#621 = CARTESIAN_POINT('',(0.535898384862,34.));
#622 = CARTESIAN_POINT('',(4.,40.));
#623 = CARTESIAN_POINT('',(7.464101615138,34.));
#624 = CARTESIAN_POINT('',(10.928203230276,28.));
#625 = CARTESIAN_POINT('',(4.,28.));
#626 = ( GEOMETRIC_REPRESENTATION_CONTEXT(2) 
PARAMETRIC_REPRESENTATION_CONTEXT() REPRESENTATION_CONTEXT('2D SPACE',''
  ) );
#627 = PCURVE('',#126,#628);
#628 = DEFINITIONAL_REPRESENTATION('',(#629),#633);
#629 = LINE('',#630,#631);
#630 = CARTESIAN_POINT('',(1.570796326795,2.5));
#631 = VECTOR('',#632,1.);
#632 = DIRECTION('',(-1.,0.));
#633 = ( GEOMETRIC_REPRESENTATION_CONTEXT(2) 
PARAMETRIC_REPRESENTATION_CONTEXT() REPRESENTATION_CONTEXT('2D SPACE',''
  ) );
#634 = FACE_BOUND('',#635,.T.);
#635 = EDGE_LOOP('',(#636));
#636 = ORIENTED_EDGE('',*,*,#637,.F.);
#637 = EDGE_CURVE('',#638,#638,#640,.T.);
#638 = VERTEX_POINT('',#639);
#639 = CARTESIAN_POINT('',(-15.65,-11.,2.5));
#640 = SURFACE_CURVE('',#641,(#646,#653),.PCURVE_S1.);
#641 = CIRCLE('',#642,1.15);
#642 = AXIS2_PLACEMENT_3D('',#643,#644,#645);
#643 = CARTESIAN_POINT('',(-16.8,-11.,2.5));
#644 = DIRECTION('',(0.,0.,1.));
#645 = DIRECTION('',(1.,0.,-0.));
#646 = PCURVE('',#44,#647);
#647 = DEFINITIONAL_REPRESENTATION('',(#648),#652);
#648 = CIRCLE('',#649,1.15);
#649 = AXIS2_PLACEMENT_2D('',#650,#651);
#650 = CARTESIAN_POINT('',(6.,7.));
#651 = DIRECTION('',(1.,0.));
#652 = ( GEOMETRIC_REPRESENTATION_CONTEXT(2) 
PARAMETRIC_REPRESENTATION_CONTEXT() REPRESENTATION_CONTEXT('2D SPACE',''
  ) );
#653 = PCURVE('',#654,#659);
#654 = CYLINDRICAL_SURFACE('',#655,1.15);
#655 = AXIS2_PLACEMENT_3D('',#656,#657,#658);
#656 = CARTESIAN_POINT('',(-16.8,-11.,-1.));
#657 = DIRECTION('',(0.,0.,1.));
#658 = DIRECTION('',(1.,0.,-0.));
#659 = DEFINITIONAL_REPRESENTATION('',(#660),#664);
#660 = LINE('',#661,#662);
#661 = CARTESIAN_POINT('',(0.,3.5));
#662 = VECTOR('',#663,1.);
#663 = DIRECTION('',(1.,0.));
#664 = ( GEOMETRIC_REPRESENTATION_CONTEXT(2) 
PARAMETRIC_REPRESENTATION_CONTEXT() REPRESENTATION_CONTEXT('2D SPACE',''
  ) );
#665 = FACE_BOUND('',#666,.T.);
#666 = EDGE_LOOP('',(#667));
#667 = ORIENTED_EDGE('',*,*,#668,.F.);
#668 = EDGE_CURVE('',#669,#669,#671,.T.);
#669 = VERTEX_POINT('',#670);
#670 = CARTESIAN_POINT('',(-15.65,11.,2.5));
#671 = SURFACE_CURVE('',#672,(#677,#684),.PCURVE_S1.);
#672 = CIRCLE('',#673,1.15);
#673 = AXIS2_PLACEMENT_3D('',#674,#675,#676);
#674 = CARTESIAN_POINT('',(-16.8,11.,2.5));
#675 = DIRECTION('',(0.,0.,1.));
#676 = DIRECTION('',(1.,0.,-0.));
#677 = PCURVE('',#44,#678);
#678 = DEFINITIONAL_REPRESENTATION('',(#679),#683);
#679 = CIRCLE('',#680,1.15);
#680 = AXIS2_PLACEMENT_2D('',#681,#682);
#681 = CARTESIAN_POINT('',(6.,29.));
#682 = DIRECTION('',(1.,0.));
#683 = ( GEOMETRIC_REPRESENTATION_CONTEXT(2) 
PARAMETRIC_REPRESENTATION_CONTEXT() REPRESENTATION_CONTEXT('2D SPACE',''
  ) );
#684 = PCURVE('',#685,#690);
#685 = CYLINDRICAL_SURFACE('',#686,1.15);
#686 = AXIS2_PLACEMENT_3D('',#687,#688,#689);
#687 = CARTESIAN_POINT('',(-16.8,11.,-1.));
#688 = DIRECTION('',(0.,0.,1.));
#689 = DIRECTION('',(1.,0.,-0.));
#690 = DEFINITIONAL_REPRESENTATION('',(#691),#695);
#691 = LINE('',#692,#693);
#692 = CARTESIAN_POINT('',(0.,3.5));
#693 = VECTOR('',#694,1.);
#694 = DIRECTION('',(1.,0.));
#695 = ( GEOMETRIC_REPRESENTATION_CONTEXT(2) 
PARAMETRIC_REPRESENTATION_CONTEXT() REPRESENTATION_CONTEXT('2D SPACE',''
  ) );
#696 = ADVANCED_FACE('',(#697),#72,.T.);
#697 = FACE_BOUND('',#698,.T.);
#698 = EDGE_LOOP('',(#699,#723,#744,#745));
#699 = ORIENTED_EDGE('',*,*,#700,.T.);
#700 = EDGE_CURVE('',#57,#701,#703,.T.);
#701 = VERTEX_POINT('',#702);
#702 = CARTESIAN_POINT('',(-18.8,-18.,0.));
#703 = SURFACE_CURVE('',#704,(#709,#716),.PCURVE_S1.);
#704 = CIRCLE('',#705,4.);
#705 = AXIS2_PLACEMENT_3D('',#706,#707,#708);
#706 = CARTESIAN_POINT('',(-18.8,-14.,0.));
#707 = DIRECTION('',(0.,0.,1.));
#708 = DIRECTION('',(0.,-1.,0.));
#709 = PCURVE('',#72,#710);
#710 = DEFINITIONAL_REPRESENTATION('',(#711),#715);
#711 = LINE('',#712,#713);
#712 = CARTESIAN_POINT('',(-4.712388980385,0.));
#713 = VECTOR('',#714,1.);
#714 = DIRECTION('',(1.,0.));
#715 = ( GEOMETRIC_REPRESENTATION_CONTEXT(2) 
PARAMETRIC_REPRESENTATION_CONTEXT() REPRESENTATION_CONTEXT('2D SPACE',''
  ) );
#716 = PCURVE('',#100,#717);
#717 = DEFINITIONAL_REPRESENTATION('',(#718),#722);
#718 = CIRCLE('',#719,4.);
#719 = AXIS2_PLACEMENT_2D('',#720,#721);
#720 = CARTESIAN_POINT('',(4.,4.));
#721 = DIRECTION('',(0.,-1.));
#722 = ( GEOMETRIC_REPRESENTATION_CONTEXT(2) 
PARAMETRIC_REPRESENTATION_CONTEXT() REPRESENTATION_CONTEXT('2D SPACE',''
  ) );
#723 = ORIENTED_EDGE('',*,*,#724,.T.);
#724 = EDGE_CURVE('',#701,#143,#725,.T.);
#725 = SURFACE_CURVE('',#726,(#730,#737),.PCURVE_S1.);
#726 = LINE('',#727,#728);
#727 = CARTESIAN_POINT('',(-18.8,-18.,0.));
#728 = VECTOR('',#729,1.);
#729 = DIRECTION('',(0.,0.,1.));
#730 = PCURVE('',#72,#731);
#731 = DEFINITIONAL_REPRESENTATION('',(#732),#736);
#732 = LINE('',#733,#734);
#733 = CARTESIAN_POINT('',(1.570796326795,0.));
#734 = VECTOR('',#735,1.);
#735 = DIRECTION('',(0.,1.));
#736 = ( GEOMETRIC_REPRESENTATION_CONTEXT(2) 
PARAMETRIC_REPRESENTATION_CONTEXT() REPRESENTATION_CONTEXT('2D SPACE',''
  ) );
#737 = PCURVE('',#182,#738);
#738 = DEFINITIONAL_REPRESENTATION('',(#739),#743);
#739 = LINE('',#740,#741);
#740 = CARTESIAN_POINT('',(0.,4.));
#741 = VECTOR('',#742,1.);
#742 = DIRECTION('',(1.,0.));
#743 = ( GEOMETRIC_REPRESENTATION_CONTEXT(2) 
PARAMETRIC_REPRESENTATION_CONTEXT() REPRESENTATION_CONTEXT('2D SPACE',''
  ) );
#744 = ORIENTED_EDGE('',*,*,#142,.F.);
#745 = ORIENTED_EDGE('',*,*,#56,.F.);
#746 = ADVANCED_FACE('',(#747),#126,.T.);
#747 = FACE_BOUND('',#748,.F.);
#748 = EDGE_LOOP('',(#749,#777,#798,#799));
#749 = ORIENTED_EDGE('',*,*,#750,.T.);
#750 = EDGE_CURVE('',#85,#751,#753,.T.);
#751 = VERTEX_POINT('',#752);
#752 = CARTESIAN_POINT('',(-18.8,18.,0.));
#753 = SURFACE_CURVE('',#754,(#759,#766),.PCURVE_S1.);
#754 = CIRCLE('',#755,4.);
#755 = AXIS2_PLACEMENT_3D('',#756,#757,#758);
#756 = CARTESIAN_POINT('',(-18.8,14.,0.));
#757 = DIRECTION('',(-0.,-0.,-1.));
#758 = DIRECTION('',(0.,-1.,0.));
#759 = PCURVE('',#126,#760);
#760 = DEFINITIONAL_REPRESENTATION('',(#761),#765);
#761 = LINE('',#762,#763);
#762 = CARTESIAN_POINT('',(1.570796326795,-0.));
#763 = VECTOR('',#764,1.);
#764 = DIRECTION('',(-1.,0.));
#765 = ( GEOMETRIC_REPRESENTATION_CONTEXT(2) 
PARAMETRIC_REPRESENTATION_CONTEXT() REPRESENTATION_CONTEXT('2D SPACE',''
  ) );
#766 = PCURVE('',#100,#767);
#767 = DEFINITIONAL_REPRESENTATION('',(#768),#776);
#768 = ( BOUNDED_CURVE() B_SPLINE_CURVE(2,(#769,#770,#771,#772,#773,#774
,#775),.UNSPECIFIED.,.T.,.F.) B_SPLINE_CURVE_WITH_KNOTS((1,2,2,2,2,1),(
    -2.094395102393,0.,2.094395102393,4.188790204786,6.28318530718,
8.377580409573),.UNSPECIFIED.) CURVE() GEOMETRIC_REPRESENTATION_ITEM() 
RATIONAL_B_SPLINE_CURVE((1.,0.5,1.,0.5,1.,0.5,1.)) REPRESENTATION_ITEM(
  '') );
#769 = CARTESIAN_POINT('',(4.,28.));
#770 = CARTESIAN_POINT('',(-2.928203230276,28.));
#771 = CARTESIAN_POINT('',(0.535898384862,34.));
#772 = CARTESIAN_POINT('',(4.,40.));
#773 = CARTESIAN_POINT('',(7.464101615138,34.));
#774 = CARTESIAN_POINT('',(10.928203230276,28.));
#775 = CARTESIAN_POINT('',(4.,28.));
#776 = ( GEOMETRIC_REPRESENTATION_CONTEXT(2) 
PARAMETRIC_REPRESENTATION_CONTEXT() REPRESENTATION_CONTEXT('2D SPACE',''
  ) );
#777 = ORIENTED_EDGE('',*,*,#778,.T.);
#778 = EDGE_CURVE('',#751,#582,#779,.T.);
#779 = SURFACE_CURVE('',#780,(#784,#791),.PCURVE_S1.);
#780 = LINE('',#781,#782);
#781 = CARTESIAN_POINT('',(-18.8,18.,0.));
#782 = VECTOR('',#783,1.);
#783 = DIRECTION('',(0.,0.,1.));
#784 = PCURVE('',#126,#785);
#785 = DEFINITIONAL_REPRESENTATION('',(#786),#790);
#786 = LINE('',#787,#788);
#787 = CARTESIAN_POINT('',(-1.570796326795,0.));
#788 = VECTOR('',#789,1.);
#789 = DIRECTION('',(-0.,1.));
#790 = ( GEOMETRIC_REPRESENTATION_CONTEXT(2) 
PARAMETRIC_REPRESENTATION_CONTEXT() REPRESENTATION_CONTEXT('2D SPACE',''
  ) );
#791 = PCURVE('',#597,#792);
#792 = DEFINITIONAL_REPRESENTATION('',(#793),#797);
#793 = LINE('',#794,#795);
#794 = CARTESIAN_POINT('',(0.,4.));
#795 = VECTOR('',#796,1.);
#796 = DIRECTION('',(1.,0.));
#797 = ( GEOMETRIC_REPRESENTATION_CONTEXT(2) 
PARAMETRIC_REPRESENTATION_CONTEXT() REPRESENTATION_CONTEXT('2D SPACE',''
  ) );
#798 = ORIENTED_EDGE('',*,*,#609,.F.);
#799 = ORIENTED_EDGE('',*,*,#112,.F.);
#800 = ADVANCED_FACE('',(#801,#1004,#1030),#100,.F.);
#801 = FACE_BOUND('',#802,.F.);
#802 = EDGE_LOOP('',(#803,#804,#805,#828,#856,#879,#908,#935,#958,#982,
    #1003));
#803 = ORIENTED_EDGE('',*,*,#84,.F.);
#804 = ORIENTED_EDGE('',*,*,#700,.T.);
#805 = ORIENTED_EDGE('',*,*,#806,.T.);
#806 = EDGE_CURVE('',#701,#807,#809,.T.);
#807 = VERTEX_POINT('',#808);
#808 = CARTESIAN_POINT('',(4.,-18.,0.));
#809 = SURFACE_CURVE('',#810,(#814,#821),.PCURVE_S1.);
#810 = LINE('',#811,#812);
#811 = CARTESIAN_POINT('',(-22.8,-18.,0.));
#812 = VECTOR('',#813,1.);
#813 = DIRECTION('',(1.,0.,0.));
#814 = PCURVE('',#100,#815);
#815 = DEFINITIONAL_REPRESENTATION('',(#816),#820);
#816 = LINE('',#817,#818);
#817 = CARTESIAN_POINT('',(0.,0.));
#818 = VECTOR('',#819,1.);
#819 = DIRECTION('',(1.,0.));
#820 = ( GEOMETRIC_REPRESENTATION_CONTEXT(2) 
PARAMETRIC_REPRESENTATION_CONTEXT() REPRESENTATION_CONTEXT('2D SPACE',''
  ) );
#821 = PCURVE('',#182,#822);
#822 = DEFINITIONAL_REPRESENTATION('',(#823),#827);
#823 = LINE('',#824,#825);
#824 = CARTESIAN_POINT('',(0.,0.));
#825 = VECTOR('',#826,1.);
#826 = DIRECTION('',(0.,1.));
#827 = ( GEOMETRIC_REPRESENTATION_CONTEXT(2) 
PARAMETRIC_REPRESENTATION_CONTEXT() REPRESENTATION_CONTEXT('2D SPACE',''
  ) );
#828 = ORIENTED_EDGE('',*,*,#829,.F.);
#829 = EDGE_CURVE('',#830,#807,#832,.T.);
#830 = VERTEX_POINT('',#831);
#831 = CARTESIAN_POINT('',(8.,-14.,0.));
#832 = SURFACE_CURVE('',#833,(#838,#849),.PCURVE_S1.);
#833 = CIRCLE('',#834,4.);
#834 = AXIS2_PLACEMENT_3D('',#835,#836,#837);
#835 = CARTESIAN_POINT('',(4.,-14.,0.));
#836 = DIRECTION('',(-0.,-0.,-1.));
#837 = DIRECTION('',(0.,-1.,0.));
#838 = PCURVE('',#100,#839);
#839 = DEFINITIONAL_REPRESENTATION('',(#840),#848);
#840 = ( BOUNDED_CURVE() B_SPLINE_CURVE(2,(#841,#842,#843,#844,#845,#846
,#847),.UNSPECIFIED.,.T.,.F.) B_SPLINE_CURVE_WITH_KNOTS((1,2,2,2,2,1),(
    -2.094395102393,0.,2.094395102393,4.188790204786,6.28318530718,
8.377580409573),.UNSPECIFIED.) CURVE() GEOMETRIC_REPRESENTATION_ITEM() 
RATIONAL_B_SPLINE_CURVE((1.,0.5,1.,0.5,1.,0.5,1.)) REPRESENTATION_ITEM(
  '') );
#841 = CARTESIAN_POINT('',(26.8,0.));
#842 = CARTESIAN_POINT('',(19.871796769724,0.));
#843 = CARTESIAN_POINT('',(23.335898384862,6.));
#844 = CARTESIAN_POINT('',(26.8,12.));
#845 = CARTESIAN_POINT('',(30.264101615138,6.));
#846 = CARTESIAN_POINT('',(33.728203230276,6.217248937901E-15));
#847 = CARTESIAN_POINT('',(26.8,0.));
#848 = ( GEOMETRIC_REPRESENTATION_CONTEXT(2) 
PARAMETRIC_REPRESENTATION_CONTEXT() REPRESENTATION_CONTEXT('2D SPACE',''
  ) );
#849 = PCURVE('',#215,#850);
#850 = DEFINITIONAL_REPRESENTATION('',(#851),#855);
#851 = LINE('',#852,#853);
#852 = CARTESIAN_POINT('',(4.712388980385,-0.));
#853 = VECTOR('',#854,1.);
#854 = DIRECTION('',(-1.,0.));
#855 = ( GEOMETRIC_REPRESENTATION_CONTEXT(2) 
PARAMETRIC_REPRESENTATION_CONTEXT() REPRESENTATION_CONTEXT('2D SPACE',''
  ) );
#856 = ORIENTED_EDGE('',*,*,#857,.T.);
#857 = EDGE_CURVE('',#830,#858,#860,.T.);
#858 = VERTEX_POINT('',#859);
#859 = CARTESIAN_POINT('',(8.,-12.97753068157,0.));
#860 = SURFACE_CURVE('',#861,(#865,#872),.PCURVE_S1.);
#861 = LINE('',#862,#863);
#862 = CARTESIAN_POINT('',(8.,-18.,0.));
#863 = VECTOR('',#864,1.);
#864 = DIRECTION('',(0.,1.,0.));
#865 = PCURVE('',#100,#866);
#866 = DEFINITIONAL_REPRESENTATION('',(#867),#871);
#867 = LINE('',#868,#869);
#868 = CARTESIAN_POINT('',(30.8,0.));
#869 = VECTOR('',#870,1.);
#870 = DIRECTION('',(0.,1.));
#871 = ( GEOMETRIC_REPRESENTATION_CONTEXT(2) 
PARAMETRIC_REPRESENTATION_CONTEXT() REPRESENTATION_CONTEXT('2D SPACE',''
  ) );
#872 = PCURVE('',#243,#873);
#873 = DEFINITIONAL_REPRESENTATION('',(#874),#878);
#874 = LINE('',#875,#876);
#875 = CARTESIAN_POINT('',(0.,0.));
#876 = VECTOR('',#877,1.);
#877 = DIRECTION('',(0.,-1.));
#878 = ( GEOMETRIC_REPRESENTATION_CONTEXT(2) 
PARAMETRIC_REPRESENTATION_CONTEXT() REPRESENTATION_CONTEXT('2D SPACE',''
  ) );
#879 = ORIENTED_EDGE('',*,*,#880,.T.);
#880 = EDGE_CURVE('',#858,#881,#883,.T.);
#881 = VERTEX_POINT('',#882);
#882 = CARTESIAN_POINT('',(8.868805320675,-10.99708704291,0.));
#883 = SURFACE_CURVE('',#884,(#889,#896),.PCURVE_S1.);
#884 = ELLIPSE('',#885,2.128355544952,2.);
#885 = AXIS2_PLACEMENT_3D('',#886,#887,#888);
#886 = CARTESIAN_POINT('',(6.77278427884,-11.36667210472,0.));
#887 = DIRECTION('',(0.,0.,1.));
#888 = DIRECTION('',(-0.984807753012,-0.173648177667,0.));
#889 = PCURVE('',#100,#890);
#890 = DEFINITIONAL_REPRESENTATION('',(#891),#895);
#891 = ELLIPSE('',#892,2.128355544952,2.);
#892 = AXIS2_PLACEMENT_2D('',#893,#894);
#893 = CARTESIAN_POINT('',(29.57278427884,6.633327895275));
#894 = DIRECTION('',(-0.984807753012,-0.173648177667));
#895 = ( GEOMETRIC_REPRESENTATION_CONTEXT(2) 
PARAMETRIC_REPRESENTATION_CONTEXT() REPRESENTATION_CONTEXT('2D SPACE',''
  ) );
#896 = PCURVE('',#272,#897);
#897 = DEFINITIONAL_REPRESENTATION('',(#898),#907);
#898 = B_SPLINE_CURVE_WITH_KNOTS('',7,(#899,#900,#901,#902,#903,#904,
    #905,#906),.UNSPECIFIED.,.F.,.F.,(8,8),(1.570796326795,3.14159265359
    ),.PIECEWISE_BEZIER_KNOTS.);
#899 = CARTESIAN_POINT('',(-1.570796326795,18.044706804469));
#900 = CARTESIAN_POINT('',(-1.346396851538,17.881357345312));
#901 = CARTESIAN_POINT('',(-1.121997376282,17.71800854945));
#902 = CARTESIAN_POINT('',(-0.897597901026,17.568090093349));
#903 = CARTESIAN_POINT('',(-0.673198425769,17.445056740889));
#904 = CARTESIAN_POINT('',(-0.448798950513,17.359531872203));
#905 = CARTESIAN_POINT('',(-0.224399475256,17.316766335937));
#906 = CARTESIAN_POINT('',(8.881784197001E-16,17.316766335937));
#907 = ( GEOMETRIC_REPRESENTATION_CONTEXT(2) 
PARAMETRIC_REPRESENTATION_CONTEXT() REPRESENTATION_CONTEXT('2D SPACE',''
  ) );
#908 = ORIENTED_EDGE('',*,*,#909,.F.);
#909 = EDGE_CURVE('',#910,#881,#912,.T.);
#910 = VERTEX_POINT('',#911);
#911 = CARTESIAN_POINT('',(8.,-6.069847222983,0.));
#912 = SURFACE_CURVE('',#913,(#917,#924),.PCURVE_S1.);
#913 = LINE('',#914,#915);
#914 = CARTESIAN_POINT('',(15.011252678073,-45.83263706888,0.));
#915 = VECTOR('',#916,1.);
#916 = DIRECTION('',(0.173648177667,-0.984807753012,0.));
#917 = PCURVE('',#100,#918);
#918 = DEFINITIONAL_REPRESENTATION('',(#919),#923);
#919 = LINE('',#920,#921);
#920 = CARTESIAN_POINT('',(37.811252678073,-27.83263706888));
#921 = VECTOR('',#922,1.);
#922 = DIRECTION('',(0.173648177667,-0.984807753012));
#923 = ( GEOMETRIC_REPRESENTATION_CONTEXT(2) 
PARAMETRIC_REPRESENTATION_CONTEXT() REPRESENTATION_CONTEXT('2D SPACE',''
  ) );
#924 = PCURVE('',#925,#930);
#925 = PLANE('',#926);
#926 = AXIS2_PLACEMENT_3D('',#927,#928,#929);
#927 = CARTESIAN_POINT('',(15.048805718653,-11.93823945573,
    -16.27243754175));
#928 = DIRECTION('',(0.925416578398,0.163175911167,0.342020143326));
#929 = DIRECTION('',(-0.336824088833,-5.939117461388E-02,0.939692620786)
  );
#930 = DEFINITIONAL_REPRESENTATION('',(#931),#934);
#931 = B_SPLINE_CURVE_WITH_KNOTS('',1,(#932,#933),.UNSPECIFIED.,.F.,.F.,
  (2,2),(-60.77294453604,-35.37294453604),.PIECEWISE_BEZIER_KNOTS.);
#932 = CARTESIAN_POINT('',(17.316766335937,-27.4));
#933 = CARTESIAN_POINT('',(17.316766335937,-2.));
#934 = ( GEOMETRIC_REPRESENTATION_CONTEXT(2) 
PARAMETRIC_REPRESENTATION_CONTEXT() REPRESENTATION_CONTEXT('2D SPACE',''
  ) );
#935 = ORIENTED_EDGE('',*,*,#936,.T.);
#936 = EDGE_CURVE('',#910,#937,#939,.T.);
#937 = VERTEX_POINT('',#938);
#938 = CARTESIAN_POINT('',(8.,14.,0.));
#939 = SURFACE_CURVE('',#940,(#944,#951),.PCURVE_S1.);
#940 = LINE('',#941,#942);
#941 = CARTESIAN_POINT('',(8.,-18.,0.));
#942 = VECTOR('',#943,1.);
#943 = DIRECTION('',(0.,1.,0.));
#944 = PCURVE('',#100,#945);
#945 = DEFINITIONAL_REPRESENTATION('',(#946),#950);
#946 = LINE('',#947,#948);
#947 = CARTESIAN_POINT('',(30.8,0.));
#948 = VECTOR('',#949,1.);
#949 = DIRECTION('',(0.,1.));
#950 = ( GEOMETRIC_REPRESENTATION_CONTEXT(2) 
PARAMETRIC_REPRESENTATION_CONTEXT() REPRESENTATION_CONTEXT('2D SPACE',''
  ) );
#951 = PCURVE('',#540,#952);
#952 = DEFINITIONAL_REPRESENTATION('',(#953),#957);
#953 = LINE('',#954,#955);
#954 = CARTESIAN_POINT('',(0.,0.));
#955 = VECTOR('',#956,1.);
#956 = DIRECTION('',(0.,-1.));
#957 = ( GEOMETRIC_REPRESENTATION_CONTEXT(2) 
PARAMETRIC_REPRESENTATION_CONTEXT() REPRESENTATION_CONTEXT('2D SPACE',''
  ) );
#958 = ORIENTED_EDGE('',*,*,#959,.T.);
#959 = EDGE_CURVE('',#937,#960,#962,.T.);
#960 = VERTEX_POINT('',#961);
#961 = CARTESIAN_POINT('',(4.,18.,0.));
#962 = SURFACE_CURVE('',#963,(#968,#975),.PCURVE_S1.);
#963 = CIRCLE('',#964,4.);
#964 = AXIS2_PLACEMENT_3D('',#965,#966,#967);
#965 = CARTESIAN_POINT('',(4.,14.,0.));
#966 = DIRECTION('',(0.,0.,1.));
#967 = DIRECTION('',(0.,-1.,0.));
#968 = PCURVE('',#100,#969);
#969 = DEFINITIONAL_REPRESENTATION('',(#970),#974);
#970 = CIRCLE('',#971,4.);
#971 = AXIS2_PLACEMENT_2D('',#972,#973);
#972 = CARTESIAN_POINT('',(26.8,32.));
#973 = DIRECTION('',(0.,-1.));
#974 = ( GEOMETRIC_REPRESENTATION_CONTEXT(2) 
PARAMETRIC_REPRESENTATION_CONTEXT() REPRESENTATION_CONTEXT('2D SPACE',''
  ) );
#975 = PCURVE('',#569,#976);
#976 = DEFINITIONAL_REPRESENTATION('',(#977),#981);
#977 = LINE('',#978,#979);
#978 = CARTESIAN_POINT('',(-1.570796326795,0.));
#979 = VECTOR('',#980,1.);
#980 = DIRECTION('',(1.,0.));
#981 = ( GEOMETRIC_REPRESENTATION_CONTEXT(2) 
PARAMETRIC_REPRESENTATION_CONTEXT() REPRESENTATION_CONTEXT('2D SPACE',''
  ) );
#982 = ORIENTED_EDGE('',*,*,#983,.F.);
#983 = EDGE_CURVE('',#751,#960,#984,.T.);
#984 = SURFACE_CURVE('',#985,(#989,#996),.PCURVE_S1.);
#985 = LINE('',#986,#987);
#986 = CARTESIAN_POINT('',(-22.8,18.,0.));
#987 = VECTOR('',#988,1.);
#988 = DIRECTION('',(1.,0.,0.));
#989 = PCURVE('',#100,#990);
#990 = DEFINITIONAL_REPRESENTATION('',(#991),#995);
#991 = LINE('',#992,#993);
#992 = CARTESIAN_POINT('',(0.,36.));
#993 = VECTOR('',#994,1.);
#994 = DIRECTION('',(1.,0.));
#995 = ( GEOMETRIC_REPRESENTATION_CONTEXT(2) 
PARAMETRIC_REPRESENTATION_CONTEXT() REPRESENTATION_CONTEXT('2D SPACE',''
  ) );
#996 = PCURVE('',#597,#997);
#997 = DEFINITIONAL_REPRESENTATION('',(#998),#1002);
#998 = LINE('',#999,#1000);
#999 = CARTESIAN_POINT('',(0.,0.));
#1000 = VECTOR('',#1001,1.);
#1001 = DIRECTION('',(0.,1.));
#1002 = ( GEOMETRIC_REPRESENTATION_CONTEXT(2) 
PARAMETRIC_REPRESENTATION_CONTEXT() REPRESENTATION_CONTEXT('2D SPACE',''
  ) );
#1003 = ORIENTED_EDGE('',*,*,#750,.F.);
#1004 = FACE_BOUND('',#1005,.F.);
#1005 = EDGE_LOOP('',(#1006));
#1006 = ORIENTED_EDGE('',*,*,#1007,.F.);
#1007 = EDGE_CURVE('',#1008,#1008,#1010,.T.);
#1008 = VERTEX_POINT('',#1009);
#1009 = CARTESIAN_POINT('',(-15.65,-11.,0.));
#1010 = SURFACE_CURVE('',#1011,(#1016,#1023),.PCURVE_S1.);
#1011 = CIRCLE('',#1012,1.15);
#1012 = AXIS2_PLACEMENT_3D('',#1013,#1014,#1015);
#1013 = CARTESIAN_POINT('',(-16.8,-11.,0.));
#1014 = DIRECTION('',(0.,0.,1.));
#1015 = DIRECTION('',(1.,0.,-0.));
#1016 = PCURVE('',#100,#1017);
#1017 = DEFINITIONAL_REPRESENTATION('',(#1018),#1022);
#1018 = CIRCLE('',#1019,1.15);
#1019 = AXIS2_PLACEMENT_2D('',#1020,#1021);
#1020 = CARTESIAN_POINT('',(6.,7.));
#1021 = DIRECTION('',(1.,0.));
#1022 = ( GEOMETRIC_REPRESENTATION_CONTEXT(2) 
PARAMETRIC_REPRESENTATION_CONTEXT() REPRESENTATION_CONTEXT('2D SPACE',''
  ) );
#1023 = PCURVE('',#654,#1024);
#1024 = DEFINITIONAL_REPRESENTATION('',(#1025),#1029);
#1025 = LINE('',#1026,#1027);
#1026 = CARTESIAN_POINT('',(0.,1.));
#1027 = VECTOR('',#1028,1.);
#1028 = DIRECTION('',(1.,0.));
#1029 = ( GEOMETRIC_REPRESENTATION_CONTEXT(2) 
PARAMETRIC_REPRESENTATION_CONTEXT() REPRESENTATION_CONTEXT('2D SPACE',''
  ) );
#1030 = FACE_BOUND('',#1031,.F.);
#1031 = EDGE_LOOP('',(#1032));
#1032 = ORIENTED_EDGE('',*,*,#1033,.F.);
#1033 = EDGE_CURVE('',#1034,#1034,#1036,.T.);
#1034 = VERTEX_POINT('',#1035);
#1035 = CARTESIAN_POINT('',(-15.65,11.,0.));
#1036 = SURFACE_CURVE('',#1037,(#1042,#1049),.PCURVE_S1.);
#1037 = CIRCLE('',#1038,1.15);
#1038 = AXIS2_PLACEMENT_3D('',#1039,#1040,#1041);
#1039 = CARTESIAN_POINT('',(-16.8,11.,0.));
#1040 = DIRECTION('',(0.,0.,1.));
#1041 = DIRECTION('',(1.,0.,-0.));
#1042 = PCURVE('',#100,#1043);
#1043 = DEFINITIONAL_REPRESENTATION('',(#1044),#1048);
#1044 = CIRCLE('',#1045,1.15);
#1045 = AXIS2_PLACEMENT_2D('',#1046,#1047);
#1046 = CARTESIAN_POINT('',(6.,29.));
#1047 = DIRECTION('',(1.,0.));
#1048 = ( GEOMETRIC_REPRESENTATION_CONTEXT(2) 
PARAMETRIC_REPRESENTATION_CONTEXT() REPRESENTATION_CONTEXT('2D SPACE',''
  ) );
#1049 = PCURVE('',#685,#1050);
#1050 = DEFINITIONAL_REPRESENTATION('',(#1051),#1055);
#1051 = LINE('',#1052,#1053);
#1052 = CARTESIAN_POINT('',(0.,1.));
#1053 = VECTOR('',#1054,1.);
#1054 = DIRECTION('',(1.,0.));
#1055 = ( GEOMETRIC_REPRESENTATION_CONTEXT(2) 
PARAMETRIC_REPRESENTATION_CONTEXT() REPRESENTATION_CONTEXT('2D SPACE',''
  ) );
#1056 = ADVANCED_FACE('',(#1057),#182,.F.);
#1057 = FACE_BOUND('',#1058,.F.);
#1058 = EDGE_LOOP('',(#1059,#1060,#1061,#1062));
#1059 = ORIENTED_EDGE('',*,*,#806,.F.);
#1060 = ORIENTED_EDGE('',*,*,#724,.T.);
#1061 = ORIENTED_EDGE('',*,*,#166,.T.);
#1062 = ORIENTED_EDGE('',*,*,#1063,.F.);
#1063 = EDGE_CURVE('',#807,#167,#1064,.T.);
#1064 = SURFACE_CURVE('',#1065,(#1069,#1076),.PCURVE_S1.);
#1065 = LINE('',#1066,#1067);
#1066 = CARTESIAN_POINT('',(4.,-18.,0.));
#1067 = VECTOR('',#1068,1.);
#1068 = DIRECTION('',(0.,0.,1.));
#1069 = PCURVE('',#182,#1070);
#1070 = DEFINITIONAL_REPRESENTATION('',(#1071),#1075);
#1071 = LINE('',#1072,#1073);
#1072 = CARTESIAN_POINT('',(0.,26.8));
#1073 = VECTOR('',#1074,1.);
#1074 = DIRECTION('',(1.,0.));
#1075 = ( GEOMETRIC_REPRESENTATION_CONTEXT(2) 
PARAMETRIC_REPRESENTATION_CONTEXT() REPRESENTATION_CONTEXT('2D SPACE',''
  ) );
#1076 = PCURVE('',#215,#1077);
#1077 = DEFINITIONAL_REPRESENTATION('',(#1078),#1082);
#1078 = LINE('',#1079,#1080);
#1079 = CARTESIAN_POINT('',(-1.570796326795,0.));
#1080 = VECTOR('',#1081,1.);
#1081 = DIRECTION('',(-0.,1.));
#1082 = ( GEOMETRIC_REPRESENTATION_CONTEXT(2) 
PARAMETRIC_REPRESENTATION_CONTEXT() REPRESENTATION_CONTEXT('2D SPACE',''
  ) );
#1083 = ADVANCED_FACE('',(#1084),#597,.T.);
#1084 = FACE_BOUND('',#1085,.T.);
#1085 = EDGE_LOOP('',(#1086,#1087,#1088,#1089));
#1086 = ORIENTED_EDGE('',*,*,#983,.F.);
#1087 = ORIENTED_EDGE('',*,*,#778,.T.);
#1088 = ORIENTED_EDGE('',*,*,#581,.T.);
#1089 = ORIENTED_EDGE('',*,*,#1090,.F.);
#1090 = EDGE_CURVE('',#960,#553,#1091,.T.);
#1091 = SURFACE_CURVE('',#1092,(#1096,#1103),.PCURVE_S1.);
#1092 = LINE('',#1093,#1094);
#1093 = CARTESIAN_POINT('',(4.,18.,0.));
#1094 = VECTOR('',#1095,1.);
#1095 = DIRECTION('',(0.,0.,1.));
#1096 = PCURVE('',#597,#1097);
#1097 = DEFINITIONAL_REPRESENTATION('',(#1098),#1102);
#1098 = LINE('',#1099,#1100);
#1099 = CARTESIAN_POINT('',(0.,26.8));
#1100 = VECTOR('',#1101,1.);
#1101 = DIRECTION('',(1.,0.));
#1102 = ( GEOMETRIC_REPRESENTATION_CONTEXT(2) 
PARAMETRIC_REPRESENTATION_CONTEXT() REPRESENTATION_CONTEXT('2D SPACE',''
  ) );
#1103 = PCURVE('',#569,#1104);
#1104 = DEFINITIONAL_REPRESENTATION('',(#1105),#1109);
#1105 = LINE('',#1106,#1107);
#1106 = CARTESIAN_POINT('',(1.570796326795,0.));
#1107 = VECTOR('',#1108,1.);
#1108 = DIRECTION('',(0.,1.));
#1109 = ( GEOMETRIC_REPRESENTATION_CONTEXT(2) 
PARAMETRIC_REPRESENTATION_CONTEXT() REPRESENTATION_CONTEXT('2D SPACE',''
  ) );
#1110 = ADVANCED_FACE('',(#1111),#215,.T.);
#1111 = FACE_BOUND('',#1112,.F.);
#1112 = EDGE_LOOP('',(#1113,#1114,#1115,#1116));
#1113 = ORIENTED_EDGE('',*,*,#829,.T.);
#1114 = ORIENTED_EDGE('',*,*,#1063,.T.);
#1115 = ORIENTED_EDGE('',*,*,#194,.F.);
#1116 = ORIENTED_EDGE('',*,*,#1117,.F.);
#1117 = EDGE_CURVE('',#830,#195,#1118,.T.);
#1118 = SURFACE_CURVE('',#1119,(#1123,#1130),.PCURVE_S1.);
#1119 = LINE('',#1120,#1121);
#1120 = CARTESIAN_POINT('',(8.,-14.,0.));
#1121 = VECTOR('',#1122,1.);
#1122 = DIRECTION('',(0.,0.,1.));
#1123 = PCURVE('',#215,#1124);
#1124 = DEFINITIONAL_REPRESENTATION('',(#1125),#1129);
#1125 = LINE('',#1126,#1127);
#1126 = CARTESIAN_POINT('',(-0.,0.));
#1127 = VECTOR('',#1128,1.);
#1128 = DIRECTION('',(-0.,1.));
#1129 = ( GEOMETRIC_REPRESENTATION_CONTEXT(2) 
PARAMETRIC_REPRESENTATION_CONTEXT() REPRESENTATION_CONTEXT('2D SPACE',''
  ) );
#1130 = PCURVE('',#243,#1131);
#1131 = DEFINITIONAL_REPRESENTATION('',(#1132),#1136);
#1132 = LINE('',#1133,#1134);
#1133 = CARTESIAN_POINT('',(0.,-4.));
#1134 = VECTOR('',#1135,1.);
#1135 = DIRECTION('',(1.,0.));
#1136 = ( GEOMETRIC_REPRESENTATION_CONTEXT(2) 
PARAMETRIC_REPRESENTATION_CONTEXT() REPRESENTATION_CONTEXT('2D SPACE',''
  ) );
#1137 = ADVANCED_FACE('',(#1138),#569,.T.);
#1138 = FACE_BOUND('',#1139,.T.);
#1139 = EDGE_LOOP('',(#1140,#1141,#1142,#1143));
#1140 = ORIENTED_EDGE('',*,*,#959,.T.);
#1141 = ORIENTED_EDGE('',*,*,#1090,.T.);
#1142 = ORIENTED_EDGE('',*,*,#552,.F.);
#1143 = ORIENTED_EDGE('',*,*,#1144,.F.);
#1144 = EDGE_CURVE('',#937,#525,#1145,.T.);
#1145 = SURFACE_CURVE('',#1146,(#1150,#1157),.PCURVE_S1.);
#1146 = LINE('',#1147,#1148);
#1147 = CARTESIAN_POINT('',(8.,14.,0.));
#1148 = VECTOR('',#1149,1.);
#1149 = DIRECTION('',(0.,0.,1.));
#1150 = PCURVE('',#569,#1151);
#1151 = DEFINITIONAL_REPRESENTATION('',(#1152),#1156);
#1152 = LINE('',#1153,#1154);
#1153 = CARTESIAN_POINT('',(0.,0.));
#1154 = VECTOR('',#1155,1.);
#1155 = DIRECTION('',(0.,1.));
#1156 = ( GEOMETRIC_REPRESENTATION_CONTEXT(2) 
PARAMETRIC_REPRESENTATION_CONTEXT() REPRESENTATION_CONTEXT('2D SPACE',''
  ) );
#1157 = PCURVE('',#540,#1158);
#1158 = DEFINITIONAL_REPRESENTATION('',(#1159),#1163);
#1159 = LINE('',#1160,#1161);
#1160 = CARTESIAN_POINT('',(0.,-32.));
#1161 = VECTOR('',#1162,1.);
#1162 = DIRECTION('',(1.,0.));
#1163 = ( GEOMETRIC_REPRESENTATION_CONTEXT(2) 
PARAMETRIC_REPRESENTATION_CONTEXT() REPRESENTATION_CONTEXT('2D SPACE',''
  ) );
#1164 = ADVANCED_FACE('',(#1165),#243,.T.);
#1165 = FACE_BOUND('',#1166,.T.);
#1166 = EDGE_LOOP('',(#1167,#1168,#1169,#1170));
#1167 = ORIENTED_EDGE('',*,*,#227,.F.);
#1168 = ORIENTED_EDGE('',*,*,#1117,.F.);
#1169 = ORIENTED_EDGE('',*,*,#857,.T.);
#1170 = ORIENTED_EDGE('',*,*,#1171,.F.);
#1171 = EDGE_CURVE('',#228,#858,#1172,.T.);
#1172 = SURFACE_CURVE('',#1173,(#1178,#1185),.PCURVE_S1.);
#1173 = ELLIPSE('',#1174,5.937817591748,2.);
#1174 = AXIS2_PLACEMENT_3D('',#1175,#1176,#1177);
#1175 = CARTESIAN_POINT('',(8.,-11.15028086193,-3.423762122478));
#1176 = DIRECTION('',(1.,0.,0.));
#1177 = DIRECTION('',(0.,-6.307691027404E-02,0.998008668996));
#1178 = PCURVE('',#243,#1179);
#1179 = DEFINITIONAL_REPRESENTATION('',(#1180),#1184);
#1180 = ELLIPSE('',#1181,5.937817591748,2.);
#1181 = AXIS2_PLACEMENT_2D('',#1182,#1183);
#1182 = CARTESIAN_POINT('',(-3.423762122478,-6.849719138065));
#1183 = DIRECTION('',(0.998008668996,6.307691027404E-02));
#1184 = ( GEOMETRIC_REPRESENTATION_CONTEXT(2) 
PARAMETRIC_REPRESENTATION_CONTEXT() REPRESENTATION_CONTEXT('2D SPACE',''
  ) );
#1185 = PCURVE('',#272,#1186);
#1186 = DEFINITIONAL_REPRESENTATION('',(#1187),#1196);
#1187 = B_SPLINE_CURVE_WITH_KNOTS('',7,(#1188,#1189,#1190,#1191,#1192,
    #1193,#1194,#1195),.UNSPECIFIED.,.F.,.F.,(8,8),(6.097698972433,
    7.267662148048),.PIECEWISE_BEZIER_KNOTS.);
#1188 = CARTESIAN_POINT('',(8.881784197001E-16,19.896170094392));
#1189 = CARTESIAN_POINT('',(-0.167137596516,20.068504200039));
#1190 = CARTESIAN_POINT('',(-0.334275193033,20.061752612633));
#1191 = CARTESIAN_POINT('',(-0.501412789549,19.868057865378));
#1192 = CARTESIAN_POINT('',(-0.668550386066,19.491791208457));
#1193 = CARTESIAN_POINT('',(-0.835687982582,18.950561603128));
#1194 = CARTESIAN_POINT('',(-1.002825579099,18.273004820137));
#1195 = CARTESIAN_POINT('',(-1.169963175615,17.494630480065));
#1196 = ( GEOMETRIC_REPRESENTATION_CONTEXT(2) 
PARAMETRIC_REPRESENTATION_CONTEXT() REPRESENTATION_CONTEXT('2D SPACE',''
  ) );
#1197 = ADVANCED_FACE('',(#1198),#540,.T.);
#1198 = FACE_BOUND('',#1199,.T.);
#1199 = EDGE_LOOP('',(#1200,#1201,#1230,#1249,#1250));
#1200 = ORIENTED_EDGE('',*,*,#524,.F.);
#1201 = ORIENTED_EDGE('',*,*,#1202,.F.);
#1202 = EDGE_CURVE('',#1203,#496,#1205,.T.);
#1203 = VERTEX_POINT('',#1204);
#1204 = CARTESIAN_POINT('',(8.,-11.15028086193,2.423846677848));
#1205 = SURFACE_CURVE('',#1206,(#1211,#1218),.PCURVE_S1.);
#1206 = ELLIPSE('',#1207,5.937817591748,2.);
#1207 = AXIS2_PLACEMENT_3D('',#1208,#1209,#1210);
#1208 = CARTESIAN_POINT('',(8.,-11.15028086193,-3.423762122478));
#1209 = DIRECTION('',(1.,0.,0.));
#1210 = DIRECTION('',(0.,-6.307691027404E-02,0.998008668996));
#1211 = PCURVE('',#540,#1212);
#1212 = DEFINITIONAL_REPRESENTATION('',(#1213),#1217);
#1213 = ELLIPSE('',#1214,5.937817591748,2.);
#1214 = AXIS2_PLACEMENT_2D('',#1215,#1216);
#1215 = CARTESIAN_POINT('',(-3.423762122478,-6.849719138065));
#1216 = DIRECTION('',(0.998008668996,6.307691027404E-02));
#1217 = ( GEOMETRIC_REPRESENTATION_CONTEXT(2) 
PARAMETRIC_REPRESENTATION_CONTEXT() REPRESENTATION_CONTEXT('2D SPACE',''
  ) );
#1218 = PCURVE('',#272,#1219);
#1219 = DEFINITIONAL_REPRESENTATION('',(#1220),#1229);
#1220 = B_SPLINE_CURVE_WITH_KNOTS('',7,(#1221,#1222,#1223,#1224,#1225,
    #1226,#1227,#1228),.UNSPECIFIED.,.F.,.F.,(8,8),(6.097698972433,
    7.267662148048),.PIECEWISE_BEZIER_KNOTS.);
#1221 = CARTESIAN_POINT('',(8.881784197001E-16,19.896170094392));
#1222 = CARTESIAN_POINT('',(-0.167137596516,20.068504200039));
#1223 = CARTESIAN_POINT('',(-0.334275193033,20.061752612633));
#1224 = CARTESIAN_POINT('',(-0.501412789549,19.868057865378));
#1225 = CARTESIAN_POINT('',(-0.668550386066,19.491791208457));
#1226 = CARTESIAN_POINT('',(-0.835687982582,18.950561603128));
#1227 = CARTESIAN_POINT('',(-1.002825579099,18.273004820137));
#1228 = CARTESIAN_POINT('',(-1.169963175615,17.494630480065));
#1229 = ( GEOMETRIC_REPRESENTATION_CONTEXT(2) 
PARAMETRIC_REPRESENTATION_CONTEXT() REPRESENTATION_CONTEXT('2D SPACE',''
  ) );
#1230 = ORIENTED_EDGE('',*,*,#1231,.F.);
#1231 = EDGE_CURVE('',#910,#1203,#1232,.T.);
#1232 = SURFACE_CURVE('',#1233,(#1237,#1243),.PCURVE_S1.);
#1233 = LINE('',#1234,#1235);
#1234 = CARTESIAN_POINT('',(8.,-10.15704956649,1.94998154214));
#1235 = VECTOR('',#1236,1.);
#1236 = DIRECTION('',(0.,-0.902543576364,0.430598528521));
#1237 = PCURVE('',#540,#1238);
#1238 = DEFINITIONAL_REPRESENTATION('',(#1239),#1242);
#1239 = B_SPLINE_CURVE_WITH_KNOTS('',1,(#1240,#1241),.UNSPECIFIED.,.F.,
  .F.,(2,2),(-4.528537403127,1.100480155693),.PIECEWISE_BEZIER_KNOTS.);
#1240 = CARTESIAN_POINT('',(-2.22044604925E-16,-11.93015277701));
#1241 = CARTESIAN_POINT('',(2.423846677848,-6.849719138065));
#1242 = ( GEOMETRIC_REPRESENTATION_CONTEXT(2) 
PARAMETRIC_REPRESENTATION_CONTEXT() REPRESENTATION_CONTEXT('2D SPACE',''
  ) );
#1243 = PCURVE('',#925,#1244);
#1244 = DEFINITIONAL_REPRESENTATION('',(#1245),#1248);
#1245 = B_SPLINE_CURVE_WITH_KNOTS('',1,(#1246,#1247),.UNSPECIFIED.,.F.,
  .F.,(2,2),(-4.528537403127,1.100480155693),.PIECEWISE_BEZIER_KNOTS.);
#1246 = CARTESIAN_POINT('',(17.316766335937,-7.003250436304));
#1247 = CARTESIAN_POINT('',(19.896170094392,-2.));
#1248 = ( GEOMETRIC_REPRESENTATION_CONTEXT(2) 
PARAMETRIC_REPRESENTATION_CONTEXT() REPRESENTATION_CONTEXT('2D SPACE',''
  ) );
#1249 = ORIENTED_EDGE('',*,*,#936,.T.);
#1250 = ORIENTED_EDGE('',*,*,#1144,.T.);
#1251 = ADVANCED_FACE('',(#1252),#272,.T.);
#1252 = FACE_BOUND('',#1253,.F.);
#1253 = EDGE_LOOP('',(#1254,#1275,#1276,#1277,#1278,#1301,#1330,#1351,
    #1352));
#1254 = ORIENTED_EDGE('',*,*,#1255,.F.);
#1255 = EDGE_CURVE('',#881,#1203,#1256,.T.);
#1256 = SURFACE_CURVE('',#1257,(#1261,#1268),.PCURVE_S1.);
#1257 = LINE('',#1258,#1259);
#1258 = CARTESIAN_POINT('',(14.701509363319,-9.968623949712,
    -16.27243754175));
#1259 = VECTOR('',#1260,1.);
#1260 = DIRECTION('',(-0.336824088833,-5.939117461388E-02,0.939692620786
    ));
#1261 = PCURVE('',#272,#1262);
#1262 = DEFINITIONAL_REPRESENTATION('',(#1263),#1267);
#1263 = LINE('',#1264,#1265);
#1264 = CARTESIAN_POINT('',(-0.,0.));
#1265 = VECTOR('',#1266,1.);
#1266 = DIRECTION('',(-0.,1.));
#1267 = ( GEOMETRIC_REPRESENTATION_CONTEXT(2) 
PARAMETRIC_REPRESENTATION_CONTEXT() REPRESENTATION_CONTEXT('2D SPACE',''
  ) );
#1268 = PCURVE('',#925,#1269);
#1269 = DEFINITIONAL_REPRESENTATION('',(#1270),#1274);
#1270 = LINE('',#1271,#1272);
#1271 = CARTESIAN_POINT('',(-1.804112415016E-16,-2.));
#1272 = VECTOR('',#1273,1.);
#1273 = DIRECTION('',(1.,-6.938893903907E-18));
#1274 = ( GEOMETRIC_REPRESENTATION_CONTEXT(2) 
PARAMETRIC_REPRESENTATION_CONTEXT() REPRESENTATION_CONTEXT('2D SPACE',''
  ) );
#1275 = ORIENTED_EDGE('',*,*,#880,.F.);
#1276 = ORIENTED_EDGE('',*,*,#1171,.F.);
#1277 = ORIENTED_EDGE('',*,*,#255,.F.);
#1278 = ORIENTED_EDGE('',*,*,#1279,.T.);
#1279 = EDGE_CURVE('',#256,#1280,#1282,.T.);
#1280 = VERTEX_POINT('',#1281);
#1281 = CARTESIAN_POINT('',(9.551550623469E-02,-14.57490797054,
    19.597565120167));
#1282 = SURFACE_CURVE('',#1283,(#1287,#1294),.PCURVE_S1.);
#1283 = LINE('',#1284,#1285);
#1284 = CARTESIAN_POINT('',(13.197972561856,-12.26459127806,
    -16.9564778284));
#1285 = VECTOR('',#1286,1.);
#1286 = DIRECTION('',(-0.336824088833,-5.939117461388E-02,0.939692620786
    ));
#1287 = PCURVE('',#272,#1288);
#1288 = DEFINITIONAL_REPRESENTATION('',(#1289),#1293);
#1289 = LINE('',#1290,#1291);
#1290 = CARTESIAN_POINT('',(-1.570796326795,0.));
#1291 = VECTOR('',#1292,1.);
#1292 = DIRECTION('',(-0.,1.));
#1293 = ( GEOMETRIC_REPRESENTATION_CONTEXT(2) 
PARAMETRIC_REPRESENTATION_CONTEXT() REPRESENTATION_CONTEXT('2D SPACE',''
  ) );
#1294 = PCURVE('',#304,#1295);
#1295 = DEFINITIONAL_REPRESENTATION('',(#1296),#1300);
#1296 = LINE('',#1297,#1298);
#1297 = CARTESIAN_POINT('',(1.7763568394E-15,11.8));
#1298 = VECTOR('',#1299,1.);
#1299 = DIRECTION('',(1.,5.551115123126E-17));
#1300 = ( GEOMETRIC_REPRESENTATION_CONTEXT(2) 
PARAMETRIC_REPRESENTATION_CONTEXT() REPRESENTATION_CONTEXT('2D SPACE',''
  ) );
#1301 = ORIENTED_EDGE('',*,*,#1302,.F.);
#1302 = EDGE_CURVE('',#1303,#1280,#1305,.T.);
#1303 = VERTEX_POINT('',#1304);
#1304 = CARTESIAN_POINT('',(1.599052307697,-12.27894064219,
    20.281605406818));
#1305 = SURFACE_CURVE('',#1306,(#1311,#1318),.PCURVE_S1.);
#1306 = CIRCLE('',#1307,2.);
#1307 = AXIS2_PLACEMENT_3D('',#1308,#1309,#1310);
#1308 = CARTESIAN_POINT('',(-0.251780849099,-12.60529246452,
    19.597565120167));
#1309 = DIRECTION('',(0.336824088833,5.939117461388E-02,-0.939692620786)
  );
#1310 = DIRECTION('',(0.925416578398,0.163175911167,0.342020143326));
#1311 = PCURVE('',#272,#1312);
#1312 = DEFINITIONAL_REPRESENTATION('',(#1313),#1317);
#1313 = LINE('',#1314,#1315);
#1314 = CARTESIAN_POINT('',(-0.,38.9));
#1315 = VECTOR('',#1316,1.);
#1316 = DIRECTION('',(-1.,0.));
#1317 = ( GEOMETRIC_REPRESENTATION_CONTEXT(2) 
PARAMETRIC_REPRESENTATION_CONTEXT() REPRESENTATION_CONTEXT('2D SPACE',''
  ) );
#1318 = PCURVE('',#1319,#1324);
#1319 = TOROIDAL_SURFACE('',#1320,1.,1.);
#1320 = AXIS2_PLACEMENT_3D('',#1321,#1322,#1323);
#1321 = CARTESIAN_POINT('',(-0.251780849099,-12.60529246452,
    19.597565120167));
#1322 = DIRECTION('',(-0.336824088833,-5.939117461388E-02,0.939692620786
    ));
#1323 = DIRECTION('',(0.925416578398,0.163175911167,0.342020143326));
#1324 = DEFINITIONAL_REPRESENTATION('',(#1325),#1329);
#1325 = LINE('',#1326,#1327);
#1326 = CARTESIAN_POINT('',(-0.,0.));
#1327 = VECTOR('',#1328,1.);
#1328 = DIRECTION('',(-1.,0.));
#1329 = ( GEOMETRIC_REPRESENTATION_CONTEXT(2) 
PARAMETRIC_REPRESENTATION_CONTEXT() REPRESENTATION_CONTEXT('2D SPACE',''
  ) );
#1330 = ORIENTED_EDGE('',*,*,#1331,.F.);
#1331 = EDGE_CURVE('',#470,#1303,#1332,.T.);
#1332 = SURFACE_CURVE('',#1333,(#1337,#1344),.PCURVE_S1.);
#1333 = LINE('',#1334,#1335);
#1334 = CARTESIAN_POINT('',(14.701509363319,-9.968623949712,
    -16.27243754175));
#1335 = VECTOR('',#1336,1.);
#1336 = DIRECTION('',(-0.336824088833,-5.939117461388E-02,0.939692620786
    ));
#1337 = PCURVE('',#272,#1338);
#1338 = DEFINITIONAL_REPRESENTATION('',(#1339),#1343);
#1339 = LINE('',#1340,#1341);
#1340 = CARTESIAN_POINT('',(-0.,0.));
#1341 = VECTOR('',#1342,1.);
#1342 = DIRECTION('',(-0.,1.));
#1343 = ( GEOMETRIC_REPRESENTATION_CONTEXT(2) 
PARAMETRIC_REPRESENTATION_CONTEXT() REPRESENTATION_CONTEXT('2D SPACE',''
  ) );
#1344 = PCURVE('',#484,#1345);
#1345 = DEFINITIONAL_REPRESENTATION('',(#1346),#1350);
#1346 = LINE('',#1347,#1348);
#1347 = CARTESIAN_POINT('',(-1.804112415016E-16,-2.));
#1348 = VECTOR('',#1349,1.);
#1349 = DIRECTION('',(1.,-6.938893903907E-18));
#1350 = ( GEOMETRIC_REPRESENTATION_CONTEXT(2) 
PARAMETRIC_REPRESENTATION_CONTEXT() REPRESENTATION_CONTEXT('2D SPACE',''
  ) );
#1351 = ORIENTED_EDGE('',*,*,#495,.F.);
#1352 = ORIENTED_EDGE('',*,*,#1202,.F.);
#1353 = ADVANCED_FACE('',(#1354),#304,.F.);
#1354 = FACE_BOUND('',#1355,.F.);
#1355 = EDGE_LOOP('',(#1356,#1357,#1380,#1406));
#1356 = ORIENTED_EDGE('',*,*,#289,.T.);
#1357 = ORIENTED_EDGE('',*,*,#1358,.T.);
#1358 = EDGE_CURVE('',#290,#1359,#1361,.T.);
#1359 = VERTEX_POINT('',#1360);
#1360 = CARTESIAN_POINT('',(-8.973566962069,-16.17403189998,
    16.245767715575));
#1361 = SURFACE_CURVE('',#1362,(#1366,#1373),.PCURVE_S1.);
#1362 = LINE('',#1363,#1364);
#1363 = CARTESIAN_POINT('',(4.128890093553,-13.8637152075,
    -20.30827523299));
#1364 = VECTOR('',#1365,1.);
#1365 = DIRECTION('',(-0.336824088833,-5.939117461388E-02,0.939692620786
    ));
#1366 = PCURVE('',#304,#1367);
#1367 = DEFINITIONAL_REPRESENTATION('',(#1368),#1372);
#1368 = LINE('',#1369,#1370);
#1369 = CARTESIAN_POINT('',(9.992007221626E-16,2.));
#1370 = VECTOR('',#1371,1.);
#1371 = DIRECTION('',(1.,5.551115123126E-17));
#1372 = ( GEOMETRIC_REPRESENTATION_CONTEXT(2) 
PARAMETRIC_REPRESENTATION_CONTEXT() REPRESENTATION_CONTEXT('2D SPACE',''
  ) );
#1373 = PCURVE('',#332,#1374);
#1374 = DEFINITIONAL_REPRESENTATION('',(#1375),#1379);
#1375 = LINE('',#1376,#1377);
#1376 = CARTESIAN_POINT('',(1.570796326795,0.));
#1377 = VECTOR('',#1378,1.);
#1378 = DIRECTION('',(0.,1.));
#1379 = ( GEOMETRIC_REPRESENTATION_CONTEXT(2) 
PARAMETRIC_REPRESENTATION_CONTEXT() REPRESENTATION_CONTEXT('2D SPACE',''
  ) );
#1380 = ORIENTED_EDGE('',*,*,#1381,.F.);
#1381 = EDGE_CURVE('',#1280,#1359,#1382,.T.);
#1382 = SURFACE_CURVE('',#1383,(#1387,#1394),.PCURVE_S1.);
#1383 = LINE('',#1384,#1385);
#1384 = CARTESIAN_POINT('',(9.551550623469E-02,-14.57490797054,
    19.597565120167));
#1385 = VECTOR('',#1386,1.);
#1386 = DIRECTION('',(-0.925416578398,-0.163175911167,-0.342020143326));
#1387 = PCURVE('',#304,#1388);
#1388 = DEFINITIONAL_REPRESENTATION('',(#1389),#1393);
#1389 = LINE('',#1390,#1391);
#1390 = CARTESIAN_POINT('',(38.9,11.8));
#1391 = VECTOR('',#1392,1.);
#1392 = DIRECTION('',(-5.551115123126E-17,-1.));
#1393 = ( GEOMETRIC_REPRESENTATION_CONTEXT(2) 
PARAMETRIC_REPRESENTATION_CONTEXT() REPRESENTATION_CONTEXT('2D SPACE',''
  ) );
#1394 = PCURVE('',#1395,#1400);
#1395 = CYLINDRICAL_SURFACE('',#1396,1.);
#1396 = AXIS2_PLACEMENT_3D('',#1397,#1398,#1399);
#1397 = CARTESIAN_POINT('',(-7.813267143224E-02,-13.59010021753,
    19.597565120167));
#1398 = DIRECTION('',(-0.925416578398,-0.163175911167,-0.342020143326));
#1399 = DIRECTION('',(0.173648177667,-0.984807753012,0.));
#1400 = DEFINITIONAL_REPRESENTATION('',(#1401),#1405);
#1401 = LINE('',#1402,#1403);
#1402 = CARTESIAN_POINT('',(0.,0.));
#1403 = VECTOR('',#1404,1.);
#1404 = DIRECTION('',(0.,1.));
#1405 = ( GEOMETRIC_REPRESENTATION_CONTEXT(2) 
PARAMETRIC_REPRESENTATION_CONTEXT() REPRESENTATION_CONTEXT('2D SPACE',''
  ) );
#1406 = ORIENTED_EDGE('',*,*,#1279,.F.);
#1407 = ADVANCED_FACE('',(#1408,#1461),#484,.T.);
#1408 = FACE_BOUND('',#1409,.T.);
#1409 = EDGE_LOOP('',(#1410,#1411,#1412,#1435));
#1410 = ORIENTED_EDGE('',*,*,#1331,.F.);
#1411 = ORIENTED_EDGE('',*,*,#469,.T.);
#1412 = ORIENTED_EDGE('',*,*,#1413,.T.);
#1413 = EDGE_CURVE('',#436,#1414,#1416,.T.);
#1414 = VERTEX_POINT('',#1415);
#1415 = CARTESIAN_POINT('',(-2.811611405043,12.735176284318,
    20.281605406818));
#1416 = SURFACE_CURVE('',#1417,(#1421,#1428),.PCURVE_S1.);
#1417 = LINE('',#1418,#1419);
#1418 = CARTESIAN_POINT('',(10.290845650579,15.045492976799,
    -16.27243754175));
#1419 = VECTOR('',#1420,1.);
#1420 = DIRECTION('',(-0.336824088833,-5.939117461388E-02,0.939692620786
    ));
#1421 = PCURVE('',#484,#1422);
#1422 = DEFINITIONAL_REPRESENTATION('',(#1423),#1427);
#1423 = LINE('',#1424,#1425);
#1424 = CARTESIAN_POINT('',(0.,-27.4));
#1425 = VECTOR('',#1426,1.);
#1426 = DIRECTION('',(1.,-6.938893903907E-18));
#1427 = ( GEOMETRIC_REPRESENTATION_CONTEXT(2) 
PARAMETRIC_REPRESENTATION_CONTEXT() REPRESENTATION_CONTEXT('2D SPACE',''
  ) );
#1428 = PCURVE('',#452,#1429);
#1429 = DEFINITIONAL_REPRESENTATION('',(#1430),#1434);
#1430 = LINE('',#1431,#1432);
#1431 = CARTESIAN_POINT('',(0.,0.));
#1432 = VECTOR('',#1433,1.);
#1433 = DIRECTION('',(0.,1.));
#1434 = ( GEOMETRIC_REPRESENTATION_CONTEXT(2) 
PARAMETRIC_REPRESENTATION_CONTEXT() REPRESENTATION_CONTEXT('2D SPACE',''
  ) );
#1435 = ORIENTED_EDGE('',*,*,#1436,.T.);
#1436 = EDGE_CURVE('',#1414,#1303,#1437,.T.);
#1437 = SURFACE_CURVE('',#1438,(#1442,#1449),.PCURVE_S1.);
#1438 = LINE('',#1439,#1440);
#1439 = CARTESIAN_POINT('',(-2.811611405043,12.735176284318,
    20.281605406818));
#1440 = VECTOR('',#1441,1.);
#1441 = DIRECTION('',(0.173648177667,-0.984807753012,0.));
#1442 = PCURVE('',#484,#1443);
#1443 = DEFINITIONAL_REPRESENTATION('',(#1444),#1448);
#1444 = LINE('',#1445,#1446);
#1445 = CARTESIAN_POINT('',(38.9,-27.4));
#1446 = VECTOR('',#1447,1.);
#1447 = DIRECTION('',(0.,1.));
#1448 = ( GEOMETRIC_REPRESENTATION_CONTEXT(2) 
PARAMETRIC_REPRESENTATION_CONTEXT() REPRESENTATION_CONTEXT('2D SPACE',''
  ) );
#1449 = PCURVE('',#1450,#1455);
#1450 = CYLINDRICAL_SURFACE('',#1451,1.);
#1451 = AXIS2_PLACEMENT_3D('',#1452,#1453,#1454);
#1452 = CARTESIAN_POINT('',(-3.737027983441,12.572000373152,
    19.939585263493));
#1453 = DIRECTION('',(0.173648177667,-0.984807753012,0.));
#1454 = DIRECTION('',(0.925416578398,0.163175911167,0.342020143326));
#1455 = DEFINITIONAL_REPRESENTATION('',(#1456),#1460);
#1456 = LINE('',#1457,#1458);
#1457 = CARTESIAN_POINT('',(0.,0.));
#1458 = VECTOR('',#1459,1.);
#1459 = DIRECTION('',(0.,1.));
#1460 = ( GEOMETRIC_REPRESENTATION_CONTEXT(2) 
PARAMETRIC_REPRESENTATION_CONTEXT() REPRESENTATION_CONTEXT('2D SPACE',''
  ) );
#1461 = FACE_BOUND('',#1462,.T.);
#1462 = EDGE_LOOP('',(#1463,#1491,#1517,#1543));
#1463 = ORIENTED_EDGE('',*,*,#1464,.F.);
#1464 = EDGE_CURVE('',#1465,#1467,#1469,.T.);
#1465 = VERTEX_POINT('',#1466);
#1466 = CARTESIAN_POINT('',(-2.474778633583,12.794518217314,
    19.341912786032));
#1467 = VERTEX_POINT('',#1468);
#1468 = CARTESIAN_POINT('',(1.935867713905,-12.21950022595,
    19.341912786032));
#1469 = SURFACE_CURVE('',#1470,(#1474,#1480),.PCURVE_S1.);
#1470 = LINE('',#1471,#1472);
#1471 = CARTESIAN_POINT('',(2.109524574198,-13.20435722059,
    19.341912786032));
#1472 = VECTOR('',#1473,1.);
#1473 = DIRECTION('',(0.173648177667,-0.984807753012,0.));
#1474 = PCURVE('',#484,#1475);
#1475 = DEFINITIONAL_REPRESENTATION('',(#1476),#1479);
#1476 = B_SPLINE_CURVE_WITH_KNOTS('',1,(#1477,#1478),.UNSPECIFIED.,.F.,
  .F.,(2,2),(-26.4,-1.),.PIECEWISE_BEZIER_KNOTS.);
#1477 = CARTESIAN_POINT('',(37.9,-27.4));
#1478 = CARTESIAN_POINT('',(37.9,-2.));
#1479 = ( GEOMETRIC_REPRESENTATION_CONTEXT(2) 
PARAMETRIC_REPRESENTATION_CONTEXT() REPRESENTATION_CONTEXT('2D SPACE',''
  ) );
#1480 = PCURVE('',#1481,#1486);
#1481 = PLANE('',#1482);
#1482 = AXIS2_PLACEMENT_3D('',#1483,#1484,#1485);
#1483 = CARTESIAN_POINT('',(-0.386919215249,-12.6291210046,
    18.483442226285));
#1484 = DIRECTION('',(-0.336824088833,-5.939117461388E-02,0.939692620786
    ));
#1485 = DIRECTION('',(0.925416578398,0.163175911167,0.342020143326));
#1486 = DEFINITIONAL_REPRESENTATION('',(#1487),#1490);
#1487 = B_SPLINE_CURVE_WITH_KNOTS('',1,(#1488,#1489),.UNSPECIFIED.,.F.,
  .F.,(2,2),(-26.4,-1.),.PIECEWISE_BEZIER_KNOTS.);
#1488 = CARTESIAN_POINT('',(2.51,25.4));
#1489 = CARTESIAN_POINT('',(2.51,0.));
#1490 = ( GEOMETRIC_REPRESENTATION_CONTEXT(2) 
PARAMETRIC_REPRESENTATION_CONTEXT() REPRESENTATION_CONTEXT('2D SPACE',''
  ) );
#1491 = ORIENTED_EDGE('',*,*,#1492,.F.);
#1492 = EDGE_CURVE('',#1493,#1465,#1495,.T.);
#1493 = VERTEX_POINT('',#1494);
#1494 = CARTESIAN_POINT('',(1.196603934702,13.441882020605,
    9.099263219466));
#1495 = SURFACE_CURVE('',#1496,(#1500,#1506),.PCURVE_S1.);
#1496 = LINE('',#1497,#1498);
#1497 = CARTESIAN_POINT('',(1.196603934702,13.441882020605,
    9.099263219466));
#1498 = VECTOR('',#1499,1.);
#1499 = DIRECTION('',(-0.336824088833,-5.939117461388E-02,0.939692620786
    ));
#1500 = PCURVE('',#484,#1501);
#1501 = DEFINITIONAL_REPRESENTATION('',(#1502),#1505);
#1502 = B_SPLINE_CURVE_WITH_KNOTS('',1,(#1503,#1504),.UNSPECIFIED.,.F.,
  .F.,(2,2),(-5.999999997792E-07,10.9000006),.PIECEWISE_BEZIER_KNOTS.);
#1503 = CARTESIAN_POINT('',(26.9999994,-27.39994999875));
#1504 = CARTESIAN_POINT('',(37.9000006,-27.39994999875));
#1505 = ( GEOMETRIC_REPRESENTATION_CONTEXT(2) 
PARAMETRIC_REPRESENTATION_CONTEXT() REPRESENTATION_CONTEXT('2D SPACE',''
  ) );
#1506 = PCURVE('',#1507,#1512);
#1507 = CYLINDRICAL_SURFACE('',#1508,1.);
#1508 = AXIS2_PLACEMENT_3D('',#1509,#1510,#1511);
#1509 = CARTESIAN_POINT('',(1.360989263959,12.4554917501,9.095843018033)
  );
#1510 = DIRECTION('',(-0.336824088833,-5.939117461388E-02,0.939692620786
    ));
#1511 = DIRECTION('',(0.925416578398,0.163175911167,0.342020143326));
#1512 = DEFINITIONAL_REPRESENTATION('',(#1513),#1516);
#1513 = B_SPLINE_CURVE_WITH_KNOTS('',1,(#1514,#1515),.UNSPECIFIED.,.F.,
  .F.,(2,2),(-5.999999997792E-07,10.9000006),.PIECEWISE_BEZIER_KNOTS.);
#1514 = CARTESIAN_POINT('',(1.560796160121,-6.000000001019E-07));
#1515 = CARTESIAN_POINT('',(1.560796160121,10.9000006));
#1516 = ( GEOMETRIC_REPRESENTATION_CONTEXT(2) 
PARAMETRIC_REPRESENTATION_CONTEXT() REPRESENTATION_CONTEXT('2D SPACE',''
  ) );
#1517 = ORIENTED_EDGE('',*,*,#1518,.T.);
#1518 = EDGE_CURVE('',#1493,#1519,#1521,.T.);
#1519 = VERTEX_POINT('',#1520);
#1520 = CARTESIAN_POINT('',(5.60725028219,-11.57213642266,9.099263219466
    ));
#1521 = SURFACE_CURVE('',#1522,(#1526,#1532),.PCURVE_S1.);
#1522 = LINE('',#1523,#1524);
#1523 = CARTESIAN_POINT('',(5.780907142483,-12.55699341729,
    9.099263219466));
#1524 = VECTOR('',#1525,1.);
#1525 = DIRECTION('',(0.173648177667,-0.984807753012,0.));
#1526 = PCURVE('',#484,#1527);
#1527 = DEFINITIONAL_REPRESENTATION('',(#1528),#1531);
#1528 = B_SPLINE_CURVE_WITH_KNOTS('',1,(#1529,#1530),.UNSPECIFIED.,.F.,
  .F.,(2,2),(-26.4,-1.),.PIECEWISE_BEZIER_KNOTS.);
#1529 = CARTESIAN_POINT('',(27.,-27.4));
#1530 = CARTESIAN_POINT('',(27.,-2.));
#1531 = ( GEOMETRIC_REPRESENTATION_CONTEXT(2) 
PARAMETRIC_REPRESENTATION_CONTEXT() REPRESENTATION_CONTEXT('2D SPACE',''
  ) );
#1532 = PCURVE('',#1533,#1538);
#1533 = PLANE('',#1534);
#1534 = AXIS2_PLACEMENT_3D('',#1535,#1536,#1537);
#1535 = CARTESIAN_POINT('',(3.284463353036,-11.98175720131,
    8.240792659719));
#1536 = DIRECTION('',(-0.336824088833,-5.939117461388E-02,0.939692620786
    ));
#1537 = DIRECTION('',(0.925416578398,0.163175911167,0.342020143326));
#1538 = DEFINITIONAL_REPRESENTATION('',(#1539),#1542);
#1539 = B_SPLINE_CURVE_WITH_KNOTS('',1,(#1540,#1541),.UNSPECIFIED.,.F.,
  .F.,(2,2),(-26.4,-1.),.PIECEWISE_BEZIER_KNOTS.);
#1540 = CARTESIAN_POINT('',(2.51,25.4));
#1541 = CARTESIAN_POINT('',(2.51,0.));
#1542 = ( GEOMETRIC_REPRESENTATION_CONTEXT(2) 
PARAMETRIC_REPRESENTATION_CONTEXT() REPRESENTATION_CONTEXT('2D SPACE',''
  ) );
#1543 = ORIENTED_EDGE('',*,*,#1544,.T.);
#1544 = EDGE_CURVE('',#1519,#1467,#1545,.T.);
#1545 = SURFACE_CURVE('',#1546,(#1550,#1556),.PCURVE_S1.);
#1546 = LINE('',#1547,#1548);
#1547 = CARTESIAN_POINT('',(5.60725028219,-11.57213642266,9.099263219466
    ));
#1548 = VECTOR('',#1549,1.);
#1549 = DIRECTION('',(-0.336824088833,-5.939117461388E-02,0.939692620786
    ));
#1550 = PCURVE('',#484,#1551);
#1551 = DEFINITIONAL_REPRESENTATION('',(#1552),#1555);
#1552 = B_SPLINE_CURVE_WITH_KNOTS('',1,(#1553,#1554),.UNSPECIFIED.,.F.,
  .F.,(2,2),(-5.999999997792E-07,10.9000006),.PIECEWISE_BEZIER_KNOTS.);
#1553 = CARTESIAN_POINT('',(26.9999994,-2.00005000125));
#1554 = CARTESIAN_POINT('',(37.9000006,-2.00005000125));
#1555 = ( GEOMETRIC_REPRESENTATION_CONTEXT(2) 
PARAMETRIC_REPRESENTATION_CONTEXT() REPRESENTATION_CONTEXT('2D SPACE',''
  ) );
#1556 = PCURVE('',#1557,#1562);
#1557 = CYLINDRICAL_SURFACE('',#1558,1.);
#1558 = AXIS2_PLACEMENT_3D('',#1559,#1560,#1561);
#1559 = CARTESIAN_POINT('',(5.424356621365,-10.58900967038,
    9.095843018033));
#1560 = DIRECTION('',(-0.336824088833,-5.939117461388E-02,0.939692620786
    ));
#1561 = DIRECTION('',(0.925416578398,0.163175911167,0.342020143326));
#1562 = DEFINITIONAL_REPRESENTATION('',(#1563),#1566);
#1563 = B_SPLINE_CURVE_WITH_KNOTS('',1,(#1564,#1565),.UNSPECIFIED.,.F.,
  .F.,(2,2),(-5.999999997792E-07,10.9000006),.PIECEWISE_BEZIER_KNOTS.);
#1564 = CARTESIAN_POINT('',(-1.560796160121,-6.000000000602E-07));
#1565 = CARTESIAN_POINT('',(-1.560796160121,10.9000006));
#1566 = ( GEOMETRIC_REPRESENTATION_CONTEXT(2) 
PARAMETRIC_REPRESENTATION_CONTEXT() REPRESENTATION_CONTEXT('2D SPACE',''
  ) );
#1567 = ADVANCED_FACE('',(#1568),#332,.T.);
#1568 = FACE_BOUND('',#1569,.T.);
#1569 = EDGE_LOOP('',(#1570,#1593,#1594,#1595));
#1570 = ORIENTED_EDGE('',*,*,#1571,.F.);
#1571 = EDGE_CURVE('',#316,#1572,#1574,.T.);
#1572 = VERTEX_POINT('',#1573);
#1573 = CARTESIAN_POINT('',(-11.17169647419,-14.53076821629,
    15.561727428924));
#1574 = SURFACE_CURVE('',#1575,(#1579,#1586),.PCURVE_S1.);
#1575 = LINE('',#1576,#1577);
#1576 = CARTESIAN_POINT('',(1.930760581422,-12.22045152381,
    -20.99231551964));
#1577 = VECTOR('',#1578,1.);
#1578 = DIRECTION('',(-0.336824088833,-5.939117461388E-02,0.939692620786
    ));
#1579 = PCURVE('',#332,#1580);
#1580 = DEFINITIONAL_REPRESENTATION('',(#1581),#1585);
#1581 = LINE('',#1582,#1583);
#1582 = CARTESIAN_POINT('',(0.,0.));
#1583 = VECTOR('',#1584,1.);
#1584 = DIRECTION('',(0.,1.));
#1585 = ( GEOMETRIC_REPRESENTATION_CONTEXT(2) 
PARAMETRIC_REPRESENTATION_CONTEXT() REPRESENTATION_CONTEXT('2D SPACE',''
  ) );
#1586 = PCURVE('',#364,#1587);
#1587 = DEFINITIONAL_REPRESENTATION('',(#1588),#1592);
#1588 = LINE('',#1589,#1590);
#1589 = CARTESIAN_POINT('',(-4.163336342344E-17,-2.));
#1590 = VECTOR('',#1591,1.);
#1591 = DIRECTION('',(1.,-6.938893903907E-18));
#1592 = ( GEOMETRIC_REPRESENTATION_CONTEXT(2) 
PARAMETRIC_REPRESENTATION_CONTEXT() REPRESENTATION_CONTEXT('2D SPACE',''
  ) );
#1593 = ORIENTED_EDGE('',*,*,#315,.T.);
#1594 = ORIENTED_EDGE('',*,*,#1358,.T.);
#1595 = ORIENTED_EDGE('',*,*,#1596,.T.);
#1596 = EDGE_CURVE('',#1359,#1572,#1597,.T.);
#1597 = SURFACE_CURVE('',#1598,(#1603,#1610),.PCURVE_S1.);
#1598 = CIRCLE('',#1599,2.);
#1599 = AXIS2_PLACEMENT_3D('',#1600,#1601,#1602);
#1600 = CARTESIAN_POINT('',(-9.320863317403,-14.20441639395,
    16.245767715575));
#1601 = DIRECTION('',(0.336824088833,5.939117461388E-02,-0.939692620786)
  );
#1602 = DIRECTION('',(0.173648177667,-0.984807753012,-1.518874552023E-16
    ));
#1603 = PCURVE('',#332,#1604);
#1604 = DEFINITIONAL_REPRESENTATION('',(#1605),#1609);
#1605 = LINE('',#1606,#1607);
#1606 = CARTESIAN_POINT('',(1.570796326795,38.9));
#1607 = VECTOR('',#1608,1.);
#1608 = DIRECTION('',(-1.,-0.));
#1609 = ( GEOMETRIC_REPRESENTATION_CONTEXT(2) 
PARAMETRIC_REPRESENTATION_CONTEXT() REPRESENTATION_CONTEXT('2D SPACE',''
  ) );
#1610 = PCURVE('',#1611,#1616);
#1611 = TOROIDAL_SURFACE('',#1612,1.,1.);
#1612 = AXIS2_PLACEMENT_3D('',#1613,#1614,#1615);
#1613 = CARTESIAN_POINT('',(-9.320863317403,-14.20441639395,
    16.245767715575));
#1614 = DIRECTION('',(-0.336824088833,-5.939117461388E-02,0.939692620786
    ));
#1615 = DIRECTION('',(0.173648177667,-0.984807753012,-1.518874552023E-16
    ));
#1616 = DEFINITIONAL_REPRESENTATION('',(#1617),#1621);
#1617 = LINE('',#1618,#1619);
#1618 = CARTESIAN_POINT('',(-0.,0.));
#1619 = VECTOR('',#1620,1.);
#1620 = DIRECTION('',(-1.,0.));
#1621 = ( GEOMETRIC_REPRESENTATION_CONTEXT(2) 
PARAMETRIC_REPRESENTATION_CONTEXT() REPRESENTATION_CONTEXT('2D SPACE',''
  ) );
#1622 = ADVANCED_FACE('',(#1623),#452,.T.);
#1623 = FACE_BOUND('',#1624,.T.);
#1624 = EDGE_LOOP('',(#1625,#1626,#1627,#1650));
#1625 = ORIENTED_EDGE('',*,*,#1413,.F.);
#1626 = ORIENTED_EDGE('',*,*,#435,.T.);
#1627 = ORIENTED_EDGE('',*,*,#1628,.T.);
#1628 = EDGE_CURVE('',#410,#1629,#1631,.T.);
#1629 = VERTEX_POINT('',#1630);
#1630 = CARTESIAN_POINT('',(-5.009740917173,14.37843996801,
    19.597565120167));
#1631 = SURFACE_CURVE('',#1632,(#1636,#1643),.PCURVE_S1.);
#1632 = LINE('',#1633,#1634);
#1633 = CARTESIAN_POINT('',(8.092716138449,16.68875666049,-16.9564778284
    ));
#1634 = VECTOR('',#1635,1.);
#1635 = DIRECTION('',(-0.336824088833,-5.939117461388E-02,0.939692620786
    ));
#1636 = PCURVE('',#452,#1637);
#1637 = DEFINITIONAL_REPRESENTATION('',(#1638),#1642);
#1638 = LINE('',#1639,#1640);
#1639 = CARTESIAN_POINT('',(1.570796326795,0.));
#1640 = VECTOR('',#1641,1.);
#1641 = DIRECTION('',(0.,1.));
#1642 = ( GEOMETRIC_REPRESENTATION_CONTEXT(2) 
PARAMETRIC_REPRESENTATION_CONTEXT() REPRESENTATION_CONTEXT('2D SPACE',''
  ) );
#1643 = PCURVE('',#424,#1644);
#1644 = DEFINITIONAL_REPRESENTATION('',(#1645),#1649);
#1645 = LINE('',#1646,#1647);
#1646 = CARTESIAN_POINT('',(1.7763568394E-15,11.8));
#1647 = VECTOR('',#1648,1.);
#1648 = DIRECTION('',(1.,5.551115123126E-17));
#1649 = ( GEOMETRIC_REPRESENTATION_CONTEXT(2) 
PARAMETRIC_REPRESENTATION_CONTEXT() REPRESENTATION_CONTEXT('2D SPACE',''
  ) );
#1650 = ORIENTED_EDGE('',*,*,#1651,.T.);
#1651 = EDGE_CURVE('',#1629,#1414,#1652,.T.);
#1652 = SURFACE_CURVE('',#1653,(#1658,#1665),.PCURVE_S1.);
#1653 = CIRCLE('',#1654,2.);
#1654 = AXIS2_PLACEMENT_3D('',#1655,#1656,#1657);
#1655 = CARTESIAN_POINT('',(-4.662444561839,12.408824461985,
    19.597565120167));
#1656 = DIRECTION('',(0.336824088833,5.939117461388E-02,-0.939692620786)
  );
#1657 = DIRECTION('',(-0.173648177667,0.984807753012,1.518874552023E-16)
  );
#1658 = PCURVE('',#452,#1659);
#1659 = DEFINITIONAL_REPRESENTATION('',(#1660),#1664);
#1660 = LINE('',#1661,#1662);
#1661 = CARTESIAN_POINT('',(1.570796326795,38.9));
#1662 = VECTOR('',#1663,1.);
#1663 = DIRECTION('',(-1.,-0.));
#1664 = ( GEOMETRIC_REPRESENTATION_CONTEXT(2) 
PARAMETRIC_REPRESENTATION_CONTEXT() REPRESENTATION_CONTEXT('2D SPACE',''
  ) );
#1665 = PCURVE('',#1666,#1671);
#1666 = TOROIDAL_SURFACE('',#1667,1.,1.);
#1667 = AXIS2_PLACEMENT_3D('',#1668,#1669,#1670);
#1668 = CARTESIAN_POINT('',(-4.662444561839,12.408824461985,
    19.597565120167));
#1669 = DIRECTION('',(-0.336824088833,-5.939117461388E-02,0.939692620786
    ));
#1670 = DIRECTION('',(-0.173648177667,0.984807753012,1.518874552023E-16)
  );
#1671 = DEFINITIONAL_REPRESENTATION('',(#1672),#1676);
#1672 = LINE('',#1673,#1674);
#1673 = CARTESIAN_POINT('',(-0.,0.));
#1674 = VECTOR('',#1675,1.);
#1675 = DIRECTION('',(-1.,0.));
#1676 = ( GEOMETRIC_REPRESENTATION_CONTEXT(2) 
PARAMETRIC_REPRESENTATION_CONTEXT() REPRESENTATION_CONTEXT('2D SPACE',''
  ) );
#1677 = ADVANCED_FACE('',(#1678),#364,.F.);
#1678 = FACE_BOUND('',#1679,.F.);
#1679 = EDGE_LOOP('',(#1680,#1681,#1682,#1705,#1733,#1759,#1792,#1818));
#1680 = ORIENTED_EDGE('',*,*,#1571,.F.);
#1681 = ORIENTED_EDGE('',*,*,#349,.T.);
#1682 = ORIENTED_EDGE('',*,*,#1683,.T.);
#1683 = EDGE_CURVE('',#350,#1684,#1686,.T.);
#1684 = VERTEX_POINT('',#1685);
#1685 = CARTESIAN_POINT('',(-15.58236018693,10.48334871022,
    15.561727428924));
#1686 = SURFACE_CURVE('',#1687,(#1691,#1698),.PCURVE_S1.);
#1687 = LINE('',#1688,#1689);
#1688 = CARTESIAN_POINT('',(-2.479903131318,12.7936654027,
    -20.99231551964));
#1689 = VECTOR('',#1690,1.);
#1690 = DIRECTION('',(-0.336824088833,-5.939117461388E-02,0.939692620786
    ));
#1691 = PCURVE('',#364,#1692);
#1692 = DEFINITIONAL_REPRESENTATION('',(#1693),#1697);
#1693 = LINE('',#1694,#1695);
#1694 = CARTESIAN_POINT('',(0.,-27.4));
#1695 = VECTOR('',#1696,1.);
#1696 = DIRECTION('',(1.,-6.938893903907E-18));
#1697 = ( GEOMETRIC_REPRESENTATION_CONTEXT(2) 
PARAMETRIC_REPRESENTATION_CONTEXT() REPRESENTATION_CONTEXT('2D SPACE',''
  ) );
#1698 = PCURVE('',#392,#1699);
#1699 = DEFINITIONAL_REPRESENTATION('',(#1700),#1704);
#1700 = LINE('',#1701,#1702);
#1701 = CARTESIAN_POINT('',(-0.,0.));
#1702 = VECTOR('',#1703,1.);
#1703 = DIRECTION('',(-0.,1.));
#1704 = ( GEOMETRIC_REPRESENTATION_CONTEXT(2) 
PARAMETRIC_REPRESENTATION_CONTEXT() REPRESENTATION_CONTEXT('2D SPACE',''
  ) );
#1705 = ORIENTED_EDGE('',*,*,#1706,.F.);
#1706 = EDGE_CURVE('',#1707,#1684,#1709,.T.);
#1707 = VERTEX_POINT('',#1708);
#1708 = CARTESIAN_POINT('',(-13.7243246859,-5.40942470104E-02,
    15.561727428924));
#1709 = SURFACE_CURVE('',#1710,(#1714,#1721),.PCURVE_S1.);
#1710 = LINE('',#1711,#1712);
#1711 = CARTESIAN_POINT('',(-11.17169647419,-14.53076821629,
    15.561727428924));
#1712 = VECTOR('',#1713,1.);
#1713 = DIRECTION('',(-0.173648177667,0.984807753012,0.));
#1714 = PCURVE('',#364,#1715);
#1715 = DEFINITIONAL_REPRESENTATION('',(#1716),#1720);
#1716 = LINE('',#1717,#1718);
#1717 = CARTESIAN_POINT('',(38.9,-2.));
#1718 = VECTOR('',#1719,1.);
#1719 = DIRECTION('',(0.,-1.));
#1720 = ( GEOMETRIC_REPRESENTATION_CONTEXT(2) 
PARAMETRIC_REPRESENTATION_CONTEXT() REPRESENTATION_CONTEXT('2D SPACE',''
  ) );
#1721 = PCURVE('',#1722,#1727);
#1722 = CYLINDRICAL_SURFACE('',#1723,1.);
#1723 = AXIS2_PLACEMENT_3D('',#1724,#1725,#1726);
#1724 = CARTESIAN_POINT('',(-10.2462798958,-14.36759230512,
    15.90374757225));
#1725 = DIRECTION('',(-0.173648177667,0.984807753012,0.));
#1726 = DIRECTION('',(-0.925416578398,-0.163175911167,-0.342020143326));
#1727 = DEFINITIONAL_REPRESENTATION('',(#1728),#1732);
#1728 = LINE('',#1729,#1730);
#1729 = CARTESIAN_POINT('',(0.,0.));
#1730 = VECTOR('',#1731,1.);
#1731 = DIRECTION('',(0.,1.));
#1732 = ( GEOMETRIC_REPRESENTATION_CONTEXT(2) 
PARAMETRIC_REPRESENTATION_CONTEXT() REPRESENTATION_CONTEXT('2D SPACE',''
  ) );
#1733 = ORIENTED_EDGE('',*,*,#1734,.F.);
#1734 = EDGE_CURVE('',#1735,#1707,#1737,.T.);
#1735 = VERTEX_POINT('',#1736);
#1736 = CARTESIAN_POINT('',(-12.7138524194,0.124079276831,
    12.742649566566));
#1737 = SURFACE_CURVE('',#1738,(#1742,#1748),.PCURVE_S1.);
#1738 = LINE('',#1739,#1740);
#1739 = CARTESIAN_POINT('',(-7.341508202509,1.071368511923,
    -2.245447734969));
#1740 = VECTOR('',#1741,1.);
#1741 = DIRECTION('',(-0.336824088833,-5.939117461388E-02,0.939692620786
    ));
#1742 = PCURVE('',#364,#1743);
#1743 = DEFINITIONAL_REPRESENTATION('',(#1744),#1747);
#1744 = B_SPLINE_CURVE_WITH_KNOTS('',1,(#1745,#1746),.UNSPECIFIED.,.F.,
  .F.,(2,2),(15.95,18.95),.PIECEWISE_BEZIER_KNOTS.);
#1745 = CARTESIAN_POINT('',(35.9,-16.7));
#1746 = CARTESIAN_POINT('',(38.9,-16.7));
#1747 = ( GEOMETRIC_REPRESENTATION_CONTEXT(2) 
PARAMETRIC_REPRESENTATION_CONTEXT() REPRESENTATION_CONTEXT('2D SPACE',''
  ) );
#1748 = PCURVE('',#1749,#1754);
#1749 = PLANE('',#1750);
#1750 = AXIS2_PLACEMENT_3D('',#1751,#1752,#1753);
#1751 = CARTESIAN_POINT('',(-14.98656535313,-0.276661332791,
    16.159399906384));
#1752 = DIRECTION('',(-0.173648177667,0.984807753012,-1.043268383667E-16
    ));
#1753 = DIRECTION('',(0.336824088833,5.939117461388E-02,-0.939692620786)
  );
#1754 = DEFINITIONAL_REPRESENTATION('',(#1755),#1758);
#1755 = B_SPLINE_CURVE_WITH_KNOTS('',1,(#1756,#1757),.UNSPECIFIED.,.F.,
  .F.,(2,2),(15.95,18.95),.PIECEWISE_BEZIER_KNOTS.);
#1756 = CARTESIAN_POINT('',(4.,-1.));
#1757 = CARTESIAN_POINT('',(1.,-1.));
#1758 = ( GEOMETRIC_REPRESENTATION_CONTEXT(2) 
PARAMETRIC_REPRESENTATION_CONTEXT() REPRESENTATION_CONTEXT('2D SPACE',''
  ) );
#1759 = ORIENTED_EDGE('',*,*,#1760,.T.);
#1760 = EDGE_CURVE('',#1735,#1761,#1763,.T.);
#1761 = VERTEX_POINT('',#1762);
#1762 = CARTESIAN_POINT('',(-12.01925970873,-3.815151735218,
    12.742649566566));
#1763 = SURFACE_CURVE('',#1764,(#1769,#1780),.PCURVE_S1.);
#1764 = CIRCLE('',#1765,2.);
#1765 = AXIS2_PLACEMENT_3D('',#1766,#1767,#1768);
#1766 = CARTESIAN_POINT('',(-12.36655606406,-1.845536229193,
    12.742649566566));
#1767 = DIRECTION('',(-0.925416578398,-0.163175911167,-0.342020143326));
#1768 = DIRECTION('',(-0.173648177667,0.984807753012,-9.020562075079E-17
    ));
#1769 = PCURVE('',#364,#1770);
#1770 = DEFINITIONAL_REPRESENTATION('',(#1771),#1779);
#1771 = ( BOUNDED_CURVE() B_SPLINE_CURVE(2,(#1772,#1773,#1774,#1775,
#1776,#1777,#1778),.UNSPECIFIED.,.T.,.F.) B_SPLINE_CURVE_WITH_KNOTS((1,2
    ,2,2,2,1),(-2.094395102393,0.,2.094395102393,4.188790204786,
6.28318530718,8.377580409573),.UNSPECIFIED.) CURVE() 
GEOMETRIC_REPRESENTATION_ITEM() RATIONAL_B_SPLINE_CURVE((1.,0.5,1.,0.5,
1.,0.5,1.)) REPRESENTATION_ITEM('') );
#1772 = CARTESIAN_POINT('',(35.9,-16.7));
#1773 = CARTESIAN_POINT('',(32.435898384862,-16.7));
#1774 = CARTESIAN_POINT('',(34.167949192431,-13.7));
#1775 = CARTESIAN_POINT('',(35.9,-10.7));
#1776 = CARTESIAN_POINT('',(37.632050807569,-13.7));
#1777 = CARTESIAN_POINT('',(39.364101615138,-16.7));
#1778 = CARTESIAN_POINT('',(35.9,-16.7));
#1779 = ( GEOMETRIC_REPRESENTATION_CONTEXT(2) 
PARAMETRIC_REPRESENTATION_CONTEXT() REPRESENTATION_CONTEXT('2D SPACE',''
  ) );
#1780 = PCURVE('',#1781,#1786);
#1781 = CYLINDRICAL_SURFACE('',#1782,2.);
#1782 = AXIS2_PLACEMENT_3D('',#1783,#1784,#1785);
#1783 = CARTESIAN_POINT('',(-13.29197264246,-2.00871214036,
    12.400629423241));
#1784 = DIRECTION('',(-0.925416578398,-0.163175911167,-0.342020143326));
#1785 = DIRECTION('',(-0.173648177667,0.984807753012,-1.043268383667E-16
    ));
#1786 = DEFINITIONAL_REPRESENTATION('',(#1787),#1791);
#1787 = LINE('',#1788,#1789);
#1788 = CARTESIAN_POINT('',(-3.114130319544E-17,-1.));
#1789 = VECTOR('',#1790,1.);
#1790 = DIRECTION('',(1.,0.));
#1791 = ( GEOMETRIC_REPRESENTATION_CONTEXT(2) 
PARAMETRIC_REPRESENTATION_CONTEXT() REPRESENTATION_CONTEXT('2D SPACE',''
  ) );
#1792 = ORIENTED_EDGE('',*,*,#1793,.F.);
#1793 = EDGE_CURVE('',#1794,#1761,#1796,.T.);
#1794 = VERTEX_POINT('',#1795);
#1795 = CARTESIAN_POINT('',(-13.02973197523,-3.993325259059,
    15.561727428924));
#1796 = SURFACE_CURVE('',#1797,(#1801,#1807),.PCURVE_S1.);
#1797 = LINE('',#1798,#1799);
#1798 = CARTESIAN_POINT('',(-5.973267314174,-2.749080150898,
    -4.124832976541));
#1799 = VECTOR('',#1800,1.);
#1800 = DIRECTION('',(0.336824088833,5.939117461388E-02,-0.939692620786)
  );
#1801 = PCURVE('',#364,#1802);
#1802 = DEFINITIONAL_REPRESENTATION('',(#1803),#1806);
#1803 = B_SPLINE_CURVE_WITH_KNOTS('',1,(#1804,#1805),.UNSPECIFIED.,.F.,
  .F.,(2,2),(-20.95,-17.95),.PIECEWISE_BEZIER_KNOTS.);
#1804 = CARTESIAN_POINT('',(38.9,-12.7));
#1805 = CARTESIAN_POINT('',(35.9,-12.7));
#1806 = ( GEOMETRIC_REPRESENTATION_CONTEXT(2) 
PARAMETRIC_REPRESENTATION_CONTEXT() REPRESENTATION_CONTEXT('2D SPACE',''
  ) );
#1807 = PCURVE('',#1808,#1813);
#1808 = PLANE('',#1809);
#1809 = AXIS2_PLACEMENT_3D('',#1810,#1811,#1812);
#1810 = CARTESIAN_POINT('',(-12.94467628713,-3.978327646384,
    12.400629423241));
#1811 = DIRECTION('',(0.173648177667,-0.984807753012,1.043268383667E-16)
  );
#1812 = DIRECTION('',(-0.336824088833,-5.939117461388E-02,0.939692620786
    ));
#1813 = DEFINITIONAL_REPRESENTATION('',(#1814),#1817);
#1814 = B_SPLINE_CURVE_WITH_KNOTS('',1,(#1815,#1816),.UNSPECIFIED.,.F.,
  .F.,(2,2),(-20.95,-17.95),.PIECEWISE_BEZIER_KNOTS.);
#1815 = CARTESIAN_POINT('',(3.,-1.));
#1816 = CARTESIAN_POINT('',(0.,-1.));
#1817 = ( GEOMETRIC_REPRESENTATION_CONTEXT(2) 
PARAMETRIC_REPRESENTATION_CONTEXT() REPRESENTATION_CONTEXT('2D SPACE',''
  ) );
#1818 = ORIENTED_EDGE('',*,*,#1819,.F.);
#1819 = EDGE_CURVE('',#1572,#1794,#1820,.T.);
#1820 = SURFACE_CURVE('',#1821,(#1825,#1832),.PCURVE_S1.);
#1821 = LINE('',#1822,#1823);
#1822 = CARTESIAN_POINT('',(-11.17169647419,-14.53076821629,
    15.561727428924));
#1823 = VECTOR('',#1824,1.);
#1824 = DIRECTION('',(-0.173648177667,0.984807753012,0.));
#1825 = PCURVE('',#364,#1826);
#1826 = DEFINITIONAL_REPRESENTATION('',(#1827),#1831);
#1827 = LINE('',#1828,#1829);
#1828 = CARTESIAN_POINT('',(38.9,-2.));
#1829 = VECTOR('',#1830,1.);
#1830 = DIRECTION('',(0.,-1.));
#1831 = ( GEOMETRIC_REPRESENTATION_CONTEXT(2) 
PARAMETRIC_REPRESENTATION_CONTEXT() REPRESENTATION_CONTEXT('2D SPACE',''
  ) );
#1832 = PCURVE('',#1833,#1838);
#1833 = CYLINDRICAL_SURFACE('',#1834,1.);
#1834 = AXIS2_PLACEMENT_3D('',#1835,#1836,#1837);
#1835 = CARTESIAN_POINT('',(-10.2462798958,-14.36759230512,
    15.90374757225));
#1836 = DIRECTION('',(-0.173648177667,0.984807753012,0.));
#1837 = DIRECTION('',(-0.925416578398,-0.163175911167,-0.342020143326));
#1838 = DEFINITIONAL_REPRESENTATION('',(#1839),#1843);
#1839 = LINE('',#1840,#1841);
#1840 = CARTESIAN_POINT('',(0.,0.));
#1841 = VECTOR('',#1842,1.);
#1842 = DIRECTION('',(0.,1.));
#1843 = ( GEOMETRIC_REPRESENTATION_CONTEXT(2) 
PARAMETRIC_REPRESENTATION_CONTEXT() REPRESENTATION_CONTEXT('2D SPACE',''
  ) );
#1844 = ADVANCED_FACE('',(#1845),#424,.T.);
#1845 = FACE_BOUND('',#1846,.T.);
#1846 = EDGE_LOOP('',(#1847,#1848,#1849,#1872));
#1847 = ORIENTED_EDGE('',*,*,#1628,.F.);
#1848 = ORIENTED_EDGE('',*,*,#409,.T.);
#1849 = ORIENTED_EDGE('',*,*,#1850,.T.);
#1850 = EDGE_CURVE('',#376,#1851,#1853,.T.);
#1851 = VERTEX_POINT('',#1852);
#1852 = CARTESIAN_POINT('',(-14.07882338547,12.779316038578,
    16.245767715575));
#1853 = SURFACE_CURVE('',#1854,(#1858,#1865),.PCURVE_S1.);
#1854 = LINE('',#1855,#1856);
#1855 = CARTESIAN_POINT('',(-0.976366329855,15.089632731058,
    -20.30827523299));
#1856 = VECTOR('',#1857,1.);
#1857 = DIRECTION('',(-0.336824088833,-5.939117461388E-02,0.939692620786
    ));
#1858 = PCURVE('',#424,#1859);
#1859 = DEFINITIONAL_REPRESENTATION('',(#1860),#1864);
#1860 = LINE('',#1861,#1862);
#1861 = CARTESIAN_POINT('',(9.992007221626E-16,2.));
#1862 = VECTOR('',#1863,1.);
#1863 = DIRECTION('',(1.,5.551115123126E-17));
#1864 = ( GEOMETRIC_REPRESENTATION_CONTEXT(2) 
PARAMETRIC_REPRESENTATION_CONTEXT() REPRESENTATION_CONTEXT('2D SPACE',''
  ) );
#1865 = PCURVE('',#392,#1866);
#1866 = DEFINITIONAL_REPRESENTATION('',(#1867),#1871);
#1867 = LINE('',#1868,#1869);
#1868 = CARTESIAN_POINT('',(-1.570796326795,0.));
#1869 = VECTOR('',#1870,1.);
#1870 = DIRECTION('',(-0.,1.));
#1871 = ( GEOMETRIC_REPRESENTATION_CONTEXT(2) 
PARAMETRIC_REPRESENTATION_CONTEXT() REPRESENTATION_CONTEXT('2D SPACE',''
  ) );
#1872 = ORIENTED_EDGE('',*,*,#1873,.T.);
#1873 = EDGE_CURVE('',#1851,#1629,#1874,.T.);
#1874 = SURFACE_CURVE('',#1875,(#1879,#1886),.PCURVE_S1.);
#1875 = LINE('',#1876,#1877);
#1876 = CARTESIAN_POINT('',(-14.07882338547,12.779316038578,
    16.245767715575));
#1877 = VECTOR('',#1878,1.);
#1878 = DIRECTION('',(0.925416578398,0.163175911167,0.342020143326));
#1879 = PCURVE('',#424,#1880);
#1880 = DEFINITIONAL_REPRESENTATION('',(#1881),#1885);
#1881 = LINE('',#1882,#1883);
#1882 = CARTESIAN_POINT('',(38.9,2.));
#1883 = VECTOR('',#1884,1.);
#1884 = DIRECTION('',(5.551115123126E-17,1.));
#1885 = ( GEOMETRIC_REPRESENTATION_CONTEXT(2) 
PARAMETRIC_REPRESENTATION_CONTEXT() REPRESENTATION_CONTEXT('2D SPACE',''
  ) );
#1886 = PCURVE('',#1887,#1892);
#1887 = CYLINDRICAL_SURFACE('',#1888,1.);
#1888 = AXIS2_PLACEMENT_3D('',#1889,#1890,#1891);
#1889 = CARTESIAN_POINT('',(-13.90517520781,11.794508285566,
    16.245767715575));
#1890 = DIRECTION('',(0.925416578398,0.163175911167,0.342020143326));
#1891 = DIRECTION('',(-0.173648177667,0.984807753012,0.));
#1892 = DEFINITIONAL_REPRESENTATION('',(#1893),#1897);
#1893 = LINE('',#1894,#1895);
#1894 = CARTESIAN_POINT('',(0.,0.));
#1895 = VECTOR('',#1896,1.);
#1896 = DIRECTION('',(0.,1.));
#1897 = ( GEOMETRIC_REPRESENTATION_CONTEXT(2) 
PARAMETRIC_REPRESENTATION_CONTEXT() REPRESENTATION_CONTEXT('2D SPACE',''
  ) );
#1898 = ADVANCED_FACE('',(#1899),#392,.T.);
#1899 = FACE_BOUND('',#1900,.F.);
#1900 = EDGE_LOOP('',(#1901,#1902,#1903,#1904));
#1901 = ORIENTED_EDGE('',*,*,#1683,.F.);
#1902 = ORIENTED_EDGE('',*,*,#375,.F.);
#1903 = ORIENTED_EDGE('',*,*,#1850,.T.);
#1904 = ORIENTED_EDGE('',*,*,#1905,.F.);
#1905 = EDGE_CURVE('',#1684,#1851,#1906,.T.);
#1906 = SURFACE_CURVE('',#1907,(#1912,#1919),.PCURVE_S1.);
#1907 = CIRCLE('',#1908,2.);
#1908 = AXIS2_PLACEMENT_3D('',#1909,#1910,#1911);
#1909 = CARTESIAN_POINT('',(-13.73152703014,10.809700532553,
    16.245767715575));
#1910 = DIRECTION('',(0.336824088833,5.939117461388E-02,-0.939692620786)
  );
#1911 = DIRECTION('',(-0.925416578398,-0.163175911167,-0.342020143326));
#1912 = PCURVE('',#392,#1913);
#1913 = DEFINITIONAL_REPRESENTATION('',(#1914),#1918);
#1914 = LINE('',#1915,#1916);
#1915 = CARTESIAN_POINT('',(-0.,38.9));
#1916 = VECTOR('',#1917,1.);
#1917 = DIRECTION('',(-1.,0.));
#1918 = ( GEOMETRIC_REPRESENTATION_CONTEXT(2) 
PARAMETRIC_REPRESENTATION_CONTEXT() REPRESENTATION_CONTEXT('2D SPACE',''
  ) );
#1919 = PCURVE('',#1920,#1925);
#1920 = TOROIDAL_SURFACE('',#1921,1.,1.);
#1921 = AXIS2_PLACEMENT_3D('',#1922,#1923,#1924);
#1922 = CARTESIAN_POINT('',(-13.73152703014,10.809700532553,
    16.245767715575));
#1923 = DIRECTION('',(-0.336824088833,-5.939117461388E-02,0.939692620786
    ));
#1924 = DIRECTION('',(-0.925416578398,-0.163175911167,-0.342020143326));
#1925 = DEFINITIONAL_REPRESENTATION('',(#1926),#1930);
#1926 = LINE('',#1927,#1928);
#1927 = CARTESIAN_POINT('',(-0.,0.));
#1928 = VECTOR('',#1929,1.);
#1929 = DIRECTION('',(-1.,0.));
#1930 = ( GEOMETRIC_REPRESENTATION_CONTEXT(2) 
PARAMETRIC_REPRESENTATION_CONTEXT() REPRESENTATION_CONTEXT('2D SPACE',''
  ) );
#1931 = ADVANCED_FACE('',(#1932),#654,.F.);
#1932 = FACE_BOUND('',#1933,.F.);
#1933 = EDGE_LOOP('',(#1934,#1935,#1956,#1957));
#1934 = ORIENTED_EDGE('',*,*,#637,.F.);
#1935 = ORIENTED_EDGE('',*,*,#1936,.F.);
#1936 = EDGE_CURVE('',#1008,#638,#1937,.T.);
#1937 = SEAM_CURVE('',#1938,(#1942,#1949),.PCURVE_S1.);
#1938 = LINE('',#1939,#1940);
#1939 = CARTESIAN_POINT('',(-15.65,-11.,-1.));
#1940 = VECTOR('',#1941,1.);
#1941 = DIRECTION('',(0.,0.,1.));
#1942 = PCURVE('',#654,#1943);
#1943 = DEFINITIONAL_REPRESENTATION('',(#1944),#1948);
#1944 = LINE('',#1945,#1946);
#1945 = CARTESIAN_POINT('',(6.28318530718,-0.));
#1946 = VECTOR('',#1947,1.);
#1947 = DIRECTION('',(0.,1.));
#1948 = ( GEOMETRIC_REPRESENTATION_CONTEXT(2) 
PARAMETRIC_REPRESENTATION_CONTEXT() REPRESENTATION_CONTEXT('2D SPACE',''
  ) );
#1949 = PCURVE('',#654,#1950);
#1950 = DEFINITIONAL_REPRESENTATION('',(#1951),#1955);
#1951 = LINE('',#1952,#1953);
#1952 = CARTESIAN_POINT('',(0.,-0.));
#1953 = VECTOR('',#1954,1.);
#1954 = DIRECTION('',(0.,1.));
#1955 = ( GEOMETRIC_REPRESENTATION_CONTEXT(2) 
PARAMETRIC_REPRESENTATION_CONTEXT() REPRESENTATION_CONTEXT('2D SPACE',''
  ) );
#1956 = ORIENTED_EDGE('',*,*,#1007,.T.);
#1957 = ORIENTED_EDGE('',*,*,#1936,.T.);
#1958 = ADVANCED_FACE('',(#1959),#685,.F.);
#1959 = FACE_BOUND('',#1960,.F.);
#1960 = EDGE_LOOP('',(#1961,#1962,#1983,#1984));
#1961 = ORIENTED_EDGE('',*,*,#668,.F.);
#1962 = ORIENTED_EDGE('',*,*,#1963,.F.);
#1963 = EDGE_CURVE('',#1034,#669,#1964,.T.);
#1964 = SEAM_CURVE('',#1965,(#1969,#1976),.PCURVE_S1.);
#1965 = LINE('',#1966,#1967);
#1966 = CARTESIAN_POINT('',(-15.65,11.,-1.));
#1967 = VECTOR('',#1968,1.);
#1968 = DIRECTION('',(0.,0.,1.));
#1969 = PCURVE('',#685,#1970);
#1970 = DEFINITIONAL_REPRESENTATION('',(#1971),#1975);
#1971 = LINE('',#1972,#1973);
#1972 = CARTESIAN_POINT('',(6.28318530718,-0.));
#1973 = VECTOR('',#1974,1.);
#1974 = DIRECTION('',(0.,1.));
#1975 = ( GEOMETRIC_REPRESENTATION_CONTEXT(2) 
PARAMETRIC_REPRESENTATION_CONTEXT() REPRESENTATION_CONTEXT('2D SPACE',''
  ) );
#1976 = PCURVE('',#685,#1977);
#1977 = DEFINITIONAL_REPRESENTATION('',(#1978),#1982);
#1978 = LINE('',#1979,#1980);
#1979 = CARTESIAN_POINT('',(0.,-0.));
#1980 = VECTOR('',#1981,1.);
#1981 = DIRECTION('',(0.,1.));
#1982 = ( GEOMETRIC_REPRESENTATION_CONTEXT(2) 
PARAMETRIC_REPRESENTATION_CONTEXT() REPRESENTATION_CONTEXT('2D SPACE',''
  ) );
#1983 = ORIENTED_EDGE('',*,*,#1033,.T.);
#1984 = ORIENTED_EDGE('',*,*,#1963,.T.);
#1985 = ADVANCED_FACE('',(#1986),#925,.T.);
#1986 = FACE_BOUND('',#1987,.T.);
#1987 = EDGE_LOOP('',(#1988,#1989,#1990));
#1988 = ORIENTED_EDGE('',*,*,#1255,.F.);
#1989 = ORIENTED_EDGE('',*,*,#909,.F.);
#1990 = ORIENTED_EDGE('',*,*,#1231,.T.);
#1991 = ADVANCED_FACE('',(#1992),#1319,.T.);
#1992 = FACE_BOUND('',#1993,.F.);
#1993 = EDGE_LOOP('',(#1994,#2018,#2019,#2043));
#1994 = ORIENTED_EDGE('',*,*,#1995,.F.);
#1995 = EDGE_CURVE('',#1303,#1996,#1998,.T.);
#1996 = VERTEX_POINT('',#1997);
#1997 = CARTESIAN_POINT('',(0.336811640466,-12.50150772797,
    20.879277884279));
#1998 = SURFACE_CURVE('',#1999,(#2004,#2011),.PCURVE_S1.);
#1999 = CIRCLE('',#2000,1.);
#2000 = AXIS2_PLACEMENT_3D('',#2001,#2002,#2003);
#2001 = CARTESIAN_POINT('',(0.673635729299,-12.44211655335,
    19.939585263493));
#2002 = DIRECTION('',(0.173648177667,-0.984807753012,0.));
#2003 = DIRECTION('',(0.925416578398,0.163175911167,0.342020143326));
#2004 = PCURVE('',#1319,#2005);
#2005 = DEFINITIONAL_REPRESENTATION('',(#2006),#2010);
#2006 = LINE('',#2007,#2008);
#2007 = CARTESIAN_POINT('',(-0.,0.));
#2008 = VECTOR('',#2009,1.);
#2009 = DIRECTION('',(-0.,1.));
#2010 = ( GEOMETRIC_REPRESENTATION_CONTEXT(2) 
PARAMETRIC_REPRESENTATION_CONTEXT() REPRESENTATION_CONTEXT('2D SPACE',''
  ) );
#2011 = PCURVE('',#1450,#2012);
#2012 = DEFINITIONAL_REPRESENTATION('',(#2013),#2017);
#2013 = LINE('',#2014,#2015);
#2014 = CARTESIAN_POINT('',(0.,25.4));
#2015 = VECTOR('',#2016,1.);
#2016 = DIRECTION('',(1.,0.));
#2017 = ( GEOMETRIC_REPRESENTATION_CONTEXT(2) 
PARAMETRIC_REPRESENTATION_CONTEXT() REPRESENTATION_CONTEXT('2D SPACE',''
  ) );
#2018 = ORIENTED_EDGE('',*,*,#1302,.T.);
#2019 = ORIENTED_EDGE('',*,*,#2020,.T.);
#2020 = EDGE_CURVE('',#1280,#2021,#2023,.T.);
#2021 = VERTEX_POINT('',#2022);
#2022 = CARTESIAN_POINT('',(-0.414956760266,-13.64949139215,
    20.537257740953));
#2023 = SURFACE_CURVE('',#2024,(#2029,#2036),.PCURVE_S1.);
#2024 = CIRCLE('',#2025,1.);
#2025 = AXIS2_PLACEMENT_3D('',#2026,#2027,#2028);
#2026 = CARTESIAN_POINT('',(-7.813267143224E-02,-13.59010021753,
    19.597565120167));
#2027 = DIRECTION('',(-0.925416578398,-0.163175911167,-0.342020143326));
#2028 = DIRECTION('',(0.173648177667,-0.984807753012,2.094269368838E-17)
  );
#2029 = PCURVE('',#1319,#2030);
#2030 = DEFINITIONAL_REPRESENTATION('',(#2031),#2035);
#2031 = LINE('',#2032,#2033);
#2032 = CARTESIAN_POINT('',(-1.570796326795,0.));
#2033 = VECTOR('',#2034,1.);
#2034 = DIRECTION('',(-0.,1.));
#2035 = ( GEOMETRIC_REPRESENTATION_CONTEXT(2) 
PARAMETRIC_REPRESENTATION_CONTEXT() REPRESENTATION_CONTEXT('2D SPACE',''
  ) );
#2036 = PCURVE('',#1395,#2037);
#2037 = DEFINITIONAL_REPRESENTATION('',(#2038),#2042);
#2038 = LINE('',#2039,#2040);
#2039 = CARTESIAN_POINT('',(0.,0.));
#2040 = VECTOR('',#2041,1.);
#2041 = DIRECTION('',(1.,0.));
#2042 = ( GEOMETRIC_REPRESENTATION_CONTEXT(2) 
PARAMETRIC_REPRESENTATION_CONTEXT() REPRESENTATION_CONTEXT('2D SPACE',''
  ) );
#2043 = ORIENTED_EDGE('',*,*,#2044,.F.);
#2044 = EDGE_CURVE('',#1996,#2021,#2045,.T.);
#2045 = SURFACE_CURVE('',#2046,(#2051,#2058),.PCURVE_S1.);
#2046 = CIRCLE('',#2047,1.);
#2047 = AXIS2_PLACEMENT_3D('',#2048,#2049,#2050);
#2048 = CARTESIAN_POINT('',(-0.588604937933,-12.66468363913,
    20.537257740953));
#2049 = DIRECTION('',(0.336824088833,5.939117461388E-02,-0.939692620786)
  );
#2050 = DIRECTION('',(0.925416578398,0.163175911167,0.342020143326));
#2051 = PCURVE('',#1319,#2052);
#2052 = DEFINITIONAL_REPRESENTATION('',(#2053),#2057);
#2053 = LINE('',#2054,#2055);
#2054 = CARTESIAN_POINT('',(-0.,1.570796326795));
#2055 = VECTOR('',#2056,1.);
#2056 = DIRECTION('',(-1.,0.));
#2057 = ( GEOMETRIC_REPRESENTATION_CONTEXT(2) 
PARAMETRIC_REPRESENTATION_CONTEXT() REPRESENTATION_CONTEXT('2D SPACE',''
  ) );
#2058 = PCURVE('',#2059,#2064);
#2059 = PLANE('',#2060);
#2060 = AXIS2_PLACEMENT_3D('',#2061,#2062,#2063);
#2061 = CARTESIAN_POINT('',(-11.16122420769,-16.55977489692,
    16.50142004971));
#2062 = DIRECTION('',(-0.336824088833,-5.939117461388E-02,0.939692620786
    ));
#2063 = DIRECTION('',(0.925416578398,0.163175911167,0.342020143326));
#2064 = DEFINITIONAL_REPRESENTATION('',(#2065),#2073);
#2065 = ( BOUNDED_CURVE() B_SPLINE_CURVE(2,(#2066,#2067,#2068,#2069,
#2070,#2071,#2072),.UNSPECIFIED.,.T.,.F.) B_SPLINE_CURVE_WITH_KNOTS((1,2
    ,2,2,2,1),(-2.094395102393,0.,2.094395102393,4.188790204786,
6.28318530718,8.377580409573),.UNSPECIFIED.) CURVE() 
GEOMETRIC_REPRESENTATION_ITEM() RATIONAL_B_SPLINE_CURVE((1.,0.5,1.,0.5,
1.,0.5,1.)) REPRESENTATION_ITEM('') );
#2066 = CARTESIAN_POINT('',(12.8,2.));
#2067 = CARTESIAN_POINT('',(12.8,0.267949192431));
#2068 = CARTESIAN_POINT('',(11.3,1.133974596216));
#2069 = CARTESIAN_POINT('',(9.8,2.));
#2070 = CARTESIAN_POINT('',(11.3,2.866025403784));
#2071 = CARTESIAN_POINT('',(12.8,3.732050807569));
#2072 = CARTESIAN_POINT('',(12.8,2.));
#2073 = ( GEOMETRIC_REPRESENTATION_CONTEXT(2) 
PARAMETRIC_REPRESENTATION_CONTEXT() REPRESENTATION_CONTEXT('2D SPACE',''
  ) );
#2074 = ADVANCED_FACE('',(#2075),#1395,.T.);
#2075 = FACE_BOUND('',#2076,.T.);
#2076 = EDGE_LOOP('',(#2077,#2078,#2101,#2123));
#2077 = ORIENTED_EDGE('',*,*,#2020,.T.);
#2078 = ORIENTED_EDGE('',*,*,#2079,.T.);
#2079 = EDGE_CURVE('',#2021,#2080,#2082,.T.);
#2080 = VERTEX_POINT('',#2081);
#2081 = CARTESIAN_POINT('',(-9.484039228569,-15.24861532158,
    17.185460336361));
#2082 = SURFACE_CURVE('',#2083,(#2087,#2094),.PCURVE_S1.);
#2083 = LINE('',#2084,#2085);
#2084 = CARTESIAN_POINT('',(-0.414956760266,-13.64949139215,
    20.537257740953));
#2085 = VECTOR('',#2086,1.);
#2086 = DIRECTION('',(-0.925416578398,-0.163175911167,-0.342020143326));
#2087 = PCURVE('',#1395,#2088);
#2088 = DEFINITIONAL_REPRESENTATION('',(#2089),#2093);
#2089 = LINE('',#2090,#2091);
#2090 = CARTESIAN_POINT('',(1.570796326795,0.));
#2091 = VECTOR('',#2092,1.);
#2092 = DIRECTION('',(0.,1.));
#2093 = ( GEOMETRIC_REPRESENTATION_CONTEXT(2) 
PARAMETRIC_REPRESENTATION_CONTEXT() REPRESENTATION_CONTEXT('2D SPACE',''
  ) );
#2094 = PCURVE('',#2059,#2095);
#2095 = DEFINITIONAL_REPRESENTATION('',(#2096),#2100);
#2096 = LINE('',#2097,#2098);
#2097 = CARTESIAN_POINT('',(11.8,1.));
#2098 = VECTOR('',#2099,1.);
#2099 = DIRECTION('',(-1.,0.));
#2100 = ( GEOMETRIC_REPRESENTATION_CONTEXT(2) 
PARAMETRIC_REPRESENTATION_CONTEXT() REPRESENTATION_CONTEXT('2D SPACE',''
  ) );
#2101 = ORIENTED_EDGE('',*,*,#2102,.F.);
#2102 = EDGE_CURVE('',#1359,#2080,#2103,.T.);
#2103 = SURFACE_CURVE('',#2104,(#2109,#2116),.PCURVE_S1.);
#2104 = CIRCLE('',#2105,1.);
#2105 = AXIS2_PLACEMENT_3D('',#2106,#2107,#2108);
#2106 = CARTESIAN_POINT('',(-9.147215139736,-15.18922414696,
    16.245767715575));
#2107 = DIRECTION('',(-0.925416578398,-0.163175911167,-0.342020143326));
#2108 = DIRECTION('',(0.173648177667,-0.984807753012,0.));
#2109 = PCURVE('',#1395,#2110);
#2110 = DEFINITIONAL_REPRESENTATION('',(#2111),#2115);
#2111 = LINE('',#2112,#2113);
#2112 = CARTESIAN_POINT('',(0.,9.8));
#2113 = VECTOR('',#2114,1.);
#2114 = DIRECTION('',(1.,0.));
#2115 = ( GEOMETRIC_REPRESENTATION_CONTEXT(2) 
PARAMETRIC_REPRESENTATION_CONTEXT() REPRESENTATION_CONTEXT('2D SPACE',''
  ) );
#2116 = PCURVE('',#1611,#2117);
#2117 = DEFINITIONAL_REPRESENTATION('',(#2118),#2122);
#2118 = LINE('',#2119,#2120);
#2119 = CARTESIAN_POINT('',(4.440892098501E-16,-0.));
#2120 = VECTOR('',#2121,1.);
#2121 = DIRECTION('',(-0.,1.));
#2122 = ( GEOMETRIC_REPRESENTATION_CONTEXT(2) 
PARAMETRIC_REPRESENTATION_CONTEXT() REPRESENTATION_CONTEXT('2D SPACE',''
  ) );
#2123 = ORIENTED_EDGE('',*,*,#1381,.F.);
#2124 = ADVANCED_FACE('',(#2125),#1450,.T.);
#2125 = FACE_BOUND('',#2126,.T.);
#2126 = EDGE_LOOP('',(#2127,#2151,#2172,#2173));
#2127 = ORIENTED_EDGE('',*,*,#2128,.T.);
#2128 = EDGE_CURVE('',#1414,#2129,#2131,.T.);
#2129 = VERTEX_POINT('',#2130);
#2130 = CARTESIAN_POINT('',(-4.073852072274,12.512609198538,
    20.879277884279));
#2131 = SURFACE_CURVE('',#2132,(#2137,#2144),.PCURVE_S1.);
#2132 = CIRCLE('',#2133,1.);
#2133 = AXIS2_PLACEMENT_3D('',#2134,#2135,#2136);
#2134 = CARTESIAN_POINT('',(-3.737027983441,12.572000373152,
    19.939585263493));
#2135 = DIRECTION('',(0.173648177667,-0.984807753012,-4.857225732735E-17
    ));
#2136 = DIRECTION('',(0.925416578398,0.163175911167,0.342020143326));
#2137 = PCURVE('',#1450,#2138);
#2138 = DEFINITIONAL_REPRESENTATION('',(#2139),#2143);
#2139 = LINE('',#2140,#2141);
#2140 = CARTESIAN_POINT('',(0.,0.));
#2141 = VECTOR('',#2142,1.);
#2142 = DIRECTION('',(1.,0.));
#2143 = ( GEOMETRIC_REPRESENTATION_CONTEXT(2) 
PARAMETRIC_REPRESENTATION_CONTEXT() REPRESENTATION_CONTEXT('2D SPACE',''
  ) );
#2144 = PCURVE('',#1666,#2145);
#2145 = DEFINITIONAL_REPRESENTATION('',(#2146),#2150);
#2146 = LINE('',#2147,#2148);
#2147 = CARTESIAN_POINT('',(-1.570796326795,0.));
#2148 = VECTOR('',#2149,1.);
#2149 = DIRECTION('',(-0.,1.));
#2150 = ( GEOMETRIC_REPRESENTATION_CONTEXT(2) 
PARAMETRIC_REPRESENTATION_CONTEXT() REPRESENTATION_CONTEXT('2D SPACE',''
  ) );
#2151 = ORIENTED_EDGE('',*,*,#2152,.T.);
#2152 = EDGE_CURVE('',#2129,#1996,#2153,.T.);
#2153 = SURFACE_CURVE('',#2154,(#2158,#2165),.PCURVE_S1.);
#2154 = LINE('',#2155,#2156);
#2155 = CARTESIAN_POINT('',(-4.073852072274,12.512609198538,
    20.879277884279));
#2156 = VECTOR('',#2157,1.);
#2157 = DIRECTION('',(0.173648177667,-0.984807753012,0.));
#2158 = PCURVE('',#1450,#2159);
#2159 = DEFINITIONAL_REPRESENTATION('',(#2160),#2164);
#2160 = LINE('',#2161,#2162);
#2161 = CARTESIAN_POINT('',(1.570796326795,0.));
#2162 = VECTOR('',#2163,1.);
#2163 = DIRECTION('',(0.,1.));
#2164 = ( GEOMETRIC_REPRESENTATION_CONTEXT(2) 
PARAMETRIC_REPRESENTATION_CONTEXT() REPRESENTATION_CONTEXT('2D SPACE',''
  ) );
#2165 = PCURVE('',#2059,#2166);
#2166 = DEFINITIONAL_REPRESENTATION('',(#2167),#2171);
#2167 = LINE('',#2168,#2169);
#2168 = CARTESIAN_POINT('',(12.8,27.4));
#2169 = VECTOR('',#2170,1.);
#2170 = DIRECTION('',(0.,-1.));
#2171 = ( GEOMETRIC_REPRESENTATION_CONTEXT(2) 
PARAMETRIC_REPRESENTATION_CONTEXT() REPRESENTATION_CONTEXT('2D SPACE',''
  ) );
#2172 = ORIENTED_EDGE('',*,*,#1995,.F.);
#2173 = ORIENTED_EDGE('',*,*,#1436,.F.);
#2174 = ADVANCED_FACE('',(#2175),#1481,.F.);
#2175 = FACE_BOUND('',#2176,.F.);
#2176 = EDGE_LOOP('',(#2177,#2207,#2236,#2264,#2290,#2291,#2315,#2343));
#2177 = ORIENTED_EDGE('',*,*,#2178,.F.);
#2178 = EDGE_CURVE('',#2179,#2181,#2183,.T.);
#2179 = VERTEX_POINT('',#2180);
#2180 = CARTESIAN_POINT('',(-0.560567392916,-11.64431325159,
    18.483442226285));
#2181 = VERTEX_POINT('',#2182);
#2182 = CARTESIAN_POINT('',(-4.623934750322,11.400188168892,
    18.483442226285));
#2183 = SURFACE_CURVE('',#2184,(#2188,#2195),.PCURVE_S1.);
#2184 = LINE('',#2185,#2186);
#2185 = CARTESIAN_POINT('',(-0.386919215249,-12.6291210046,
    18.483442226285));
#2186 = VECTOR('',#2187,1.);
#2187 = DIRECTION('',(-0.173648177667,0.984807753012,0.));
#2188 = PCURVE('',#1481,#2189);
#2189 = DEFINITIONAL_REPRESENTATION('',(#2190),#2194);
#2190 = LINE('',#2191,#2192);
#2191 = CARTESIAN_POINT('',(0.,0.));
#2192 = VECTOR('',#2193,1.);
#2193 = DIRECTION('',(0.,1.));
#2194 = ( GEOMETRIC_REPRESENTATION_CONTEXT(2) 
PARAMETRIC_REPRESENTATION_CONTEXT() REPRESENTATION_CONTEXT('2D SPACE',''
  ) );
#2195 = PCURVE('',#2196,#2201);
#2196 = PLANE('',#2197);
#2197 = AXIS2_PLACEMENT_3D('',#2198,#2199,#2200);
#2198 = CARTESIAN_POINT('',(3.284463353036,-11.98175720131,
    8.240792659719));
#2199 = DIRECTION('',(0.925416578398,0.163175911167,0.342020143326));
#2200 = DIRECTION('',(-0.336824088833,-5.939117461388E-02,0.939692620786
    ));
#2201 = DEFINITIONAL_REPRESENTATION('',(#2202),#2206);
#2202 = LINE('',#2203,#2204);
#2203 = CARTESIAN_POINT('',(10.9,-1.110223024625E-16));
#2204 = VECTOR('',#2205,1.);
#2205 = DIRECTION('',(0.,-1.));
#2206 = ( GEOMETRIC_REPRESENTATION_CONTEXT(2) 
PARAMETRIC_REPRESENTATION_CONTEXT() REPRESENTATION_CONTEXT('2D SPACE',''
  ) );
#2207 = ORIENTED_EDGE('',*,*,#2208,.T.);
#2208 = EDGE_CURVE('',#2179,#2209,#2211,.T.);
#2209 = VERTEX_POINT('',#2210);
#2210 = CARTESIAN_POINT('',(0.538497363149,-12.46594509343,
    18.825462369611));
#2211 = SURFACE_CURVE('',#2212,(#2217,#2224),.PCURVE_S1.);
#2212 = CIRCLE('',#2213,1.);
#2213 = AXIS2_PLACEMENT_3D('',#2214,#2215,#2216);
#2214 = CARTESIAN_POINT('',(0.364849185483,-11.48113734042,
    18.825462369611));
#2215 = DIRECTION('',(-0.336824088833,-5.939117461388E-02,0.939692620786
    ));
#2216 = DIRECTION('',(0.173648177667,-0.984807753012,0.));
#2217 = PCURVE('',#1481,#2218);
#2218 = DEFINITIONAL_REPRESENTATION('',(#2219),#2223);
#2219 = CIRCLE('',#2220,1.);
#2220 = AXIS2_PLACEMENT_2D('',#2221,#2222);
#2221 = CARTESIAN_POINT('',(1.,1.));
#2222 = DIRECTION('',(2.373241487536E-18,-1.));
#2223 = ( GEOMETRIC_REPRESENTATION_CONTEXT(2) 
PARAMETRIC_REPRESENTATION_CONTEXT() REPRESENTATION_CONTEXT('2D SPACE',''
  ) );
#2224 = PCURVE('',#2225,#2230);
#2225 = CYLINDRICAL_SURFACE('',#2226,1.);
#2226 = AXIS2_PLACEMENT_3D('',#2227,#2228,#2229);
#2227 = CARTESIAN_POINT('',(4.036231753767,-10.83377353713,
    8.582812803044));
#2228 = DIRECTION('',(-0.336824088833,-5.939117461388E-02,0.939692620786
    ));
#2229 = DIRECTION('',(-0.925416578398,-0.163175911167,-0.342020143326));
#2230 = DEFINITIONAL_REPRESENTATION('',(#2231),#2235);
#2231 = LINE('',#2232,#2233);
#2232 = CARTESIAN_POINT('',(-4.712388980385,10.9));
#2233 = VECTOR('',#2234,1.);
#2234 = DIRECTION('',(1.,0.));
#2235 = ( GEOMETRIC_REPRESENTATION_CONTEXT(2) 
PARAMETRIC_REPRESENTATION_CONTEXT() REPRESENTATION_CONTEXT('2D SPACE',''
  ) );
#2236 = ORIENTED_EDGE('',*,*,#2237,.T.);
#2237 = EDGE_CURVE('',#2209,#2238,#2240,.T.);
#2238 = VERTEX_POINT('',#2239);
#2239 = CARTESIAN_POINT('',(1.926622230747,-12.22118122668,
    19.338492584599));
#2240 = SURFACE_CURVE('',#2241,(#2245,#2252),.PCURVE_S1.);
#2241 = LINE('',#2242,#2243);
#2242 = CARTESIAN_POINT('',(-0.386919215249,-12.6291210046,
    18.483442226285));
#2243 = VECTOR('',#2244,1.);
#2244 = DIRECTION('',(0.925416578398,0.163175911167,0.342020143326));
#2245 = PCURVE('',#1481,#2246);
#2246 = DEFINITIONAL_REPRESENTATION('',(#2247),#2251);
#2247 = LINE('',#2248,#2249);
#2248 = CARTESIAN_POINT('',(0.,0.));
#2249 = VECTOR('',#2250,1.);
#2250 = DIRECTION('',(1.,0.));
#2251 = ( GEOMETRIC_REPRESENTATION_CONTEXT(2) 
PARAMETRIC_REPRESENTATION_CONTEXT() REPRESENTATION_CONTEXT('2D SPACE',''
  ) );
#2252 = PCURVE('',#2253,#2258);
#2253 = PLANE('',#2254);
#2254 = AXIS2_PLACEMENT_3D('',#2255,#2256,#2257);
#2255 = CARTESIAN_POINT('',(3.284463353036,-11.98175720131,
    8.240792659719));
#2256 = DIRECTION('',(-0.173648177667,0.984807753012,0.));
#2257 = DIRECTION('',(-0.336824088833,-5.939117461388E-02,0.939692620786
    ));
#2258 = DEFINITIONAL_REPRESENTATION('',(#2259),#2263);
#2259 = LINE('',#2260,#2261);
#2260 = CARTESIAN_POINT('',(10.9,1.33226762955E-15));
#2261 = VECTOR('',#2262,1.);
#2262 = DIRECTION('',(5.551115123126E-17,1.));
#2263 = ( GEOMETRIC_REPRESENTATION_CONTEXT(2) 
PARAMETRIC_REPRESENTATION_CONTEXT() REPRESENTATION_CONTEXT('2D SPACE',''
  ) );
#2264 = ORIENTED_EDGE('',*,*,#2265,.F.);
#2265 = EDGE_CURVE('',#1467,#2238,#2266,.T.);
#2266 = SURFACE_CURVE('',#2267,(#2272,#2283),.PCURVE_S1.);
#2267 = CIRCLE('',#2268,1.);
#2268 = AXIS2_PLACEMENT_3D('',#2269,#2270,#2271);
#2269 = CARTESIAN_POINT('',(1.75297405308,-11.23637347367,
    19.338492584599));
#2270 = DIRECTION('',(0.336824088833,5.939117461388E-02,-0.939692620786)
  );
#2271 = DIRECTION('',(0.173648177667,-0.984807753012,0.));
#2272 = PCURVE('',#1481,#2273);
#2273 = DEFINITIONAL_REPRESENTATION('',(#2274),#2282);
#2274 = ( BOUNDED_CURVE() B_SPLINE_CURVE(2,(#2275,#2276,#2277,#2278,
#2279,#2280,#2281),.UNSPECIFIED.,.T.,.F.) B_SPLINE_CURVE_WITH_KNOTS((1,2
    ,2,2,2,1),(-2.094395102393,0.,2.094395102393,4.188790204786,
6.28318530718,8.377580409573),.UNSPECIFIED.) CURVE() 
GEOMETRIC_REPRESENTATION_ITEM() RATIONAL_B_SPLINE_CURVE((1.,0.5,1.,0.5,
1.,0.5,1.)) REPRESENTATION_ITEM('') );
#2275 = CARTESIAN_POINT('',(2.5,1.554312234475E-15));
#2276 = CARTESIAN_POINT('',(0.767949192431,1.554312234475E-15));
#2277 = CARTESIAN_POINT('',(1.633974596216,1.5));
#2278 = CARTESIAN_POINT('',(2.5,3.));
#2279 = CARTESIAN_POINT('',(3.366025403784,1.5));
#2280 = CARTESIAN_POINT('',(4.232050807569,3.10862446895E-15));
#2281 = CARTESIAN_POINT('',(2.5,1.554312234475E-15));
#2282 = ( GEOMETRIC_REPRESENTATION_CONTEXT(2) 
PARAMETRIC_REPRESENTATION_CONTEXT() REPRESENTATION_CONTEXT('2D SPACE',''
  ) );
#2283 = PCURVE('',#1557,#2284);
#2284 = DEFINITIONAL_REPRESENTATION('',(#2285),#2289);
#2285 = LINE('',#2286,#2287);
#2286 = CARTESIAN_POINT('',(4.712388980385,10.9));
#2287 = VECTOR('',#2288,1.);
#2288 = DIRECTION('',(-1.,0.));
#2289 = ( GEOMETRIC_REPRESENTATION_CONTEXT(2) 
PARAMETRIC_REPRESENTATION_CONTEXT() REPRESENTATION_CONTEXT('2D SPACE',''
  ) );
#2290 = ORIENTED_EDGE('',*,*,#1464,.F.);
#2291 = ORIENTED_EDGE('',*,*,#2292,.T.);
#2292 = EDGE_CURVE('',#1465,#2293,#2295,.T.);
#2293 = VERTEX_POINT('',#2294);
#2294 = CARTESIAN_POINT('',(-2.484041481993,12.792935699821,
    19.338492584599));
#2295 = SURFACE_CURVE('',#2296,(#2301,#2308),.PCURVE_S1.);
#2296 = CIRCLE('',#2297,1.);
#2297 = AXIS2_PLACEMENT_3D('',#2298,#2299,#2300);
#2298 = CARTESIAN_POINT('',(-2.310393304326,11.808127946808,
    19.338492584599));
#2299 = DIRECTION('',(-0.336824088833,-5.939117461388E-02,0.939692620786
    ));
#2300 = DIRECTION('',(0.173648177667,-0.984807753012,0.));
#2301 = PCURVE('',#1481,#2302);
#2302 = DEFINITIONAL_REPRESENTATION('',(#2303),#2307);
#2303 = CIRCLE('',#2304,1.);
#2304 = AXIS2_PLACEMENT_2D('',#2305,#2306);
#2305 = CARTESIAN_POINT('',(2.5,24.4));
#2306 = DIRECTION('',(2.373241487536E-18,-1.));
#2307 = ( GEOMETRIC_REPRESENTATION_CONTEXT(2) 
PARAMETRIC_REPRESENTATION_CONTEXT() REPRESENTATION_CONTEXT('2D SPACE',''
  ) );
#2308 = PCURVE('',#1507,#2309);
#2309 = DEFINITIONAL_REPRESENTATION('',(#2310),#2314);
#2310 = LINE('',#2311,#2312);
#2311 = CARTESIAN_POINT('',(-1.570796326795,10.9));
#2312 = VECTOR('',#2313,1.);
#2313 = DIRECTION('',(1.,0.));
#2314 = ( GEOMETRIC_REPRESENTATION_CONTEXT(2) 
PARAMETRIC_REPRESENTATION_CONTEXT() REPRESENTATION_CONTEXT('2D SPACE',''
  ) );
#2315 = ORIENTED_EDGE('',*,*,#2316,.F.);
#2316 = EDGE_CURVE('',#2317,#2293,#2319,.T.);
#2317 = VERTEX_POINT('',#2318);
#2318 = CARTESIAN_POINT('',(-3.872166349591,12.548171833071,
    18.825462369611));
#2319 = SURFACE_CURVE('',#2320,(#2324,#2331),.PCURVE_S1.);
#2320 = LINE('',#2321,#2322);
#2321 = CARTESIAN_POINT('',(-4.797582927989,12.384995921904,
    18.483442226285));
#2322 = VECTOR('',#2323,1.);
#2323 = DIRECTION('',(0.925416578398,0.163175911167,0.342020143326));
#2324 = PCURVE('',#1481,#2325);
#2325 = DEFINITIONAL_REPRESENTATION('',(#2326),#2330);
#2326 = LINE('',#2327,#2328);
#2327 = CARTESIAN_POINT('',(-8.881784197001E-16,25.4));
#2328 = VECTOR('',#2329,1.);
#2329 = DIRECTION('',(1.,0.));
#2330 = ( GEOMETRIC_REPRESENTATION_CONTEXT(2) 
PARAMETRIC_REPRESENTATION_CONTEXT() REPRESENTATION_CONTEXT('2D SPACE',''
  ) );
#2331 = PCURVE('',#2332,#2337);
#2332 = PLANE('',#2333);
#2333 = AXIS2_PLACEMENT_3D('',#2334,#2335,#2336);
#2334 = CARTESIAN_POINT('',(-1.126200359704,13.032359725196,
    8.240792659719));
#2335 = DIRECTION('',(-0.173648177667,0.984807753012,0.));
#2336 = DIRECTION('',(-0.336824088833,-5.939117461388E-02,0.939692620786
    ));
#2337 = DEFINITIONAL_REPRESENTATION('',(#2338),#2342);
#2338 = LINE('',#2339,#2340);
#2339 = CARTESIAN_POINT('',(10.9,4.440892098501E-16));
#2340 = VECTOR('',#2341,1.);
#2341 = DIRECTION('',(5.551115123126E-17,1.));
#2342 = ( GEOMETRIC_REPRESENTATION_CONTEXT(2) 
PARAMETRIC_REPRESENTATION_CONTEXT() REPRESENTATION_CONTEXT('2D SPACE',''
  ) );
#2343 = ORIENTED_EDGE('',*,*,#2344,.F.);
#2344 = EDGE_CURVE('',#2181,#2317,#2345,.T.);
#2345 = SURFACE_CURVE('',#2346,(#2351,#2362),.PCURVE_S1.);
#2346 = CIRCLE('',#2347,1.);
#2347 = AXIS2_PLACEMENT_3D('',#2348,#2349,#2350);
#2348 = CARTESIAN_POINT('',(-3.698518171924,11.563364080059,
    18.825462369611));
#2349 = DIRECTION('',(0.336824088833,5.939117461388E-02,-0.939692620786)
  );
#2350 = DIRECTION('',(0.173648177667,-0.984807753012,0.));
#2351 = PCURVE('',#1481,#2352);
#2352 = DEFINITIONAL_REPRESENTATION('',(#2353),#2361);
#2353 = ( BOUNDED_CURVE() B_SPLINE_CURVE(2,(#2354,#2355,#2356,#2357,
#2358,#2359,#2360),.UNSPECIFIED.,.T.,.F.) B_SPLINE_CURVE_WITH_KNOTS((1,2
    ,2,2,2,1),(-2.094395102393,0.,2.094395102393,4.188790204786,
6.28318530718,8.377580409573),.UNSPECIFIED.) CURVE() 
GEOMETRIC_REPRESENTATION_ITEM() RATIONAL_B_SPLINE_CURVE((1.,0.5,1.,0.5,
1.,0.5,1.)) REPRESENTATION_ITEM('') );
#2354 = CARTESIAN_POINT('',(1.,23.4));
#2355 = CARTESIAN_POINT('',(-0.732050807569,23.4));
#2356 = CARTESIAN_POINT('',(0.133974596216,24.9));
#2357 = CARTESIAN_POINT('',(1.,26.4));
#2358 = CARTESIAN_POINT('',(1.866025403784,24.9));
#2359 = CARTESIAN_POINT('',(2.732050807569,23.4));
#2360 = CARTESIAN_POINT('',(1.,23.4));
#2361 = ( GEOMETRIC_REPRESENTATION_CONTEXT(2) 
PARAMETRIC_REPRESENTATION_CONTEXT() REPRESENTATION_CONTEXT('2D SPACE',''
  ) );
#2362 = PCURVE('',#2363,#2368);
#2363 = CYLINDRICAL_SURFACE('',#2364,1.);
#2364 = AXIS2_PLACEMENT_3D('',#2365,#2366,#2367);
#2365 = CARTESIAN_POINT('',(-2.713560363886E-02,12.21072788335,
    8.582812803044));
#2366 = DIRECTION('',(-0.336824088833,-5.939117461388E-02,0.939692620786
    ));
#2367 = DIRECTION('',(-0.925416578398,-0.163175911167,-0.342020143326));
#2368 = DEFINITIONAL_REPRESENTATION('',(#2369),#2373);
#2369 = LINE('',#2370,#2371);
#2370 = CARTESIAN_POINT('',(1.570796326795,10.9));
#2371 = VECTOR('',#2372,1.);
#2372 = DIRECTION('',(-1.,0.));
#2373 = ( GEOMETRIC_REPRESENTATION_CONTEXT(2) 
PARAMETRIC_REPRESENTATION_CONTEXT() REPRESENTATION_CONTEXT('2D SPACE',''
  ) );
#2374 = ADVANCED_FACE('',(#2375),#1557,.F.);
#2375 = FACE_BOUND('',#2376,.T.);
#2376 = EDGE_LOOP('',(#2377,#2378,#2406,#2427));
#2377 = ORIENTED_EDGE('',*,*,#1544,.F.);
#2378 = ORIENTED_EDGE('',*,*,#2379,.T.);
#2379 = EDGE_CURVE('',#1519,#2380,#2382,.T.);
#2380 = VERTEX_POINT('',#2381);
#2381 = CARTESIAN_POINT('',(5.598004799032,-11.57381742339,
    9.095843018033));
#2382 = SURFACE_CURVE('',#2383,(#2388,#2395),.PCURVE_S1.);
#2383 = CIRCLE('',#2384,1.);
#2384 = AXIS2_PLACEMENT_3D('',#2385,#2386,#2387);
#2385 = CARTESIAN_POINT('',(5.424356621365,-10.58900967038,
    9.095843018033));
#2386 = DIRECTION('',(0.336824088833,5.939117461388E-02,-0.939692620786)
  );
#2387 = DIRECTION('',(0.173648177667,-0.984807753012,0.));
#2388 = PCURVE('',#1557,#2389);
#2389 = DEFINITIONAL_REPRESENTATION('',(#2390),#2394);
#2390 = LINE('',#2391,#2392);
#2391 = CARTESIAN_POINT('',(4.712388980385,-0.));
#2392 = VECTOR('',#2393,1.);
#2393 = DIRECTION('',(-1.,0.));
#2394 = ( GEOMETRIC_REPRESENTATION_CONTEXT(2) 
PARAMETRIC_REPRESENTATION_CONTEXT() REPRESENTATION_CONTEXT('2D SPACE',''
  ) );
#2395 = PCURVE('',#1533,#2396);
#2396 = DEFINITIONAL_REPRESENTATION('',(#2397),#2405);
#2397 = ( BOUNDED_CURVE() B_SPLINE_CURVE(2,(#2398,#2399,#2400,#2401,
#2402,#2403,#2404),.UNSPECIFIED.,.T.,.F.) B_SPLINE_CURVE_WITH_KNOTS((1,2
    ,2,2,2,1),(-2.094395102393,0.,2.094395102393,4.188790204786,
6.28318530718,8.377580409573),.UNSPECIFIED.) CURVE() 
GEOMETRIC_REPRESENTATION_ITEM() RATIONAL_B_SPLINE_CURVE((1.,0.5,1.,0.5,
1.,0.5,1.)) REPRESENTATION_ITEM('') );
#2398 = CARTESIAN_POINT('',(2.5,-4.440892098501E-16));
#2399 = CARTESIAN_POINT('',(0.767949192431,-4.440892098501E-16));
#2400 = CARTESIAN_POINT('',(1.633974596216,1.5));
#2401 = CARTESIAN_POINT('',(2.5,3.));
#2402 = CARTESIAN_POINT('',(3.366025403784,1.5));
#2403 = CARTESIAN_POINT('',(4.232050807569,1.110223024625E-15));
#2404 = CARTESIAN_POINT('',(2.5,-4.440892098501E-16));
#2405 = ( GEOMETRIC_REPRESENTATION_CONTEXT(2) 
PARAMETRIC_REPRESENTATION_CONTEXT() REPRESENTATION_CONTEXT('2D SPACE',''
  ) );
#2406 = ORIENTED_EDGE('',*,*,#2407,.T.);
#2407 = EDGE_CURVE('',#2380,#2238,#2408,.T.);
#2408 = SURFACE_CURVE('',#2409,(#2413,#2420),.PCURVE_S1.);
#2409 = LINE('',#2410,#2411);
#2410 = CARTESIAN_POINT('',(5.598004799032,-11.57381742339,
    9.095843018033));
#2411 = VECTOR('',#2412,1.);
#2412 = DIRECTION('',(-0.336824088833,-5.939117461388E-02,0.939692620786
    ));
#2413 = PCURVE('',#1557,#2414);
#2414 = DEFINITIONAL_REPRESENTATION('',(#2415),#2419);
#2415 = LINE('',#2416,#2417);
#2416 = CARTESIAN_POINT('',(-1.570796326795,0.));
#2417 = VECTOR('',#2418,1.);
#2418 = DIRECTION('',(-0.,1.));
#2419 = ( GEOMETRIC_REPRESENTATION_CONTEXT(2) 
PARAMETRIC_REPRESENTATION_CONTEXT() REPRESENTATION_CONTEXT('2D SPACE',''
  ) );
#2420 = PCURVE('',#2253,#2421);
#2421 = DEFINITIONAL_REPRESENTATION('',(#2422),#2426);
#2422 = LINE('',#2423,#2424);
#2423 = CARTESIAN_POINT('',(0.,2.5));
#2424 = VECTOR('',#2425,1.);
#2425 = DIRECTION('',(1.,5.551115123126E-17));
#2426 = ( GEOMETRIC_REPRESENTATION_CONTEXT(2) 
PARAMETRIC_REPRESENTATION_CONTEXT() REPRESENTATION_CONTEXT('2D SPACE',''
  ) );
#2427 = ORIENTED_EDGE('',*,*,#2265,.F.);
#2428 = ADVANCED_FACE('',(#2429),#1533,.T.);
#2429 = FACE_BOUND('',#2430,.T.);
#2430 = EDGE_LOOP('',(#2431,#2456,#2480,#2501,#2502,#2503,#2527,#2550));
#2431 = ORIENTED_EDGE('',*,*,#2432,.F.);
#2432 = EDGE_CURVE('',#2433,#2435,#2437,.T.);
#2433 = VERTEX_POINT('',#2434);
#2434 = CARTESIAN_POINT('',(3.110815175369,-10.9969494483,8.240792659719
    ));
#2435 = VERTEX_POINT('',#2436);
#2436 = CARTESIAN_POINT('',(-0.952552182037,12.047551972183,
    8.240792659719));
#2437 = SURFACE_CURVE('',#2438,(#2442,#2449),.PCURVE_S1.);
#2438 = LINE('',#2439,#2440);
#2439 = CARTESIAN_POINT('',(3.284463353036,-11.98175720131,
    8.240792659719));
#2440 = VECTOR('',#2441,1.);
#2441 = DIRECTION('',(-0.173648177667,0.984807753012,0.));
#2442 = PCURVE('',#1533,#2443);
#2443 = DEFINITIONAL_REPRESENTATION('',(#2444),#2448);
#2444 = LINE('',#2445,#2446);
#2445 = CARTESIAN_POINT('',(0.,0.));
#2446 = VECTOR('',#2447,1.);
#2447 = DIRECTION('',(0.,1.));
#2448 = ( GEOMETRIC_REPRESENTATION_CONTEXT(2) 
PARAMETRIC_REPRESENTATION_CONTEXT() REPRESENTATION_CONTEXT('2D SPACE',''
  ) );
#2449 = PCURVE('',#2196,#2450);
#2450 = DEFINITIONAL_REPRESENTATION('',(#2451),#2455);
#2451 = LINE('',#2452,#2453);
#2452 = CARTESIAN_POINT('',(0.,0.));
#2453 = VECTOR('',#2454,1.);
#2454 = DIRECTION('',(0.,-1.));
#2455 = ( GEOMETRIC_REPRESENTATION_CONTEXT(2) 
PARAMETRIC_REPRESENTATION_CONTEXT() REPRESENTATION_CONTEXT('2D SPACE',''
  ) );
#2456 = ORIENTED_EDGE('',*,*,#2457,.T.);
#2457 = EDGE_CURVE('',#2433,#2458,#2460,.T.);
#2458 = VERTEX_POINT('',#2459);
#2459 = CARTESIAN_POINT('',(4.209879931434,-11.81858129014,
    8.582812803044));
#2460 = SURFACE_CURVE('',#2461,(#2466,#2473),.PCURVE_S1.);
#2461 = CIRCLE('',#2462,1.);
#2462 = AXIS2_PLACEMENT_3D('',#2463,#2464,#2465);
#2463 = CARTESIAN_POINT('',(4.036231753767,-10.83377353713,
    8.582812803044));
#2464 = DIRECTION('',(-0.336824088833,-5.939117461388E-02,0.939692620786
    ));
#2465 = DIRECTION('',(0.173648177667,-0.984807753012,0.));
#2466 = PCURVE('',#1533,#2467);
#2467 = DEFINITIONAL_REPRESENTATION('',(#2468),#2472);
#2468 = CIRCLE('',#2469,1.);
#2469 = AXIS2_PLACEMENT_2D('',#2470,#2471);
#2470 = CARTESIAN_POINT('',(1.,1.));
#2471 = DIRECTION('',(2.373241487536E-18,-1.));
#2472 = ( GEOMETRIC_REPRESENTATION_CONTEXT(2) 
PARAMETRIC_REPRESENTATION_CONTEXT() REPRESENTATION_CONTEXT('2D SPACE',''
  ) );
#2473 = PCURVE('',#2225,#2474);
#2474 = DEFINITIONAL_REPRESENTATION('',(#2475),#2479);
#2475 = LINE('',#2476,#2477);
#2476 = CARTESIAN_POINT('',(-4.712388980385,0.));
#2477 = VECTOR('',#2478,1.);
#2478 = DIRECTION('',(1.,0.));
#2479 = ( GEOMETRIC_REPRESENTATION_CONTEXT(2) 
PARAMETRIC_REPRESENTATION_CONTEXT() REPRESENTATION_CONTEXT('2D SPACE',''
  ) );
#2480 = ORIENTED_EDGE('',*,*,#2481,.T.);
#2481 = EDGE_CURVE('',#2458,#2380,#2482,.T.);
#2482 = SURFACE_CURVE('',#2483,(#2487,#2494),.PCURVE_S1.);
#2483 = LINE('',#2484,#2485);
#2484 = CARTESIAN_POINT('',(3.284463353036,-11.98175720131,
    8.240792659719));
#2485 = VECTOR('',#2486,1.);
#2486 = DIRECTION('',(0.925416578398,0.163175911167,0.342020143326));
#2487 = PCURVE('',#1533,#2488);
#2488 = DEFINITIONAL_REPRESENTATION('',(#2489),#2493);
#2489 = LINE('',#2490,#2491);
#2490 = CARTESIAN_POINT('',(0.,0.));
#2491 = VECTOR('',#2492,1.);
#2492 = DIRECTION('',(1.,0.));
#2493 = ( GEOMETRIC_REPRESENTATION_CONTEXT(2) 
PARAMETRIC_REPRESENTATION_CONTEXT() REPRESENTATION_CONTEXT('2D SPACE',''
  ) );
#2494 = PCURVE('',#2253,#2495);
#2495 = DEFINITIONAL_REPRESENTATION('',(#2496),#2500);
#2496 = LINE('',#2497,#2498);
#2497 = CARTESIAN_POINT('',(0.,0.));
#2498 = VECTOR('',#2499,1.);
#2499 = DIRECTION('',(5.551115123126E-17,1.));
#2500 = ( GEOMETRIC_REPRESENTATION_CONTEXT(2) 
PARAMETRIC_REPRESENTATION_CONTEXT() REPRESENTATION_CONTEXT('2D SPACE',''
  ) );
#2501 = ORIENTED_EDGE('',*,*,#2379,.F.);
#2502 = ORIENTED_EDGE('',*,*,#1518,.F.);
#2503 = ORIENTED_EDGE('',*,*,#2504,.T.);
#2504 = EDGE_CURVE('',#1493,#2505,#2507,.T.);
#2505 = VERTEX_POINT('',#2506);
#2506 = CARTESIAN_POINT('',(1.187341086292,13.440299503112,
    9.095843018033));
#2507 = SURFACE_CURVE('',#2508,(#2513,#2520),.PCURVE_S1.);
#2508 = CIRCLE('',#2509,1.);
#2509 = AXIS2_PLACEMENT_3D('',#2510,#2511,#2512);
#2510 = CARTESIAN_POINT('',(1.360989263959,12.4554917501,9.095843018033)
  );
#2511 = DIRECTION('',(-0.336824088833,-5.939117461388E-02,0.939692620786
    ));
#2512 = DIRECTION('',(0.173648177667,-0.984807753012,0.));
#2513 = PCURVE('',#1533,#2514);
#2514 = DEFINITIONAL_REPRESENTATION('',(#2515),#2519);
#2515 = CIRCLE('',#2516,1.);
#2516 = AXIS2_PLACEMENT_2D('',#2517,#2518);
#2517 = CARTESIAN_POINT('',(2.5,24.4));
#2518 = DIRECTION('',(2.373241487536E-18,-1.));
#2519 = ( GEOMETRIC_REPRESENTATION_CONTEXT(2) 
PARAMETRIC_REPRESENTATION_CONTEXT() REPRESENTATION_CONTEXT('2D SPACE',''
  ) );
#2520 = PCURVE('',#1507,#2521);
#2521 = DEFINITIONAL_REPRESENTATION('',(#2522),#2526);
#2522 = LINE('',#2523,#2524);
#2523 = CARTESIAN_POINT('',(-1.570796326795,0.));
#2524 = VECTOR('',#2525,1.);
#2525 = DIRECTION('',(1.,0.));
#2526 = ( GEOMETRIC_REPRESENTATION_CONTEXT(2) 
PARAMETRIC_REPRESENTATION_CONTEXT() REPRESENTATION_CONTEXT('2D SPACE',''
  ) );
#2527 = ORIENTED_EDGE('',*,*,#2528,.F.);
#2528 = EDGE_CURVE('',#2529,#2505,#2531,.T.);
#2529 = VERTEX_POINT('',#2530);
#2530 = CARTESIAN_POINT('',(-0.200783781306,13.195535636362,
    8.582812803044));
#2531 = SURFACE_CURVE('',#2532,(#2536,#2543),.PCURVE_S1.);
#2532 = LINE('',#2533,#2534);
#2533 = CARTESIAN_POINT('',(-1.126200359704,13.032359725196,
    8.240792659719));
#2534 = VECTOR('',#2535,1.);
#2535 = DIRECTION('',(0.925416578398,0.163175911167,0.342020143326));
#2536 = PCURVE('',#1533,#2537);
#2537 = DEFINITIONAL_REPRESENTATION('',(#2538),#2542);
#2538 = LINE('',#2539,#2540);
#2539 = CARTESIAN_POINT('',(0.,25.4));
#2540 = VECTOR('',#2541,1.);
#2541 = DIRECTION('',(1.,0.));
#2542 = ( GEOMETRIC_REPRESENTATION_CONTEXT(2) 
PARAMETRIC_REPRESENTATION_CONTEXT() REPRESENTATION_CONTEXT('2D SPACE',''
  ) );
#2543 = PCURVE('',#2332,#2544);
#2544 = DEFINITIONAL_REPRESENTATION('',(#2545),#2549);
#2545 = LINE('',#2546,#2547);
#2546 = CARTESIAN_POINT('',(0.,0.));
#2547 = VECTOR('',#2548,1.);
#2548 = DIRECTION('',(5.551115123126E-17,1.));
#2549 = ( GEOMETRIC_REPRESENTATION_CONTEXT(2) 
PARAMETRIC_REPRESENTATION_CONTEXT() REPRESENTATION_CONTEXT('2D SPACE',''
  ) );
#2550 = ORIENTED_EDGE('',*,*,#2551,.F.);
#2551 = EDGE_CURVE('',#2435,#2529,#2552,.T.);
#2552 = SURFACE_CURVE('',#2553,(#2558,#2569),.PCURVE_S1.);
#2553 = CIRCLE('',#2554,1.);
#2554 = AXIS2_PLACEMENT_3D('',#2555,#2556,#2557);
#2555 = CARTESIAN_POINT('',(-2.713560363886E-02,12.21072788335,
    8.582812803044));
#2556 = DIRECTION('',(0.336824088833,5.939117461388E-02,-0.939692620786)
  );
#2557 = DIRECTION('',(0.173648177667,-0.984807753012,0.));
#2558 = PCURVE('',#1533,#2559);
#2559 = DEFINITIONAL_REPRESENTATION('',(#2560),#2568);
#2560 = ( BOUNDED_CURVE() B_SPLINE_CURVE(2,(#2561,#2562,#2563,#2564,
#2565,#2566,#2567),.UNSPECIFIED.,.T.,.F.) B_SPLINE_CURVE_WITH_KNOTS((1,2
    ,2,2,2,1),(-2.094395102393,0.,2.094395102393,4.188790204786,
6.28318530718,8.377580409573),.UNSPECIFIED.) CURVE() 
GEOMETRIC_REPRESENTATION_ITEM() RATIONAL_B_SPLINE_CURVE((1.,0.5,1.,0.5,
1.,0.5,1.)) REPRESENTATION_ITEM('') );
#2561 = CARTESIAN_POINT('',(1.,23.4));
#2562 = CARTESIAN_POINT('',(-0.732050807569,23.4));
#2563 = CARTESIAN_POINT('',(0.133974596216,24.9));
#2564 = CARTESIAN_POINT('',(1.,26.4));
#2565 = CARTESIAN_POINT('',(1.866025403784,24.9));
#2566 = CARTESIAN_POINT('',(2.732050807569,23.4));
#2567 = CARTESIAN_POINT('',(1.,23.4));
#2568 = ( GEOMETRIC_REPRESENTATION_CONTEXT(2) 
PARAMETRIC_REPRESENTATION_CONTEXT() REPRESENTATION_CONTEXT('2D SPACE',''
  ) );
#2569 = PCURVE('',#2363,#2570);
#2570 = DEFINITIONAL_REPRESENTATION('',(#2571),#2575);
#2571 = LINE('',#2572,#2573);
#2572 = CARTESIAN_POINT('',(1.570796326795,-0.));
#2573 = VECTOR('',#2574,1.);
#2574 = DIRECTION('',(-1.,0.));
#2575 = ( GEOMETRIC_REPRESENTATION_CONTEXT(2) 
PARAMETRIC_REPRESENTATION_CONTEXT() REPRESENTATION_CONTEXT('2D SPACE',''
  ) );
#2576 = ADVANCED_FACE('',(#2577),#1507,.F.);
#2577 = FACE_BOUND('',#2578,.F.);
#2578 = EDGE_LOOP('',(#2579,#2580,#2581,#2602));
#2579 = ORIENTED_EDGE('',*,*,#1492,.F.);
#2580 = ORIENTED_EDGE('',*,*,#2504,.T.);
#2581 = ORIENTED_EDGE('',*,*,#2582,.T.);
#2582 = EDGE_CURVE('',#2505,#2293,#2583,.T.);
#2583 = SURFACE_CURVE('',#2584,(#2588,#2595),.PCURVE_S1.);
#2584 = LINE('',#2585,#2586);
#2585 = CARTESIAN_POINT('',(1.187341086292,13.440299503112,
    9.095843018033));
#2586 = VECTOR('',#2587,1.);
#2587 = DIRECTION('',(-0.336824088833,-5.939117461388E-02,0.939692620786
    ));
#2588 = PCURVE('',#1507,#2589);
#2589 = DEFINITIONAL_REPRESENTATION('',(#2590),#2594);
#2590 = LINE('',#2591,#2592);
#2591 = CARTESIAN_POINT('',(1.570796326795,0.));
#2592 = VECTOR('',#2593,1.);
#2593 = DIRECTION('',(0.,1.));
#2594 = ( GEOMETRIC_REPRESENTATION_CONTEXT(2) 
PARAMETRIC_REPRESENTATION_CONTEXT() REPRESENTATION_CONTEXT('2D SPACE',''
  ) );
#2595 = PCURVE('',#2332,#2596);
#2596 = DEFINITIONAL_REPRESENTATION('',(#2597),#2601);
#2597 = LINE('',#2598,#2599);
#2598 = CARTESIAN_POINT('',(0.,2.5));
#2599 = VECTOR('',#2600,1.);
#2600 = DIRECTION('',(1.,5.551115123126E-17));
#2601 = ( GEOMETRIC_REPRESENTATION_CONTEXT(2) 
PARAMETRIC_REPRESENTATION_CONTEXT() REPRESENTATION_CONTEXT('2D SPACE',''
  ) );
#2602 = ORIENTED_EDGE('',*,*,#2292,.F.);
#2603 = ADVANCED_FACE('',(#2604),#1611,.T.);
#2604 = FACE_BOUND('',#2605,.F.);
#2605 = EDGE_LOOP('',(#2606,#2607,#2608,#2632));
#2606 = ORIENTED_EDGE('',*,*,#2102,.F.);
#2607 = ORIENTED_EDGE('',*,*,#1596,.T.);
#2608 = ORIENTED_EDGE('',*,*,#2609,.T.);
#2609 = EDGE_CURVE('',#1572,#2610,#2612,.T.);
#2610 = VERTEX_POINT('',#2611);
#2611 = CARTESIAN_POINT('',(-10.58310398463,-14.42698347973,
    16.843440193036));
#2612 = SURFACE_CURVE('',#2613,(#2618,#2625),.PCURVE_S1.);
#2613 = CIRCLE('',#2614,1.);
#2614 = AXIS2_PLACEMENT_3D('',#2615,#2616,#2617);
#2615 = CARTESIAN_POINT('',(-10.2462798958,-14.36759230512,
    15.90374757225));
#2616 = DIRECTION('',(-0.173648177667,0.984807753012,0.));
#2617 = DIRECTION('',(-0.925416578398,-0.163175911167,-0.342020143326));
#2618 = PCURVE('',#1611,#2619);
#2619 = DEFINITIONAL_REPRESENTATION('',(#2620),#2624);
#2620 = LINE('',#2621,#2622);
#2621 = CARTESIAN_POINT('',(-1.570796326795,0.));
#2622 = VECTOR('',#2623,1.);
#2623 = DIRECTION('',(-0.,1.));
#2624 = ( GEOMETRIC_REPRESENTATION_CONTEXT(2) 
PARAMETRIC_REPRESENTATION_CONTEXT() REPRESENTATION_CONTEXT('2D SPACE',''
  ) );
#2625 = PCURVE('',#1833,#2626);
#2626 = DEFINITIONAL_REPRESENTATION('',(#2627),#2631);
#2627 = LINE('',#2628,#2629);
#2628 = CARTESIAN_POINT('',(0.,0.));
#2629 = VECTOR('',#2630,1.);
#2630 = DIRECTION('',(1.,0.));
#2631 = ( GEOMETRIC_REPRESENTATION_CONTEXT(2) 
PARAMETRIC_REPRESENTATION_CONTEXT() REPRESENTATION_CONTEXT('2D SPACE',''
  ) );
#2632 = ORIENTED_EDGE('',*,*,#2633,.F.);
#2633 = EDGE_CURVE('',#2080,#2610,#2634,.T.);
#2634 = SURFACE_CURVE('',#2635,(#2640,#2647),.PCURVE_S1.);
#2635 = CIRCLE('',#2636,1.);
#2636 = AXIS2_PLACEMENT_3D('',#2637,#2638,#2639);
#2637 = CARTESIAN_POINT('',(-9.657687406236,-14.26380756857,
    17.185460336361));
#2638 = DIRECTION('',(0.336824088833,5.939117461388E-02,-0.939692620786)
  );
#2639 = DIRECTION('',(0.173648177667,-0.984807753012,-1.518874552023E-16
    ));
#2640 = PCURVE('',#1611,#2641);
#2641 = DEFINITIONAL_REPRESENTATION('',(#2642),#2646);
#2642 = LINE('',#2643,#2644);
#2643 = CARTESIAN_POINT('',(-0.,1.570796326795));
#2644 = VECTOR('',#2645,1.);
#2645 = DIRECTION('',(-1.,0.));
#2646 = ( GEOMETRIC_REPRESENTATION_CONTEXT(2) 
PARAMETRIC_REPRESENTATION_CONTEXT() REPRESENTATION_CONTEXT('2D SPACE',''
  ) );
#2647 = PCURVE('',#2059,#2648);
#2648 = DEFINITIONAL_REPRESENTATION('',(#2649),#2657);
#2649 = ( BOUNDED_CURVE() B_SPLINE_CURVE(2,(#2650,#2651,#2652,#2653,
#2654,#2655,#2656),.UNSPECIFIED.,.T.,.F.) B_SPLINE_CURVE_WITH_KNOTS((1,2
    ,2,2,2,1),(-2.094395102393,0.,2.094395102393,4.188790204786,
6.28318530718,8.377580409573),.UNSPECIFIED.) CURVE() 
GEOMETRIC_REPRESENTATION_ITEM() RATIONAL_B_SPLINE_CURVE((1.,0.5,1.,0.5,
1.,0.5,1.)) REPRESENTATION_ITEM('') );
#2650 = CARTESIAN_POINT('',(2.,1.));
#2651 = CARTESIAN_POINT('',(0.267949192431,1.));
#2652 = CARTESIAN_POINT('',(1.133974596216,2.5));
#2653 = CARTESIAN_POINT('',(2.,4.));
#2654 = CARTESIAN_POINT('',(2.866025403784,2.5));
#2655 = CARTESIAN_POINT('',(3.732050807569,1.));
#2656 = CARTESIAN_POINT('',(2.,1.));
#2657 = ( GEOMETRIC_REPRESENTATION_CONTEXT(2) 
PARAMETRIC_REPRESENTATION_CONTEXT() REPRESENTATION_CONTEXT('2D SPACE',''
  ) );
#2658 = ADVANCED_FACE('',(#2659),#1666,.T.);
#2659 = FACE_BOUND('',#2660,.F.);
#2660 = EDGE_LOOP('',(#2661,#2685,#2686,#2687));
#2661 = ORIENTED_EDGE('',*,*,#2662,.F.);
#2662 = EDGE_CURVE('',#1629,#2663,#2665,.T.);
#2663 = VERTEX_POINT('',#2664);
#2664 = CARTESIAN_POINT('',(-5.17291682834,13.334241040384,
    20.537257740953));
#2665 = SURFACE_CURVE('',#2666,(#2671,#2678),.PCURVE_S1.);
#2666 = CIRCLE('',#2667,1.);
#2667 = AXIS2_PLACEMENT_3D('',#2668,#2669,#2670);
#2668 = CARTESIAN_POINT('',(-4.836092739506,13.393632214998,
    19.597565120167));
#2669 = DIRECTION('',(0.925416578398,0.163175911167,0.342020143326));
#2670 = DIRECTION('',(-0.173648177667,0.984807753012,0.));
#2671 = PCURVE('',#1666,#2672);
#2672 = DEFINITIONAL_REPRESENTATION('',(#2673),#2677);
#2673 = LINE('',#2674,#2675);
#2674 = CARTESIAN_POINT('',(2.22044604925E-16,-0.));
#2675 = VECTOR('',#2676,1.);
#2676 = DIRECTION('',(-0.,1.));
#2677 = ( GEOMETRIC_REPRESENTATION_CONTEXT(2) 
PARAMETRIC_REPRESENTATION_CONTEXT() REPRESENTATION_CONTEXT('2D SPACE',''
  ) );
#2678 = PCURVE('',#1887,#2679);
#2679 = DEFINITIONAL_REPRESENTATION('',(#2680),#2684);
#2680 = LINE('',#2681,#2682);
#2681 = CARTESIAN_POINT('',(0.,9.8));
#2682 = VECTOR('',#2683,1.);
#2683 = DIRECTION('',(1.,0.));
#2684 = ( GEOMETRIC_REPRESENTATION_CONTEXT(2) 
PARAMETRIC_REPRESENTATION_CONTEXT() REPRESENTATION_CONTEXT('2D SPACE',''
  ) );
#2685 = ORIENTED_EDGE('',*,*,#1651,.T.);
#2686 = ORIENTED_EDGE('',*,*,#2128,.T.);
#2687 = ORIENTED_EDGE('',*,*,#2688,.F.);
#2688 = EDGE_CURVE('',#2663,#2129,#2689,.T.);
#2689 = SURFACE_CURVE('',#2690,(#2695,#2702),.PCURVE_S1.);
#2690 = CIRCLE('',#2691,1.);
#2691 = AXIS2_PLACEMENT_3D('',#2692,#2693,#2694);
#2692 = CARTESIAN_POINT('',(-4.999268650673,12.349433287371,
    20.537257740953));
#2693 = DIRECTION('',(0.336824088833,5.939117461388E-02,-0.939692620786)
  );
#2694 = DIRECTION('',(-0.173648177667,0.984807753012,1.518874552023E-16)
  );
#2695 = PCURVE('',#1666,#2696);
#2696 = DEFINITIONAL_REPRESENTATION('',(#2697),#2701);
#2697 = LINE('',#2698,#2699);
#2698 = CARTESIAN_POINT('',(-0.,1.570796326795));
#2699 = VECTOR('',#2700,1.);
#2700 = DIRECTION('',(-1.,0.));
#2701 = ( GEOMETRIC_REPRESENTATION_CONTEXT(2) 
PARAMETRIC_REPRESENTATION_CONTEXT() REPRESENTATION_CONTEXT('2D SPACE',''
  ) );
#2702 = PCURVE('',#2059,#2703);
#2703 = DEFINITIONAL_REPRESENTATION('',(#2704),#2712);
#2704 = ( BOUNDED_CURVE() B_SPLINE_CURVE(2,(#2705,#2706,#2707,#2708,
#2709,#2710,#2711),.UNSPECIFIED.,.T.,.F.) B_SPLINE_CURVE_WITH_KNOTS((1,2
    ,2,2,2,1),(-2.094395102393,0.,2.094395102393,4.188790204786,
6.28318530718,8.377580409573),.UNSPECIFIED.) CURVE() 
GEOMETRIC_REPRESENTATION_ITEM() RATIONAL_B_SPLINE_CURVE((1.,0.5,1.,0.5,
1.,0.5,1.)) REPRESENTATION_ITEM('') );
#2705 = CARTESIAN_POINT('',(11.8,28.4));
#2706 = CARTESIAN_POINT('',(13.532050807569,28.4));
#2707 = CARTESIAN_POINT('',(12.666025403784,26.9));
#2708 = CARTESIAN_POINT('',(11.8,25.4));
#2709 = CARTESIAN_POINT('',(10.933974596216,26.9));
#2710 = CARTESIAN_POINT('',(10.067949192431,28.4));
#2711 = CARTESIAN_POINT('',(11.8,28.4));
#2712 = ( GEOMETRIC_REPRESENTATION_CONTEXT(2) 
PARAMETRIC_REPRESENTATION_CONTEXT() REPRESENTATION_CONTEXT('2D SPACE',''
  ) );
#2713 = ADVANCED_FACE('',(#2714),#1833,.T.);
#2714 = FACE_BOUND('',#2715,.T.);
#2715 = EDGE_LOOP('',(#2716,#2717,#2718,#2741));
#2716 = ORIENTED_EDGE('',*,*,#1819,.F.);
#2717 = ORIENTED_EDGE('',*,*,#2609,.T.);
#2718 = ORIENTED_EDGE('',*,*,#2719,.T.);
#2719 = EDGE_CURVE('',#2610,#2720,#2722,.T.);
#2720 = VERTEX_POINT('',#2721);
#2721 = CARTESIAN_POINT('',(-12.44113948567,-3.889540522507,
    16.843440193036));
#2722 = SURFACE_CURVE('',#2723,(#2727,#2734),.PCURVE_S1.);
#2723 = LINE('',#2724,#2725);
#2724 = CARTESIAN_POINT('',(-10.58310398463,-14.42698347973,
    16.843440193036));
#2725 = VECTOR('',#2726,1.);
#2726 = DIRECTION('',(-0.173648177667,0.984807753012,0.));
#2727 = PCURVE('',#1833,#2728);
#2728 = DEFINITIONAL_REPRESENTATION('',(#2729),#2733);
#2729 = LINE('',#2730,#2731);
#2730 = CARTESIAN_POINT('',(1.570796326795,0.));
#2731 = VECTOR('',#2732,1.);
#2732 = DIRECTION('',(0.,1.));
#2733 = ( GEOMETRIC_REPRESENTATION_CONTEXT(2) 
PARAMETRIC_REPRESENTATION_CONTEXT() REPRESENTATION_CONTEXT('2D SPACE',''
  ) );
#2734 = PCURVE('',#2059,#2735);
#2735 = DEFINITIONAL_REPRESENTATION('',(#2736),#2740);
#2736 = LINE('',#2737,#2738);
#2737 = CARTESIAN_POINT('',(1.,2.));
#2738 = VECTOR('',#2739,1.);
#2739 = DIRECTION('',(0.,1.));
#2740 = ( GEOMETRIC_REPRESENTATION_CONTEXT(2) 
PARAMETRIC_REPRESENTATION_CONTEXT() REPRESENTATION_CONTEXT('2D SPACE',''
  ) );
#2741 = ORIENTED_EDGE('',*,*,#2742,.F.);
#2742 = EDGE_CURVE('',#1794,#2720,#2743,.T.);
#2743 = SURFACE_CURVE('',#2744,(#2749,#2756),.PCURVE_S1.);
#2744 = CIRCLE('',#2745,1.);
#2745 = AXIS2_PLACEMENT_3D('',#2746,#2747,#2748);
#2746 = CARTESIAN_POINT('',(-12.10431539683,-3.830149347893,
    15.90374757225));
#2747 = DIRECTION('',(-0.173648177667,0.984807753012,0.));
#2748 = DIRECTION('',(-0.925416578398,-0.163175911167,-0.342020143326));
#2749 = PCURVE('',#1833,#2750);
#2750 = DEFINITIONAL_REPRESENTATION('',(#2751),#2755);
#2751 = LINE('',#2752,#2753);
#2752 = CARTESIAN_POINT('',(0.,10.7));
#2753 = VECTOR('',#2754,1.);
#2754 = DIRECTION('',(1.,0.));
#2755 = ( GEOMETRIC_REPRESENTATION_CONTEXT(2) 
PARAMETRIC_REPRESENTATION_CONTEXT() REPRESENTATION_CONTEXT('2D SPACE',''
  ) );
#2756 = PCURVE('',#1808,#2757);
#2757 = DEFINITIONAL_REPRESENTATION('',(#2758),#2766);
#2758 = ( BOUNDED_CURVE() B_SPLINE_CURVE(2,(#2759,#2760,#2761,#2762,
#2763,#2764,#2765),.UNSPECIFIED.,.T.,.F.) B_SPLINE_CURVE_WITH_KNOTS((1,2
    ,2,2,2,1),(-2.094395102393,0.,2.094395102393,4.188790204786,
6.28318530718,8.377580409573),.UNSPECIFIED.) CURVE() 
GEOMETRIC_REPRESENTATION_ITEM() RATIONAL_B_SPLINE_CURVE((1.,0.5,1.,0.5,
1.,0.5,1.)) REPRESENTATION_ITEM('') );
#2759 = CARTESIAN_POINT('',(3.,-1.));
#2760 = CARTESIAN_POINT('',(4.732050807569,-1.));
#2761 = CARTESIAN_POINT('',(3.866025403784,-2.5));
#2762 = CARTESIAN_POINT('',(3.,-4.));
#2763 = CARTESIAN_POINT('',(2.133974596216,-2.5));
#2764 = CARTESIAN_POINT('',(1.267949192431,-1.));
#2765 = CARTESIAN_POINT('',(3.,-1.));
#2766 = ( GEOMETRIC_REPRESENTATION_CONTEXT(2) 
PARAMETRIC_REPRESENTATION_CONTEXT() REPRESENTATION_CONTEXT('2D SPACE',''
  ) );
#2767 = ADVANCED_FACE('',(#2768),#1808,.F.);
#2768 = FACE_BOUND('',#2769,.F.);
#2769 = EDGE_LOOP('',(#2770,#2771,#2794,#2820,#2841));
#2770 = ORIENTED_EDGE('',*,*,#1793,.T.);
#2771 = ORIENTED_EDGE('',*,*,#2772,.T.);
#2772 = EDGE_CURVE('',#1761,#2773,#2775,.T.);
#2773 = VERTEX_POINT('',#2774);
#2774 = CARTESIAN_POINT('',(-10.16842655193,-3.488799912885,
    13.426689853218));
#2775 = SURFACE_CURVE('',#2776,(#2780,#2787),.PCURVE_S1.);
#2776 = LINE('',#2777,#2778);
#2777 = CARTESIAN_POINT('',(-12.94467628713,-3.978327646384,
    12.400629423241));
#2778 = VECTOR('',#2779,1.);
#2779 = DIRECTION('',(0.925416578398,0.163175911167,0.342020143326));
#2780 = PCURVE('',#1808,#2781);
#2781 = DEFINITIONAL_REPRESENTATION('',(#2782),#2786);
#2782 = LINE('',#2783,#2784);
#2783 = CARTESIAN_POINT('',(0.,-0.));
#2784 = VECTOR('',#2785,1.);
#2785 = DIRECTION('',(5.551115123126E-17,-1.));
#2786 = ( GEOMETRIC_REPRESENTATION_CONTEXT(2) 
PARAMETRIC_REPRESENTATION_CONTEXT() REPRESENTATION_CONTEXT('2D SPACE',''
  ) );
#2787 = PCURVE('',#1781,#2788);
#2788 = DEFINITIONAL_REPRESENTATION('',(#2789),#2793);
#2789 = LINE('',#2790,#2791);
#2790 = CARTESIAN_POINT('',(3.14159265359,0.));
#2791 = VECTOR('',#2792,1.);
#2792 = DIRECTION('',(0.,-1.));
#2793 = ( GEOMETRIC_REPRESENTATION_CONTEXT(2) 
PARAMETRIC_REPRESENTATION_CONTEXT() REPRESENTATION_CONTEXT('2D SPACE',''
  ) );
#2794 = ORIENTED_EDGE('',*,*,#2795,.F.);
#2795 = EDGE_CURVE('',#2796,#2773,#2798,.T.);
#2796 = VERTEX_POINT('',#2797);
#2797 = CARTESIAN_POINT('',(-11.51572290727,-3.72636461134,
    17.185460336361));
#2798 = SURFACE_CURVE('',#2799,(#2803,#2809),.PCURVE_S1.);
#2799 = LINE('',#2800,#2801);
#2800 = CARTESIAN_POINT('',(-10.50525064077,-3.548191087498,
    14.366382474004));
#2801 = VECTOR('',#2802,1.);
#2802 = DIRECTION('',(0.336824088833,5.939117461388E-02,-0.939692620786)
  );
#2803 = PCURVE('',#1808,#2804);
#2804 = DEFINITIONAL_REPRESENTATION('',(#2805),#2808);
#2805 = B_SPLINE_CURVE_WITH_KNOTS('',1,(#2806,#2807),.UNSPECIFIED.,.F.,
  .F.,(2,2),(-3.,1.),.PIECEWISE_BEZIER_KNOTS.);
#2806 = CARTESIAN_POINT('',(4.,-3.));
#2807 = CARTESIAN_POINT('',(-2.22044604925E-16,-3.));
#2808 = ( GEOMETRIC_REPRESENTATION_CONTEXT(2) 
PARAMETRIC_REPRESENTATION_CONTEXT() REPRESENTATION_CONTEXT('2D SPACE',''
  ) );
#2809 = PCURVE('',#2810,#2815);
#2810 = PLANE('',#2811);
#2811 = AXIS2_PLACEMENT_3D('',#2812,#2813,#2814);
#2812 = CARTESIAN_POINT('',(-8.984039228569,-14.14502521934,
    15.30607509479));
#2813 = DIRECTION('',(0.925416578398,0.163175911167,0.342020143326));
#2814 = DIRECTION('',(-0.336824088833,-5.939117461388E-02,0.939692620786
    ));
#2815 = DEFINITIONAL_REPRESENTATION('',(#2816),#2819);
#2816 = B_SPLINE_CURVE_WITH_KNOTS('',1,(#2817,#2818),.UNSPECIFIED.,.F.,
  .F.,(2,2),(-3.,1.),.PIECEWISE_BEZIER_KNOTS.);
#2817 = CARTESIAN_POINT('',(2.,-10.7));
#2818 = CARTESIAN_POINT('',(-2.,-10.7));
#2819 = ( GEOMETRIC_REPRESENTATION_CONTEXT(2) 
PARAMETRIC_REPRESENTATION_CONTEXT() REPRESENTATION_CONTEXT('2D SPACE',''
  ) );
#2820 = ORIENTED_EDGE('',*,*,#2821,.F.);
#2821 = EDGE_CURVE('',#2720,#2796,#2822,.T.);
#2822 = SURFACE_CURVE('',#2823,(#2827,#2834),.PCURVE_S1.);
#2823 = LINE('',#2824,#2825);
#2824 = CARTESIAN_POINT('',(-14.29197264246,-4.21589234484,
    16.159399906384));
#2825 = VECTOR('',#2826,1.);
#2826 = DIRECTION('',(0.925416578398,0.163175911167,0.342020143326));
#2827 = PCURVE('',#1808,#2828);
#2828 = DEFINITIONAL_REPRESENTATION('',(#2829),#2833);
#2829 = LINE('',#2830,#2831);
#2830 = CARTESIAN_POINT('',(4.,1.7763568394E-15));
#2831 = VECTOR('',#2832,1.);
#2832 = DIRECTION('',(5.551115123126E-17,-1.));
#2833 = ( GEOMETRIC_REPRESENTATION_CONTEXT(2) 
PARAMETRIC_REPRESENTATION_CONTEXT() REPRESENTATION_CONTEXT('2D SPACE',''
  ) );
#2834 = PCURVE('',#2059,#2835);
#2835 = DEFINITIONAL_REPRESENTATION('',(#2836),#2840);
#2836 = LINE('',#2837,#2838);
#2837 = CARTESIAN_POINT('',(-1.,12.7));
#2838 = VECTOR('',#2839,1.);
#2839 = DIRECTION('',(1.,0.));
#2840 = ( GEOMETRIC_REPRESENTATION_CONTEXT(2) 
PARAMETRIC_REPRESENTATION_CONTEXT() REPRESENTATION_CONTEXT('2D SPACE',''
  ) );
#2841 = ORIENTED_EDGE('',*,*,#2742,.F.);
#2842 = ADVANCED_FACE('',(#2843),#1781,.F.);
#2843 = FACE_BOUND('',#2844,.F.);
#2844 = EDGE_LOOP('',(#2845,#2846,#2869,#2895));
#2845 = ORIENTED_EDGE('',*,*,#1760,.F.);
#2846 = ORIENTED_EDGE('',*,*,#2847,.T.);
#2847 = EDGE_CURVE('',#1735,#2848,#2850,.T.);
#2848 = VERTEX_POINT('',#2849);
#2849 = CARTESIAN_POINT('',(-10.8630192626,0.450431099164,
    13.426689853218));
#2850 = SURFACE_CURVE('',#2851,(#2855,#2862),.PCURVE_S1.);
#2851 = LINE('',#2852,#2853);
#2852 = CARTESIAN_POINT('',(-13.6392689978,-3.909663433528E-02,
    12.400629423241));
#2853 = VECTOR('',#2854,1.);
#2854 = DIRECTION('',(0.925416578398,0.163175911167,0.342020143326));
#2855 = PCURVE('',#1781,#2856);
#2856 = DEFINITIONAL_REPRESENTATION('',(#2857),#2861);
#2857 = LINE('',#2858,#2859);
#2858 = CARTESIAN_POINT('',(0.,0.));
#2859 = VECTOR('',#2860,1.);
#2860 = DIRECTION('',(0.,-1.));
#2861 = ( GEOMETRIC_REPRESENTATION_CONTEXT(2) 
PARAMETRIC_REPRESENTATION_CONTEXT() REPRESENTATION_CONTEXT('2D SPACE',''
  ) );
#2862 = PCURVE('',#1749,#2863);
#2863 = DEFINITIONAL_REPRESENTATION('',(#2864),#2868);
#2864 = LINE('',#2865,#2866);
#2865 = CARTESIAN_POINT('',(4.,-1.7763568394E-15));
#2866 = VECTOR('',#2867,1.);
#2867 = DIRECTION('',(-5.551115123126E-17,-1.));
#2868 = ( GEOMETRIC_REPRESENTATION_CONTEXT(2) 
PARAMETRIC_REPRESENTATION_CONTEXT() REPRESENTATION_CONTEXT('2D SPACE',''
  ) );
#2869 = ORIENTED_EDGE('',*,*,#2870,.T.);
#2870 = EDGE_CURVE('',#2848,#2773,#2871,.T.);
#2871 = SURFACE_CURVE('',#2872,(#2877,#2884),.PCURVE_S1.);
#2872 = CIRCLE('',#2873,2.);
#2873 = AXIS2_PLACEMENT_3D('',#2874,#2875,#2876);
#2874 = CARTESIAN_POINT('',(-10.51572290727,-1.51918440686,
    13.426689853218));
#2875 = DIRECTION('',(-0.925416578398,-0.163175911167,-0.342020143326));
#2876 = DIRECTION('',(-0.173648177667,0.984807753012,-9.020562075079E-17
    ));
#2877 = PCURVE('',#1781,#2878);
#2878 = DEFINITIONAL_REPRESENTATION('',(#2879),#2883);
#2879 = LINE('',#2880,#2881);
#2880 = CARTESIAN_POINT('',(-3.114130319544E-17,-3.));
#2881 = VECTOR('',#2882,1.);
#2882 = DIRECTION('',(1.,0.));
#2883 = ( GEOMETRIC_REPRESENTATION_CONTEXT(2) 
PARAMETRIC_REPRESENTATION_CONTEXT() REPRESENTATION_CONTEXT('2D SPACE',''
  ) );
#2884 = PCURVE('',#2810,#2885);
#2885 = DEFINITIONAL_REPRESENTATION('',(#2886),#2894);
#2886 = ( BOUNDED_CURVE() B_SPLINE_CURVE(2,(#2887,#2888,#2889,#2890,
#2891,#2892,#2893),.UNSPECIFIED.,.T.,.F.) B_SPLINE_CURVE_WITH_KNOTS((1,2
    ,2,2,2,1),(-2.094395102393,0.,2.094395102393,4.188790204786,
6.28318530718,8.377580409573),.UNSPECIFIED.) CURVE() 
GEOMETRIC_REPRESENTATION_ITEM() RATIONAL_B_SPLINE_CURVE((1.,0.5,1.,0.5,
1.,0.5,1.)) REPRESENTATION_ITEM('') );
#2887 = CARTESIAN_POINT('',(-2.,-14.7));
#2888 = CARTESIAN_POINT('',(-5.464101615138,-14.7));
#2889 = CARTESIAN_POINT('',(-3.732050807569,-11.7));
#2890 = CARTESIAN_POINT('',(-2.,-8.7));
#2891 = CARTESIAN_POINT('',(-0.267949192431,-11.7));
#2892 = CARTESIAN_POINT('',(1.464101615138,-14.7));
#2893 = CARTESIAN_POINT('',(-2.,-14.7));
#2894 = ( GEOMETRIC_REPRESENTATION_CONTEXT(2) 
PARAMETRIC_REPRESENTATION_CONTEXT() REPRESENTATION_CONTEXT('2D SPACE',''
  ) );
#2895 = ORIENTED_EDGE('',*,*,#2772,.F.);
#2896 = ADVANCED_FACE('',(#2897),#1749,.F.);
#2897 = FACE_BOUND('',#2898,.F.);
#2898 = EDGE_LOOP('',(#2899,#2923,#2946,#2965,#2966));
#2899 = ORIENTED_EDGE('',*,*,#2900,.T.);
#2900 = EDGE_CURVE('',#1707,#2901,#2903,.T.);
#2901 = VERTEX_POINT('',#2902);
#2902 = CARTESIAN_POINT('',(-13.13573219633,4.969048954225E-02,
    16.843440193036));
#2903 = SURFACE_CURVE('',#2904,(#2909,#2916),.PCURVE_S1.);
#2904 = CIRCLE('',#2905,1.);
#2905 = AXIS2_PLACEMENT_3D('',#2906,#2907,#2908);
#2906 = CARTESIAN_POINT('',(-12.7989081075,0.109081664156,15.90374757225
    ));
#2907 = DIRECTION('',(-0.173648177667,0.984807753012,0.));
#2908 = DIRECTION('',(-0.925416578398,-0.163175911167,-0.342020143326));
#2909 = PCURVE('',#1749,#2910);
#2910 = DEFINITIONAL_REPRESENTATION('',(#2911),#2915);
#2911 = CIRCLE('',#2912,1.);
#2912 = AXIS2_PLACEMENT_2D('',#2913,#2914);
#2913 = CARTESIAN_POINT('',(1.,-2.));
#2914 = DIRECTION('',(0.,1.));
#2915 = ( GEOMETRIC_REPRESENTATION_CONTEXT(2) 
PARAMETRIC_REPRESENTATION_CONTEXT() REPRESENTATION_CONTEXT('2D SPACE',''
  ) );
#2916 = PCURVE('',#1722,#2917);
#2917 = DEFINITIONAL_REPRESENTATION('',(#2918),#2922);
#2918 = LINE('',#2919,#2920);
#2919 = CARTESIAN_POINT('',(0.,14.7));
#2920 = VECTOR('',#2921,1.);
#2921 = DIRECTION('',(1.,0.));
#2922 = ( GEOMETRIC_REPRESENTATION_CONTEXT(2) 
PARAMETRIC_REPRESENTATION_CONTEXT() REPRESENTATION_CONTEXT('2D SPACE',''
  ) );
#2923 = ORIENTED_EDGE('',*,*,#2924,.T.);
#2924 = EDGE_CURVE('',#2901,#2925,#2927,.T.);
#2925 = VERTEX_POINT('',#2926);
#2926 = CARTESIAN_POINT('',(-12.21031561794,0.212866400709,
    17.185460336361));
#2927 = SURFACE_CURVE('',#2928,(#2932,#2939),.PCURVE_S1.);
#2928 = LINE('',#2929,#2930);
#2929 = CARTESIAN_POINT('',(-14.98656535313,-0.276661332791,
    16.159399906384));
#2930 = VECTOR('',#2931,1.);
#2931 = DIRECTION('',(0.925416578398,0.163175911167,0.342020143326));
#2932 = PCURVE('',#1749,#2933);
#2933 = DEFINITIONAL_REPRESENTATION('',(#2934),#2938);
#2934 = LINE('',#2935,#2936);
#2935 = CARTESIAN_POINT('',(0.,-0.));
#2936 = VECTOR('',#2937,1.);
#2937 = DIRECTION('',(-5.551115123126E-17,-1.));
#2938 = ( GEOMETRIC_REPRESENTATION_CONTEXT(2) 
PARAMETRIC_REPRESENTATION_CONTEXT() REPRESENTATION_CONTEXT('2D SPACE',''
  ) );
#2939 = PCURVE('',#2059,#2940);
#2940 = DEFINITIONAL_REPRESENTATION('',(#2941),#2945);
#2941 = LINE('',#2942,#2943);
#2942 = CARTESIAN_POINT('',(-1.,16.7));
#2943 = VECTOR('',#2944,1.);
#2944 = DIRECTION('',(1.,0.));
#2945 = ( GEOMETRIC_REPRESENTATION_CONTEXT(2) 
PARAMETRIC_REPRESENTATION_CONTEXT() REPRESENTATION_CONTEXT('2D SPACE',''
  ) );
#2946 = ORIENTED_EDGE('',*,*,#2947,.F.);
#2947 = EDGE_CURVE('',#2848,#2925,#2948,.T.);
#2948 = SURFACE_CURVE('',#2949,(#2953,#2959),.PCURVE_S1.);
#2949 = LINE('',#2950,#2951);
#2950 = CARTESIAN_POINT('',(-11.8734915291,0.272257575323,
    16.245767715575));
#2951 = VECTOR('',#2952,1.);
#2952 = DIRECTION('',(-0.336824088833,-5.939117461388E-02,0.939692620786
    ));
#2953 = PCURVE('',#1749,#2954);
#2954 = DEFINITIONAL_REPRESENTATION('',(#2955),#2958);
#2955 = B_SPLINE_CURVE_WITH_KNOTS('',1,(#2956,#2957),.UNSPECIFIED.,.F.,
  .F.,(2,2),(-3.,1.),.PIECEWISE_BEZIER_KNOTS.);
#2956 = CARTESIAN_POINT('',(4.,-3.));
#2957 = CARTESIAN_POINT('',(-1.443289932013E-15,-3.));
#2958 = ( GEOMETRIC_REPRESENTATION_CONTEXT(2) 
PARAMETRIC_REPRESENTATION_CONTEXT() REPRESENTATION_CONTEXT('2D SPACE',''
  ) );
#2959 = PCURVE('',#2810,#2960);
#2960 = DEFINITIONAL_REPRESENTATION('',(#2961),#2964);
#2961 = B_SPLINE_CURVE_WITH_KNOTS('',1,(#2962,#2963),.UNSPECIFIED.,.F.,
  .F.,(2,2),(-3.,1.),.PIECEWISE_BEZIER_KNOTS.);
#2962 = CARTESIAN_POINT('',(-2.,-14.7));
#2963 = CARTESIAN_POINT('',(2.,-14.7));
#2964 = ( GEOMETRIC_REPRESENTATION_CONTEXT(2) 
PARAMETRIC_REPRESENTATION_CONTEXT() REPRESENTATION_CONTEXT('2D SPACE',''
  ) );
#2965 = ORIENTED_EDGE('',*,*,#2847,.F.);
#2966 = ORIENTED_EDGE('',*,*,#1734,.T.);
#2967 = ADVANCED_FACE('',(#2968),#1722,.T.);
#2968 = FACE_BOUND('',#2969,.T.);
#2969 = EDGE_LOOP('',(#2970,#2971,#2972,#2995));
#2970 = ORIENTED_EDGE('',*,*,#1706,.F.);
#2971 = ORIENTED_EDGE('',*,*,#2900,.T.);
#2972 = ORIENTED_EDGE('',*,*,#2973,.T.);
#2973 = EDGE_CURVE('',#2901,#2974,#2976,.T.);
#2974 = VERTEX_POINT('',#2975);
#2975 = CARTESIAN_POINT('',(-14.99376769737,10.587133446773,
    16.843440193036));
#2976 = SURFACE_CURVE('',#2977,(#2981,#2988),.PCURVE_S1.);
#2977 = LINE('',#2978,#2979);
#2978 = CARTESIAN_POINT('',(-10.58310398463,-14.42698347973,
    16.843440193036));
#2979 = VECTOR('',#2980,1.);
#2980 = DIRECTION('',(-0.173648177667,0.984807753012,0.));
#2981 = PCURVE('',#1722,#2982);
#2982 = DEFINITIONAL_REPRESENTATION('',(#2983),#2987);
#2983 = LINE('',#2984,#2985);
#2984 = CARTESIAN_POINT('',(1.570796326795,0.));
#2985 = VECTOR('',#2986,1.);
#2986 = DIRECTION('',(0.,1.));
#2987 = ( GEOMETRIC_REPRESENTATION_CONTEXT(2) 
PARAMETRIC_REPRESENTATION_CONTEXT() REPRESENTATION_CONTEXT('2D SPACE',''
  ) );
#2988 = PCURVE('',#2059,#2989);
#2989 = DEFINITIONAL_REPRESENTATION('',(#2990),#2994);
#2990 = LINE('',#2991,#2992);
#2991 = CARTESIAN_POINT('',(1.,2.));
#2992 = VECTOR('',#2993,1.);
#2993 = DIRECTION('',(0.,1.));
#2994 = ( GEOMETRIC_REPRESENTATION_CONTEXT(2) 
PARAMETRIC_REPRESENTATION_CONTEXT() REPRESENTATION_CONTEXT('2D SPACE',''
  ) );
#2995 = ORIENTED_EDGE('',*,*,#2996,.F.);
#2996 = EDGE_CURVE('',#1684,#2974,#2997,.T.);
#2997 = SURFACE_CURVE('',#2998,(#3003,#3010),.PCURVE_S1.);
#2998 = CIRCLE('',#2999,1.);
#2999 = AXIS2_PLACEMENT_3D('',#3000,#3001,#3002);
#3000 = CARTESIAN_POINT('',(-14.65694360854,10.646524621387,
    15.90374757225));
#3001 = DIRECTION('',(-0.173648177667,0.984807753012,0.));
#3002 = DIRECTION('',(-0.925416578398,-0.163175911167,-0.342020143326));
#3003 = PCURVE('',#1722,#3004);
#3004 = DEFINITIONAL_REPRESENTATION('',(#3005),#3009);
#3005 = LINE('',#3006,#3007);
#3006 = CARTESIAN_POINT('',(0.,25.4));
#3007 = VECTOR('',#3008,1.);
#3008 = DIRECTION('',(1.,0.));
#3009 = ( GEOMETRIC_REPRESENTATION_CONTEXT(2) 
PARAMETRIC_REPRESENTATION_CONTEXT() REPRESENTATION_CONTEXT('2D SPACE',''
  ) );
#3010 = PCURVE('',#1920,#3011);
#3011 = DEFINITIONAL_REPRESENTATION('',(#3012),#3016);
#3012 = LINE('',#3013,#3014);
#3013 = CARTESIAN_POINT('',(-0.,0.));
#3014 = VECTOR('',#3015,1.);
#3015 = DIRECTION('',(-0.,1.));
#3016 = ( GEOMETRIC_REPRESENTATION_CONTEXT(2) 
PARAMETRIC_REPRESENTATION_CONTEXT() REPRESENTATION_CONTEXT('2D SPACE',''
  ) );
#3017 = ADVANCED_FACE('',(#3018),#1887,.T.);
#3018 = FACE_BOUND('',#3019,.T.);
#3019 = EDGE_LOOP('',(#3020,#3044,#3065,#3066));
#3020 = ORIENTED_EDGE('',*,*,#3021,.T.);
#3021 = EDGE_CURVE('',#1851,#3022,#3024,.T.);
#3022 = VERTEX_POINT('',#3023);
#3023 = CARTESIAN_POINT('',(-14.24199929664,11.735117110952,
    17.185460336361));
#3024 = SURFACE_CURVE('',#3025,(#3030,#3037),.PCURVE_S1.);
#3025 = CIRCLE('',#3026,1.);
#3026 = AXIS2_PLACEMENT_3D('',#3027,#3028,#3029);
#3027 = CARTESIAN_POINT('',(-13.90517520781,11.794508285566,
    16.245767715575));
#3028 = DIRECTION('',(0.925416578398,0.163175911167,0.342020143326));
#3029 = DIRECTION('',(-0.173648177667,0.984807753012,-2.094269368838E-17
    ));
#3030 = PCURVE('',#1887,#3031);
#3031 = DEFINITIONAL_REPRESENTATION('',(#3032),#3036);
#3032 = LINE('',#3033,#3034);
#3033 = CARTESIAN_POINT('',(0.,0.));
#3034 = VECTOR('',#3035,1.);
#3035 = DIRECTION('',(1.,0.));
#3036 = ( GEOMETRIC_REPRESENTATION_CONTEXT(2) 
PARAMETRIC_REPRESENTATION_CONTEXT() REPRESENTATION_CONTEXT('2D SPACE',''
  ) );
#3037 = PCURVE('',#1920,#3038);
#3038 = DEFINITIONAL_REPRESENTATION('',(#3039),#3043);
#3039 = LINE('',#3040,#3041);
#3040 = CARTESIAN_POINT('',(-1.570796326795,0.));
#3041 = VECTOR('',#3042,1.);
#3042 = DIRECTION('',(-0.,1.));
#3043 = ( GEOMETRIC_REPRESENTATION_CONTEXT(2) 
PARAMETRIC_REPRESENTATION_CONTEXT() REPRESENTATION_CONTEXT('2D SPACE',''
  ) );
#3044 = ORIENTED_EDGE('',*,*,#3045,.T.);
#3045 = EDGE_CURVE('',#3022,#2663,#3046,.T.);
#3046 = SURFACE_CURVE('',#3047,(#3051,#3058),.PCURVE_S1.);
#3047 = LINE('',#3048,#3049);
#3048 = CARTESIAN_POINT('',(-14.24199929664,11.735117110952,
    17.185460336361));
#3049 = VECTOR('',#3050,1.);
#3050 = DIRECTION('',(0.925416578398,0.163175911167,0.342020143326));
#3051 = PCURVE('',#1887,#3052);
#3052 = DEFINITIONAL_REPRESENTATION('',(#3053),#3057);
#3053 = LINE('',#3054,#3055);
#3054 = CARTESIAN_POINT('',(1.570796326795,0.));
#3055 = VECTOR('',#3056,1.);
#3056 = DIRECTION('',(0.,1.));
#3057 = ( GEOMETRIC_REPRESENTATION_CONTEXT(2) 
PARAMETRIC_REPRESENTATION_CONTEXT() REPRESENTATION_CONTEXT('2D SPACE',''
  ) );
#3058 = PCURVE('',#2059,#3059);
#3059 = DEFINITIONAL_REPRESENTATION('',(#3060),#3064);
#3060 = LINE('',#3061,#3062);
#3061 = CARTESIAN_POINT('',(2.,28.4));
#3062 = VECTOR('',#3063,1.);
#3063 = DIRECTION('',(1.,0.));
#3064 = ( GEOMETRIC_REPRESENTATION_CONTEXT(2) 
PARAMETRIC_REPRESENTATION_CONTEXT() REPRESENTATION_CONTEXT('2D SPACE',''
  ) );
#3065 = ORIENTED_EDGE('',*,*,#2662,.F.);
#3066 = ORIENTED_EDGE('',*,*,#1873,.F.);
#3067 = ADVANCED_FACE('',(#3068),#1920,.T.);
#3068 = FACE_BOUND('',#3069,.F.);
#3069 = EDGE_LOOP('',(#3070,#3071,#3072,#3073));
#3070 = ORIENTED_EDGE('',*,*,#2996,.F.);
#3071 = ORIENTED_EDGE('',*,*,#1905,.T.);
#3072 = ORIENTED_EDGE('',*,*,#3021,.T.);
#3073 = ORIENTED_EDGE('',*,*,#3074,.F.);
#3074 = EDGE_CURVE('',#2974,#3022,#3075,.T.);
#3075 = SURFACE_CURVE('',#3076,(#3081,#3088),.PCURVE_S1.);
#3076 = CIRCLE('',#3077,1.);
#3077 = AXIS2_PLACEMENT_3D('',#3078,#3079,#3080);
#3078 = CARTESIAN_POINT('',(-14.06835111897,10.750309357939,
    17.185460336361));
#3079 = DIRECTION('',(0.336824088833,5.939117461388E-02,-0.939692620786)
  );
#3080 = DIRECTION('',(-0.925416578398,-0.163175911167,-0.342020143326));
#3081 = PCURVE('',#1920,#3082);
#3082 = DEFINITIONAL_REPRESENTATION('',(#3083),#3087);
#3083 = LINE('',#3084,#3085);
#3084 = CARTESIAN_POINT('',(-0.,1.570796326795));
#3085 = VECTOR('',#3086,1.);
#3086 = DIRECTION('',(-1.,0.));
#3087 = ( GEOMETRIC_REPRESENTATION_CONTEXT(2) 
PARAMETRIC_REPRESENTATION_CONTEXT() REPRESENTATION_CONTEXT('2D SPACE',''
  ) );
#3088 = PCURVE('',#2059,#3089);
#3089 = DEFINITIONAL_REPRESENTATION('',(#3090),#3098);
#3090 = ( BOUNDED_CURVE() B_SPLINE_CURVE(2,(#3091,#3092,#3093,#3094,
#3095,#3096,#3097),.UNSPECIFIED.,.T.,.F.) B_SPLINE_CURVE_WITH_KNOTS((1,2
    ,2,2,2,1),(-2.094395102393,0.,2.094395102393,4.188790204786,
6.28318530718,8.377580409573),.UNSPECIFIED.) CURVE() 
GEOMETRIC_REPRESENTATION_ITEM() RATIONAL_B_SPLINE_CURVE((1.,0.5,1.,0.5,
1.,0.5,1.)) REPRESENTATION_ITEM('') );
#3091 = CARTESIAN_POINT('',(1.,27.4));
#3092 = CARTESIAN_POINT('',(1.,29.132050807569));
#3093 = CARTESIAN_POINT('',(2.5,28.266025403784));
#3094 = CARTESIAN_POINT('',(4.,27.4));
#3095 = CARTESIAN_POINT('',(2.5,26.533974596216));
#3096 = CARTESIAN_POINT('',(1.,25.667949192431));
#3097 = CARTESIAN_POINT('',(1.,27.4));
#3098 = ( GEOMETRIC_REPRESENTATION_CONTEXT(2) 
PARAMETRIC_REPRESENTATION_CONTEXT() REPRESENTATION_CONTEXT('2D SPACE',''
  ) );
#3099 = ADVANCED_FACE('',(#3100),#2059,.T.);
#3100 = FACE_BOUND('',#3101,.T.);
#3101 = EDGE_LOOP('',(#3102,#3103,#3104,#3105,#3106,#3107,#3108,#3109,
    #3110,#3111,#3112,#3135,#3163,#3190,#3218,#3239));
#3102 = ORIENTED_EDGE('',*,*,#2719,.F.);
#3103 = ORIENTED_EDGE('',*,*,#2633,.F.);
#3104 = ORIENTED_EDGE('',*,*,#2079,.F.);
#3105 = ORIENTED_EDGE('',*,*,#2044,.F.);
#3106 = ORIENTED_EDGE('',*,*,#2152,.F.);
#3107 = ORIENTED_EDGE('',*,*,#2688,.F.);
#3108 = ORIENTED_EDGE('',*,*,#3045,.F.);
#3109 = ORIENTED_EDGE('',*,*,#3074,.F.);
#3110 = ORIENTED_EDGE('',*,*,#2973,.F.);
#3111 = ORIENTED_EDGE('',*,*,#2924,.T.);
#3112 = ORIENTED_EDGE('',*,*,#3113,.T.);
#3113 = EDGE_CURVE('',#2925,#3114,#3116,.T.);
#3114 = VERTEX_POINT('',#3115);
#3115 = CARTESIAN_POINT('',(-14.06835111897,10.750309357939,
    17.185460336361));
#3116 = SURFACE_CURVE('',#3117,(#3121,#3128),.PCURVE_S1.);
#3117 = LINE('',#3118,#3119);
#3118 = CARTESIAN_POINT('',(-9.657687406236,-14.26380756857,
    17.185460336361));
#3119 = VECTOR('',#3120,1.);
#3120 = DIRECTION('',(-0.173648177667,0.984807753012,0.));
#3121 = PCURVE('',#2059,#3122);
#3122 = DEFINITIONAL_REPRESENTATION('',(#3123),#3127);
#3123 = LINE('',#3124,#3125);
#3124 = CARTESIAN_POINT('',(2.,2.));
#3125 = VECTOR('',#3126,1.);
#3126 = DIRECTION('',(-6.22015037708E-17,1.));
#3127 = ( GEOMETRIC_REPRESENTATION_CONTEXT(2) 
PARAMETRIC_REPRESENTATION_CONTEXT() REPRESENTATION_CONTEXT('2D SPACE',''
  ) );
#3128 = PCURVE('',#2810,#3129);
#3129 = DEFINITIONAL_REPRESENTATION('',(#3130),#3134);
#3130 = LINE('',#3131,#3132);
#3131 = CARTESIAN_POINT('',(2.,3.885780586188E-16));
#3132 = VECTOR('',#3133,1.);
#3133 = DIRECTION('',(1.784094010544E-17,-1.));
#3134 = ( GEOMETRIC_REPRESENTATION_CONTEXT(2) 
PARAMETRIC_REPRESENTATION_CONTEXT() REPRESENTATION_CONTEXT('2D SPACE',''
  ) );
#3135 = ORIENTED_EDGE('',*,*,#3136,.T.);
#3136 = EDGE_CURVE('',#3114,#3137,#3139,.T.);
#3137 = VERTEX_POINT('',#3138);
#3138 = CARTESIAN_POINT('',(-7.775518385868,11.859905553872,
    19.511197310976));
#3139 = SURFACE_CURVE('',#3140,(#3144,#3151),.PCURVE_S1.);
#3140 = LINE('',#3141,#3142);
#3141 = CARTESIAN_POINT('',(-14.06835111897,10.750309357939,
    17.185460336361));
#3142 = VECTOR('',#3143,1.);
#3143 = DIRECTION('',(0.925416578398,0.163175911167,0.342020143326));
#3144 = PCURVE('',#2059,#3145);
#3145 = DEFINITIONAL_REPRESENTATION('',(#3146),#3150);
#3146 = LINE('',#3147,#3148);
#3147 = CARTESIAN_POINT('',(2.,27.4));
#3148 = VECTOR('',#3149,1.);
#3149 = DIRECTION('',(1.,-5.551115123126E-17));
#3150 = ( GEOMETRIC_REPRESENTATION_CONTEXT(2) 
PARAMETRIC_REPRESENTATION_CONTEXT() REPRESENTATION_CONTEXT('2D SPACE',''
  ) );
#3151 = PCURVE('',#3152,#3157);
#3152 = PLANE('',#3153);
#3153 = AXIS2_PLACEMENT_3D('',#3154,#3155,#3156);
#3154 = CARTESIAN_POINT('',(-5.373862454552,12.283382292941,
    6.670920201854));
#3155 = DIRECTION('',(-0.173648177667,0.984807753012,0.));
#3156 = DIRECTION('',(-0.336824088833,-5.939117461388E-02,0.939692620786
    ));
#3157 = DEFINITIONAL_REPRESENTATION('',(#3158),#3162);
#3158 = LINE('',#3159,#3160);
#3159 = CARTESIAN_POINT('',(12.9,-4.7));
#3160 = VECTOR('',#3161,1.);
#3161 = DIRECTION('',(-5.551115123126E-17,1.));
#3162 = ( GEOMETRIC_REPRESENTATION_CONTEXT(2) 
PARAMETRIC_REPRESENTATION_CONTEXT() REPRESENTATION_CONTEXT('2D SPACE',''
  ) );
#3163 = ORIENTED_EDGE('',*,*,#3164,.F.);
#3164 = EDGE_CURVE('',#3165,#3137,#3167,.T.);
#3165 = VERTEX_POINT('',#3166);
#3166 = CARTESIAN_POINT('',(-3.364854673128,-13.15421137263,
    19.511197310976));
#3167 = SURFACE_CURVE('',#3168,(#3172,#3178),.PCURVE_S1.);
#3168 = LINE('',#3169,#3170);
#3169 = CARTESIAN_POINT('',(-3.191206495461,-14.13901912565,
    19.511197310976));
#3170 = VECTOR('',#3171,1.);
#3171 = DIRECTION('',(-0.173648177667,0.984807753012,0.));
#3172 = PCURVE('',#2059,#3173);
#3173 = DEFINITIONAL_REPRESENTATION('',(#3174),#3177);
#3174 = B_SPLINE_CURVE_WITH_KNOTS('',1,(#3175,#3176),.UNSPECIFIED.,.F.,
  .F.,(2,2),(1.,26.4),.PIECEWISE_BEZIER_KNOTS.);
#3175 = CARTESIAN_POINT('',(8.8,2.));
#3176 = CARTESIAN_POINT('',(8.8,27.4));
#3177 = ( GEOMETRIC_REPRESENTATION_CONTEXT(2) 
PARAMETRIC_REPRESENTATION_CONTEXT() REPRESENTATION_CONTEXT('2D SPACE',''
  ) );
#3178 = PCURVE('',#3179,#3184);
#3179 = PLANE('',#3180);
#3180 = AXIS2_PLACEMENT_3D('',#3181,#3182,#3183);
#3181 = CARTESIAN_POINT('',(0.980176072824,-12.38806522011,
    7.389162502838));
#3182 = DIRECTION('',(0.925416578398,0.163175911167,0.342020143326));
#3183 = DIRECTION('',(-0.336824088833,-5.939117461388E-02,0.939692620786
    ));
#3184 = DEFINITIONAL_REPRESENTATION('',(#3185),#3189);
#3185 = LINE('',#3186,#3187);
#3186 = CARTESIAN_POINT('',(12.9,1.));
#3187 = VECTOR('',#3188,1.);
#3188 = DIRECTION('',(0.,-1.));
#3189 = ( GEOMETRIC_REPRESENTATION_CONTEXT(2) 
PARAMETRIC_REPRESENTATION_CONTEXT() REPRESENTATION_CONTEXT('2D SPACE',''
  ) );
#3190 = ORIENTED_EDGE('',*,*,#3191,.T.);
#3191 = EDGE_CURVE('',#3165,#3192,#3194,.T.);
#3192 = VERTEX_POINT('',#3193);
#3193 = CARTESIAN_POINT('',(-9.657687406236,-14.26380756857,
    17.185460336361));
#3194 = SURFACE_CURVE('',#3195,(#3199,#3206),.PCURVE_S1.);
#3195 = LINE('',#3196,#3197);
#3196 = CARTESIAN_POINT('',(-3.364854673128,-13.15421137263,
    19.511197310976));
#3197 = VECTOR('',#3198,1.);
#3198 = DIRECTION('',(-0.925416578398,-0.163175911167,-0.342020143326));
#3199 = PCURVE('',#2059,#3200);
#3200 = DEFINITIONAL_REPRESENTATION('',(#3201),#3205);
#3201 = LINE('',#3202,#3203);
#3202 = CARTESIAN_POINT('',(8.8,2.));
#3203 = VECTOR('',#3204,1.);
#3204 = DIRECTION('',(-1.,2.775557561563E-17));
#3205 = ( GEOMETRIC_REPRESENTATION_CONTEXT(2) 
PARAMETRIC_REPRESENTATION_CONTEXT() REPRESENTATION_CONTEXT('2D SPACE',''
  ) );
#3206 = PCURVE('',#3207,#3212);
#3207 = PLANE('',#3208);
#3208 = AXIS2_PLACEMENT_3D('',#3209,#3210,#3211);
#3209 = CARTESIAN_POINT('',(-8.984039228569,-14.14502521934,
    15.30607509479));
#3210 = DIRECTION('',(-0.173648177667,0.984807753012,0.));
#3211 = DIRECTION('',(-0.336824088833,-5.939117461388E-02,0.939692620786
    ));
#3212 = DEFINITIONAL_REPRESENTATION('',(#3213),#3217);
#3213 = LINE('',#3214,#3215);
#3214 = CARTESIAN_POINT('',(2.,6.8));
#3215 = VECTOR('',#3216,1.);
#3216 = DIRECTION('',(-5.551115123126E-17,-1.));
#3217 = ( GEOMETRIC_REPRESENTATION_CONTEXT(2) 
PARAMETRIC_REPRESENTATION_CONTEXT() REPRESENTATION_CONTEXT('2D SPACE',''
  ) );
#3218 = ORIENTED_EDGE('',*,*,#3219,.T.);
#3219 = EDGE_CURVE('',#3192,#2796,#3220,.T.);
#3220 = SURFACE_CURVE('',#3221,(#3225,#3232),.PCURVE_S1.);
#3221 = LINE('',#3222,#3223);
#3222 = CARTESIAN_POINT('',(-9.657687406236,-14.26380756857,
    17.185460336361));
#3223 = VECTOR('',#3224,1.);
#3224 = DIRECTION('',(-0.173648177667,0.984807753012,0.));
#3225 = PCURVE('',#2059,#3226);
#3226 = DEFINITIONAL_REPRESENTATION('',(#3227),#3231);
#3227 = LINE('',#3228,#3229);
#3228 = CARTESIAN_POINT('',(2.,2.));
#3229 = VECTOR('',#3230,1.);
#3230 = DIRECTION('',(-6.22015037708E-17,1.));
#3231 = ( GEOMETRIC_REPRESENTATION_CONTEXT(2) 
PARAMETRIC_REPRESENTATION_CONTEXT() REPRESENTATION_CONTEXT('2D SPACE',''
  ) );
#3232 = PCURVE('',#2810,#3233);
#3233 = DEFINITIONAL_REPRESENTATION('',(#3234),#3238);
#3234 = LINE('',#3235,#3236);
#3235 = CARTESIAN_POINT('',(2.,3.885780586188E-16));
#3236 = VECTOR('',#3237,1.);
#3237 = DIRECTION('',(1.784094010544E-17,-1.));
#3238 = ( GEOMETRIC_REPRESENTATION_CONTEXT(2) 
PARAMETRIC_REPRESENTATION_CONTEXT() REPRESENTATION_CONTEXT('2D SPACE',''
  ) );
#3239 = ORIENTED_EDGE('',*,*,#2821,.F.);
#3240 = ADVANCED_FACE('',(#3241,#3287),#2196,.T.);
#3241 = FACE_BOUND('',#3242,.T.);
#3242 = EDGE_LOOP('',(#3243,#3244,#3265,#3266));
#3243 = ORIENTED_EDGE('',*,*,#2178,.F.);
#3244 = ORIENTED_EDGE('',*,*,#3245,.F.);
#3245 = EDGE_CURVE('',#2433,#2179,#3246,.T.);
#3246 = SURFACE_CURVE('',#3247,(#3251,#3258),.PCURVE_S1.);
#3247 = LINE('',#3248,#3249);
#3248 = CARTESIAN_POINT('',(3.110815175369,-10.9969494483,8.240792659719
    ));
#3249 = VECTOR('',#3250,1.);
#3250 = DIRECTION('',(-0.336824088833,-5.939117461388E-02,0.939692620786
    ));
#3251 = PCURVE('',#2196,#3252);
#3252 = DEFINITIONAL_REPRESENTATION('',(#3253),#3257);
#3253 = LINE('',#3254,#3255);
#3254 = CARTESIAN_POINT('',(-3.469446951954E-17,-1.));
#3255 = VECTOR('',#3256,1.);
#3256 = DIRECTION('',(1.,-6.938893903907E-18));
#3257 = ( GEOMETRIC_REPRESENTATION_CONTEXT(2) 
PARAMETRIC_REPRESENTATION_CONTEXT() REPRESENTATION_CONTEXT('2D SPACE',''
  ) );
#3258 = PCURVE('',#2225,#3259);
#3259 = DEFINITIONAL_REPRESENTATION('',(#3260),#3264);
#3260 = LINE('',#3261,#3262);
#3261 = CARTESIAN_POINT('',(0.,0.));
#3262 = VECTOR('',#3263,1.);
#3263 = DIRECTION('',(0.,1.));
#3264 = ( GEOMETRIC_REPRESENTATION_CONTEXT(2) 
PARAMETRIC_REPRESENTATION_CONTEXT() REPRESENTATION_CONTEXT('2D SPACE',''
  ) );
#3265 = ORIENTED_EDGE('',*,*,#2432,.T.);
#3266 = ORIENTED_EDGE('',*,*,#3267,.T.);
#3267 = EDGE_CURVE('',#2435,#2181,#3268,.T.);
#3268 = SURFACE_CURVE('',#3269,(#3273,#3280),.PCURVE_S1.);
#3269 = LINE('',#3270,#3271);
#3270 = CARTESIAN_POINT('',(-0.952552182037,12.047551972183,
    8.240792659719));
#3271 = VECTOR('',#3272,1.);
#3272 = DIRECTION('',(-0.336824088833,-5.939117461388E-02,0.939692620786
    ));
#3273 = PCURVE('',#2196,#3274);
#3274 = DEFINITIONAL_REPRESENTATION('',(#3275),#3279);
#3275 = LINE('',#3276,#3277);
#3276 = CARTESIAN_POINT('',(0.,-24.4));
#3277 = VECTOR('',#3278,1.);
#3278 = DIRECTION('',(1.,-6.938893903907E-18));
#3279 = ( GEOMETRIC_REPRESENTATION_CONTEXT(2) 
PARAMETRIC_REPRESENTATION_CONTEXT() REPRESENTATION_CONTEXT('2D SPACE',''
  ) );
#3280 = PCURVE('',#2363,#3281);
#3281 = DEFINITIONAL_REPRESENTATION('',(#3282),#3286);
#3282 = LINE('',#3283,#3284);
#3283 = CARTESIAN_POINT('',(-0.,0.));
#3284 = VECTOR('',#3285,1.);
#3285 = DIRECTION('',(-0.,1.));
#3286 = ( GEOMETRIC_REPRESENTATION_CONTEXT(2) 
PARAMETRIC_REPRESENTATION_CONTEXT() REPRESENTATION_CONTEXT('2D SPACE',''
  ) );
#3287 = FACE_BOUND('',#3288,.T.);
#3288 = EDGE_LOOP('',(#3289,#3316,#3341,#3366));
#3289 = ORIENTED_EDGE('',*,*,#3290,.T.);
#3290 = EDGE_CURVE('',#3291,#3293,#3295,.T.);
#3291 = VERTEX_POINT('',#3292);
#3292 = CARTESIAN_POINT('',(-2.962928325732,3.732459410404,
    17.647426392195));
#3293 = VERTEX_POINT('',#3294);
#3294 = CARTESIAN_POINT('',(-1.17080151091,4.048459720709,
    12.647640452795));
#3295 = SURFACE_CURVE('',#3296,(#3299,#3305),.PCURVE_S1.);
#3296 = B_SPLINE_CURVE_WITH_KNOTS('',1,(#3297,#3298),.UNSPECIFIED.,.F.,
  .F.,(2,2),(0.,1.),.PIECEWISE_BEZIER_KNOTS.);
#3297 = CARTESIAN_POINT('',(-2.962928325732,3.732459410404,
    17.647426392195));
#3298 = CARTESIAN_POINT('',(-1.17080151091,4.048459720709,
    12.647640452795));
#3299 = PCURVE('',#2196,#3300);
#3300 = DEFINITIONAL_REPRESENTATION('',(#3301),#3304);
#3301 = B_SPLINE_CURVE_WITH_KNOTS('',1,(#3302,#3303),.UNSPECIFIED.,.F.,
  .F.,(2,2),(0.,1.),.PIECEWISE_BEZIER_KNOTS.);
#3302 = CARTESIAN_POINT('',(10.010330531924,-16.56033053192));
#3303 = CARTESIAN_POINT('',(4.689669468076,-16.56033053192));
#3304 = ( GEOMETRIC_REPRESENTATION_CONTEXT(2) 
PARAMETRIC_REPRESENTATION_CONTEXT() REPRESENTATION_CONTEXT('2D SPACE',''
  ) );
#3305 = PCURVE('',#3306,#3311);
#3306 = B_SPLINE_SURFACE_WITH_KNOTS('',1,1,(
    (#3307,#3308)
    ,(#3309,#3310
    )),.UNSPECIFIED.,.F.,.F.,.F.,(2,2),(2,2),(0.,5.335219873218),(0.,1.)
  ,.PIECEWISE_BEZIER_KNOTS.);
#3307 = CARTESIAN_POINT('',(-2.145761186392,3.510658813628,
    12.647640452795));
#3308 = CARTESIAN_POINT('',(-1.151105355849,4.059324385498,
    12.647640452795));
#3309 = CARTESIAN_POINT('',(-3.695151995026,3.237459410404,
    16.97022650841));
#3310 = CARTESIAN_POINT('',(-2.948135928372,3.742459410404,
    17.661107197928));
#3311 = DEFINITIONAL_REPRESENTATION('',(#3312),#3315);
#3312 = B_SPLINE_CURVE_WITH_KNOTS('',1,(#3313,#3314),.UNSPECIFIED.,.F.,
  .F.,(2,2),(0.,1.),.PIECEWISE_BEZIER_KNOTS.);
#3313 = CARTESIAN_POINT('',(5.335219873218,0.980198019802));
#3314 = CARTESIAN_POINT('',(0.,0.980198019802));
#3315 = ( GEOMETRIC_REPRESENTATION_CONTEXT(2) 
PARAMETRIC_REPRESENTATION_CONTEXT() REPRESENTATION_CONTEXT('2D SPACE',''
  ) );
#3316 = ORIENTED_EDGE('',*,*,#3317,.T.);
#3317 = EDGE_CURVE('',#3293,#3318,#3320,.T.);
#3318 = VERTEX_POINT('',#3319);
#3319 = CARTESIAN_POINT('',(0.169877213211,-3.554907153347,
    12.647640452795));
#3320 = SURFACE_CURVE('',#3321,(#3324,#3330),.PCURVE_S1.);
#3321 = B_SPLINE_CURVE_WITH_KNOTS('',1,(#3322,#3323),.UNSPECIFIED.,.F.,
  .F.,(2,2),(0.,1.),.PIECEWISE_BEZIER_KNOTS.);
#3322 = CARTESIAN_POINT('',(-1.17080151091,4.048459720709,
    12.647640452795));
#3323 = CARTESIAN_POINT('',(0.169877213211,-3.554907153347,
    12.647640452795));
#3324 = PCURVE('',#2196,#3325);
#3325 = DEFINITIONAL_REPRESENTATION('',(#3326),#3329);
#3326 = B_SPLINE_CURVE_WITH_KNOTS('',1,(#3327,#3328),.UNSPECIFIED.,.F.,
  .F.,(2,2),(0.,1.),.PIECEWISE_BEZIER_KNOTS.);
#3327 = CARTESIAN_POINT('',(4.689669468076,-16.56033053192));
#3328 = CARTESIAN_POINT('',(4.689669468076,-8.839669468076));
#3329 = ( GEOMETRIC_REPRESENTATION_CONTEXT(2) 
PARAMETRIC_REPRESENTATION_CONTEXT() REPRESENTATION_CONTEXT('2D SPACE',''
  ) );
#3330 = PCURVE('',#3331,#3336);
#3331 = B_SPLINE_SURFACE_WITH_KNOTS('',1,1,(
    (#3332,#3333)
    ,(#3334,#3335
    )),.UNSPECIFIED.,.F.,.F.,.F.,(2,2),(2,2),(0.,7.735219873218),(0.,1.)
  ,.PIECEWISE_BEZIER_KNOTS.);
#3332 = CARTESIAN_POINT('',(-0.930223942723,-3.382995457457,
    12.647640452795));
#3333 = CARTESIAN_POINT('',(0.192101478988,-3.558380116901,
    12.647640452795));
#3334 = CARTESIAN_POINT('',(-2.145761186392,3.510658813628,
    12.647640452795));
#3335 = CARTESIAN_POINT('',(-1.151105355849,4.059324385498,
    12.647640452795));
#3336 = DEFINITIONAL_REPRESENTATION('',(#3337),#3340);
#3337 = B_SPLINE_CURVE_WITH_KNOTS('',1,(#3338,#3339),.UNSPECIFIED.,.F.,
  .F.,(2,2),(0.,1.),.PIECEWISE_BEZIER_KNOTS.);
#3338 = CARTESIAN_POINT('',(7.735219873218,0.980198019802));
#3339 = CARTESIAN_POINT('',(0.,0.980198019802));
#3340 = ( GEOMETRIC_REPRESENTATION_CONTEXT(2) 
PARAMETRIC_REPRESENTATION_CONTEXT() REPRESENTATION_CONTEXT('2D SPACE',''
  ) );
#3341 = ORIENTED_EDGE('',*,*,#3342,.T.);
#3342 = EDGE_CURVE('',#3318,#3343,#3345,.T.);
#3343 = VERTEX_POINT('',#3344);
#3344 = CARTESIAN_POINT('',(-1.622249601611,-3.870907463652,
    17.647426392195));
#3345 = SURFACE_CURVE('',#3346,(#3349,#3355),.PCURVE_S1.);
#3346 = B_SPLINE_CURVE_WITH_KNOTS('',1,(#3347,#3348),.UNSPECIFIED.,.F.,
  .F.,(2,2),(0.,1.),.PIECEWISE_BEZIER_KNOTS.);
#3347 = CARTESIAN_POINT('',(0.169877213211,-3.554907153347,
    12.647640452795));
#3348 = CARTESIAN_POINT('',(-1.622249601611,-3.870907463652,
    17.647426392195));
#3349 = PCURVE('',#2196,#3350);
#3350 = DEFINITIONAL_REPRESENTATION('',(#3351),#3354);
#3351 = B_SPLINE_CURVE_WITH_KNOTS('',1,(#3352,#3353),.UNSPECIFIED.,.F.,
  .F.,(2,2),(0.,1.),.PIECEWISE_BEZIER_KNOTS.);
#3352 = CARTESIAN_POINT('',(4.689669468076,-8.839669468076));
#3353 = CARTESIAN_POINT('',(10.010330531924,-8.839669468076));
#3354 = ( GEOMETRIC_REPRESENTATION_CONTEXT(2) 
PARAMETRIC_REPRESENTATION_CONTEXT() REPRESENTATION_CONTEXT('2D SPACE',''
  ) );
#3355 = PCURVE('',#3356,#3361);
#3356 = B_SPLINE_SURFACE_WITH_KNOTS('',1,1,(
    (#3357,#3358)
    ,(#3359,#3360
    )),.UNSPECIFIED.,.F.,.F.,.F.,(2,2),(2,2),(0.,5.335219873218),(0.,1.)
  ,.PIECEWISE_BEZIER_KNOTS.);
#3357 = CARTESIAN_POINT('',(-2.479614751357,-3.656194860681,
    16.97022650841));
#3358 = CARTESIAN_POINT('',(-1.604929093535,-3.875245091994,
    17.661107197928));
#3359 = CARTESIAN_POINT('',(-0.930223942723,-3.382995457457,
    12.647640452795));
#3360 = CARTESIAN_POINT('',(0.192101478988,-3.558380116901,
    12.647640452795));
#3361 = DEFINITIONAL_REPRESENTATION('',(#3362),#3365);
#3362 = B_SPLINE_CURVE_WITH_KNOTS('',1,(#3363,#3364),.UNSPECIFIED.,.F.,
  .F.,(2,2),(0.,1.),.PIECEWISE_BEZIER_KNOTS.);
#3363 = CARTESIAN_POINT('',(5.335219873218,0.980198019802));
#3364 = CARTESIAN_POINT('',(0.,0.980198019802));
#3365 = ( GEOMETRIC_REPRESENTATION_CONTEXT(2) 
PARAMETRIC_REPRESENTATION_CONTEXT() REPRESENTATION_CONTEXT('2D SPACE',''
  ) );
#3366 = ORIENTED_EDGE('',*,*,#3367,.T.);
#3367 = EDGE_CURVE('',#3343,#3291,#3368,.T.);
#3368 = SURFACE_CURVE('',#3369,(#3372,#3378),.PCURVE_S1.);
#3369 = B_SPLINE_CURVE_WITH_KNOTS('',1,(#3370,#3371),.UNSPECIFIED.,.F.,
  .F.,(2,2),(0.,1.),.PIECEWISE_BEZIER_KNOTS.);
#3370 = CARTESIAN_POINT('',(-1.622249601611,-3.870907463652,
    17.647426392195));
#3371 = CARTESIAN_POINT('',(-2.962928325732,3.732459410404,
    17.647426392195));
#3372 = PCURVE('',#2196,#3373);
#3373 = DEFINITIONAL_REPRESENTATION('',(#3374),#3377);
#3374 = B_SPLINE_CURVE_WITH_KNOTS('',1,(#3375,#3376),.UNSPECIFIED.,.F.,
  .F.,(2,2),(0.,1.),.PIECEWISE_BEZIER_KNOTS.);
#3375 = CARTESIAN_POINT('',(10.010330531924,-8.839669468076));
#3376 = CARTESIAN_POINT('',(10.010330531924,-16.56033053192));
#3377 = ( GEOMETRIC_REPRESENTATION_CONTEXT(2) 
PARAMETRIC_REPRESENTATION_CONTEXT() REPRESENTATION_CONTEXT('2D SPACE',''
  ) );
#3378 = PCURVE('',#3379,#3384);
#3379 = B_SPLINE_SURFACE_WITH_KNOTS('',1,1,(
    (#3380,#3381)
    ,(#3382,#3383
    )),.UNSPECIFIED.,.F.,.F.,.F.,(2,2),(2,2),(0.,7.735219873218),(0.,1.)
  ,.PIECEWISE_BEZIER_KNOTS.);
#3380 = CARTESIAN_POINT('',(-3.695151995026,3.237459410404,
    16.97022650841));
#3381 = CARTESIAN_POINT('',(-2.948135928372,3.742459410404,
    17.661107197928));
#3382 = CARTESIAN_POINT('',(-2.479614751357,-3.656194860681,
    16.97022650841));
#3383 = CARTESIAN_POINT('',(-1.604929093535,-3.875245091994,
    17.661107197928));
#3384 = DEFINITIONAL_REPRESENTATION('',(#3385),#3388);
#3385 = B_SPLINE_CURVE_WITH_KNOTS('',1,(#3386,#3387),.UNSPECIFIED.,.F.,
  .F.,(2,2),(0.,1.),.PIECEWISE_BEZIER_KNOTS.);
#3386 = CARTESIAN_POINT('',(7.735219873218,0.980198019802));
#3387 = CARTESIAN_POINT('',(0.,0.980198019802));
#3388 = ( GEOMETRIC_REPRESENTATION_CONTEXT(2) 
PARAMETRIC_REPRESENTATION_CONTEXT() REPRESENTATION_CONTEXT('2D SPACE',''
  ) );
#3389 = ADVANCED_FACE('',(#3390),#2363,.F.);
#3390 = FACE_BOUND('',#3391,.T.);
#3391 = EDGE_LOOP('',(#3392,#3393,#3414,#3415));
#3392 = ORIENTED_EDGE('',*,*,#2551,.T.);
#3393 = ORIENTED_EDGE('',*,*,#3394,.T.);
#3394 = EDGE_CURVE('',#2529,#2317,#3395,.T.);
#3395 = SURFACE_CURVE('',#3396,(#3400,#3407),.PCURVE_S1.);
#3396 = LINE('',#3397,#3398);
#3397 = CARTESIAN_POINT('',(-0.200783781306,13.195535636362,
    8.582812803044));
#3398 = VECTOR('',#3399,1.);
#3399 = DIRECTION('',(-0.336824088833,-5.939117461388E-02,0.939692620786
    ));
#3400 = PCURVE('',#2363,#3401);
#3401 = DEFINITIONAL_REPRESENTATION('',(#3402),#3406);
#3402 = LINE('',#3403,#3404);
#3403 = CARTESIAN_POINT('',(-1.570796326795,0.));
#3404 = VECTOR('',#3405,1.);
#3405 = DIRECTION('',(-0.,1.));
#3406 = ( GEOMETRIC_REPRESENTATION_CONTEXT(2) 
PARAMETRIC_REPRESENTATION_CONTEXT() REPRESENTATION_CONTEXT('2D SPACE',''
  ) );
#3407 = PCURVE('',#2332,#3408);
#3408 = DEFINITIONAL_REPRESENTATION('',(#3409),#3413);
#3409 = LINE('',#3410,#3411);
#3410 = CARTESIAN_POINT('',(6.106226635438E-16,1.));
#3411 = VECTOR('',#3412,1.);
#3412 = DIRECTION('',(1.,5.551115123126E-17));
#3413 = ( GEOMETRIC_REPRESENTATION_CONTEXT(2) 
PARAMETRIC_REPRESENTATION_CONTEXT() REPRESENTATION_CONTEXT('2D SPACE',''
  ) );
#3414 = ORIENTED_EDGE('',*,*,#2344,.F.);
#3415 = ORIENTED_EDGE('',*,*,#3267,.F.);
#3416 = ADVANCED_FACE('',(#3417),#2332,.F.);
#3417 = FACE_BOUND('',#3418,.F.);
#3418 = EDGE_LOOP('',(#3419,#3420,#3421,#3422));
#3419 = ORIENTED_EDGE('',*,*,#2528,.F.);
#3420 = ORIENTED_EDGE('',*,*,#3394,.T.);
#3421 = ORIENTED_EDGE('',*,*,#2316,.T.);
#3422 = ORIENTED_EDGE('',*,*,#2582,.F.);
#3423 = ADVANCED_FACE('',(#3424),#2253,.T.);
#3424 = FACE_BOUND('',#3425,.T.);
#3425 = EDGE_LOOP('',(#3426,#3427,#3448,#3449));
#3426 = ORIENTED_EDGE('',*,*,#2481,.F.);
#3427 = ORIENTED_EDGE('',*,*,#3428,.T.);
#3428 = EDGE_CURVE('',#2458,#2209,#3429,.T.);
#3429 = SURFACE_CURVE('',#3430,(#3434,#3441),.PCURVE_S1.);
#3430 = LINE('',#3431,#3432);
#3431 = CARTESIAN_POINT('',(4.209879931434,-11.81858129014,
    8.582812803044));
#3432 = VECTOR('',#3433,1.);
#3433 = DIRECTION('',(-0.336824088833,-5.939117461388E-02,0.939692620786
    ));
#3434 = PCURVE('',#2253,#3435);
#3435 = DEFINITIONAL_REPRESENTATION('',(#3436),#3440);
#3436 = LINE('',#3437,#3438);
#3437 = CARTESIAN_POINT('',(6.106226635438E-16,1.));
#3438 = VECTOR('',#3439,1.);
#3439 = DIRECTION('',(1.,5.551115123126E-17));
#3440 = ( GEOMETRIC_REPRESENTATION_CONTEXT(2) 
PARAMETRIC_REPRESENTATION_CONTEXT() REPRESENTATION_CONTEXT('2D SPACE',''
  ) );
#3441 = PCURVE('',#2225,#3442);
#3442 = DEFINITIONAL_REPRESENTATION('',(#3443),#3447);
#3443 = LINE('',#3444,#3445);
#3444 = CARTESIAN_POINT('',(1.570796326795,0.));
#3445 = VECTOR('',#3446,1.);
#3446 = DIRECTION('',(0.,1.));
#3447 = ( GEOMETRIC_REPRESENTATION_CONTEXT(2) 
PARAMETRIC_REPRESENTATION_CONTEXT() REPRESENTATION_CONTEXT('2D SPACE',''
  ) );
#3448 = ORIENTED_EDGE('',*,*,#2237,.T.);
#3449 = ORIENTED_EDGE('',*,*,#2407,.F.);
#3450 = ADVANCED_FACE('',(#3451),#2225,.F.);
#3451 = FACE_BOUND('',#3452,.F.);
#3452 = EDGE_LOOP('',(#3453,#3454,#3455,#3456));
#3453 = ORIENTED_EDGE('',*,*,#2457,.T.);
#3454 = ORIENTED_EDGE('',*,*,#3428,.T.);
#3455 = ORIENTED_EDGE('',*,*,#2208,.F.);
#3456 = ORIENTED_EDGE('',*,*,#3245,.F.);
#3457 = ADVANCED_FACE('',(#3458),#2810,.T.);
#3458 = FACE_BOUND('',#3459,.T.);
#3459 = EDGE_LOOP('',(#3460,#3461,#3484,#3512,#3540,#3568,#3596,#3624,
    #3645,#3646,#3647,#3648));
#3460 = ORIENTED_EDGE('',*,*,#3219,.F.);
#3461 = ORIENTED_EDGE('',*,*,#3462,.F.);
#3462 = EDGE_CURVE('',#3463,#3192,#3465,.T.);
#3463 = VERTEX_POINT('',#3464);
#3464 = CARTESIAN_POINT('',(-8.984039228569,-14.14502521934,
    15.30607509479));
#3465 = SURFACE_CURVE('',#3466,(#3470,#3477),.PCURVE_S1.);
#3466 = LINE('',#3467,#3468);
#3467 = CARTESIAN_POINT('',(-8.984039228569,-14.14502521934,
    15.30607509479));
#3468 = VECTOR('',#3469,1.);
#3469 = DIRECTION('',(-0.336824088833,-5.939117461388E-02,0.939692620786
    ));
#3470 = PCURVE('',#2810,#3471);
#3471 = DEFINITIONAL_REPRESENTATION('',(#3472),#3476);
#3472 = LINE('',#3473,#3474);
#3473 = CARTESIAN_POINT('',(0.,0.));
#3474 = VECTOR('',#3475,1.);
#3475 = DIRECTION('',(1.,-6.938893903907E-18));
#3476 = ( GEOMETRIC_REPRESENTATION_CONTEXT(2) 
PARAMETRIC_REPRESENTATION_CONTEXT() REPRESENTATION_CONTEXT('2D SPACE',''
  ) );
#3477 = PCURVE('',#3207,#3478);
#3478 = DEFINITIONAL_REPRESENTATION('',(#3479),#3483);
#3479 = LINE('',#3480,#3481);
#3480 = CARTESIAN_POINT('',(0.,0.));
#3481 = VECTOR('',#3482,1.);
#3482 = DIRECTION('',(1.,5.551115123126E-17));
#3483 = ( GEOMETRIC_REPRESENTATION_CONTEXT(2) 
PARAMETRIC_REPRESENTATION_CONTEXT() REPRESENTATION_CONTEXT('2D SPACE',''
  ) );
#3484 = ORIENTED_EDGE('',*,*,#3485,.T.);
#3485 = EDGE_CURVE('',#3463,#3486,#3488,.T.);
#3486 = VERTEX_POINT('',#3487);
#3487 = CARTESIAN_POINT('',(-9.678631939237,-10.20579420729,
    15.30607509479));
#3488 = SURFACE_CURVE('',#3489,(#3493,#3500),.PCURVE_S1.);
#3489 = LINE('',#3490,#3491);
#3490 = CARTESIAN_POINT('',(-8.984039228569,-14.14502521934,
    15.30607509479));
#3491 = VECTOR('',#3492,1.);
#3492 = DIRECTION('',(-0.173648177667,0.984807753012,0.));
#3493 = PCURVE('',#2810,#3494);
#3494 = DEFINITIONAL_REPRESENTATION('',(#3495),#3499);
#3495 = LINE('',#3496,#3497);
#3496 = CARTESIAN_POINT('',(0.,0.));
#3497 = VECTOR('',#3498,1.);
#3498 = DIRECTION('',(0.,-1.));
#3499 = ( GEOMETRIC_REPRESENTATION_CONTEXT(2) 
PARAMETRIC_REPRESENTATION_CONTEXT() REPRESENTATION_CONTEXT('2D SPACE',''
  ) );
#3500 = PCURVE('',#3501,#3506);
#3501 = PLANE('',#3502);
#3502 = AXIS2_PLACEMENT_3D('',#3503,#3504,#3505);
#3503 = CARTESIAN_POINT('',(-8.984039228569,-14.14502521934,
    15.30607509479));
#3504 = DIRECTION('',(-0.336824088833,-5.939117461388E-02,0.939692620786
    ));
#3505 = DIRECTION('',(0.925416578398,0.163175911167,0.342020143326));
#3506 = DEFINITIONAL_REPRESENTATION('',(#3507),#3511);
#3507 = LINE('',#3508,#3509);
#3508 = CARTESIAN_POINT('',(0.,0.));
#3509 = VECTOR('',#3510,1.);
#3510 = DIRECTION('',(0.,1.));
#3511 = ( GEOMETRIC_REPRESENTATION_CONTEXT(2) 
PARAMETRIC_REPRESENTATION_CONTEXT() REPRESENTATION_CONTEXT('2D SPACE',''
  ) );
#3512 = ORIENTED_EDGE('',*,*,#3513,.F.);
#3513 = EDGE_CURVE('',#3514,#3486,#3516,.T.);
#3514 = VERTEX_POINT('',#3515);
#3515 = CARTESIAN_POINT('',(-6.007249370952,-9.558430404003,
    5.063425528223));
#3516 = SURFACE_CURVE('',#3517,(#3521,#3528),.PCURVE_S1.);
#3517 = LINE('',#3518,#3519);
#3518 = CARTESIAN_POINT('',(-6.007249370952,-9.558430404003,
    5.063425528223));
#3519 = VECTOR('',#3520,1.);
#3520 = DIRECTION('',(-0.336824088833,-5.939117461388E-02,0.939692620786
    ));
#3521 = PCURVE('',#2810,#3522);
#3522 = DEFINITIONAL_REPRESENTATION('',(#3523),#3527);
#3523 = LINE('',#3524,#3525);
#3524 = CARTESIAN_POINT('',(-10.9,-4.));
#3525 = VECTOR('',#3526,1.);
#3526 = DIRECTION('',(1.,-6.938893903907E-18));
#3527 = ( GEOMETRIC_REPRESENTATION_CONTEXT(2) 
PARAMETRIC_REPRESENTATION_CONTEXT() REPRESENTATION_CONTEXT('2D SPACE',''
  ) );
#3528 = PCURVE('',#3529,#3534);
#3529 = PLANE('',#3530);
#3530 = AXIS2_PLACEMENT_3D('',#3531,#3532,#3533);
#3531 = CARTESIAN_POINT('',(-6.007249370952,-9.558430404003,
    5.063425528223));
#3532 = DIRECTION('',(-0.173648177667,0.984807753012,0.));
#3533 = DIRECTION('',(-0.336824088833,-5.939117461388E-02,0.939692620786
    ));
#3534 = DEFINITIONAL_REPRESENTATION('',(#3535),#3539);
#3535 = LINE('',#3536,#3537);
#3536 = CARTESIAN_POINT('',(0.,0.));
#3537 = VECTOR('',#3538,1.);
#3538 = DIRECTION('',(1.,5.551115123126E-17));
#3539 = ( GEOMETRIC_REPRESENTATION_CONTEXT(2) 
PARAMETRIC_REPRESENTATION_CONTEXT() REPRESENTATION_CONTEXT('2D SPACE',''
  ) );
#3540 = ORIENTED_EDGE('',*,*,#3541,.T.);
#3541 = EDGE_CURVE('',#3514,#3542,#3544,.T.);
#3542 = VERTEX_POINT('',#3543);
#3543 = CARTESIAN_POINT('',(-9.028727662357,7.57722449841,5.063425528223
    ));
#3544 = SURFACE_CURVE('',#3545,(#3549,#3556),.PCURVE_S1.);
#3545 = LINE('',#3546,#3547);
#3546 = CARTESIAN_POINT('',(-6.007249370952,-9.558430404003,
    5.063425528223));
#3547 = VECTOR('',#3548,1.);
#3548 = DIRECTION('',(-0.173648177667,0.984807753012,0.));
#3549 = PCURVE('',#2810,#3550);
#3550 = DEFINITIONAL_REPRESENTATION('',(#3551),#3555);
#3551 = LINE('',#3552,#3553);
#3552 = CARTESIAN_POINT('',(-10.9,-4.));
#3553 = VECTOR('',#3554,1.);
#3554 = DIRECTION('',(0.,-1.));
#3555 = ( GEOMETRIC_REPRESENTATION_CONTEXT(2) 
PARAMETRIC_REPRESENTATION_CONTEXT() REPRESENTATION_CONTEXT('2D SPACE',''
  ) );
#3556 = PCURVE('',#3557,#3562);
#3557 = PLANE('',#3558);
#3558 = AXIS2_PLACEMENT_3D('',#3559,#3560,#3561);
#3559 = CARTESIAN_POINT('',(-0.963198741812,-12.73073463356,
    6.670920201854));
#3560 = DIRECTION('',(-0.336824088833,-5.939117461388E-02,0.939692620786
    ));
#3561 = DIRECTION('',(0.925416578398,0.163175911167,0.342020143326));
#3562 = DEFINITIONAL_REPRESENTATION('',(#3563),#3567);
#3563 = LINE('',#3564,#3565);
#3564 = CARTESIAN_POINT('',(-4.7,4.));
#3565 = VECTOR('',#3566,1.);
#3566 = DIRECTION('',(0.,1.));
#3567 = ( GEOMETRIC_REPRESENTATION_CONTEXT(2) 
PARAMETRIC_REPRESENTATION_CONTEXT() REPRESENTATION_CONTEXT('2D SPACE',''
  ) );
#3568 = ORIENTED_EDGE('',*,*,#3569,.T.);
#3569 = EDGE_CURVE('',#3542,#3570,#3572,.T.);
#3570 = VERTEX_POINT('',#3571);
#3571 = CARTESIAN_POINT('',(-12.70011023064,6.929860695118,
    15.30607509479));
#3572 = SURFACE_CURVE('',#3573,(#3577,#3584),.PCURVE_S1.);
#3573 = LINE('',#3574,#3575);
#3574 = CARTESIAN_POINT('',(-9.028727662357,7.57722449841,5.063425528223
    ));
#3575 = VECTOR('',#3576,1.);
#3576 = DIRECTION('',(-0.336824088833,-5.939117461388E-02,0.939692620786
    ));
#3577 = PCURVE('',#2810,#3578);
#3578 = DEFINITIONAL_REPRESENTATION('',(#3579),#3583);
#3579 = LINE('',#3580,#3581);
#3580 = CARTESIAN_POINT('',(-10.9,-21.4));
#3581 = VECTOR('',#3582,1.);
#3582 = DIRECTION('',(1.,-6.938893903907E-18));
#3583 = ( GEOMETRIC_REPRESENTATION_CONTEXT(2) 
PARAMETRIC_REPRESENTATION_CONTEXT() REPRESENTATION_CONTEXT('2D SPACE',''
  ) );
#3584 = PCURVE('',#3585,#3590);
#3585 = PLANE('',#3586);
#3586 = AXIS2_PLACEMENT_3D('',#3587,#3588,#3589);
#3587 = CARTESIAN_POINT('',(-9.028727662357,7.57722449841,5.063425528223
    ));
#3588 = DIRECTION('',(-0.173648177667,0.984807753012,0.));
#3589 = DIRECTION('',(-0.336824088833,-5.939117461388E-02,0.939692620786
    ));
#3590 = DEFINITIONAL_REPRESENTATION('',(#3591),#3595);
#3591 = LINE('',#3592,#3593);
#3592 = CARTESIAN_POINT('',(0.,0.));
#3593 = VECTOR('',#3594,1.);
#3594 = DIRECTION('',(1.,5.551115123126E-17));
#3595 = ( GEOMETRIC_REPRESENTATION_CONTEXT(2) 
PARAMETRIC_REPRESENTATION_CONTEXT() REPRESENTATION_CONTEXT('2D SPACE',''
  ) );
#3596 = ORIENTED_EDGE('',*,*,#3597,.T.);
#3597 = EDGE_CURVE('',#3570,#3598,#3600,.T.);
#3598 = VERTEX_POINT('',#3599);
#3599 = CARTESIAN_POINT('',(-13.3947029413,10.869091707167,
    15.30607509479));
#3600 = SURFACE_CURVE('',#3601,(#3605,#3612),.PCURVE_S1.);
#3601 = LINE('',#3602,#3603);
#3602 = CARTESIAN_POINT('',(-8.984039228569,-14.14502521934,
    15.30607509479));
#3603 = VECTOR('',#3604,1.);
#3604 = DIRECTION('',(-0.173648177667,0.984807753012,0.));
#3605 = PCURVE('',#2810,#3606);
#3606 = DEFINITIONAL_REPRESENTATION('',(#3607),#3611);
#3607 = LINE('',#3608,#3609);
#3608 = CARTESIAN_POINT('',(0.,0.));
#3609 = VECTOR('',#3610,1.);
#3610 = DIRECTION('',(0.,-1.));
#3611 = ( GEOMETRIC_REPRESENTATION_CONTEXT(2) 
PARAMETRIC_REPRESENTATION_CONTEXT() REPRESENTATION_CONTEXT('2D SPACE',''
  ) );
#3612 = PCURVE('',#3613,#3618);
#3613 = PLANE('',#3614);
#3614 = AXIS2_PLACEMENT_3D('',#3615,#3616,#3617);
#3615 = CARTESIAN_POINT('',(-8.984039228569,-14.14502521934,
    15.30607509479));
#3616 = DIRECTION('',(-0.336824088833,-5.939117461388E-02,0.939692620786
    ));
#3617 = DIRECTION('',(0.925416578398,0.163175911167,0.342020143326));
#3618 = DEFINITIONAL_REPRESENTATION('',(#3619),#3623);
#3619 = LINE('',#3620,#3621);
#3620 = CARTESIAN_POINT('',(0.,0.));
#3621 = VECTOR('',#3622,1.);
#3622 = DIRECTION('',(0.,1.));
#3623 = ( GEOMETRIC_REPRESENTATION_CONTEXT(2) 
PARAMETRIC_REPRESENTATION_CONTEXT() REPRESENTATION_CONTEXT('2D SPACE',''
  ) );
#3624 = ORIENTED_EDGE('',*,*,#3625,.T.);
#3625 = EDGE_CURVE('',#3598,#3114,#3626,.T.);
#3626 = SURFACE_CURVE('',#3627,(#3631,#3638),.PCURVE_S1.);
#3627 = LINE('',#3628,#3629);
#3628 = CARTESIAN_POINT('',(-13.3947029413,10.869091707167,
    15.30607509479));
#3629 = VECTOR('',#3630,1.);
#3630 = DIRECTION('',(-0.336824088833,-5.939117461388E-02,0.939692620786
    ));
#3631 = PCURVE('',#2810,#3632);
#3632 = DEFINITIONAL_REPRESENTATION('',(#3633),#3637);
#3633 = LINE('',#3634,#3635);
#3634 = CARTESIAN_POINT('',(0.,-25.4));
#3635 = VECTOR('',#3636,1.);
#3636 = DIRECTION('',(1.,-6.938893903907E-18));
#3637 = ( GEOMETRIC_REPRESENTATION_CONTEXT(2) 
PARAMETRIC_REPRESENTATION_CONTEXT() REPRESENTATION_CONTEXT('2D SPACE',''
  ) );
#3638 = PCURVE('',#3152,#3639);
#3639 = DEFINITIONAL_REPRESENTATION('',(#3640),#3644);
#3640 = LINE('',#3641,#3642);
#3641 = CARTESIAN_POINT('',(10.9,-4.7));
#3642 = VECTOR('',#3643,1.);
#3643 = DIRECTION('',(1.,5.551115123126E-17));
#3644 = ( GEOMETRIC_REPRESENTATION_CONTEXT(2) 
PARAMETRIC_REPRESENTATION_CONTEXT() REPRESENTATION_CONTEXT('2D SPACE',''
  ) );
#3645 = ORIENTED_EDGE('',*,*,#3113,.F.);
#3646 = ORIENTED_EDGE('',*,*,#2947,.F.);
#3647 = ORIENTED_EDGE('',*,*,#2870,.T.);
#3648 = ORIENTED_EDGE('',*,*,#2795,.F.);
#3649 = ADVANCED_FACE('',(#3650),#3207,.T.);
#3650 = FACE_BOUND('',#3651,.T.);
#3651 = EDGE_LOOP('',(#3652,#3675,#3676,#3677,#3700,#3723));
#3652 = ORIENTED_EDGE('',*,*,#3653,.F.);
#3653 = EDGE_CURVE('',#3463,#3654,#3656,.T.);
#3654 = VERTEX_POINT('',#3655);
#3655 = CARTESIAN_POINT('',(-4.634581310097,-13.37809843686,
    16.91356976842));
#3656 = SURFACE_CURVE('',#3657,(#3661,#3668),.PCURVE_S1.);
#3657 = LINE('',#3658,#3659);
#3658 = CARTESIAN_POINT('',(-8.984039228569,-14.14502521934,
    15.30607509479));
#3659 = VECTOR('',#3660,1.);
#3660 = DIRECTION('',(0.925416578398,0.163175911167,0.342020143326));
#3661 = PCURVE('',#3207,#3662);
#3662 = DEFINITIONAL_REPRESENTATION('',(#3663),#3667);
#3663 = LINE('',#3664,#3665);
#3664 = CARTESIAN_POINT('',(0.,0.));
#3665 = VECTOR('',#3666,1.);
#3666 = DIRECTION('',(5.551115123126E-17,1.));
#3667 = ( GEOMETRIC_REPRESENTATION_CONTEXT(2) 
PARAMETRIC_REPRESENTATION_CONTEXT() REPRESENTATION_CONTEXT('2D SPACE',''
  ) );
#3668 = PCURVE('',#3501,#3669);
#3669 = DEFINITIONAL_REPRESENTATION('',(#3670),#3674);
#3670 = LINE('',#3671,#3672);
#3671 = CARTESIAN_POINT('',(0.,0.));
#3672 = VECTOR('',#3673,1.);
#3673 = DIRECTION('',(1.,0.));
#3674 = ( GEOMETRIC_REPRESENTATION_CONTEXT(2) 
PARAMETRIC_REPRESENTATION_CONTEXT() REPRESENTATION_CONTEXT('2D SPACE',''
  ) );
#3675 = ORIENTED_EDGE('',*,*,#3462,.T.);
#3676 = ORIENTED_EDGE('',*,*,#3191,.F.);
#3677 = ORIENTED_EDGE('',*,*,#3678,.F.);
#3678 = EDGE_CURVE('',#3679,#3165,#3681,.T.);
#3679 = VERTEX_POINT('',#3680);
#3680 = CARTESIAN_POINT('',(0.980176072824,-12.38806522011,
    7.389162502838));
#3681 = SURFACE_CURVE('',#3682,(#3686,#3693),.PCURVE_S1.);
#3682 = LINE('',#3683,#3684);
#3683 = CARTESIAN_POINT('',(0.980176072824,-12.38806522011,
    7.389162502838));
#3684 = VECTOR('',#3685,1.);
#3685 = DIRECTION('',(-0.336824088833,-5.939117461388E-02,0.939692620786
    ));
#3686 = PCURVE('',#3207,#3687);
#3687 = DEFINITIONAL_REPRESENTATION('',(#3688),#3692);
#3688 = LINE('',#3689,#3690);
#3689 = CARTESIAN_POINT('',(-10.9,6.8));
#3690 = VECTOR('',#3691,1.);
#3691 = DIRECTION('',(1.,0.));
#3692 = ( GEOMETRIC_REPRESENTATION_CONTEXT(2) 
PARAMETRIC_REPRESENTATION_CONTEXT() REPRESENTATION_CONTEXT('2D SPACE',''
  ) );
#3693 = PCURVE('',#3179,#3694);
#3694 = DEFINITIONAL_REPRESENTATION('',(#3695),#3699);
#3695 = LINE('',#3696,#3697);
#3696 = CARTESIAN_POINT('',(0.,0.));
#3697 = VECTOR('',#3698,1.);
#3698 = DIRECTION('',(1.,1.387778780781E-17));
#3699 = ( GEOMETRIC_REPRESENTATION_CONTEXT(2) 
PARAMETRIC_REPRESENTATION_CONTEXT() REPRESENTATION_CONTEXT('2D SPACE',''
  ) );
#3700 = ORIENTED_EDGE('',*,*,#3701,.F.);
#3701 = EDGE_CURVE('',#3702,#3679,#3704,.T.);
#3702 = VERTEX_POINT('',#3703);
#3703 = CARTESIAN_POINT('',(-0.963198741812,-12.73073463356,
    6.670920201854));
#3704 = SURFACE_CURVE('',#3705,(#3709,#3716),.PCURVE_S1.);
#3705 = LINE('',#3706,#3707);
#3706 = CARTESIAN_POINT('',(-0.963198741812,-12.73073463356,
    6.670920201854));
#3707 = VECTOR('',#3708,1.);
#3708 = DIRECTION('',(0.925416578398,0.163175911167,0.342020143326));
#3709 = PCURVE('',#3207,#3710);
#3710 = DEFINITIONAL_REPRESENTATION('',(#3711),#3715);
#3711 = LINE('',#3712,#3713);
#3712 = CARTESIAN_POINT('',(-10.9,4.7));
#3713 = VECTOR('',#3714,1.);
#3714 = DIRECTION('',(5.551115123126E-17,1.));
#3715 = ( GEOMETRIC_REPRESENTATION_CONTEXT(2) 
PARAMETRIC_REPRESENTATION_CONTEXT() REPRESENTATION_CONTEXT('2D SPACE',''
  ) );
#3716 = PCURVE('',#3557,#3717);
#3717 = DEFINITIONAL_REPRESENTATION('',(#3718),#3722);
#3718 = LINE('',#3719,#3720);
#3719 = CARTESIAN_POINT('',(0.,0.));
#3720 = VECTOR('',#3721,1.);
#3721 = DIRECTION('',(1.,0.));
#3722 = ( GEOMETRIC_REPRESENTATION_CONTEXT(2) 
PARAMETRIC_REPRESENTATION_CONTEXT() REPRESENTATION_CONTEXT('2D SPACE',''
  ) );
#3723 = ORIENTED_EDGE('',*,*,#3724,.T.);
#3724 = EDGE_CURVE('',#3702,#3654,#3725,.T.);
#3725 = SURFACE_CURVE('',#3726,(#3730,#3737),.PCURVE_S1.);
#3726 = LINE('',#3727,#3728);
#3727 = CARTESIAN_POINT('',(-0.963198741812,-12.73073463356,
    6.670920201854));
#3728 = VECTOR('',#3729,1.);
#3729 = DIRECTION('',(-0.336824088833,-5.939117461388E-02,0.939692620786
    ));
#3730 = PCURVE('',#3207,#3731);
#3731 = DEFINITIONAL_REPRESENTATION('',(#3732),#3736);
#3732 = LINE('',#3733,#3734);
#3733 = CARTESIAN_POINT('',(-10.9,4.7));
#3734 = VECTOR('',#3735,1.);
#3735 = DIRECTION('',(1.,5.551115123126E-17));
#3736 = ( GEOMETRIC_REPRESENTATION_CONTEXT(2) 
PARAMETRIC_REPRESENTATION_CONTEXT() REPRESENTATION_CONTEXT('2D SPACE',''
  ) );
#3737 = PCURVE('',#3738,#3743);
#3738 = PLANE('',#3739);
#3739 = AXIS2_PLACEMENT_3D('',#3740,#3741,#3742);
#3740 = CARTESIAN_POINT('',(-0.963198741812,-12.73073463356,
    6.670920201854));
#3741 = DIRECTION('',(0.925416578398,0.163175911167,0.342020143326));
#3742 = DIRECTION('',(-0.336824088833,-5.939117461388E-02,0.939692620786
    ));
#3743 = DEFINITIONAL_REPRESENTATION('',(#3744),#3748);
#3744 = LINE('',#3745,#3746);
#3745 = CARTESIAN_POINT('',(0.,0.));
#3746 = VECTOR('',#3747,1.);
#3747 = DIRECTION('',(1.,-6.938893903907E-18));
#3748 = ( GEOMETRIC_REPRESENTATION_CONTEXT(2) 
PARAMETRIC_REPRESENTATION_CONTEXT() REPRESENTATION_CONTEXT('2D SPACE',''
  ) );
#3749 = ADVANCED_FACE('',(#3750,#3798),#3179,.F.);
#3750 = FACE_BOUND('',#3751,.F.);
#3751 = EDGE_LOOP('',(#3752,#3753,#3776,#3797));
#3752 = ORIENTED_EDGE('',*,*,#3678,.F.);
#3753 = ORIENTED_EDGE('',*,*,#3754,.T.);
#3754 = EDGE_CURVE('',#3679,#3755,#3757,.T.);
#3755 = VERTEX_POINT('',#3756);
#3756 = CARTESIAN_POINT('',(-3.430487639916,12.626051706391,
    7.389162502838));
#3757 = SURFACE_CURVE('',#3758,(#3762,#3769),.PCURVE_S1.);
#3758 = LINE('',#3759,#3760);
#3759 = CARTESIAN_POINT('',(0.980176072824,-12.38806522011,
    7.389162502838));
#3760 = VECTOR('',#3761,1.);
#3761 = DIRECTION('',(-0.173648177667,0.984807753012,0.));
#3762 = PCURVE('',#3179,#3763);
#3763 = DEFINITIONAL_REPRESENTATION('',(#3764),#3768);
#3764 = LINE('',#3765,#3766);
#3765 = CARTESIAN_POINT('',(0.,0.));
#3766 = VECTOR('',#3767,1.);
#3767 = DIRECTION('',(0.,-1.));
#3768 = ( GEOMETRIC_REPRESENTATION_CONTEXT(2) 
PARAMETRIC_REPRESENTATION_CONTEXT() REPRESENTATION_CONTEXT('2D SPACE',''
  ) );
#3769 = PCURVE('',#3557,#3770);
#3770 = DEFINITIONAL_REPRESENTATION('',(#3771),#3775);
#3771 = LINE('',#3772,#3773);
#3772 = CARTESIAN_POINT('',(2.1,5.551115123126E-17));
#3773 = VECTOR('',#3774,1.);
#3774 = DIRECTION('',(0.,1.));
#3775 = ( GEOMETRIC_REPRESENTATION_CONTEXT(2) 
PARAMETRIC_REPRESENTATION_CONTEXT() REPRESENTATION_CONTEXT('2D SPACE',''
  ) );
#3776 = ORIENTED_EDGE('',*,*,#3777,.F.);
#3777 = EDGE_CURVE('',#3137,#3755,#3778,.T.);
#3778 = SURFACE_CURVE('',#3779,(#3783,#3790),.PCURVE_S1.);
#3779 = LINE('',#3780,#3781);
#3780 = CARTESIAN_POINT('',(-7.775518385868,11.859905553872,
    19.511197310976));
#3781 = VECTOR('',#3782,1.);
#3782 = DIRECTION('',(0.336824088833,5.939117461388E-02,-0.939692620786)
  );
#3783 = PCURVE('',#3179,#3784);
#3784 = DEFINITIONAL_REPRESENTATION('',(#3785),#3789);
#3785 = LINE('',#3786,#3787);
#3786 = CARTESIAN_POINT('',(12.9,-25.4));
#3787 = VECTOR('',#3788,1.);
#3788 = DIRECTION('',(-1.,-2.081668171172E-17));
#3789 = ( GEOMETRIC_REPRESENTATION_CONTEXT(2) 
PARAMETRIC_REPRESENTATION_CONTEXT() REPRESENTATION_CONTEXT('2D SPACE',''
  ) );
#3790 = PCURVE('',#3152,#3791);
#3791 = DEFINITIONAL_REPRESENTATION('',(#3792),#3796);
#3792 = LINE('',#3793,#3794);
#3793 = CARTESIAN_POINT('',(12.9,2.1));
#3794 = VECTOR('',#3795,1.);
#3795 = DIRECTION('',(-1.,-5.551115123126E-17));
#3796 = ( GEOMETRIC_REPRESENTATION_CONTEXT(2) 
PARAMETRIC_REPRESENTATION_CONTEXT() REPRESENTATION_CONTEXT('2D SPACE',''
  ) );
#3797 = ORIENTED_EDGE('',*,*,#3164,.F.);
#3798 = FACE_BOUND('',#3799,.F.);
#3799 = EDGE_LOOP('',(#3800,#3828,#3854,#3880));
#3800 = ORIENTED_EDGE('',*,*,#3801,.F.);
#3801 = EDGE_CURVE('',#3802,#3804,#3806,.T.);
#3802 = VERTEX_POINT('',#3803);
#3803 = CARTESIAN_POINT('',(-6.521851628392,10.658854582416,
    16.692119448618));
#3804 = VERTEX_POINT('',#3805);
#3805 = CARTESIAN_POINT('',(-2.597576897602,-11.5968133535,
    16.692119448618));
#3806 = SURFACE_CURVE('',#3807,(#3811,#3817),.PCURVE_S1.);
#3807 = LINE('',#3808,#3809);
#3808 = CARTESIAN_POINT('',(-2.441206495461,-12.48363397229,
    16.692119448618));
#3809 = VECTOR('',#3810,1.);
#3810 = DIRECTION('',(0.173648177667,-0.984807753012,0.));
#3811 = PCURVE('',#3179,#3812);
#3812 = DEFINITIONAL_REPRESENTATION('',(#3813),#3816);
#3813 = B_SPLINE_CURVE_WITH_KNOTS('',1,(#3814,#3815),.UNSPECIFIED.,.F.,
  .F.,(2,2),(-23.9,-0.5),.PIECEWISE_BEZIER_KNOTS.);
#3814 = CARTESIAN_POINT('',(9.9,-24.4));
#3815 = CARTESIAN_POINT('',(9.9,-1.));
#3816 = ( GEOMETRIC_REPRESENTATION_CONTEXT(2) 
PARAMETRIC_REPRESENTATION_CONTEXT() REPRESENTATION_CONTEXT('2D SPACE',''
  ) );
#3817 = PCURVE('',#3818,#3823);
#3818 = PLANE('',#3819);
#3819 = AXIS2_PLACEMENT_3D('',#3820,#3821,#3822);
#3820 = CARTESIAN_POINT('',(-2.537284750078,-11.99286185489,
    16.688699247185));
#3821 = DIRECTION('',(-0.336824088833,-5.939117461388E-02,0.939692620786
    ));
#3822 = DIRECTION('',(0.925416578398,0.163175911167,0.342020143326));
#3823 = DEFINITIONAL_REPRESENTATION('',(#3824),#3827);
#3824 = B_SPLINE_CURVE_WITH_KNOTS('',1,(#3825,#3826),.UNSPECIFIED.,.F.,
  .F.,(2,2),(-23.9,-0.5),.PIECEWISE_BEZIER_KNOTS.);
#3825 = CARTESIAN_POINT('',(1.E-02,23.4));
#3826 = CARTESIAN_POINT('',(1.E-02,0.));
#3827 = ( GEOMETRIC_REPRESENTATION_CONTEXT(2) 
PARAMETRIC_REPRESENTATION_CONTEXT() REPRESENTATION_CONTEXT('2D SPACE',''
  ) );
#3828 = ORIENTED_EDGE('',*,*,#3829,.F.);
#3829 = EDGE_CURVE('',#3830,#3802,#3832,.T.);
#3830 = VERTEX_POINT('',#3831);
#3831 = CARTESIAN_POINT('',(-3.524117237775,11.18743603648,
    8.328855123624));
#3832 = SURFACE_CURVE('',#3833,(#3837,#3843),.PCURVE_S1.);
#3833 = LINE('',#3834,#3835);
#3834 = CARTESIAN_POINT('',(-3.524117237775,11.18743603648,
    8.328855123624));
#3835 = VECTOR('',#3836,1.);
#3836 = DIRECTION('',(-0.336824088833,-5.939117461388E-02,0.939692620786
    ));
#3837 = PCURVE('',#3179,#3838);
#3838 = DEFINITIONAL_REPRESENTATION('',(#3839),#3842);
#3839 = B_SPLINE_CURVE_WITH_KNOTS('',1,(#3840,#3841),.UNSPECIFIED.,.F.,
  .F.,(2,2),(-5.999999996911E-07,8.9000006),.PIECEWISE_BEZIER_KNOTS.);
#3840 = CARTESIAN_POINT('',(0.9999994,-23.99949874371));
#3841 = CARTESIAN_POINT('',(9.9000006,-23.99949874371));
#3842 = ( GEOMETRIC_REPRESENTATION_CONTEXT(2) 
PARAMETRIC_REPRESENTATION_CONTEXT() REPRESENTATION_CONTEXT('2D SPACE',''
  ) );
#3843 = PCURVE('',#3844,#3849);
#3844 = CYLINDRICAL_SURFACE('',#3845,0.5);
#3845 = AXIS2_PLACEMENT_3D('',#3846,#3847,#3848);
#3846 = CARTESIAN_POINT('',(-3.053385338834,11.16940509873,
    8.496444993853));
#3847 = DIRECTION('',(-0.336824088833,-5.939117461388E-02,0.939692620786
    ));
#3848 = DIRECTION('',(-0.925416578398,-0.163175911167,-0.342020143326));
#3849 = DEFINITIONAL_REPRESENTATION('',(#3850),#3853);
#3850 = B_SPLINE_CURVE_WITH_KNOTS('',1,(#3851,#3852),.UNSPECIFIED.,.F.,
  .F.,(2,2),(-5.999999996911E-07,8.9000006),.PIECEWISE_BEZIER_KNOTS.);
#3851 = CARTESIAN_POINT('',(-0.200334842323,-6.000000003572E-07));
#3852 = CARTESIAN_POINT('',(-0.200334842323,8.9000006));
#3853 = ( GEOMETRIC_REPRESENTATION_CONTEXT(2) 
PARAMETRIC_REPRESENTATION_CONTEXT() REPRESENTATION_CONTEXT('2D SPACE',''
  ) );
#3854 = ORIENTED_EDGE('',*,*,#3855,.T.);
#3855 = EDGE_CURVE('',#3830,#3856,#3858,.T.);
#3856 = VERTEX_POINT('',#3857);
#3857 = CARTESIAN_POINT('',(0.400157493016,-11.06823189943,
    8.328855123624));
#3858 = SURFACE_CURVE('',#3859,(#3863,#3869),.PCURVE_S1.);
#3859 = LINE('',#3860,#3861);
#3860 = CARTESIAN_POINT('',(0.556527895157,-11.95505251822,
    8.328855123624));
#3861 = VECTOR('',#3862,1.);
#3862 = DIRECTION('',(0.173648177667,-0.984807753012,0.));
#3863 = PCURVE('',#3179,#3864);
#3864 = DEFINITIONAL_REPRESENTATION('',(#3865),#3868);
#3865 = B_SPLINE_CURVE_WITH_KNOTS('',1,(#3866,#3867),.UNSPECIFIED.,.F.,
  .F.,(2,2),(-23.9,-0.5),.PIECEWISE_BEZIER_KNOTS.);
#3866 = CARTESIAN_POINT('',(1.,-24.4));
#3867 = CARTESIAN_POINT('',(1.,-1.));
#3868 = ( GEOMETRIC_REPRESENTATION_CONTEXT(2) 
PARAMETRIC_REPRESENTATION_CONTEXT() REPRESENTATION_CONTEXT('2D SPACE',''
  ) );
#3869 = PCURVE('',#3870,#3875);
#3870 = PLANE('',#3871);
#3871 = AXIS2_PLACEMENT_3D('',#3872,#3873,#3874);
#3872 = CARTESIAN_POINT('',(0.46044964054,-11.46428040083,8.32543492219)
  );
#3873 = DIRECTION('',(-0.336824088833,-5.939117461388E-02,0.939692620786
    ));
#3874 = DIRECTION('',(0.925416578398,0.163175911167,0.342020143326));
#3875 = DEFINITIONAL_REPRESENTATION('',(#3876),#3879);
#3876 = B_SPLINE_CURVE_WITH_KNOTS('',1,(#3877,#3878),.UNSPECIFIED.,.F.,
  .F.,(2,2),(-23.9,-0.5),.PIECEWISE_BEZIER_KNOTS.);
#3877 = CARTESIAN_POINT('',(1.E-02,23.4));
#3878 = CARTESIAN_POINT('',(1.E-02,-1.110223024625E-15));
#3879 = ( GEOMETRIC_REPRESENTATION_CONTEXT(2) 
PARAMETRIC_REPRESENTATION_CONTEXT() REPRESENTATION_CONTEXT('2D SPACE',''
  ) );
#3880 = ORIENTED_EDGE('',*,*,#3881,.T.);
#3881 = EDGE_CURVE('',#3856,#3804,#3882,.T.);
#3882 = SURFACE_CURVE('',#3883,(#3887,#3893),.PCURVE_S1.);
#3883 = LINE('',#3884,#3885);
#3884 = CARTESIAN_POINT('',(0.400157493016,-11.06823189943,
    8.328855123624));
#3885 = VECTOR('',#3886,1.);
#3886 = DIRECTION('',(-0.336824088833,-5.939117461388E-02,0.939692620786
    ));
#3887 = PCURVE('',#3179,#3888);
#3888 = DEFINITIONAL_REPRESENTATION('',(#3889),#3892);
#3889 = B_SPLINE_CURVE_WITH_KNOTS('',1,(#3890,#3891),.UNSPECIFIED.,.F.,
  .F.,(2,2),(-5.999999996737E-07,8.9000006),.PIECEWISE_BEZIER_KNOTS.);
#3890 = CARTESIAN_POINT('',(0.9999994,-1.400501256289));
#3891 = CARTESIAN_POINT('',(9.9000006,-1.400501256289));
#3892 = ( GEOMETRIC_REPRESENTATION_CONTEXT(2) 
PARAMETRIC_REPRESENTATION_CONTEXT() REPRESENTATION_CONTEXT('2D SPACE',''
  ) );
#3893 = PCURVE('',#3894,#3899);
#3894 = CYLINDRICAL_SURFACE('',#3895,0.5);
#3895 = AXIS2_PLACEMENT_3D('',#3896,#3897,#3898);
#3896 = CARTESIAN_POINT('',(0.836333840905,-10.89028856874,
    8.496444993853));
#3897 = DIRECTION('',(-0.336824088833,-5.939117461388E-02,0.939692620786
    ));
#3898 = DIRECTION('',(-0.925416578398,-0.163175911167,-0.342020143326));
#3899 = DEFINITIONAL_REPRESENTATION('',(#3900),#3903);
#3900 = B_SPLINE_CURVE_WITH_KNOTS('',1,(#3901,#3902),.UNSPECIFIED.,.F.,
  .F.,(2,2),(-5.999999996737E-07,8.9000006),.PIECEWISE_BEZIER_KNOTS.);
#3901 = CARTESIAN_POINT('',(0.200334842323,-6.000000005064E-07));
#3902 = CARTESIAN_POINT('',(0.200334842323,8.9000006));
#3903 = ( GEOMETRIC_REPRESENTATION_CONTEXT(2) 
PARAMETRIC_REPRESENTATION_CONTEXT() REPRESENTATION_CONTEXT('2D SPACE',''
  ) );
#3904 = ADVANCED_FACE('',(#3905),#3152,.F.);
#3905 = FACE_BOUND('',#3906,.F.);
#3906 = EDGE_LOOP('',(#3907,#3908,#3931,#3959,#3980,#3981));
#3907 = ORIENTED_EDGE('',*,*,#3777,.T.);
#3908 = ORIENTED_EDGE('',*,*,#3909,.F.);
#3909 = EDGE_CURVE('',#3910,#3755,#3912,.T.);
#3910 = VERTEX_POINT('',#3911);
#3911 = CARTESIAN_POINT('',(-5.373862454552,12.283382292941,
    6.670920201854));
#3912 = SURFACE_CURVE('',#3913,(#3917,#3924),.PCURVE_S1.);
#3913 = LINE('',#3914,#3915);
#3914 = CARTESIAN_POINT('',(-5.373862454552,12.283382292941,
    6.670920201854));
#3915 = VECTOR('',#3916,1.);
#3916 = DIRECTION('',(0.925416578398,0.163175911167,0.342020143326));
#3917 = PCURVE('',#3152,#3918);
#3918 = DEFINITIONAL_REPRESENTATION('',(#3919),#3923);
#3919 = LINE('',#3920,#3921);
#3920 = CARTESIAN_POINT('',(0.,0.));
#3921 = VECTOR('',#3922,1.);
#3922 = DIRECTION('',(5.551115123126E-17,1.));
#3923 = ( GEOMETRIC_REPRESENTATION_CONTEXT(2) 
PARAMETRIC_REPRESENTATION_CONTEXT() REPRESENTATION_CONTEXT('2D SPACE',''
  ) );
#3924 = PCURVE('',#3557,#3925);
#3925 = DEFINITIONAL_REPRESENTATION('',(#3926),#3930);
#3926 = LINE('',#3927,#3928);
#3927 = CARTESIAN_POINT('',(-8.881784197001E-16,25.4));
#3928 = VECTOR('',#3929,1.);
#3929 = DIRECTION('',(1.,0.));
#3930 = ( GEOMETRIC_REPRESENTATION_CONTEXT(2) 
PARAMETRIC_REPRESENTATION_CONTEXT() REPRESENTATION_CONTEXT('2D SPACE',''
  ) );
#3931 = ORIENTED_EDGE('',*,*,#3932,.T.);
#3932 = EDGE_CURVE('',#3910,#3933,#3935,.T.);
#3933 = VERTEX_POINT('',#3934);
#3934 = CARTESIAN_POINT('',(-9.045245022837,11.63601848965,
    16.91356976842));
#3935 = SURFACE_CURVE('',#3936,(#3940,#3947),.PCURVE_S1.);
#3936 = LINE('',#3937,#3938);
#3937 = CARTESIAN_POINT('',(-5.373862454552,12.283382292941,
    6.670920201854));
#3938 = VECTOR('',#3939,1.);
#3939 = DIRECTION('',(-0.336824088833,-5.939117461388E-02,0.939692620786
    ));
#3940 = PCURVE('',#3152,#3941);
#3941 = DEFINITIONAL_REPRESENTATION('',(#3942),#3946);
#3942 = LINE('',#3943,#3944);
#3943 = CARTESIAN_POINT('',(0.,0.));
#3944 = VECTOR('',#3945,1.);
#3945 = DIRECTION('',(1.,5.551115123126E-17));
#3946 = ( GEOMETRIC_REPRESENTATION_CONTEXT(2) 
PARAMETRIC_REPRESENTATION_CONTEXT() REPRESENTATION_CONTEXT('2D SPACE',''
  ) );
#3947 = PCURVE('',#3948,#3953);
#3948 = PLANE('',#3949);
#3949 = AXIS2_PLACEMENT_3D('',#3950,#3951,#3952);
#3950 = CARTESIAN_POINT('',(-0.963198741812,-12.73073463356,
    6.670920201854));
#3951 = DIRECTION('',(0.925416578398,0.163175911167,0.342020143326));
#3952 = DIRECTION('',(-0.336824088833,-5.939117461388E-02,0.939692620786
    ));
#3953 = DEFINITIONAL_REPRESENTATION('',(#3954),#3958);
#3954 = LINE('',#3955,#3956);
#3955 = CARTESIAN_POINT('',(0.,-25.4));
#3956 = VECTOR('',#3957,1.);
#3957 = DIRECTION('',(1.,-6.938893903907E-18));
#3958 = ( GEOMETRIC_REPRESENTATION_CONTEXT(2) 
PARAMETRIC_REPRESENTATION_CONTEXT() REPRESENTATION_CONTEXT('2D SPACE',''
  ) );
#3959 = ORIENTED_EDGE('',*,*,#3960,.F.);
#3960 = EDGE_CURVE('',#3598,#3933,#3961,.T.);
#3961 = SURFACE_CURVE('',#3962,(#3966,#3973),.PCURVE_S1.);
#3962 = LINE('',#3963,#3964);
#3963 = CARTESIAN_POINT('',(-13.3947029413,10.869091707167,
    15.30607509479));
#3964 = VECTOR('',#3965,1.);
#3965 = DIRECTION('',(0.925416578398,0.163175911167,0.342020143326));
#3966 = PCURVE('',#3152,#3967);
#3967 = DEFINITIONAL_REPRESENTATION('',(#3968),#3972);
#3968 = LINE('',#3969,#3970);
#3969 = CARTESIAN_POINT('',(10.9,-4.7));
#3970 = VECTOR('',#3971,1.);
#3971 = DIRECTION('',(5.551115123126E-17,1.));
#3972 = ( GEOMETRIC_REPRESENTATION_CONTEXT(2) 
PARAMETRIC_REPRESENTATION_CONTEXT() REPRESENTATION_CONTEXT('2D SPACE',''
  ) );
#3973 = PCURVE('',#3613,#3974);
#3974 = DEFINITIONAL_REPRESENTATION('',(#3975),#3979);
#3975 = LINE('',#3976,#3977);
#3976 = CARTESIAN_POINT('',(-1.7763568394E-15,25.4));
#3977 = VECTOR('',#3978,1.);
#3978 = DIRECTION('',(1.,0.));
#3979 = ( GEOMETRIC_REPRESENTATION_CONTEXT(2) 
PARAMETRIC_REPRESENTATION_CONTEXT() REPRESENTATION_CONTEXT('2D SPACE',''
  ) );
#3980 = ORIENTED_EDGE('',*,*,#3625,.T.);
#3981 = ORIENTED_EDGE('',*,*,#3136,.T.);
#3982 = ADVANCED_FACE('',(#3983),#3306,.F.);
#3983 = FACE_BOUND('',#3984,.F.);
#3984 = EDGE_LOOP('',(#3985,#4007,#4034,#4054));
#3985 = ORIENTED_EDGE('',*,*,#3986,.F.);
#3986 = EDGE_CURVE('',#3987,#3293,#3989,.T.);
#3987 = VERTEX_POINT('',#3988);
#3988 = CARTESIAN_POINT('',(-2.145761186392,3.510658813628,
    12.647640452795));
#3989 = SURFACE_CURVE('',#3990,(#3993,#4000),.PCURVE_S1.);
#3990 = B_SPLINE_CURVE_WITH_KNOTS('',1,(#3991,#3992),.UNSPECIFIED.,.F.,
  .F.,(2,2),(0.,1.),.PIECEWISE_BEZIER_KNOTS.);
#3991 = CARTESIAN_POINT('',(-2.145761186392,3.510658813628,
    12.647640452795));
#3992 = CARTESIAN_POINT('',(-1.151105355849,4.059324385498,
    12.647640452795));
#3993 = PCURVE('',#3306,#3994);
#3994 = DEFINITIONAL_REPRESENTATION('',(#3995),#3999);
#3995 = LINE('',#3996,#3997);
#3996 = CARTESIAN_POINT('',(0.,0.));
#3997 = VECTOR('',#3998,1.);
#3998 = DIRECTION('',(0.,1.));
#3999 = ( GEOMETRIC_REPRESENTATION_CONTEXT(2) 
PARAMETRIC_REPRESENTATION_CONTEXT() REPRESENTATION_CONTEXT('2D SPACE',''
  ) );
#4000 = PCURVE('',#3331,#4001);
#4001 = DEFINITIONAL_REPRESENTATION('',(#4002),#4006);
#4002 = LINE('',#4003,#4004);
#4003 = CARTESIAN_POINT('',(7.735219873218,0.));
#4004 = VECTOR('',#4005,1.);
#4005 = DIRECTION('',(0.,1.));
#4006 = ( GEOMETRIC_REPRESENTATION_CONTEXT(2) 
PARAMETRIC_REPRESENTATION_CONTEXT() REPRESENTATION_CONTEXT('2D SPACE',''
  ) );
#4007 = ORIENTED_EDGE('',*,*,#4008,.T.);
#4008 = EDGE_CURVE('',#3987,#4009,#4011,.T.);
#4009 = VERTEX_POINT('',#4010);
#4010 = CARTESIAN_POINT('',(-3.695151995026,3.237459410404,
    16.97022650841));
#4011 = SURFACE_CURVE('',#4012,(#4016,#4022),.PCURVE_S1.);
#4012 = LINE('',#4013,#4014);
#4013 = CARTESIAN_POINT('',(-2.145761186392,3.510658813628,
    12.647640452795));
#4014 = VECTOR('',#4015,1.);
#4015 = DIRECTION('',(-0.336824088833,-5.939117461388E-02,0.939692620786
    ));
#4016 = PCURVE('',#3306,#4017);
#4017 = DEFINITIONAL_REPRESENTATION('',(#4018),#4021);
#4018 = B_SPLINE_CURVE_WITH_KNOTS('',1,(#4019,#4020),.UNSPECIFIED.,.F.,
  .F.,(2,2),(0.,4.6),.PIECEWISE_BEZIER_KNOTS.);
#4019 = CARTESIAN_POINT('',(0.,0.));
#4020 = CARTESIAN_POINT('',(5.335219873218,0.));
#4021 = ( GEOMETRIC_REPRESENTATION_CONTEXT(2) 
PARAMETRIC_REPRESENTATION_CONTEXT() REPRESENTATION_CONTEXT('2D SPACE',''
  ) );
#4022 = PCURVE('',#4023,#4028);
#4023 = PLANE('',#4024);
#4024 = AXIS2_PLACEMENT_3D('',#4025,#4026,#4027);
#4025 = CARTESIAN_POINT('',(1.857828673921,-11.21788477497,
    8.841885338612));
#4026 = DIRECTION('',(0.925416578398,0.163175911167,0.342020143326));
#4027 = DIRECTION('',(-0.336824088833,-5.939117461388E-02,0.939692620786
    ));
#4028 = DEFINITIONAL_REPRESENTATION('',(#4029),#4033);
#4029 = LINE('',#4030,#4031);
#4030 = CARTESIAN_POINT('',(4.05,-15.2));
#4031 = VECTOR('',#4032,1.);
#4032 = DIRECTION('',(1.,-6.938893903907E-18));
#4033 = ( GEOMETRIC_REPRESENTATION_CONTEXT(2) 
PARAMETRIC_REPRESENTATION_CONTEXT() REPRESENTATION_CONTEXT('2D SPACE',''
  ) );
#4034 = ORIENTED_EDGE('',*,*,#4035,.T.);
#4035 = EDGE_CURVE('',#4009,#3291,#4036,.T.);
#4036 = SURFACE_CURVE('',#4037,(#4040,#4047),.PCURVE_S1.);
#4037 = B_SPLINE_CURVE_WITH_KNOTS('',1,(#4038,#4039),.UNSPECIFIED.,.F.,
  .F.,(2,2),(0.,1.),.PIECEWISE_BEZIER_KNOTS.);
#4038 = CARTESIAN_POINT('',(-3.695151995026,3.237459410404,
    16.97022650841));
#4039 = CARTESIAN_POINT('',(-2.948135928372,3.742459410404,
    17.661107197928));
#4040 = PCURVE('',#3306,#4041);
#4041 = DEFINITIONAL_REPRESENTATION('',(#4042),#4046);
#4042 = LINE('',#4043,#4044);
#4043 = CARTESIAN_POINT('',(5.335219873218,0.));
#4044 = VECTOR('',#4045,1.);
#4045 = DIRECTION('',(0.,1.));
#4046 = ( GEOMETRIC_REPRESENTATION_CONTEXT(2) 
PARAMETRIC_REPRESENTATION_CONTEXT() REPRESENTATION_CONTEXT('2D SPACE',''
  ) );
#4047 = PCURVE('',#3379,#4048);
#4048 = DEFINITIONAL_REPRESENTATION('',(#4049),#4053);
#4049 = LINE('',#4050,#4051);
#4050 = CARTESIAN_POINT('',(0.,0.));
#4051 = VECTOR('',#4052,1.);
#4052 = DIRECTION('',(0.,1.));
#4053 = ( GEOMETRIC_REPRESENTATION_CONTEXT(2) 
PARAMETRIC_REPRESENTATION_CONTEXT() REPRESENTATION_CONTEXT('2D SPACE',''
  ) );
#4054 = ORIENTED_EDGE('',*,*,#3290,.T.);
#4055 = ADVANCED_FACE('',(#4056),#3379,.F.);
#4056 = FACE_BOUND('',#4057,.F.);
#4057 = EDGE_LOOP('',(#4058,#4059,#4081,#4101));
#4058 = ORIENTED_EDGE('',*,*,#4035,.F.);
#4059 = ORIENTED_EDGE('',*,*,#4060,.T.);
#4060 = EDGE_CURVE('',#4009,#4061,#4063,.T.);
#4061 = VERTEX_POINT('',#4062);
#4062 = CARTESIAN_POINT('',(-2.479614751357,-3.656194860681,
    16.97022650841));
#4063 = SURFACE_CURVE('',#4064,(#4068,#4074),.PCURVE_S1.);
#4064 = LINE('',#4065,#4066);
#4065 = CARTESIAN_POINT('',(-3.695151995026,3.237459410404,
    16.97022650841));
#4066 = VECTOR('',#4067,1.);
#4067 = DIRECTION('',(0.173648177667,-0.984807753012,0.));
#4068 = PCURVE('',#3379,#4069);
#4069 = DEFINITIONAL_REPRESENTATION('',(#4070),#4073);
#4070 = B_SPLINE_CURVE_WITH_KNOTS('',1,(#4071,#4072),.UNSPECIFIED.,.F.,
  .F.,(2,2),(0.,7.),.PIECEWISE_BEZIER_KNOTS.);
#4071 = CARTESIAN_POINT('',(0.,0.));
#4072 = CARTESIAN_POINT('',(7.735219873218,0.));
#4073 = ( GEOMETRIC_REPRESENTATION_CONTEXT(2) 
PARAMETRIC_REPRESENTATION_CONTEXT() REPRESENTATION_CONTEXT('2D SPACE',''
  ) );
#4074 = PCURVE('',#4023,#4075);
#4075 = DEFINITIONAL_REPRESENTATION('',(#4076),#4080);
#4076 = LINE('',#4077,#4078);
#4077 = CARTESIAN_POINT('',(8.65,-15.2));
#4078 = VECTOR('',#4079,1.);
#4079 = DIRECTION('',(0.,1.));
#4080 = ( GEOMETRIC_REPRESENTATION_CONTEXT(2) 
PARAMETRIC_REPRESENTATION_CONTEXT() REPRESENTATION_CONTEXT('2D SPACE',''
  ) );
#4081 = ORIENTED_EDGE('',*,*,#4082,.T.);
#4082 = EDGE_CURVE('',#4061,#3343,#4083,.T.);
#4083 = SURFACE_CURVE('',#4084,(#4087,#4094),.PCURVE_S1.);
#4084 = B_SPLINE_CURVE_WITH_KNOTS('',1,(#4085,#4086),.UNSPECIFIED.,.F.,
  .F.,(2,2),(0.,1.),.PIECEWISE_BEZIER_KNOTS.);
#4085 = CARTESIAN_POINT('',(-2.479614751357,-3.656194860681,
    16.97022650841));
#4086 = CARTESIAN_POINT('',(-1.604929093535,-3.875245091994,
    17.661107197928));
#4087 = PCURVE('',#3379,#4088);
#4088 = DEFINITIONAL_REPRESENTATION('',(#4089),#4093);
#4089 = LINE('',#4090,#4091);
#4090 = CARTESIAN_POINT('',(7.735219873218,0.));
#4091 = VECTOR('',#4092,1.);
#4092 = DIRECTION('',(0.,1.));
#4093 = ( GEOMETRIC_REPRESENTATION_CONTEXT(2) 
PARAMETRIC_REPRESENTATION_CONTEXT() REPRESENTATION_CONTEXT('2D SPACE',''
  ) );
#4094 = PCURVE('',#3356,#4095);
#4095 = DEFINITIONAL_REPRESENTATION('',(#4096),#4100);
#4096 = LINE('',#4097,#4098);
#4097 = CARTESIAN_POINT('',(0.,0.));
#4098 = VECTOR('',#4099,1.);
#4099 = DIRECTION('',(0.,1.));
#4100 = ( GEOMETRIC_REPRESENTATION_CONTEXT(2) 
PARAMETRIC_REPRESENTATION_CONTEXT() REPRESENTATION_CONTEXT('2D SPACE',''
  ) );
#4101 = ORIENTED_EDGE('',*,*,#3367,.T.);
#4102 = ADVANCED_FACE('',(#4103),#3356,.F.);
#4103 = FACE_BOUND('',#4104,.F.);
#4104 = EDGE_LOOP('',(#4105,#4106,#4128,#4148));
#4105 = ORIENTED_EDGE('',*,*,#4082,.F.);
#4106 = ORIENTED_EDGE('',*,*,#4107,.T.);
#4107 = EDGE_CURVE('',#4061,#4108,#4110,.T.);
#4108 = VERTEX_POINT('',#4109);
#4109 = CARTESIAN_POINT('',(-0.930223942723,-3.382995457457,
    12.647640452795));
#4110 = SURFACE_CURVE('',#4111,(#4115,#4121),.PCURVE_S1.);
#4111 = LINE('',#4112,#4113);
#4112 = CARTESIAN_POINT('',(-2.479614751357,-3.656194860681,
    16.97022650841));
#4113 = VECTOR('',#4114,1.);
#4114 = DIRECTION('',(0.336824088833,5.939117461388E-02,-0.939692620786)
  );
#4115 = PCURVE('',#3356,#4116);
#4116 = DEFINITIONAL_REPRESENTATION('',(#4117),#4120);
#4117 = B_SPLINE_CURVE_WITH_KNOTS('',1,(#4118,#4119),.UNSPECIFIED.,.F.,
  .F.,(2,2),(0.,4.6),.PIECEWISE_BEZIER_KNOTS.);
#4118 = CARTESIAN_POINT('',(0.,0.));
#4119 = CARTESIAN_POINT('',(5.335219873218,0.));
#4120 = ( GEOMETRIC_REPRESENTATION_CONTEXT(2) 
PARAMETRIC_REPRESENTATION_CONTEXT() REPRESENTATION_CONTEXT('2D SPACE',''
  ) );
#4121 = PCURVE('',#4023,#4122);
#4122 = DEFINITIONAL_REPRESENTATION('',(#4123),#4127);
#4123 = LINE('',#4124,#4125);
#4124 = CARTESIAN_POINT('',(8.65,-8.2));
#4125 = VECTOR('',#4126,1.);
#4126 = DIRECTION('',(-1.,6.938893903907E-18));
#4127 = ( GEOMETRIC_REPRESENTATION_CONTEXT(2) 
PARAMETRIC_REPRESENTATION_CONTEXT() REPRESENTATION_CONTEXT('2D SPACE',''
  ) );
#4128 = ORIENTED_EDGE('',*,*,#4129,.T.);
#4129 = EDGE_CURVE('',#4108,#3318,#4130,.T.);
#4130 = SURFACE_CURVE('',#4131,(#4134,#4141),.PCURVE_S1.);
#4131 = B_SPLINE_CURVE_WITH_KNOTS('',1,(#4132,#4133),.UNSPECIFIED.,.F.,
  .F.,(2,2),(0.,1.),.PIECEWISE_BEZIER_KNOTS.);
#4132 = CARTESIAN_POINT('',(-0.930223942723,-3.382995457457,
    12.647640452795));
#4133 = CARTESIAN_POINT('',(0.192101478988,-3.558380116901,
    12.647640452795));
#4134 = PCURVE('',#3356,#4135);
#4135 = DEFINITIONAL_REPRESENTATION('',(#4136),#4140);
#4136 = LINE('',#4137,#4138);
#4137 = CARTESIAN_POINT('',(5.335219873218,0.));
#4138 = VECTOR('',#4139,1.);
#4139 = DIRECTION('',(0.,1.));
#4140 = ( GEOMETRIC_REPRESENTATION_CONTEXT(2) 
PARAMETRIC_REPRESENTATION_CONTEXT() REPRESENTATION_CONTEXT('2D SPACE',''
  ) );
#4141 = PCURVE('',#3331,#4142);
#4142 = DEFINITIONAL_REPRESENTATION('',(#4143),#4147);
#4143 = LINE('',#4144,#4145);
#4144 = CARTESIAN_POINT('',(0.,0.));
#4145 = VECTOR('',#4146,1.);
#4146 = DIRECTION('',(0.,1.));
#4147 = ( GEOMETRIC_REPRESENTATION_CONTEXT(2) 
PARAMETRIC_REPRESENTATION_CONTEXT() REPRESENTATION_CONTEXT('2D SPACE',''
  ) );
#4148 = ORIENTED_EDGE('',*,*,#3342,.T.);
#4149 = ADVANCED_FACE('',(#4150),#3331,.F.);
#4150 = FACE_BOUND('',#4151,.F.);
#4151 = EDGE_LOOP('',(#4152,#4153,#4173,#4174));
#4152 = ORIENTED_EDGE('',*,*,#4129,.F.);
#4153 = ORIENTED_EDGE('',*,*,#4154,.T.);
#4154 = EDGE_CURVE('',#4108,#3987,#4155,.T.);
#4155 = SURFACE_CURVE('',#4156,(#4160,#4166),.PCURVE_S1.);
#4156 = LINE('',#4157,#4158);
#4157 = CARTESIAN_POINT('',(-0.930223942723,-3.382995457457,
    12.647640452795));
#4158 = VECTOR('',#4159,1.);
#4159 = DIRECTION('',(-0.173648177667,0.984807753012,0.));
#4160 = PCURVE('',#3331,#4161);
#4161 = DEFINITIONAL_REPRESENTATION('',(#4162),#4165);
#4162 = B_SPLINE_CURVE_WITH_KNOTS('',1,(#4163,#4164),.UNSPECIFIED.,.F.,
  .F.,(2,2),(0.,7.),.PIECEWISE_BEZIER_KNOTS.);
#4163 = CARTESIAN_POINT('',(0.,0.));
#4164 = CARTESIAN_POINT('',(7.735219873218,0.));
#4165 = ( GEOMETRIC_REPRESENTATION_CONTEXT(2) 
PARAMETRIC_REPRESENTATION_CONTEXT() REPRESENTATION_CONTEXT('2D SPACE',''
  ) );
#4166 = PCURVE('',#4023,#4167);
#4167 = DEFINITIONAL_REPRESENTATION('',(#4168),#4172);
#4168 = LINE('',#4169,#4170);
#4169 = CARTESIAN_POINT('',(4.05,-8.2));
#4170 = VECTOR('',#4171,1.);
#4171 = DIRECTION('',(0.,-1.));
#4172 = ( GEOMETRIC_REPRESENTATION_CONTEXT(2) 
PARAMETRIC_REPRESENTATION_CONTEXT() REPRESENTATION_CONTEXT('2D SPACE',''
  ) );
#4173 = ORIENTED_EDGE('',*,*,#3986,.T.);
#4174 = ORIENTED_EDGE('',*,*,#3317,.T.);
#4175 = ADVANCED_FACE('',(#4176,#4220),#3613,.T.);
#4176 = FACE_BOUND('',#4177,.T.);
#4177 = EDGE_LOOP('',(#4178,#4179,#4200,#4219));
#4178 = ORIENTED_EDGE('',*,*,#3597,.F.);
#4179 = ORIENTED_EDGE('',*,*,#4180,.T.);
#4180 = EDGE_CURVE('',#3570,#4181,#4183,.T.);
#4181 = VERTEX_POINT('',#4182);
#4182 = CARTESIAN_POINT('',(-8.350652312169,7.696787477601,
    16.91356976842));
#4183 = SURFACE_CURVE('',#4184,(#4188,#4194),.PCURVE_S1.);
#4184 = LINE('',#4185,#4186);
#4185 = CARTESIAN_POINT('',(-12.70011023064,6.929860695118,
    15.30607509479));
#4186 = VECTOR('',#4187,1.);
#4187 = DIRECTION('',(0.925416578398,0.163175911167,0.342020143326));
#4188 = PCURVE('',#3613,#4189);
#4189 = DEFINITIONAL_REPRESENTATION('',(#4190),#4193);
#4190 = B_SPLINE_CURVE_WITH_KNOTS('',1,(#4191,#4192),.UNSPECIFIED.,.F.,
  .F.,(2,2),(-1.939817450359E-15,4.7),.PIECEWISE_BEZIER_KNOTS.);
#4191 = CARTESIAN_POINT('',(-1.7763568394E-15,21.4));
#4192 = CARTESIAN_POINT('',(4.7,21.4));
#4193 = ( GEOMETRIC_REPRESENTATION_CONTEXT(2) 
PARAMETRIC_REPRESENTATION_CONTEXT() REPRESENTATION_CONTEXT('2D SPACE',''
  ) );
#4194 = PCURVE('',#3585,#4195);
#4195 = DEFINITIONAL_REPRESENTATION('',(#4196),#4199);
#4196 = B_SPLINE_CURVE_WITH_KNOTS('',1,(#4197,#4198),.UNSPECIFIED.,.F.,
  .F.,(2,2),(-1.939817450359E-15,4.7),.PIECEWISE_BEZIER_KNOTS.);
#4197 = CARTESIAN_POINT('',(10.9,1.168807018591E-15));
#4198 = CARTESIAN_POINT('',(10.9,4.7));
#4199 = ( GEOMETRIC_REPRESENTATION_CONTEXT(2) 
PARAMETRIC_REPRESENTATION_CONTEXT() REPRESENTATION_CONTEXT('2D SPACE',''
  ) );
#4200 = ORIENTED_EDGE('',*,*,#4201,.F.);
#4201 = EDGE_CURVE('',#3933,#4181,#4202,.T.);
#4202 = SURFACE_CURVE('',#4203,(#4207,#4213),.PCURVE_S1.);
#4203 = LINE('',#4204,#4205);
#4204 = CARTESIAN_POINT('',(-4.634581310097,-13.37809843686,
    16.91356976842));
#4205 = VECTOR('',#4206,1.);
#4206 = DIRECTION('',(0.173648177667,-0.984807753012,0.));
#4207 = PCURVE('',#3613,#4208);
#4208 = DEFINITIONAL_REPRESENTATION('',(#4209),#4212);
#4209 = B_SPLINE_CURVE_WITH_KNOTS('',1,(#4210,#4211),.UNSPECIFIED.,.F.,
  .F.,(2,2),(-25.4,-21.4),.PIECEWISE_BEZIER_KNOTS.);
#4210 = CARTESIAN_POINT('',(4.7,25.4));
#4211 = CARTESIAN_POINT('',(4.7,21.4));
#4212 = ( GEOMETRIC_REPRESENTATION_CONTEXT(2) 
PARAMETRIC_REPRESENTATION_CONTEXT() REPRESENTATION_CONTEXT('2D SPACE',''
  ) );
#4213 = PCURVE('',#3948,#4214);
#4214 = DEFINITIONAL_REPRESENTATION('',(#4215),#4218);
#4215 = B_SPLINE_CURVE_WITH_KNOTS('',1,(#4216,#4217),.UNSPECIFIED.,.F.,
  .F.,(2,2),(-25.4,-21.4),.PIECEWISE_BEZIER_KNOTS.);
#4216 = CARTESIAN_POINT('',(10.9,-25.4));
#4217 = CARTESIAN_POINT('',(10.9,-21.4));
#4218 = ( GEOMETRIC_REPRESENTATION_CONTEXT(2) 
PARAMETRIC_REPRESENTATION_CONTEXT() REPRESENTATION_CONTEXT('2D SPACE',''
  ) );
#4219 = ORIENTED_EDGE('',*,*,#3960,.F.);
#4220 = FACE_BOUND('',#4221,.T.);
#4221 = EDGE_LOOP('',(#4222));
#4222 = ORIENTED_EDGE('',*,*,#4223,.F.);
#4223 = EDGE_CURVE('',#4224,#4224,#4226,.T.);
#4224 = VERTEX_POINT('',#4225);
#4225 = CARTESIAN_POINT('',(-10.0860735351,9.421639116876,
    16.400539553432));
#4226 = SURFACE_CURVE('',#4227,(#4232,#4239),.PCURVE_S1.);
#4227 = CIRCLE('',#4228,0.85);
#4228 = AXIS2_PLACEMENT_3D('',#4229,#4230,#4231);
#4229 = CARTESIAN_POINT('',(-10.87267762673,9.282939592384,
    16.109822431605));
#4230 = DIRECTION('',(-0.336824088833,-5.939117461388E-02,0.939692620786
    ));
#4231 = DIRECTION('',(0.925416578398,0.163175911167,0.342020143326));
#4232 = PCURVE('',#3613,#4233);
#4233 = DEFINITIONAL_REPRESENTATION('',(#4234),#4238);
#4234 = CIRCLE('',#4235,0.85);
#4235 = AXIS2_PLACEMENT_2D('',#4236,#4237);
#4236 = CARTESIAN_POINT('',(2.35,23.4));
#4237 = DIRECTION('',(1.,-2.775557561563E-17));
#4238 = ( GEOMETRIC_REPRESENTATION_CONTEXT(2) 
PARAMETRIC_REPRESENTATION_CONTEXT() REPRESENTATION_CONTEXT('2D SPACE',''
  ) );
#4239 = PCURVE('',#4240,#4245);
#4240 = CYLINDRICAL_SURFACE('',#4241,0.85);
#4241 = AXIS2_PLACEMENT_3D('',#4242,#4243,#4244);
#4242 = CARTESIAN_POINT('',(-8.178084916072,9.758068989295,
    8.592281465318));
#4243 = DIRECTION('',(-0.336824088833,-5.939117461388E-02,0.939692620786
    ));
#4244 = DIRECTION('',(0.925416578398,0.163175911167,0.342020143326));
#4245 = DEFINITIONAL_REPRESENTATION('',(#4246),#4250);
#4246 = LINE('',#4247,#4248);
#4247 = CARTESIAN_POINT('',(0.,8.));
#4248 = VECTOR('',#4249,1.);
#4249 = DIRECTION('',(1.,0.));
#4250 = ( GEOMETRIC_REPRESENTATION_CONTEXT(2) 
PARAMETRIC_REPRESENTATION_CONTEXT() REPRESENTATION_CONTEXT('2D SPACE',''
  ) );
#4251 = ADVANCED_FACE('',(#4252),#3585,.F.);
#4252 = FACE_BOUND('',#4253,.F.);
#4253 = EDGE_LOOP('',(#4254,#4277,#4278,#4279));
#4254 = ORIENTED_EDGE('',*,*,#4255,.F.);
#4255 = EDGE_CURVE('',#3542,#4256,#4258,.T.);
#4256 = VERTEX_POINT('',#4257);
#4257 = CARTESIAN_POINT('',(-4.679269743885,8.344151280892,
    6.670920201854));
#4258 = SURFACE_CURVE('',#4259,(#4263,#4270),.PCURVE_S1.);
#4259 = LINE('',#4260,#4261);
#4260 = CARTESIAN_POINT('',(-9.028727662357,7.57722449841,5.063425528223
    ));
#4261 = VECTOR('',#4262,1.);
#4262 = DIRECTION('',(0.925416578398,0.163175911167,0.342020143326));
#4263 = PCURVE('',#3585,#4264);
#4264 = DEFINITIONAL_REPRESENTATION('',(#4265),#4269);
#4265 = LINE('',#4266,#4267);
#4266 = CARTESIAN_POINT('',(0.,0.));
#4267 = VECTOR('',#4268,1.);
#4268 = DIRECTION('',(5.551115123126E-17,1.));
#4269 = ( GEOMETRIC_REPRESENTATION_CONTEXT(2) 
PARAMETRIC_REPRESENTATION_CONTEXT() REPRESENTATION_CONTEXT('2D SPACE',''
  ) );
#4270 = PCURVE('',#3557,#4271);
#4271 = DEFINITIONAL_REPRESENTATION('',(#4272),#4276);
#4272 = LINE('',#4273,#4274);
#4273 = CARTESIAN_POINT('',(-4.7,21.4));
#4274 = VECTOR('',#4275,1.);
#4275 = DIRECTION('',(1.,0.));
#4276 = ( GEOMETRIC_REPRESENTATION_CONTEXT(2) 
PARAMETRIC_REPRESENTATION_CONTEXT() REPRESENTATION_CONTEXT('2D SPACE',''
  ) );
#4277 = ORIENTED_EDGE('',*,*,#3569,.T.);
#4278 = ORIENTED_EDGE('',*,*,#4180,.T.);
#4279 = ORIENTED_EDGE('',*,*,#4280,.F.);
#4280 = EDGE_CURVE('',#4256,#4181,#4281,.T.);
#4281 = SURFACE_CURVE('',#4282,(#4286,#4292),.PCURVE_S1.);
#4282 = LINE('',#4283,#4284);
#4283 = CARTESIAN_POINT('',(-4.679269743885,8.344151280892,
    6.670920201854));
#4284 = VECTOR('',#4285,1.);
#4285 = DIRECTION('',(-0.336824088833,-5.939117461388E-02,0.939692620786
    ));
#4286 = PCURVE('',#3585,#4287);
#4287 = DEFINITIONAL_REPRESENTATION('',(#4288),#4291);
#4288 = B_SPLINE_CURVE_WITH_KNOTS('',1,(#4289,#4290),.UNSPECIFIED.,.F.,
  .F.,(2,2),(-2.22044604925E-16,12.9),.PIECEWISE_BEZIER_KNOTS.);
#4289 = CARTESIAN_POINT('',(0.,4.7));
#4290 = CARTESIAN_POINT('',(12.9,4.7));
#4291 = ( GEOMETRIC_REPRESENTATION_CONTEXT(2) 
PARAMETRIC_REPRESENTATION_CONTEXT() REPRESENTATION_CONTEXT('2D SPACE',''
  ) );
#4292 = PCURVE('',#3948,#4293);
#4293 = DEFINITIONAL_REPRESENTATION('',(#4294),#4297);
#4294 = B_SPLINE_CURVE_WITH_KNOTS('',1,(#4295,#4296),.UNSPECIFIED.,.F.,
  .F.,(2,2),(-2.22044604925E-16,12.9),.PIECEWISE_BEZIER_KNOTS.);
#4295 = CARTESIAN_POINT('',(6.125701020085E-16,-21.4));
#4296 = CARTESIAN_POINT('',(12.9,-21.4));
#4297 = ( GEOMETRIC_REPRESENTATION_CONTEXT(2) 
PARAMETRIC_REPRESENTATION_CONTEXT() REPRESENTATION_CONTEXT('2D SPACE',''
  ) );
#4298 = ADVANCED_FACE('',(#4299),#3557,.T.);
#4299 = FACE_BOUND('',#4300,.T.);
#4300 = EDGE_LOOP('',(#4301,#4324,#4325,#4326,#4327,#4348,#4349,#4350));
#4301 = ORIENTED_EDGE('',*,*,#4302,.F.);
#4302 = EDGE_CURVE('',#3702,#4303,#4305,.T.);
#4303 = VERTEX_POINT('',#4304);
#4304 = CARTESIAN_POINT('',(-1.65779145248,-8.79150362152,6.670920201854
    ));
#4305 = SURFACE_CURVE('',#4306,(#4310,#4317),.PCURVE_S1.);
#4306 = LINE('',#4307,#4308);
#4307 = CARTESIAN_POINT('',(-0.963198741812,-12.73073463356,
    6.670920201854));
#4308 = VECTOR('',#4309,1.);
#4309 = DIRECTION('',(-0.173648177667,0.984807753012,0.));
#4310 = PCURVE('',#3557,#4311);
#4311 = DEFINITIONAL_REPRESENTATION('',(#4312),#4316);
#4312 = LINE('',#4313,#4314);
#4313 = CARTESIAN_POINT('',(0.,0.));
#4314 = VECTOR('',#4315,1.);
#4315 = DIRECTION('',(0.,1.));
#4316 = ( GEOMETRIC_REPRESENTATION_CONTEXT(2) 
PARAMETRIC_REPRESENTATION_CONTEXT() REPRESENTATION_CONTEXT('2D SPACE',''
  ) );
#4317 = PCURVE('',#3738,#4318);
#4318 = DEFINITIONAL_REPRESENTATION('',(#4319),#4323);
#4319 = LINE('',#4320,#4321);
#4320 = CARTESIAN_POINT('',(0.,0.));
#4321 = VECTOR('',#4322,1.);
#4322 = DIRECTION('',(0.,-1.));
#4323 = ( GEOMETRIC_REPRESENTATION_CONTEXT(2) 
PARAMETRIC_REPRESENTATION_CONTEXT() REPRESENTATION_CONTEXT('2D SPACE',''
  ) );
#4324 = ORIENTED_EDGE('',*,*,#3701,.T.);
#4325 = ORIENTED_EDGE('',*,*,#3754,.T.);
#4326 = ORIENTED_EDGE('',*,*,#3909,.F.);
#4327 = ORIENTED_EDGE('',*,*,#4328,.F.);
#4328 = EDGE_CURVE('',#4256,#3910,#4329,.T.);
#4329 = SURFACE_CURVE('',#4330,(#4334,#4341),.PCURVE_S1.);
#4330 = LINE('',#4331,#4332);
#4331 = CARTESIAN_POINT('',(-0.963198741812,-12.73073463356,
    6.670920201854));
#4332 = VECTOR('',#4333,1.);
#4333 = DIRECTION('',(-0.173648177667,0.984807753012,0.));
#4334 = PCURVE('',#3557,#4335);
#4335 = DEFINITIONAL_REPRESENTATION('',(#4336),#4340);
#4336 = LINE('',#4337,#4338);
#4337 = CARTESIAN_POINT('',(0.,0.));
#4338 = VECTOR('',#4339,1.);
#4339 = DIRECTION('',(0.,1.));
#4340 = ( GEOMETRIC_REPRESENTATION_CONTEXT(2) 
PARAMETRIC_REPRESENTATION_CONTEXT() REPRESENTATION_CONTEXT('2D SPACE',''
  ) );
#4341 = PCURVE('',#3948,#4342);
#4342 = DEFINITIONAL_REPRESENTATION('',(#4343),#4347);
#4343 = LINE('',#4344,#4345);
#4344 = CARTESIAN_POINT('',(0.,0.));
#4345 = VECTOR('',#4346,1.);
#4346 = DIRECTION('',(0.,-1.));
#4347 = ( GEOMETRIC_REPRESENTATION_CONTEXT(2) 
PARAMETRIC_REPRESENTATION_CONTEXT() REPRESENTATION_CONTEXT('2D SPACE',''
  ) );
#4348 = ORIENTED_EDGE('',*,*,#4255,.F.);
#4349 = ORIENTED_EDGE('',*,*,#3541,.F.);
#4350 = ORIENTED_EDGE('',*,*,#4351,.T.);
#4351 = EDGE_CURVE('',#3514,#4303,#4352,.T.);
#4352 = SURFACE_CURVE('',#4353,(#4357,#4364),.PCURVE_S1.);
#4353 = LINE('',#4354,#4355);
#4354 = CARTESIAN_POINT('',(-6.007249370952,-9.558430404003,
    5.063425528223));
#4355 = VECTOR('',#4356,1.);
#4356 = DIRECTION('',(0.925416578398,0.163175911167,0.342020143326));
#4357 = PCURVE('',#3557,#4358);
#4358 = DEFINITIONAL_REPRESENTATION('',(#4359),#4363);
#4359 = LINE('',#4360,#4361);
#4360 = CARTESIAN_POINT('',(-4.7,4.));
#4361 = VECTOR('',#4362,1.);
#4362 = DIRECTION('',(1.,0.));
#4363 = ( GEOMETRIC_REPRESENTATION_CONTEXT(2) 
PARAMETRIC_REPRESENTATION_CONTEXT() REPRESENTATION_CONTEXT('2D SPACE',''
  ) );
#4364 = PCURVE('',#3529,#4365);
#4365 = DEFINITIONAL_REPRESENTATION('',(#4366),#4370);
#4366 = LINE('',#4367,#4368);
#4367 = CARTESIAN_POINT('',(0.,0.));
#4368 = VECTOR('',#4369,1.);
#4369 = DIRECTION('',(5.551115123126E-17,1.));
#4370 = ( GEOMETRIC_REPRESENTATION_CONTEXT(2) 
PARAMETRIC_REPRESENTATION_CONTEXT() REPRESENTATION_CONTEXT('2D SPACE',''
  ) );
#4371 = ADVANCED_FACE('',(#4372),#3529,.T.);
#4372 = FACE_BOUND('',#4373,.T.);
#4373 = EDGE_LOOP('',(#4374,#4375,#4376,#4397));
#4374 = ORIENTED_EDGE('',*,*,#4351,.F.);
#4375 = ORIENTED_EDGE('',*,*,#3513,.T.);
#4376 = ORIENTED_EDGE('',*,*,#4377,.T.);
#4377 = EDGE_CURVE('',#3486,#4378,#4380,.T.);
#4378 = VERTEX_POINT('',#4379);
#4379 = CARTESIAN_POINT('',(-5.329174020765,-9.438867424811,
    16.91356976842));
#4380 = SURFACE_CURVE('',#4381,(#4385,#4391),.PCURVE_S1.);
#4381 = LINE('',#4382,#4383);
#4382 = CARTESIAN_POINT('',(-9.678631939237,-10.20579420729,
    15.30607509479));
#4383 = VECTOR('',#4384,1.);
#4384 = DIRECTION('',(0.925416578398,0.163175911167,0.342020143326));
#4385 = PCURVE('',#3529,#4386);
#4386 = DEFINITIONAL_REPRESENTATION('',(#4387),#4390);
#4387 = B_SPLINE_CURVE_WITH_KNOTS('',1,(#4388,#4389),.UNSPECIFIED.,.F.,
  .F.,(2,2),(-1.384705938047E-15,4.7),.PIECEWISE_BEZIER_KNOTS.);
#4388 = CARTESIAN_POINT('',(10.9,3.916509013534E-16));
#4389 = CARTESIAN_POINT('',(10.9,4.7));
#4390 = ( GEOMETRIC_REPRESENTATION_CONTEXT(2) 
PARAMETRIC_REPRESENTATION_CONTEXT() REPRESENTATION_CONTEXT('2D SPACE',''
  ) );
#4391 = PCURVE('',#3501,#4392);
#4392 = DEFINITIONAL_REPRESENTATION('',(#4393),#4396);
#4393 = B_SPLINE_CURVE_WITH_KNOTS('',1,(#4394,#4395),.UNSPECIFIED.,.F.,
  .F.,(2,2),(-1.384705938047E-15,4.7),.PIECEWISE_BEZIER_KNOTS.);
#4394 = CARTESIAN_POINT('',(-1.7763568394E-15,4.));
#4395 = CARTESIAN_POINT('',(4.7,4.));
#4396 = ( GEOMETRIC_REPRESENTATION_CONTEXT(2) 
PARAMETRIC_REPRESENTATION_CONTEXT() REPRESENTATION_CONTEXT('2D SPACE',''
  ) );
#4397 = ORIENTED_EDGE('',*,*,#4398,.F.);
#4398 = EDGE_CURVE('',#4303,#4378,#4399,.T.);
#4399 = SURFACE_CURVE('',#4400,(#4404,#4410),.PCURVE_S1.);
#4400 = LINE('',#4401,#4402);
#4401 = CARTESIAN_POINT('',(-1.65779145248,-8.79150362152,6.670920201854
    ));
#4402 = VECTOR('',#4403,1.);
#4403 = DIRECTION('',(-0.336824088833,-5.939117461388E-02,0.939692620786
    ));
#4404 = PCURVE('',#3529,#4405);
#4405 = DEFINITIONAL_REPRESENTATION('',(#4406),#4409);
#4406 = B_SPLINE_CURVE_WITH_KNOTS('',1,(#4407,#4408),.UNSPECIFIED.,.F.,
  .F.,(2,2),(-2.775557561563E-17,12.9),.PIECEWISE_BEZIER_KNOTS.);
#4407 = CARTESIAN_POINT('',(1.942890293094E-16,4.7));
#4408 = CARTESIAN_POINT('',(12.9,4.7));
#4409 = ( GEOMETRIC_REPRESENTATION_CONTEXT(2) 
PARAMETRIC_REPRESENTATION_CONTEXT() REPRESENTATION_CONTEXT('2D SPACE',''
  ) );
#4410 = PCURVE('',#3738,#4411);
#4411 = DEFINITIONAL_REPRESENTATION('',(#4412),#4415);
#4412 = B_SPLINE_CURVE_WITH_KNOTS('',1,(#4413,#4414),.UNSPECIFIED.,.F.,
  .F.,(2,2),(-2.775557561563E-17,12.9),.PIECEWISE_BEZIER_KNOTS.);
#4413 = CARTESIAN_POINT('',(0.,-4.));
#4414 = CARTESIAN_POINT('',(12.9,-4.));
#4415 = ( GEOMETRIC_REPRESENTATION_CONTEXT(2) 
PARAMETRIC_REPRESENTATION_CONTEXT() REPRESENTATION_CONTEXT('2D SPACE',''
  ) );
#4416 = ADVANCED_FACE('',(#4417,#4441),#3501,.T.);
#4417 = FACE_BOUND('',#4418,.T.);
#4418 = EDGE_LOOP('',(#4419,#4420,#4421,#4440));
#4419 = ORIENTED_EDGE('',*,*,#3485,.F.);
#4420 = ORIENTED_EDGE('',*,*,#3653,.T.);
#4421 = ORIENTED_EDGE('',*,*,#4422,.F.);
#4422 = EDGE_CURVE('',#4378,#3654,#4423,.T.);
#4423 = SURFACE_CURVE('',#4424,(#4428,#4434),.PCURVE_S1.);
#4424 = LINE('',#4425,#4426);
#4425 = CARTESIAN_POINT('',(-4.634581310097,-13.37809843686,
    16.91356976842));
#4426 = VECTOR('',#4427,1.);
#4427 = DIRECTION('',(0.173648177667,-0.984807753012,0.));
#4428 = PCURVE('',#3501,#4429);
#4429 = DEFINITIONAL_REPRESENTATION('',(#4430),#4433);
#4430 = B_SPLINE_CURVE_WITH_KNOTS('',1,(#4431,#4432),.UNSPECIFIED.,.F.,
  .F.,(2,2),(-4.,0.),.PIECEWISE_BEZIER_KNOTS.);
#4431 = CARTESIAN_POINT('',(4.7,4.));
#4432 = CARTESIAN_POINT('',(4.7,-2.22044604925E-16));
#4433 = ( GEOMETRIC_REPRESENTATION_CONTEXT(2) 
PARAMETRIC_REPRESENTATION_CONTEXT() REPRESENTATION_CONTEXT('2D SPACE',''
  ) );
#4434 = PCURVE('',#3738,#4435);
#4435 = DEFINITIONAL_REPRESENTATION('',(#4436),#4439);
#4436 = B_SPLINE_CURVE_WITH_KNOTS('',1,(#4437,#4438),.UNSPECIFIED.,.F.,
  .F.,(2,2),(-4.,0.),.PIECEWISE_BEZIER_KNOTS.);
#4437 = CARTESIAN_POINT('',(10.9,-4.));
#4438 = CARTESIAN_POINT('',(10.9,-2.22044604925E-16));
#4439 = ( GEOMETRIC_REPRESENTATION_CONTEXT(2) 
PARAMETRIC_REPRESENTATION_CONTEXT() REPRESENTATION_CONTEXT('2D SPACE',''
  ) );
#4440 = ORIENTED_EDGE('',*,*,#4377,.F.);
#4441 = FACE_BOUND('',#4442,.T.);
#4442 = EDGE_LOOP('',(#4443));
#4443 = ORIENTED_EDGE('',*,*,#4444,.F.);
#4444 = EDGE_CURVE('',#4445,#4445,#4447,.T.);
#4445 = VERTEX_POINT('',#4446);
#4446 = CARTESIAN_POINT('',(-6.370002533028,-11.65324679758,
    16.400539553432));
#4447 = SURFACE_CURVE('',#4448,(#4453,#4460),.PCURVE_S1.);
#4448 = CIRCLE('',#4449,0.85);
#4449 = AXIS2_PLACEMENT_3D('',#4450,#4451,#4452);
#4450 = CARTESIAN_POINT('',(-7.156606624667,-11.79194632207,
    16.109822431605));
#4451 = DIRECTION('',(-0.336824088833,-5.939117461388E-02,0.939692620786
    ));
#4452 = DIRECTION('',(0.925416578398,0.163175911167,0.342020143326));
#4453 = PCURVE('',#3501,#4454);
#4454 = DEFINITIONAL_REPRESENTATION('',(#4455),#4459);
#4455 = CIRCLE('',#4456,0.85);
#4456 = AXIS2_PLACEMENT_2D('',#4457,#4458);
#4457 = CARTESIAN_POINT('',(2.35,2.));
#4458 = DIRECTION('',(1.,-2.775557561563E-17));
#4459 = ( GEOMETRIC_REPRESENTATION_CONTEXT(2) 
PARAMETRIC_REPRESENTATION_CONTEXT() REPRESENTATION_CONTEXT('2D SPACE',''
  ) );
#4460 = PCURVE('',#4461,#4466);
#4461 = CYLINDRICAL_SURFACE('',#4462,0.85);
#4462 = AXIS2_PLACEMENT_3D('',#4463,#4464,#4465);
#4463 = CARTESIAN_POINT('',(-4.462013913999,-11.31681692516,
    8.592281465318));
#4464 = DIRECTION('',(-0.336824088833,-5.939117461388E-02,0.939692620786
    ));
#4465 = DIRECTION('',(0.925416578398,0.163175911167,0.342020143326));
#4466 = DEFINITIONAL_REPRESENTATION('',(#4467),#4471);
#4467 = LINE('',#4468,#4469);
#4468 = CARTESIAN_POINT('',(0.,8.));
#4469 = VECTOR('',#4470,1.);
#4470 = DIRECTION('',(1.,0.));
#4471 = ( GEOMETRIC_REPRESENTATION_CONTEXT(2) 
PARAMETRIC_REPRESENTATION_CONTEXT() REPRESENTATION_CONTEXT('2D SPACE',''
  ) );
#4472 = ADVANCED_FACE('',(#4473),#3738,.T.);
#4473 = FACE_BOUND('',#4474,.T.);
#4474 = EDGE_LOOP('',(#4475,#4476,#4477,#4478));
#4475 = ORIENTED_EDGE('',*,*,#3724,.F.);
#4476 = ORIENTED_EDGE('',*,*,#4302,.T.);
#4477 = ORIENTED_EDGE('',*,*,#4398,.T.);
#4478 = ORIENTED_EDGE('',*,*,#4422,.T.);
#4479 = ADVANCED_FACE('',(#4480),#3818,.F.);
#4480 = FACE_BOUND('',#4481,.F.);
#4481 = EDGE_LOOP('',(#4482,#4483,#4507,#4535,#4568,#4591,#4620,#4648));
#4482 = ORIENTED_EDGE('',*,*,#3801,.T.);
#4483 = ORIENTED_EDGE('',*,*,#4484,.T.);
#4484 = EDGE_CURVE('',#3804,#4485,#4487,.T.);
#4485 = VERTEX_POINT('',#4486);
#4486 = CARTESIAN_POINT('',(-2.074576460879,-11.91127389931,
    16.859709318848));
#4487 = SURFACE_CURVE('',#4488,(#4493,#4500),.PCURVE_S1.);
#4488 = CIRCLE('',#4489,0.5);
#4489 = AXIS2_PLACEMENT_3D('',#4490,#4491,#4492);
#4490 = CARTESIAN_POINT('',(-2.161400549712,-11.4188700228,
    16.859709318848));
#4491 = DIRECTION('',(-0.336824088833,-5.939117461388E-02,0.939692620786
    ));
#4492 = DIRECTION('',(0.173648177667,-0.984807753012,0.));
#4493 = PCURVE('',#3818,#4494);
#4494 = DEFINITIONAL_REPRESENTATION('',(#4495),#4499);
#4495 = CIRCLE('',#4496,0.5);
#4496 = AXIS2_PLACEMENT_2D('',#4497,#4498);
#4497 = CARTESIAN_POINT('',(0.5,0.5));
#4498 = DIRECTION('',(2.373241487536E-18,-1.));
#4499 = ( GEOMETRIC_REPRESENTATION_CONTEXT(2) 
PARAMETRIC_REPRESENTATION_CONTEXT() REPRESENTATION_CONTEXT('2D SPACE',''
  ) );
#4500 = PCURVE('',#3894,#4501);
#4501 = DEFINITIONAL_REPRESENTATION('',(#4502),#4506);
#4502 = LINE('',#4503,#4504);
#4503 = CARTESIAN_POINT('',(-4.712388980385,8.9));
#4504 = VECTOR('',#4505,1.);
#4505 = DIRECTION('',(1.,0.));
#4506 = ( GEOMETRIC_REPRESENTATION_CONTEXT(2) 
PARAMETRIC_REPRESENTATION_CONTEXT() REPRESENTATION_CONTEXT('2D SPACE',''
  ) );
#4507 = ORIENTED_EDGE('',*,*,#4508,.T.);
#4508 = EDGE_CURVE('',#4485,#4509,#4511,.T.);
#4509 = VERTEX_POINT('',#4510);
#4510 = CARTESIAN_POINT('',(-1.602614005896,-11.82805418461,
    17.034139591944));
#4511 = SURFACE_CURVE('',#4512,(#4516,#4523),.PCURVE_S1.);
#4512 = LINE('',#4513,#4514);
#4513 = CARTESIAN_POINT('',(-2.537284750078,-11.99286185489,
    16.688699247185));
#4514 = VECTOR('',#4515,1.);
#4515 = DIRECTION('',(0.925416578398,0.163175911167,0.342020143326));
#4516 = PCURVE('',#3818,#4517);
#4517 = DEFINITIONAL_REPRESENTATION('',(#4518),#4522);
#4518 = LINE('',#4519,#4520);
#4519 = CARTESIAN_POINT('',(0.,0.));
#4520 = VECTOR('',#4521,1.);
#4521 = DIRECTION('',(1.,0.));
#4522 = ( GEOMETRIC_REPRESENTATION_CONTEXT(2) 
PARAMETRIC_REPRESENTATION_CONTEXT() REPRESENTATION_CONTEXT('2D SPACE',''
  ) );
#4523 = PCURVE('',#4524,#4529);
#4524 = PLANE('',#4525);
#4525 = AXIS2_PLACEMENT_3D('',#4526,#4527,#4528);
#4526 = CARTESIAN_POINT('',(0.46044964054,-11.46428040083,8.32543492219)
  );
#4527 = DIRECTION('',(-0.173648177667,0.984807753012,0.));
#4528 = DIRECTION('',(-0.336824088833,-5.939117461388E-02,0.939692620786
    ));
#4529 = DEFINITIONAL_REPRESENTATION('',(#4530),#4534);
#4530 = LINE('',#4531,#4532);
#4531 = CARTESIAN_POINT('',(8.9,-1.7763568394E-15));
#4532 = VECTOR('',#4533,1.);
#4533 = DIRECTION('',(5.551115123126E-17,1.));
#4534 = ( GEOMETRIC_REPRESENTATION_CONTEXT(2) 
PARAMETRIC_REPRESENTATION_CONTEXT() REPRESENTATION_CONTEXT('2D SPACE',''
  ) );
#4535 = ORIENTED_EDGE('',*,*,#4536,.F.);
#4536 = EDGE_CURVE('',#4537,#4509,#4539,.T.);
#4537 = VERTEX_POINT('',#4538);
#4538 = CARTESIAN_POINT('',(-1.22672980553,-11.25406235252,
    17.205149663607));
#4539 = SURFACE_CURVE('',#4540,(#4545,#4556),.PCURVE_S1.);
#4540 = CIRCLE('',#4541,0.5);
#4541 = AXIS2_PLACEMENT_3D('',#4542,#4543,#4544);
#4542 = CARTESIAN_POINT('',(-1.689438094729,-11.33565030811,
    17.034139591944));
#4543 = DIRECTION('',(0.336824088833,5.939117461388E-02,-0.939692620786)
  );
#4544 = DIRECTION('',(0.173648177667,-0.984807753012,0.));
#4545 = PCURVE('',#3818,#4546);
#4546 = DEFINITIONAL_REPRESENTATION('',(#4547),#4555);
#4547 = ( BOUNDED_CURVE() B_SPLINE_CURVE(2,(#4548,#4549,#4550,#4551,
#4552,#4553,#4554),.UNSPECIFIED.,.T.,.F.) B_SPLINE_CURVE_WITH_KNOTS((1,2
    ,2,2,2,1),(-2.094395102393,0.,2.094395102393,4.188790204786,
6.28318530718,8.377580409573),.UNSPECIFIED.) CURVE() 
GEOMETRIC_REPRESENTATION_ITEM() RATIONAL_B_SPLINE_CURVE((1.,0.5,1.,0.5,
1.,0.5,1.)) REPRESENTATION_ITEM('') );
#4548 = CARTESIAN_POINT('',(1.01,3.330669073875E-16));
#4549 = CARTESIAN_POINT('',(0.143974596216,3.330669073875E-16));
#4550 = CARTESIAN_POINT('',(0.576987298108,0.75));
#4551 = CARTESIAN_POINT('',(1.01,1.5));
#4552 = CARTESIAN_POINT('',(1.443012701892,0.75));
#4553 = CARTESIAN_POINT('',(1.876025403784,1.110223024625E-15));
#4554 = CARTESIAN_POINT('',(1.01,3.330669073875E-16));
#4555 = ( GEOMETRIC_REPRESENTATION_CONTEXT(2) 
PARAMETRIC_REPRESENTATION_CONTEXT() REPRESENTATION_CONTEXT('2D SPACE',''
  ) );
#4556 = PCURVE('',#4557,#4562);
#4557 = CYLINDRICAL_SURFACE('',#4558,0.5);
#4558 = AXIS2_PLACEMENT_3D('',#4559,#4560,#4561);
#4559 = CARTESIAN_POINT('',(1.308296295889,-10.80706885404,
    8.670875266949));
#4560 = DIRECTION('',(-0.336824088833,-5.939117461388E-02,0.939692620786
    ));
#4561 = DIRECTION('',(0.925416578398,0.163175911167,0.342020143326));
#4562 = DEFINITIONAL_REPRESENTATION('',(#4563),#4567);
#4563 = LINE('',#4564,#4565);
#4564 = CARTESIAN_POINT('',(4.712388980385,8.9));
#4565 = VECTOR('',#4566,1.);
#4566 = DIRECTION('',(-1.,0.));
#4567 = ( GEOMETRIC_REPRESENTATION_CONTEXT(2) 
PARAMETRIC_REPRESENTATION_CONTEXT() REPRESENTATION_CONTEXT('2D SPACE',''
  ) );
#4568 = ORIENTED_EDGE('',*,*,#4569,.T.);
#4569 = EDGE_CURVE('',#4537,#4570,#4572,.T.);
#4570 = VERTEX_POINT('',#4571);
#4571 = CARTESIAN_POINT('',(-5.116448985269,10.805631314945,
    17.205149663607));
#4572 = SURFACE_CURVE('',#4573,(#4577,#4584),.PCURVE_S1.);
#4573 = LINE('',#4574,#4575);
#4574 = CARTESIAN_POINT('',(-1.139905716697,-11.74646622903,
    17.205149663607));
#4575 = VECTOR('',#4576,1.);
#4576 = DIRECTION('',(-0.173648177667,0.984807753012,0.));
#4577 = PCURVE('',#3818,#4578);
#4578 = DEFINITIONAL_REPRESENTATION('',(#4579),#4583);
#4579 = LINE('',#4580,#4581);
#4580 = CARTESIAN_POINT('',(1.51,1.193489751472E-15));
#4581 = VECTOR('',#4582,1.);
#4582 = DIRECTION('',(0.,1.));
#4583 = ( GEOMETRIC_REPRESENTATION_CONTEXT(2) 
PARAMETRIC_REPRESENTATION_CONTEXT() REPRESENTATION_CONTEXT('2D SPACE',''
  ) );
#4584 = PCURVE('',#4023,#4585);
#4585 = DEFINITIONAL_REPRESENTATION('',(#4586),#4590);
#4586 = LINE('',#4587,#4588);
#4587 = CARTESIAN_POINT('',(8.9,-3.330669073875E-16));
#4588 = VECTOR('',#4589,1.);
#4589 = DIRECTION('',(0.,-1.));
#4590 = ( GEOMETRIC_REPRESENTATION_CONTEXT(2) 
PARAMETRIC_REPRESENTATION_CONTEXT() REPRESENTATION_CONTEXT('2D SPACE',''
  ) );
#4591 = ORIENTED_EDGE('',*,*,#4592,.T.);
#4592 = EDGE_CURVE('',#4570,#4593,#4595,.T.);
#4593 = VERTEX_POINT('',#4594);
#4594 = CARTESIAN_POINT('',(-5.665981363302,11.216447235868,
    17.034139591944));
#4595 = SURFACE_CURVE('',#4596,(#4601,#4608),.PCURVE_S1.);
#4596 = CIRCLE('',#4597,0.5);
#4597 = AXIS2_PLACEMENT_3D('',#4598,#4599,#4600);
#4598 = CARTESIAN_POINT('',(-5.579157274469,10.724043359362,
    17.034139591944));
#4599 = DIRECTION('',(-0.336824088833,-5.939117461388E-02,0.939692620786
    ));
#4600 = DIRECTION('',(0.173648177667,-0.984807753012,0.));
#4601 = PCURVE('',#3818,#4602);
#4602 = DEFINITIONAL_REPRESENTATION('',(#4603),#4607);
#4603 = CIRCLE('',#4604,0.5);
#4604 = AXIS2_PLACEMENT_2D('',#4605,#4606);
#4605 = CARTESIAN_POINT('',(1.01,22.9));
#4606 = DIRECTION('',(2.373241487536E-18,-1.));
#4607 = ( GEOMETRIC_REPRESENTATION_CONTEXT(2) 
PARAMETRIC_REPRESENTATION_CONTEXT() REPRESENTATION_CONTEXT('2D SPACE',''
  ) );
#4608 = PCURVE('',#4609,#4614);
#4609 = CYLINDRICAL_SURFACE('',#4610,0.5);
#4610 = AXIS2_PLACEMENT_3D('',#4611,#4612,#4613);
#4611 = CARTESIAN_POINT('',(-2.581422883851,11.252624813425,
    8.670875266949));
#4612 = DIRECTION('',(-0.336824088833,-5.939117461388E-02,0.939692620786
    ));
#4613 = DIRECTION('',(0.925416578398,0.163175911167,0.342020143326));
#4614 = DEFINITIONAL_REPRESENTATION('',(#4615),#4619);
#4615 = LINE('',#4616,#4617);
#4616 = CARTESIAN_POINT('',(-1.570796326795,8.9));
#4617 = VECTOR('',#4618,1.);
#4618 = DIRECTION('',(1.,0.));
#4619 = ( GEOMETRIC_REPRESENTATION_CONTEXT(2) 
PARAMETRIC_REPRESENTATION_CONTEXT() REPRESENTATION_CONTEXT('2D SPACE',''
  ) );
#4620 = ORIENTED_EDGE('',*,*,#4621,.F.);
#4621 = EDGE_CURVE('',#4622,#4593,#4624,.T.);
#4622 = VERTEX_POINT('',#4623);
#4623 = CARTESIAN_POINT('',(-6.137943818285,11.133227521173,
    16.859709318848));
#4624 = SURFACE_CURVE('',#4625,(#4629,#4636),.PCURVE_S1.);
#4625 = LINE('',#4626,#4627);
#4626 = CARTESIAN_POINT('',(-6.600652107484,11.05163956559,
    16.688699247185));
#4627 = VECTOR('',#4628,1.);
#4628 = DIRECTION('',(0.925416578398,0.163175911167,0.342020143326));
#4629 = PCURVE('',#3818,#4630);
#4630 = DEFINITIONAL_REPRESENTATION('',(#4631),#4635);
#4631 = LINE('',#4632,#4633);
#4632 = CARTESIAN_POINT('',(0.,23.4));
#4633 = VECTOR('',#4634,1.);
#4634 = DIRECTION('',(1.,0.));
#4635 = ( GEOMETRIC_REPRESENTATION_CONTEXT(2) 
PARAMETRIC_REPRESENTATION_CONTEXT() REPRESENTATION_CONTEXT('2D SPACE',''
  ) );
#4636 = PCURVE('',#4637,#4642);
#4637 = PLANE('',#4638);
#4638 = AXIS2_PLACEMENT_3D('',#4639,#4640,#4641);
#4639 = CARTESIAN_POINT('',(-3.602917716866,11.580221019653,
    8.32543492219));
#4640 = DIRECTION('',(-0.173648177667,0.984807753012,0.));
#4641 = DIRECTION('',(-0.336824088833,-5.939117461388E-02,0.939692620786
    ));
#4642 = DEFINITIONAL_REPRESENTATION('',(#4643),#4647);
#4643 = LINE('',#4644,#4645);
#4644 = CARTESIAN_POINT('',(8.9,-8.881784197001E-16));
#4645 = VECTOR('',#4646,1.);
#4646 = DIRECTION('',(5.551115123126E-17,1.));
#4647 = ( GEOMETRIC_REPRESENTATION_CONTEXT(2) 
PARAMETRIC_REPRESENTATION_CONTEXT() REPRESENTATION_CONTEXT('2D SPACE',''
  ) );
#4648 = ORIENTED_EDGE('',*,*,#4649,.F.);
#4649 = EDGE_CURVE('',#3802,#4622,#4650,.T.);
#4650 = SURFACE_CURVE('',#4651,(#4656,#4667),.PCURVE_S1.);
#4651 = CIRCLE('',#4652,0.5);
#4652 = AXIS2_PLACEMENT_3D('',#4653,#4654,#4655);
#4653 = CARTESIAN_POINT('',(-6.051119729452,10.640823644667,
    16.859709318848));
#4654 = DIRECTION('',(0.336824088833,5.939117461388E-02,-0.939692620786)
  );
#4655 = DIRECTION('',(0.173648177667,-0.984807753012,0.));
#4656 = PCURVE('',#3818,#4657);
#4657 = DEFINITIONAL_REPRESENTATION('',(#4658),#4666);
#4658 = ( BOUNDED_CURVE() B_SPLINE_CURVE(2,(#4659,#4660,#4661,#4662,
#4663,#4664,#4665),.UNSPECIFIED.,.T.,.F.) B_SPLINE_CURVE_WITH_KNOTS((1,2
    ,2,2,2,1),(-2.094395102393,0.,2.094395102393,4.188790204786,
6.28318530718,8.377580409573),.UNSPECIFIED.) CURVE() 
GEOMETRIC_REPRESENTATION_ITEM() RATIONAL_B_SPLINE_CURVE((1.,0.5,1.,0.5,
1.,0.5,1.)) REPRESENTATION_ITEM('') );
#4659 = CARTESIAN_POINT('',(0.5,22.4));
#4660 = CARTESIAN_POINT('',(-0.366025403784,22.4));
#4661 = CARTESIAN_POINT('',(6.698729810778E-02,23.15));
#4662 = CARTESIAN_POINT('',(0.5,23.9));
#4663 = CARTESIAN_POINT('',(0.933012701892,23.15));
#4664 = CARTESIAN_POINT('',(1.366025403784,22.4));
#4665 = CARTESIAN_POINT('',(0.5,22.4));
#4666 = ( GEOMETRIC_REPRESENTATION_CONTEXT(2) 
PARAMETRIC_REPRESENTATION_CONTEXT() REPRESENTATION_CONTEXT('2D SPACE',''
  ) );
#4667 = PCURVE('',#3844,#4668);
#4668 = DEFINITIONAL_REPRESENTATION('',(#4669),#4673);
#4669 = LINE('',#4670,#4671);
#4670 = CARTESIAN_POINT('',(1.570796326795,8.9));
#4671 = VECTOR('',#4672,1.);
#4672 = DIRECTION('',(-1.,0.));
#4673 = ( GEOMETRIC_REPRESENTATION_CONTEXT(2) 
PARAMETRIC_REPRESENTATION_CONTEXT() REPRESENTATION_CONTEXT('2D SPACE',''
  ) );
#4674 = ADVANCED_FACE('',(#4675),#3894,.F.);
#4675 = FACE_BOUND('',#4676,.F.);
#4676 = EDGE_LOOP('',(#4677,#4678,#4702,#4723));
#4677 = ORIENTED_EDGE('',*,*,#3881,.F.);
#4678 = ORIENTED_EDGE('',*,*,#4679,.T.);
#4679 = EDGE_CURVE('',#3856,#4680,#4682,.T.);
#4680 = VERTEX_POINT('',#4681);
#4681 = CARTESIAN_POINT('',(0.923157929739,-11.38269244524,
    8.496444993853));
#4682 = SURFACE_CURVE('',#4683,(#4688,#4695),.PCURVE_S1.);
#4683 = CIRCLE('',#4684,0.5);
#4684 = AXIS2_PLACEMENT_3D('',#4685,#4686,#4687);
#4685 = CARTESIAN_POINT('',(0.836333840905,-10.89028856874,
    8.496444993853));
#4686 = DIRECTION('',(-0.336824088833,-5.939117461388E-02,0.939692620786
    ));
#4687 = DIRECTION('',(0.173648177667,-0.984807753012,0.));
#4688 = PCURVE('',#3894,#4689);
#4689 = DEFINITIONAL_REPRESENTATION('',(#4690),#4694);
#4690 = LINE('',#4691,#4692);
#4691 = CARTESIAN_POINT('',(-4.712388980385,0.));
#4692 = VECTOR('',#4693,1.);
#4693 = DIRECTION('',(1.,0.));
#4694 = ( GEOMETRIC_REPRESENTATION_CONTEXT(2) 
PARAMETRIC_REPRESENTATION_CONTEXT() REPRESENTATION_CONTEXT('2D SPACE',''
  ) );
#4695 = PCURVE('',#3870,#4696);
#4696 = DEFINITIONAL_REPRESENTATION('',(#4697),#4701);
#4697 = CIRCLE('',#4698,0.5);
#4698 = AXIS2_PLACEMENT_2D('',#4699,#4700);
#4699 = CARTESIAN_POINT('',(0.5,0.5));
#4700 = DIRECTION('',(2.373241487536E-18,-1.));
#4701 = ( GEOMETRIC_REPRESENTATION_CONTEXT(2) 
PARAMETRIC_REPRESENTATION_CONTEXT() REPRESENTATION_CONTEXT('2D SPACE',''
  ) );
#4702 = ORIENTED_EDGE('',*,*,#4703,.T.);
#4703 = EDGE_CURVE('',#4680,#4485,#4704,.T.);
#4704 = SURFACE_CURVE('',#4705,(#4709,#4716),.PCURVE_S1.);
#4705 = LINE('',#4706,#4707);
#4706 = CARTESIAN_POINT('',(0.923157929739,-11.38269244524,
    8.496444993853));
#4707 = VECTOR('',#4708,1.);
#4708 = DIRECTION('',(-0.336824088833,-5.939117461388E-02,0.939692620786
    ));
#4709 = PCURVE('',#3894,#4710);
#4710 = DEFINITIONAL_REPRESENTATION('',(#4711),#4715);
#4711 = LINE('',#4712,#4713);
#4712 = CARTESIAN_POINT('',(1.570796326795,0.));
#4713 = VECTOR('',#4714,1.);
#4714 = DIRECTION('',(0.,1.));
#4715 = ( GEOMETRIC_REPRESENTATION_CONTEXT(2) 
PARAMETRIC_REPRESENTATION_CONTEXT() REPRESENTATION_CONTEXT('2D SPACE',''
  ) );
#4716 = PCURVE('',#4524,#4717);
#4717 = DEFINITIONAL_REPRESENTATION('',(#4718),#4722);
#4718 = LINE('',#4719,#4720);
#4719 = CARTESIAN_POINT('',(4.163336342344E-16,0.5));
#4720 = VECTOR('',#4721,1.);
#4721 = DIRECTION('',(1.,5.551115123126E-17));
#4722 = ( GEOMETRIC_REPRESENTATION_CONTEXT(2) 
PARAMETRIC_REPRESENTATION_CONTEXT() REPRESENTATION_CONTEXT('2D SPACE',''
  ) );
#4723 = ORIENTED_EDGE('',*,*,#4484,.F.);
#4724 = ADVANCED_FACE('',(#4725),#3870,.T.);
#4725 = FACE_BOUND('',#4726,.T.);
#4726 = EDGE_LOOP('',(#4727,#4728,#4729,#4752,#4780,#4803,#4827,#4850));
#4727 = ORIENTED_EDGE('',*,*,#3855,.T.);
#4728 = ORIENTED_EDGE('',*,*,#4679,.T.);
#4729 = ORIENTED_EDGE('',*,*,#4730,.T.);
#4730 = EDGE_CURVE('',#4680,#4731,#4733,.T.);
#4731 = VERTEX_POINT('',#4732);
#4732 = CARTESIAN_POINT('',(1.395120384722,-11.29947273055,
    8.670875266949));
#4733 = SURFACE_CURVE('',#4734,(#4738,#4745),.PCURVE_S1.);
#4734 = LINE('',#4735,#4736);
#4735 = CARTESIAN_POINT('',(0.46044964054,-11.46428040083,8.32543492219)
  );
#4736 = VECTOR('',#4737,1.);
#4737 = DIRECTION('',(0.925416578398,0.163175911167,0.342020143326));
#4738 = PCURVE('',#3870,#4739);
#4739 = DEFINITIONAL_REPRESENTATION('',(#4740),#4744);
#4740 = LINE('',#4741,#4742);
#4741 = CARTESIAN_POINT('',(0.,0.));
#4742 = VECTOR('',#4743,1.);
#4743 = DIRECTION('',(1.,0.));
#4744 = ( GEOMETRIC_REPRESENTATION_CONTEXT(2) 
PARAMETRIC_REPRESENTATION_CONTEXT() REPRESENTATION_CONTEXT('2D SPACE',''
  ) );
#4745 = PCURVE('',#4524,#4746);
#4746 = DEFINITIONAL_REPRESENTATION('',(#4747),#4751);
#4747 = LINE('',#4748,#4749);
#4748 = CARTESIAN_POINT('',(0.,0.));
#4749 = VECTOR('',#4750,1.);
#4750 = DIRECTION('',(5.551115123126E-17,1.));
#4751 = ( GEOMETRIC_REPRESENTATION_CONTEXT(2) 
PARAMETRIC_REPRESENTATION_CONTEXT() REPRESENTATION_CONTEXT('2D SPACE',''
  ) );
#4752 = ORIENTED_EDGE('',*,*,#4753,.F.);
#4753 = EDGE_CURVE('',#4754,#4731,#4756,.T.);
#4754 = VERTEX_POINT('',#4755);
#4755 = CARTESIAN_POINT('',(1.771004585088,-10.72548089846,
    8.841885338612));
#4756 = SURFACE_CURVE('',#4757,(#4762,#4773),.PCURVE_S1.);
#4757 = CIRCLE('',#4758,0.5);
#4758 = AXIS2_PLACEMENT_3D('',#4759,#4760,#4761);
#4759 = CARTESIAN_POINT('',(1.308296295889,-10.80706885404,
    8.670875266949));
#4760 = DIRECTION('',(0.336824088833,5.939117461388E-02,-0.939692620786)
  );
#4761 = DIRECTION('',(0.173648177667,-0.984807753012,0.));
#4762 = PCURVE('',#3870,#4763);
#4763 = DEFINITIONAL_REPRESENTATION('',(#4764),#4772);
#4764 = ( BOUNDED_CURVE() B_SPLINE_CURVE(2,(#4765,#4766,#4767,#4768,
#4769,#4770,#4771),.UNSPECIFIED.,.T.,.F.) B_SPLINE_CURVE_WITH_KNOTS((1,2
    ,2,2,2,1),(-2.094395102393,0.,2.094395102393,4.188790204786,
6.28318530718,8.377580409573),.UNSPECIFIED.) CURVE() 
GEOMETRIC_REPRESENTATION_ITEM() RATIONAL_B_SPLINE_CURVE((1.,0.5,1.,0.5,
1.,0.5,1.)) REPRESENTATION_ITEM('') );
#4765 = CARTESIAN_POINT('',(1.01,-1.110223024625E-15));
#4766 = CARTESIAN_POINT('',(0.143974596216,-1.110223024625E-15));
#4767 = CARTESIAN_POINT('',(0.576987298108,0.75));
#4768 = CARTESIAN_POINT('',(1.01,1.5));
#4769 = CARTESIAN_POINT('',(1.443012701892,0.75));
#4770 = CARTESIAN_POINT('',(1.876025403784,-3.330669073875E-16));
#4771 = CARTESIAN_POINT('',(1.01,-1.110223024625E-15));
#4772 = ( GEOMETRIC_REPRESENTATION_CONTEXT(2) 
PARAMETRIC_REPRESENTATION_CONTEXT() REPRESENTATION_CONTEXT('2D SPACE',''
  ) );
#4773 = PCURVE('',#4557,#4774);
#4774 = DEFINITIONAL_REPRESENTATION('',(#4775),#4779);
#4775 = LINE('',#4776,#4777);
#4776 = CARTESIAN_POINT('',(4.712388980385,-0.));
#4777 = VECTOR('',#4778,1.);
#4778 = DIRECTION('',(-1.,0.));
#4779 = ( GEOMETRIC_REPRESENTATION_CONTEXT(2) 
PARAMETRIC_REPRESENTATION_CONTEXT() REPRESENTATION_CONTEXT('2D SPACE',''
  ) );
#4780 = ORIENTED_EDGE('',*,*,#4781,.T.);
#4781 = EDGE_CURVE('',#4754,#4782,#4784,.T.);
#4782 = VERTEX_POINT('',#4783);
#4783 = CARTESIAN_POINT('',(-2.118714594652,11.334212769009,
    8.841885338612));
#4784 = SURFACE_CURVE('',#4785,(#4789,#4796),.PCURVE_S1.);
#4785 = LINE('',#4786,#4787);
#4786 = CARTESIAN_POINT('',(1.857828673921,-11.21788477497,
    8.841885338612));
#4787 = VECTOR('',#4788,1.);
#4788 = DIRECTION('',(-0.173648177667,0.984807753012,0.));
#4789 = PCURVE('',#3870,#4790);
#4790 = DEFINITIONAL_REPRESENTATION('',(#4791),#4795);
#4791 = LINE('',#4792,#4793);
#4792 = CARTESIAN_POINT('',(1.51,-3.608224830032E-16));
#4793 = VECTOR('',#4794,1.);
#4794 = DIRECTION('',(0.,1.));
#4795 = ( GEOMETRIC_REPRESENTATION_CONTEXT(2) 
PARAMETRIC_REPRESENTATION_CONTEXT() REPRESENTATION_CONTEXT('2D SPACE',''
  ) );
#4796 = PCURVE('',#4023,#4797);
#4797 = DEFINITIONAL_REPRESENTATION('',(#4798),#4802);
#4798 = LINE('',#4799,#4800);
#4799 = CARTESIAN_POINT('',(0.,0.));
#4800 = VECTOR('',#4801,1.);
#4801 = DIRECTION('',(0.,-1.));
#4802 = ( GEOMETRIC_REPRESENTATION_CONTEXT(2) 
PARAMETRIC_REPRESENTATION_CONTEXT() REPRESENTATION_CONTEXT('2D SPACE',''
  ) );
#4803 = ORIENTED_EDGE('',*,*,#4804,.T.);
#4804 = EDGE_CURVE('',#4782,#4805,#4807,.T.);
#4805 = VERTEX_POINT('',#4806);
#4806 = CARTESIAN_POINT('',(-2.668246972684,11.745028689931,
    8.670875266949));
#4807 = SURFACE_CURVE('',#4808,(#4813,#4820),.PCURVE_S1.);
#4808 = CIRCLE('',#4809,0.5);
#4809 = AXIS2_PLACEMENT_3D('',#4810,#4811,#4812);
#4810 = CARTESIAN_POINT('',(-2.581422883851,11.252624813425,
    8.670875266949));
#4811 = DIRECTION('',(-0.336824088833,-5.939117461388E-02,0.939692620786
    ));
#4812 = DIRECTION('',(0.173648177667,-0.984807753012,0.));
#4813 = PCURVE('',#3870,#4814);
#4814 = DEFINITIONAL_REPRESENTATION('',(#4815),#4819);
#4815 = CIRCLE('',#4816,0.5);
#4816 = AXIS2_PLACEMENT_2D('',#4817,#4818);
#4817 = CARTESIAN_POINT('',(1.01,22.9));
#4818 = DIRECTION('',(2.373241487536E-18,-1.));
#4819 = ( GEOMETRIC_REPRESENTATION_CONTEXT(2) 
PARAMETRIC_REPRESENTATION_CONTEXT() REPRESENTATION_CONTEXT('2D SPACE',''
  ) );
#4820 = PCURVE('',#4609,#4821);
#4821 = DEFINITIONAL_REPRESENTATION('',(#4822),#4826);
#4822 = LINE('',#4823,#4824);
#4823 = CARTESIAN_POINT('',(-1.570796326795,0.));
#4824 = VECTOR('',#4825,1.);
#4825 = DIRECTION('',(1.,0.));
#4826 = ( GEOMETRIC_REPRESENTATION_CONTEXT(2) 
PARAMETRIC_REPRESENTATION_CONTEXT() REPRESENTATION_CONTEXT('2D SPACE',''
  ) );
#4827 = ORIENTED_EDGE('',*,*,#4828,.F.);
#4828 = EDGE_CURVE('',#4829,#4805,#4831,.T.);
#4829 = VERTEX_POINT('',#4830);
#4830 = CARTESIAN_POINT('',(-3.140209427667,11.661808975236,
    8.496444993853));
#4831 = SURFACE_CURVE('',#4832,(#4836,#4843),.PCURVE_S1.);
#4832 = LINE('',#4833,#4834);
#4833 = CARTESIAN_POINT('',(-3.602917716866,11.580221019653,
    8.32543492219));
#4834 = VECTOR('',#4835,1.);
#4835 = DIRECTION('',(0.925416578398,0.163175911167,0.342020143326));
#4836 = PCURVE('',#3870,#4837);
#4837 = DEFINITIONAL_REPRESENTATION('',(#4838),#4842);
#4838 = LINE('',#4839,#4840);
#4839 = CARTESIAN_POINT('',(0.,23.4));
#4840 = VECTOR('',#4841,1.);
#4841 = DIRECTION('',(1.,0.));
#4842 = ( GEOMETRIC_REPRESENTATION_CONTEXT(2) 
PARAMETRIC_REPRESENTATION_CONTEXT() REPRESENTATION_CONTEXT('2D SPACE',''
  ) );
#4843 = PCURVE('',#4637,#4844);
#4844 = DEFINITIONAL_REPRESENTATION('',(#4845),#4849);
#4845 = LINE('',#4846,#4847);
#4846 = CARTESIAN_POINT('',(0.,0.));
#4847 = VECTOR('',#4848,1.);
#4848 = DIRECTION('',(5.551115123126E-17,1.));
#4849 = ( GEOMETRIC_REPRESENTATION_CONTEXT(2) 
PARAMETRIC_REPRESENTATION_CONTEXT() REPRESENTATION_CONTEXT('2D SPACE',''
  ) );
#4850 = ORIENTED_EDGE('',*,*,#4851,.F.);
#4851 = EDGE_CURVE('',#3830,#4829,#4852,.T.);
#4852 = SURFACE_CURVE('',#4853,(#4858,#4869),.PCURVE_S1.);
#4853 = CIRCLE('',#4854,0.5);
#4854 = AXIS2_PLACEMENT_3D('',#4855,#4856,#4857);
#4855 = CARTESIAN_POINT('',(-3.053385338834,11.16940509873,
    8.496444993853));
#4856 = DIRECTION('',(0.336824088833,5.939117461388E-02,-0.939692620786)
  );
#4857 = DIRECTION('',(0.173648177667,-0.984807753012,0.));
#4858 = PCURVE('',#3870,#4859);
#4859 = DEFINITIONAL_REPRESENTATION('',(#4860),#4868);
#4860 = ( BOUNDED_CURVE() B_SPLINE_CURVE(2,(#4861,#4862,#4863,#4864,
#4865,#4866,#4867),.UNSPECIFIED.,.T.,.F.) B_SPLINE_CURVE_WITH_KNOTS((1,2
    ,2,2,2,1),(-2.094395102393,0.,2.094395102393,4.188790204786,
6.28318530718,8.377580409573),.UNSPECIFIED.) CURVE() 
GEOMETRIC_REPRESENTATION_ITEM() RATIONAL_B_SPLINE_CURVE((1.,0.5,1.,0.5,
1.,0.5,1.)) REPRESENTATION_ITEM('') );
#4861 = CARTESIAN_POINT('',(0.5,22.4));
#4862 = CARTESIAN_POINT('',(-0.366025403784,22.4));
#4863 = CARTESIAN_POINT('',(6.698729810778E-02,23.15));
#4864 = CARTESIAN_POINT('',(0.5,23.9));
#4865 = CARTESIAN_POINT('',(0.933012701892,23.15));
#4866 = CARTESIAN_POINT('',(1.366025403784,22.4));
#4867 = CARTESIAN_POINT('',(0.5,22.4));
#4868 = ( GEOMETRIC_REPRESENTATION_CONTEXT(2) 
PARAMETRIC_REPRESENTATION_CONTEXT() REPRESENTATION_CONTEXT('2D SPACE',''
  ) );
#4869 = PCURVE('',#3844,#4870);
#4870 = DEFINITIONAL_REPRESENTATION('',(#4871),#4875);
#4871 = LINE('',#4872,#4873);
#4872 = CARTESIAN_POINT('',(1.570796326795,-0.));
#4873 = VECTOR('',#4874,1.);
#4874 = DIRECTION('',(-1.,0.));
#4875 = ( GEOMETRIC_REPRESENTATION_CONTEXT(2) 
PARAMETRIC_REPRESENTATION_CONTEXT() REPRESENTATION_CONTEXT('2D SPACE',''
  ) );
#4876 = ADVANCED_FACE('',(#4877),#3844,.F.);
#4877 = FACE_BOUND('',#4878,.T.);
#4878 = EDGE_LOOP('',(#4879,#4880,#4881,#4902));
#4879 = ORIENTED_EDGE('',*,*,#3829,.F.);
#4880 = ORIENTED_EDGE('',*,*,#4851,.T.);
#4881 = ORIENTED_EDGE('',*,*,#4882,.T.);
#4882 = EDGE_CURVE('',#4829,#4622,#4883,.T.);
#4883 = SURFACE_CURVE('',#4884,(#4888,#4895),.PCURVE_S1.);
#4884 = LINE('',#4885,#4886);
#4885 = CARTESIAN_POINT('',(-3.140209427667,11.661808975236,
    8.496444993853));
#4886 = VECTOR('',#4887,1.);
#4887 = DIRECTION('',(-0.336824088833,-5.939117461388E-02,0.939692620786
    ));
#4888 = PCURVE('',#3844,#4889);
#4889 = DEFINITIONAL_REPRESENTATION('',(#4890),#4894);
#4890 = LINE('',#4891,#4892);
#4891 = CARTESIAN_POINT('',(-1.570796326795,0.));
#4892 = VECTOR('',#4893,1.);
#4893 = DIRECTION('',(-0.,1.));
#4894 = ( GEOMETRIC_REPRESENTATION_CONTEXT(2) 
PARAMETRIC_REPRESENTATION_CONTEXT() REPRESENTATION_CONTEXT('2D SPACE',''
  ) );
#4895 = PCURVE('',#4637,#4896);
#4896 = DEFINITIONAL_REPRESENTATION('',(#4897),#4901);
#4897 = LINE('',#4898,#4899);
#4898 = CARTESIAN_POINT('',(3.608224830032E-16,0.5));
#4899 = VECTOR('',#4900,1.);
#4900 = DIRECTION('',(1.,5.551115123126E-17));
#4901 = ( GEOMETRIC_REPRESENTATION_CONTEXT(2) 
PARAMETRIC_REPRESENTATION_CONTEXT() REPRESENTATION_CONTEXT('2D SPACE',''
  ) );
#4902 = ORIENTED_EDGE('',*,*,#4649,.F.);
#4903 = ADVANCED_FACE('',(#4904),#3948,.T.);
#4904 = FACE_BOUND('',#4905,.T.);
#4905 = EDGE_LOOP('',(#4906,#4907,#4908,#4909));
#4906 = ORIENTED_EDGE('',*,*,#4280,.F.);
#4907 = ORIENTED_EDGE('',*,*,#4328,.T.);
#4908 = ORIENTED_EDGE('',*,*,#3932,.T.);
#4909 = ORIENTED_EDGE('',*,*,#4201,.T.);
#4910 = ADVANCED_FACE('',(#4911,#4957),#4023,.F.);
#4911 = FACE_BOUND('',#4912,.F.);
#4912 = EDGE_LOOP('',(#4913,#4914,#4935,#4936));
#4913 = ORIENTED_EDGE('',*,*,#4569,.F.);
#4914 = ORIENTED_EDGE('',*,*,#4915,.F.);
#4915 = EDGE_CURVE('',#4754,#4537,#4916,.T.);
#4916 = SURFACE_CURVE('',#4917,(#4921,#4928),.PCURVE_S1.);
#4917 = LINE('',#4918,#4919);
#4918 = CARTESIAN_POINT('',(1.771004585088,-10.72548089846,
    8.841885338612));
#4919 = VECTOR('',#4920,1.);
#4920 = DIRECTION('',(-0.336824088833,-5.939117461388E-02,0.939692620786
    ));
#4921 = PCURVE('',#4023,#4922);
#4922 = DEFINITIONAL_REPRESENTATION('',(#4923),#4927);
#4923 = LINE('',#4924,#4925);
#4924 = CARTESIAN_POINT('',(3.469446951954E-18,-0.5));
#4925 = VECTOR('',#4926,1.);
#4926 = DIRECTION('',(1.,-6.938893903907E-18));
#4927 = ( GEOMETRIC_REPRESENTATION_CONTEXT(2) 
PARAMETRIC_REPRESENTATION_CONTEXT() REPRESENTATION_CONTEXT('2D SPACE',''
  ) );
#4928 = PCURVE('',#4557,#4929);
#4929 = DEFINITIONAL_REPRESENTATION('',(#4930),#4934);
#4930 = LINE('',#4931,#4932);
#4931 = CARTESIAN_POINT('',(-0.,0.));
#4932 = VECTOR('',#4933,1.);
#4933 = DIRECTION('',(-0.,1.));
#4934 = ( GEOMETRIC_REPRESENTATION_CONTEXT(2) 
PARAMETRIC_REPRESENTATION_CONTEXT() REPRESENTATION_CONTEXT('2D SPACE',''
  ) );
#4935 = ORIENTED_EDGE('',*,*,#4781,.T.);
#4936 = ORIENTED_EDGE('',*,*,#4937,.T.);
#4937 = EDGE_CURVE('',#4782,#4570,#4938,.T.);
#4938 = SURFACE_CURVE('',#4939,(#4943,#4950),.PCURVE_S1.);
#4939 = LINE('',#4940,#4941);
#4940 = CARTESIAN_POINT('',(-2.118714594652,11.334212769009,
    8.841885338612));
#4941 = VECTOR('',#4942,1.);
#4942 = DIRECTION('',(-0.336824088833,-5.939117461388E-02,0.939692620786
    ));
#4943 = PCURVE('',#4023,#4944);
#4944 = DEFINITIONAL_REPRESENTATION('',(#4945),#4949);
#4945 = LINE('',#4946,#4947);
#4946 = CARTESIAN_POINT('',(0.,-22.9));
#4947 = VECTOR('',#4948,1.);
#4948 = DIRECTION('',(1.,-6.938893903907E-18));
#4949 = ( GEOMETRIC_REPRESENTATION_CONTEXT(2) 
PARAMETRIC_REPRESENTATION_CONTEXT() REPRESENTATION_CONTEXT('2D SPACE',''
  ) );
#4950 = PCURVE('',#4609,#4951);
#4951 = DEFINITIONAL_REPRESENTATION('',(#4952),#4956);
#4952 = LINE('',#4953,#4954);
#4953 = CARTESIAN_POINT('',(0.,0.));
#4954 = VECTOR('',#4955,1.);
#4955 = DIRECTION('',(0.,1.));
#4956 = ( GEOMETRIC_REPRESENTATION_CONTEXT(2) 
PARAMETRIC_REPRESENTATION_CONTEXT() REPRESENTATION_CONTEXT('2D SPACE',''
  ) );
#4957 = FACE_BOUND('',#4958,.F.);
#4958 = EDGE_LOOP('',(#4959,#4960,#4961,#4962));
#4959 = ORIENTED_EDGE('',*,*,#4154,.F.);
#4960 = ORIENTED_EDGE('',*,*,#4107,.F.);
#4961 = ORIENTED_EDGE('',*,*,#4060,.F.);
#4962 = ORIENTED_EDGE('',*,*,#4008,.F.);
#4963 = ADVANCED_FACE('',(#4964),#4240,.F.);
#4964 = FACE_BOUND('',#4965,.F.);
#4965 = EDGE_LOOP('',(#4966,#4967,#4990,#5017));
#4966 = ORIENTED_EDGE('',*,*,#4223,.F.);
#4967 = ORIENTED_EDGE('',*,*,#4968,.F.);
#4968 = EDGE_CURVE('',#4969,#4224,#4971,.T.);
#4969 = VERTEX_POINT('',#4970);
#4970 = CARTESIAN_POINT('',(-7.391480824433,9.896768513787,
    8.882998587144));
#4971 = SEAM_CURVE('',#4972,(#4976,#4983),.PCURVE_S1.);
#4972 = LINE('',#4973,#4974);
#4973 = CARTESIAN_POINT('',(-7.391480824433,9.896768513787,
    8.882998587144));
#4974 = VECTOR('',#4975,1.);
#4975 = DIRECTION('',(-0.336824088833,-5.939117461388E-02,0.939692620786
    ));
#4976 = PCURVE('',#4240,#4977);
#4977 = DEFINITIONAL_REPRESENTATION('',(#4978),#4982);
#4978 = LINE('',#4979,#4980);
#4979 = CARTESIAN_POINT('',(6.28318530718,-0.));
#4980 = VECTOR('',#4981,1.);
#4981 = DIRECTION('',(0.,1.));
#4982 = ( GEOMETRIC_REPRESENTATION_CONTEXT(2) 
PARAMETRIC_REPRESENTATION_CONTEXT() REPRESENTATION_CONTEXT('2D SPACE',''
  ) );
#4983 = PCURVE('',#4240,#4984);
#4984 = DEFINITIONAL_REPRESENTATION('',(#4985),#4989);
#4985 = LINE('',#4986,#4987);
#4986 = CARTESIAN_POINT('',(0.,-0.));
#4987 = VECTOR('',#4988,1.);
#4988 = DIRECTION('',(0.,1.));
#4989 = ( GEOMETRIC_REPRESENTATION_CONTEXT(2) 
PARAMETRIC_REPRESENTATION_CONTEXT() REPRESENTATION_CONTEXT('2D SPACE',''
  ) );
#4990 = ORIENTED_EDGE('',*,*,#4991,.T.);
#4991 = EDGE_CURVE('',#4969,#4969,#4992,.T.);
#4992 = SURFACE_CURVE('',#4993,(#4998,#5005),.PCURVE_S1.);
#4993 = CIRCLE('',#4994,0.85);
#4994 = AXIS2_PLACEMENT_3D('',#4995,#4996,#4997);
#4995 = CARTESIAN_POINT('',(-8.178084916072,9.758068989295,
    8.592281465318));
#4996 = DIRECTION('',(-0.336824088833,-5.939117461388E-02,0.939692620786
    ));
#4997 = DIRECTION('',(0.925416578398,0.163175911167,0.342020143326));
#4998 = PCURVE('',#4240,#4999);
#4999 = DEFINITIONAL_REPRESENTATION('',(#5000),#5004);
#5000 = LINE('',#5001,#5002);
#5001 = CARTESIAN_POINT('',(0.,0.));
#5002 = VECTOR('',#5003,1.);
#5003 = DIRECTION('',(1.,0.));
#5004 = ( GEOMETRIC_REPRESENTATION_CONTEXT(2) 
PARAMETRIC_REPRESENTATION_CONTEXT() REPRESENTATION_CONTEXT('2D SPACE',''
  ) );
#5005 = PCURVE('',#5006,#5011);
#5006 = PLANE('',#5007);
#5007 = AXIS2_PLACEMENT_3D('',#5008,#5009,#5010);
#5008 = CARTESIAN_POINT('',(-8.178084916072,9.758068989295,
    8.592281465318));
#5009 = DIRECTION('',(-0.336824088833,-5.939117461388E-02,0.939692620786
    ));
#5010 = DIRECTION('',(0.925416578398,0.163175911167,0.342020143326));
#5011 = DEFINITIONAL_REPRESENTATION('',(#5012),#5016);
#5012 = CIRCLE('',#5013,0.85);
#5013 = AXIS2_PLACEMENT_2D('',#5014,#5015);
#5014 = CARTESIAN_POINT('',(0.,0.));
#5015 = DIRECTION('',(1.,-2.775557561563E-17));
#5016 = ( GEOMETRIC_REPRESENTATION_CONTEXT(2) 
PARAMETRIC_REPRESENTATION_CONTEXT() REPRESENTATION_CONTEXT('2D SPACE',''
  ) );
#5017 = ORIENTED_EDGE('',*,*,#4968,.T.);
#5018 = ADVANCED_FACE('',(#5019),#4461,.F.);
#5019 = FACE_BOUND('',#5020,.F.);
#5020 = EDGE_LOOP('',(#5021,#5022,#5045,#5072));
#5021 = ORIENTED_EDGE('',*,*,#4444,.F.);
#5022 = ORIENTED_EDGE('',*,*,#5023,.F.);
#5023 = EDGE_CURVE('',#5024,#4445,#5026,.T.);
#5024 = VERTEX_POINT('',#5025);
#5025 = CARTESIAN_POINT('',(-3.675409822361,-11.17811740067,
    8.882998587144));
#5026 = SEAM_CURVE('',#5027,(#5031,#5038),.PCURVE_S1.);
#5027 = LINE('',#5028,#5029);
#5028 = CARTESIAN_POINT('',(-3.675409822361,-11.17811740067,
    8.882998587144));
#5029 = VECTOR('',#5030,1.);
#5030 = DIRECTION('',(-0.336824088833,-5.939117461388E-02,0.939692620786
    ));
#5031 = PCURVE('',#4461,#5032);
#5032 = DEFINITIONAL_REPRESENTATION('',(#5033),#5037);
#5033 = LINE('',#5034,#5035);
#5034 = CARTESIAN_POINT('',(6.28318530718,-0.));
#5035 = VECTOR('',#5036,1.);
#5036 = DIRECTION('',(0.,1.));
#5037 = ( GEOMETRIC_REPRESENTATION_CONTEXT(2) 
PARAMETRIC_REPRESENTATION_CONTEXT() REPRESENTATION_CONTEXT('2D SPACE',''
  ) );
#5038 = PCURVE('',#4461,#5039);
#5039 = DEFINITIONAL_REPRESENTATION('',(#5040),#5044);
#5040 = LINE('',#5041,#5042);
#5041 = CARTESIAN_POINT('',(0.,-0.));
#5042 = VECTOR('',#5043,1.);
#5043 = DIRECTION('',(0.,1.));
#5044 = ( GEOMETRIC_REPRESENTATION_CONTEXT(2) 
PARAMETRIC_REPRESENTATION_CONTEXT() REPRESENTATION_CONTEXT('2D SPACE',''
  ) );
#5045 = ORIENTED_EDGE('',*,*,#5046,.T.);
#5046 = EDGE_CURVE('',#5024,#5024,#5047,.T.);
#5047 = SURFACE_CURVE('',#5048,(#5053,#5060),.PCURVE_S1.);
#5048 = CIRCLE('',#5049,0.85);
#5049 = AXIS2_PLACEMENT_3D('',#5050,#5051,#5052);
#5050 = CARTESIAN_POINT('',(-4.462013913999,-11.31681692516,
    8.592281465318));
#5051 = DIRECTION('',(-0.336824088833,-5.939117461388E-02,0.939692620786
    ));
#5052 = DIRECTION('',(0.925416578398,0.163175911167,0.342020143326));
#5053 = PCURVE('',#4461,#5054);
#5054 = DEFINITIONAL_REPRESENTATION('',(#5055),#5059);
#5055 = LINE('',#5056,#5057);
#5056 = CARTESIAN_POINT('',(0.,0.));
#5057 = VECTOR('',#5058,1.);
#5058 = DIRECTION('',(1.,0.));
#5059 = ( GEOMETRIC_REPRESENTATION_CONTEXT(2) 
PARAMETRIC_REPRESENTATION_CONTEXT() REPRESENTATION_CONTEXT('2D SPACE',''
  ) );
#5060 = PCURVE('',#5061,#5066);
#5061 = PLANE('',#5062);
#5062 = AXIS2_PLACEMENT_3D('',#5063,#5064,#5065);
#5063 = CARTESIAN_POINT('',(-4.462013913999,-11.31681692516,
    8.592281465318));
#5064 = DIRECTION('',(-0.336824088833,-5.939117461388E-02,0.939692620786
    ));
#5065 = DIRECTION('',(0.925416578398,0.163175911167,0.342020143326));
#5066 = DEFINITIONAL_REPRESENTATION('',(#5067),#5071);
#5067 = CIRCLE('',#5068,0.85);
#5068 = AXIS2_PLACEMENT_2D('',#5069,#5070);
#5069 = CARTESIAN_POINT('',(0.,0.));
#5070 = DIRECTION('',(1.,-2.775557561563E-17));
#5071 = ( GEOMETRIC_REPRESENTATION_CONTEXT(2) 
PARAMETRIC_REPRESENTATION_CONTEXT() REPRESENTATION_CONTEXT('2D SPACE',''
  ) );
#5072 = ORIENTED_EDGE('',*,*,#5023,.T.);
#5073 = ADVANCED_FACE('',(#5074),#4637,.F.);
#5074 = FACE_BOUND('',#5075,.F.);
#5075 = EDGE_LOOP('',(#5076,#5077,#5078,#5079));
#5076 = ORIENTED_EDGE('',*,*,#4828,.F.);
#5077 = ORIENTED_EDGE('',*,*,#4882,.T.);
#5078 = ORIENTED_EDGE('',*,*,#4621,.T.);
#5079 = ORIENTED_EDGE('',*,*,#5080,.F.);
#5080 = EDGE_CURVE('',#4805,#4593,#5081,.T.);
#5081 = SURFACE_CURVE('',#5082,(#5086,#5093),.PCURVE_S1.);
#5082 = LINE('',#5083,#5084);
#5083 = CARTESIAN_POINT('',(-2.668246972684,11.745028689931,
    8.670875266949));
#5084 = VECTOR('',#5085,1.);
#5085 = DIRECTION('',(-0.336824088833,-5.939117461388E-02,0.939692620786
    ));
#5086 = PCURVE('',#4637,#5087);
#5087 = DEFINITIONAL_REPRESENTATION('',(#5088),#5092);
#5088 = LINE('',#5089,#5090);
#5089 = CARTESIAN_POINT('',(0.,1.01));
#5090 = VECTOR('',#5091,1.);
#5091 = DIRECTION('',(1.,5.551115123126E-17));
#5092 = ( GEOMETRIC_REPRESENTATION_CONTEXT(2) 
PARAMETRIC_REPRESENTATION_CONTEXT() REPRESENTATION_CONTEXT('2D SPACE',''
  ) );
#5093 = PCURVE('',#4609,#5094);
#5094 = DEFINITIONAL_REPRESENTATION('',(#5095),#5099);
#5095 = LINE('',#5096,#5097);
#5096 = CARTESIAN_POINT('',(1.570796326795,0.));
#5097 = VECTOR('',#5098,1.);
#5098 = DIRECTION('',(0.,1.));
#5099 = ( GEOMETRIC_REPRESENTATION_CONTEXT(2) 
PARAMETRIC_REPRESENTATION_CONTEXT() REPRESENTATION_CONTEXT('2D SPACE',''
  ) );
#5100 = ADVANCED_FACE('',(#5101),#4609,.F.);
#5101 = FACE_BOUND('',#5102,.F.);
#5102 = EDGE_LOOP('',(#5103,#5104,#5105,#5106));
#5103 = ORIENTED_EDGE('',*,*,#4804,.T.);
#5104 = ORIENTED_EDGE('',*,*,#5080,.T.);
#5105 = ORIENTED_EDGE('',*,*,#4592,.F.);
#5106 = ORIENTED_EDGE('',*,*,#4937,.F.);
#5107 = ADVANCED_FACE('',(#5108),#4557,.F.);
#5108 = FACE_BOUND('',#5109,.T.);
#5109 = EDGE_LOOP('',(#5110,#5111,#5132,#5133));
#5110 = ORIENTED_EDGE('',*,*,#4753,.T.);
#5111 = ORIENTED_EDGE('',*,*,#5112,.T.);
#5112 = EDGE_CURVE('',#4731,#4509,#5113,.T.);
#5113 = SURFACE_CURVE('',#5114,(#5118,#5125),.PCURVE_S1.);
#5114 = LINE('',#5115,#5116);
#5115 = CARTESIAN_POINT('',(1.395120384722,-11.29947273055,
    8.670875266949));
#5116 = VECTOR('',#5117,1.);
#5117 = DIRECTION('',(-0.336824088833,-5.939117461388E-02,0.939692620786
    ));
#5118 = PCURVE('',#4557,#5119);
#5119 = DEFINITIONAL_REPRESENTATION('',(#5120),#5124);
#5120 = LINE('',#5121,#5122);
#5121 = CARTESIAN_POINT('',(-1.570796326795,0.));
#5122 = VECTOR('',#5123,1.);
#5123 = DIRECTION('',(-0.,1.));
#5124 = ( GEOMETRIC_REPRESENTATION_CONTEXT(2) 
PARAMETRIC_REPRESENTATION_CONTEXT() REPRESENTATION_CONTEXT('2D SPACE',''
  ) );
#5125 = PCURVE('',#4524,#5126);
#5126 = DEFINITIONAL_REPRESENTATION('',(#5127),#5131);
#5127 = LINE('',#5128,#5129);
#5128 = CARTESIAN_POINT('',(5.551115123126E-17,1.01));
#5129 = VECTOR('',#5130,1.);
#5130 = DIRECTION('',(1.,5.551115123126E-17));
#5131 = ( GEOMETRIC_REPRESENTATION_CONTEXT(2) 
PARAMETRIC_REPRESENTATION_CONTEXT() REPRESENTATION_CONTEXT('2D SPACE',''
  ) );
#5132 = ORIENTED_EDGE('',*,*,#4536,.F.);
#5133 = ORIENTED_EDGE('',*,*,#4915,.F.);
#5134 = ADVANCED_FACE('',(#5135),#4524,.T.);
#5135 = FACE_BOUND('',#5136,.T.);
#5136 = EDGE_LOOP('',(#5137,#5138,#5139,#5140));
#5137 = ORIENTED_EDGE('',*,*,#4730,.F.);
#5138 = ORIENTED_EDGE('',*,*,#4703,.T.);
#5139 = ORIENTED_EDGE('',*,*,#4508,.T.);
#5140 = ORIENTED_EDGE('',*,*,#5112,.F.);
#5141 = ADVANCED_FACE('',(#5142),#5006,.T.);
#5142 = FACE_BOUND('',#5143,.F.);
#5143 = EDGE_LOOP('',(#5144));
#5144 = ORIENTED_EDGE('',*,*,#4991,.F.);
#5145 = ADVANCED_FACE('',(#5146),#5061,.T.);
#5146 = FACE_BOUND('',#5147,.F.);
#5147 = EDGE_LOOP('',(#5148));
#5148 = ORIENTED_EDGE('',*,*,#5046,.F.);
#5149 = ( GEOMETRIC_REPRESENTATION_CONTEXT(3) 
GLOBAL_UNCERTAINTY_ASSIGNED_CONTEXT((#5153)) 
GLOBAL_UNIT_ASSIGNED_CONTEXT((#5150,#5151,#5152)) REPRESENTATION_CONTEXT
('Context #1','3D Context with UNIT and UNCERTAINTY') );
#5150 = ( LENGTH_UNIT() NAMED_UNIT(*) SI_UNIT(.MILLI.,.METRE.) );
#5151 = ( NAMED_UNIT(*) PLANE_ANGLE_UNIT() SI_UNIT($,.RADIAN.) );
#5152 = ( NAMED_UNIT(*) SI_UNIT($,.STERADIAN.) SOLID_ANGLE_UNIT() );
#5153 = UNCERTAINTY_MEASURE_WITH_UNIT(LENGTH_MEASURE(2.E-07),#5150,
  'distance_accuracy_value','confusion accuracy');
#5154 = PRODUCT_RELATED_PRODUCT_CATEGORY('part',$,(#7));
ENDSEC;
END-ISO-10303-21;
