ISO-10303-21;
HEADER;
FILE_DESCRIPTION(('Open CASCADE Model'),'2;1');
FILE_NAME('Open CASCADE Shape Model','2026-09-27T11:32:12',('Author'),(
    'Open CASCADE'),'Open CASCADE STEP processor 7.9','Open CASCADE 7.9'
  ,'Unknown');
FILE_SCHEMA(('AUTOMOTIVE_DESIGN { 1 0 10303 214 1 1 1 1 }'));
ENDSEC;
DATA;
#1 = APPLICATION_PROTOCOL_DEFINITION('international standard',
  'automotive_design',2000,#2);
#2 = APPLICATION_CONTEXT(
  'core data for automotive mechanical design processes');
#3 = SHAPE_DEFINITION_REPRESENTATION(#4,#10);
#4 = PRODUCT_DEFINITION_SHAPE('','',#5);
#5 = PRODUCT_DEFINITION('design','',#6,#9);
#6 = PRODUCT_DEFINITION_FORMATION('','',#7);
#7 = PRODUCT('Open CASCADE STEP translator 7.9 14',
  'Open CASCADE STEP translator 7.9 14','',(#8));
#8 = PRODUCT_CONTEXT('',#2,'mechanical');
#9 = PRODUCT_DEFINITION_CONTEXT('part definition',#2,'design');
#10 = ADVANCED_BREP_SHAPE_REPRESENTATION('',(#11,#15),#4904);
#11 = AXIS2_PLACEMENT_3D('',#12,#13,#14);
#12 = CARTESIAN_POINT('',(0.,0.,0.));
#13 = DIRECTION('',(0.,0.,1.));
#14 = DIRECTION('',(1.,0.,-0.));
#15 = MANIFOLD_SOLID_BREP('',#16);
#16 = CLOSED_SHELL('',(#17,#137,#641,#691,#745,#922,#949,#976,#1003,
    #1030,#1037,#1064,#1141,#1308,#1362,#1417,#1472,#1526,#1686,#1719,
    #1746,#1829,#1883,#1958,#2012,#2083,#2133,#2183,#2238,#2293,#2343,
    #2393,#2593,#2647,#2795,#2822,#2854,#2995,#3187,#3336,#3363,#3370,
    #3397,#3404,#3504,#3659,#3737,#3813,#3860,#3933,#3978,#4034,#4107,
    #4154,#4201,#4227,#4234,#4429,#4479,#4631,#4658,#4665,#4720,#4775,
    #4828,#4855,#4862,#4889,#4896,#4900));
#17 = ADVANCED_FACE('',(#18),#32,.F.);
#18 = FACE_BOUND('',#19,.F.);
#19 = EDGE_LOOP('',(#20,#55,#83,#111));
#20 = ORIENTED_EDGE('',*,*,#21,.F.);
#21 = EDGE_CURVE('',#22,#24,#26,.T.);
#22 = VERTEX_POINT('',#23);
#23 = CARTESIAN_POINT('',(-22.8,-14.,2.5));
#24 = VERTEX_POINT('',#25);
#25 = CARTESIAN_POINT('',(-22.8,14.,2.5));
#26 = SURFACE_CURVE('',#27,(#31,#43),.PCURVE_S1.);
#27 = LINE('',#28,#29);
#28 = CARTESIAN_POINT('',(-22.8,-18.,2.5));
#29 = VECTOR('',#30,1.);
#30 = DIRECTION('',(0.,1.,0.));
#31 = PCURVE('',#32,#37);
#32 = PLANE('',#33);
#33 = AXIS2_PLACEMENT_3D('',#34,#35,#36);
#34 = CARTESIAN_POINT('',(-22.8,-18.,0.));
#35 = DIRECTION('',(1.,0.,0.));
#36 = DIRECTION('',(0.,0.,1.));
#37 = DEFINITIONAL_REPRESENTATION('',(#38),#42);
#38 = LINE('',#39,#40);
#39 = CARTESIAN_POINT('',(2.5,0.));
#40 = VECTOR('',#41,1.);
#41 = DIRECTION('',(0.,-1.));
#42 = ( GEOMETRIC_REPRESENTATION_CONTEXT(2) 
PARAMETRIC_REPRESENTATION_CONTEXT() REPRESENTATION_CONTEXT('2D SPACE',''
  ) );
#43 = PCURVE('',#44,#49);
#44 = PLANE('',#45);
#45 = AXIS2_PLACEMENT_3D('',#46,#47,#48);
#46 = CARTESIAN_POINT('',(-22.8,-18.,2.5));
#47 = DIRECTION('',(0.,0.,1.));
#48 = DIRECTION('',(1.,0.,0.));
#49 = DEFINITIONAL_REPRESENTATION('',(#50),#54);
#50 = LINE('',#51,#52);
#51 = CARTESIAN_POINT('',(0.,0.));
#52 = VECTOR('',#53,1.);
#53 = DIRECTION('',(0.,1.));
#54 = ( GEOMETRIC_REPRESENTATION_CONTEXT(2) 
PARAMETRIC_REPRESENTATION_CONTEXT() REPRESENTATION_CONTEXT('2D SPACE',''
  ) );
#55 = ORIENTED_EDGE('',*,*,#56,.F.);
#56 = EDGE_CURVE('',#57,#22,#59,.T.);
#57 = VERTEX_POINT('',#58);
#58 = CARTESIAN_POINT('',(-22.8,-14.,0.));
#59 = SURFACE_CURVE('',#60,(#64,#71),.PCURVE_S1.);
#60 = LINE('',#61,#62);
#61 = CARTESIAN_POINT('',(-22.8,-14.,0.));
#62 = VECTOR('',#63,1.);
#63 = DIRECTION('',(0.,0.,1.));
#64 = PCURVE('',#32,#65);
#65 = DEFINITIONAL_REPRESENTATION('',(#66),#70);
#66 = LINE('',#67,#68);
#67 = CARTESIAN_POINT('',(0.,-4.));
#68 = VECTOR('',#69,1.);
#69 = DIRECTION('',(1.,0.));
#70 = ( GEOMETRIC_REPRESENTATION_CONTEXT(2) 
PARAMETRIC_REPRESENTATION_CONTEXT() REPRESENTATION_CONTEXT('2D SPACE',''
  ) );
#71 = PCURVE('',#72,#77);
#72 = CYLINDRICAL_SURFACE('',#73,4.);
#73 = AXIS2_PLACEMENT_3D('',#74,#75,#76);
#74 = CARTESIAN_POINT('',(-18.8,-14.,0.));
#75 = DIRECTION('',(0.,0.,1.));
#76 = DIRECTION('',(-1.,-0.,0.));
#77 = DEFINITIONAL_REPRESENTATION('',(#78),#82);
#78 = LINE('',#79,#80);
#79 = CARTESIAN_POINT('',(0.,0.));
#80 = VECTOR('',#81,1.);
#81 = DIRECTION('',(0.,1.));
#82 = ( GEOMETRIC_REPRESENTATION_CONTEXT(2) 
PARAMETRIC_REPRESENTATION_CONTEXT() REPRESENTATION_CONTEXT('2D SPACE',''
  ) );
#83 = ORIENTED_EDGE('',*,*,#84,.T.);
#84 = EDGE_CURVE('',#57,#85,#87,.T.);
#85 = VERTEX_POINT('',#86);
#86 = CARTESIAN_POINT('',(-22.8,14.,0.));
#87 = SURFACE_CURVE('',#88,(#92,#99),.PCURVE_S1.);
#88 = LINE('',#89,#90);
#89 = CARTESIAN_POINT('',(-22.8,-18.,0.));
#90 = VECTOR('',#91,1.);
#91 = DIRECTION('',(0.,1.,0.));
#92 = PCURVE('',#32,#93);
#93 = DEFINITIONAL_REPRESENTATION('',(#94),#98);
#94 = LINE('',#95,#96);
#95 = CARTESIAN_POINT('',(0.,0.));
#96 = VECTOR('',#97,1.);
#97 = DIRECTION('',(0.,-1.));
#98 = ( GEOMETRIC_REPRESENTATION_CONTEXT(2) 
PARAMETRIC_REPRESENTATION_CONTEXT() REPRESENTATION_CONTEXT('2D SPACE',''
  ) );
#99 = PCURVE('',#100,#105);
#100 = PLANE('',#101);
#101 = AXIS2_PLACEMENT_3D('',#102,#103,#104);
#102 = CARTESIAN_POINT('',(-22.8,-18.,0.));
#103 = DIRECTION('',(0.,0.,1.));
#104 = DIRECTION('',(1.,0.,0.));
#105 = DEFINITIONAL_REPRESENTATION('',(#106),#110);
#106 = LINE('',#107,#108);
#107 = CARTESIAN_POINT('',(0.,0.));
#108 = VECTOR('',#109,1.);
#109 = DIRECTION('',(0.,1.));
#110 = ( GEOMETRIC_REPRESENTATION_CONTEXT(2) 
PARAMETRIC_REPRESENTATION_CONTEXT() REPRESENTATION_CONTEXT('2D SPACE',''
  ) );
#111 = ORIENTED_EDGE('',*,*,#112,.T.);
#112 = EDGE_CURVE('',#85,#24,#113,.T.);
#113 = SURFACE_CURVE('',#114,(#118,#125),.PCURVE_S1.);
#114 = LINE('',#115,#116);
#115 = CARTESIAN_POINT('',(-22.8,14.,0.));
#116 = VECTOR('',#117,1.);
#117 = DIRECTION('',(0.,0.,1.));
#118 = PCURVE('',#32,#119);
#119 = DEFINITIONAL_REPRESENTATION('',(#120),#124);
#120 = LINE('',#121,#122);
#121 = CARTESIAN_POINT('',(0.,-32.));
#122 = VECTOR('',#123,1.);
#123 = DIRECTION('',(1.,0.));
#124 = ( GEOMETRIC_REPRESENTATION_CONTEXT(2) 
PARAMETRIC_REPRESENTATION_CONTEXT() REPRESENTATION_CONTEXT('2D SPACE',''
  ) );
#125 = PCURVE('',#126,#131);
#126 = CYLINDRICAL_SURFACE('',#127,4.);
#127 = AXIS2_PLACEMENT_3D('',#128,#129,#130);
#128 = CARTESIAN_POINT('',(-18.8,14.,0.));
#129 = DIRECTION('',(0.,0.,1.));
#130 = DIRECTION('',(-1.,-0.,0.));
#131 = DEFINITIONAL_REPRESENTATION('',(#132),#136);
#132 = LINE('',#133,#134);
#133 = CARTESIAN_POINT('',(-0.,0.));
#134 = VECTOR('',#135,1.);
#135 = DIRECTION('',(-0.,1.));
#136 = ( GEOMETRIC_REPRESENTATION_CONTEXT(2) 
PARAMETRIC_REPRESENTATION_CONTEXT() REPRESENTATION_CONTEXT('2D SPACE',''
  ) );
#137 = ADVANCED_FACE('',(#138,#337,#368,#610),#44,.T.);
#138 = FACE_BOUND('',#139,.T.);
#139 = EDGE_LOOP('',(#140,#141,#165,#193,#226,#254,#283,#311));
#140 = ORIENTED_EDGE('',*,*,#21,.F.);
#141 = ORIENTED_EDGE('',*,*,#142,.T.);
#142 = EDGE_CURVE('',#22,#143,#145,.T.);
#143 = VERTEX_POINT('',#144);
#144 = CARTESIAN_POINT('',(-18.8,-18.,2.5));
#145 = SURFACE_CURVE('',#146,(#151,#158),.PCURVE_S1.);
#146 = CIRCLE('',#147,4.);
#147 = AXIS2_PLACEMENT_3D('',#148,#149,#150);
#148 = CARTESIAN_POINT('',(-18.8,-14.,2.5));
#149 = DIRECTION('',(0.,0.,1.));
#150 = DIRECTION('',(0.,-1.,0.));
#151 = PCURVE('',#44,#152);
#152 = DEFINITIONAL_REPRESENTATION('',(#153),#157);
#153 = CIRCLE('',#154,4.);
#154 = AXIS2_PLACEMENT_2D('',#155,#156);
#155 = CARTESIAN_POINT('',(4.,4.));
#156 = DIRECTION('',(0.,-1.));
#157 = ( GEOMETRIC_REPRESENTATION_CONTEXT(2) 
PARAMETRIC_REPRESENTATION_CONTEXT() REPRESENTATION_CONTEXT('2D SPACE',''
  ) );
#158 = PCURVE('',#72,#159);
#159 = DEFINITIONAL_REPRESENTATION('',(#160),#164);
#160 = LINE('',#161,#162);
#161 = CARTESIAN_POINT('',(-4.712388980385,2.5));
#162 = VECTOR('',#163,1.);
#163 = DIRECTION('',(1.,0.));
#164 = ( GEOMETRIC_REPRESENTATION_CONTEXT(2) 
PARAMETRIC_REPRESENTATION_CONTEXT() REPRESENTATION_CONTEXT('2D SPACE',''
  ) );
#165 = ORIENTED_EDGE('',*,*,#166,.T.);
#166 = EDGE_CURVE('',#143,#167,#169,.T.);
#167 = VERTEX_POINT('',#168);
#168 = CARTESIAN_POINT('',(4.,-18.,2.5));
#169 = SURFACE_CURVE('',#170,(#174,#181),.PCURVE_S1.);
#170 = LINE('',#171,#172);
#171 = CARTESIAN_POINT('',(-22.8,-18.,2.5));
#172 = VECTOR('',#173,1.);
#173 = DIRECTION('',(1.,0.,0.));
#174 = PCURVE('',#44,#175);
#175 = DEFINITIONAL_REPRESENTATION('',(#176),#180);
#176 = LINE('',#177,#178);
#177 = CARTESIAN_POINT('',(0.,0.));
#178 = VECTOR('',#179,1.);
#179 = DIRECTION('',(1.,0.));
#180 = ( GEOMETRIC_REPRESENTATION_CONTEXT(2) 
PARAMETRIC_REPRESENTATION_CONTEXT() REPRESENTATION_CONTEXT('2D SPACE',''
  ) );
#181 = PCURVE('',#182,#187);
#182 = PLANE('',#183);
#183 = AXIS2_PLACEMENT_3D('',#184,#185,#186);
#184 = CARTESIAN_POINT('',(-22.8,-18.,0.));
#185 = DIRECTION('',(0.,1.,0.));
#186 = DIRECTION('',(0.,0.,1.));
#187 = DEFINITIONAL_REPRESENTATION('',(#188),#192);
#188 = LINE('',#189,#190);
#189 = CARTESIAN_POINT('',(2.5,0.));
#190 = VECTOR('',#191,1.);
#191 = DIRECTION('',(0.,1.));
#192 = ( GEOMETRIC_REPRESENTATION_CONTEXT(2) 
PARAMETRIC_REPRESENTATION_CONTEXT() REPRESENTATION_CONTEXT('2D SPACE',''
  ) );
#193 = ORIENTED_EDGE('',*,*,#194,.F.);
#194 = EDGE_CURVE('',#195,#167,#197,.T.);
#195 = VERTEX_POINT('',#196);
#196 = CARTESIAN_POINT('',(8.,-14.,2.5));
#197 = SURFACE_CURVE('',#198,(#203,#214),.PCURVE_S1.);
#198 = CIRCLE('',#199,4.);
#199 = AXIS2_PLACEMENT_3D('',#200,#201,#202);
#200 = CARTESIAN_POINT('',(4.,-14.,2.5));
#201 = DIRECTION('',(-0.,-0.,-1.));
#202 = DIRECTION('',(0.,-1.,0.));
#203 = PCURVE('',#44,#204);
#204 = DEFINITIONAL_REPRESENTATION('',(#205),#213);
#205 = ( BOUNDED_CURVE() B_SPLINE_CURVE(2,(#206,#207,#208,#209,#210,#211
,#212),.UNSPECIFIED.,.T.,.F.) B_SPLINE_CURVE_WITH_KNOTS((1,2,2,2,2,1),(
    -2.094395102393,0.,2.094395102393,4.188790204786,6.28318530718,
8.377580409573),.UNSPECIFIED.) CURVE() GEOMETRIC_REPRESENTATION_ITEM() 
RATIONAL_B_SPLINE_CURVE((1.,0.5,1.,0.5,1.,0.5,1.)) REPRESENTATION_ITEM(
  '') );
#206 = CARTESIAN_POINT('',(26.8,0.));
#207 = CARTESIAN_POINT('',(19.871796769724,0.));
#208 = CARTESIAN_POINT('',(23.335898384862,6.));
#209 = CARTESIAN_POINT('',(26.8,12.));
#210 = CARTESIAN_POINT('',(30.264101615138,6.));
#211 = CARTESIAN_POINT('',(33.728203230276,6.217248937901E-15));
#212 = CARTESIAN_POINT('',(26.8,0.));
#213 = ( GEOMETRIC_REPRESENTATION_CONTEXT(2) 
PARAMETRIC_REPRESENTATION_CONTEXT() REPRESENTATION_CONTEXT('2D SPACE',''
  ) );
#214 = PCURVE('',#215,#220);
#215 = CYLINDRICAL_SURFACE('',#216,4.);
#216 = AXIS2_PLACEMENT_3D('',#217,#218,#219);
#217 = CARTESIAN_POINT('',(4.,-14.,0.));
#218 = DIRECTION('',(0.,0.,1.));
#219 = DIRECTION('',(1.,0.,-0.));
#220 = DEFINITIONAL_REPRESENTATION('',(#221),#225);
#221 = LINE('',#222,#223);
#222 = CARTESIAN_POINT('',(4.712388980385,2.5));
#223 = VECTOR('',#224,1.);
#224 = DIRECTION('',(-1.,0.));
#225 = ( GEOMETRIC_REPRESENTATION_CONTEXT(2) 
PARAMETRIC_REPRESENTATION_CONTEXT() REPRESENTATION_CONTEXT('2D SPACE',''
  ) );
#226 = ORIENTED_EDGE('',*,*,#227,.T.);
#227 = EDGE_CURVE('',#195,#228,#230,.T.);
#228 = VERTEX_POINT('',#229);
#229 = CARTESIAN_POINT('',(8.,14.,2.5));
#230 = SURFACE_CURVE('',#231,(#235,#242),.PCURVE_S1.);
#231 = LINE('',#232,#233);
#232 = CARTESIAN_POINT('',(8.,-18.,2.5));
#233 = VECTOR('',#234,1.);
#234 = DIRECTION('',(0.,1.,0.));
#235 = PCURVE('',#44,#236);
#236 = DEFINITIONAL_REPRESENTATION('',(#237),#241);
#237 = LINE('',#238,#239);
#238 = CARTESIAN_POINT('',(30.8,0.));
#239 = VECTOR('',#240,1.);
#240 = DIRECTION('',(0.,1.));
#241 = ( GEOMETRIC_REPRESENTATION_CONTEXT(2) 
PARAMETRIC_REPRESENTATION_CONTEXT() REPRESENTATION_CONTEXT('2D SPACE',''
  ) );
#242 = PCURVE('',#243,#248);
#243 = PLANE('',#244);
#244 = AXIS2_PLACEMENT_3D('',#245,#246,#247);
#245 = CARTESIAN_POINT('',(8.,-18.,0.));
#246 = DIRECTION('',(1.,0.,0.));
#247 = DIRECTION('',(0.,0.,1.));
#248 = DEFINITIONAL_REPRESENTATION('',(#249),#253);
#249 = LINE('',#250,#251);
#250 = CARTESIAN_POINT('',(2.5,0.));
#251 = VECTOR('',#252,1.);
#252 = DIRECTION('',(0.,-1.));
#253 = ( GEOMETRIC_REPRESENTATION_CONTEXT(2) 
PARAMETRIC_REPRESENTATION_CONTEXT() REPRESENTATION_CONTEXT('2D SPACE',''
  ) );
#254 = ORIENTED_EDGE('',*,*,#255,.T.);
#255 = EDGE_CURVE('',#228,#256,#258,.T.);
#256 = VERTEX_POINT('',#257);
#257 = CARTESIAN_POINT('',(4.,18.,2.5));
#258 = SURFACE_CURVE('',#259,(#264,#271),.PCURVE_S1.);
#259 = CIRCLE('',#260,4.);
#260 = AXIS2_PLACEMENT_3D('',#261,#262,#263);
#261 = CARTESIAN_POINT('',(4.,14.,2.5));
#262 = DIRECTION('',(0.,0.,1.));
#263 = DIRECTION('',(0.,-1.,0.));
#264 = PCURVE('',#44,#265);
#265 = DEFINITIONAL_REPRESENTATION('',(#266),#270);
#266 = CIRCLE('',#267,4.);
#267 = AXIS2_PLACEMENT_2D('',#268,#269);
#268 = CARTESIAN_POINT('',(26.8,32.));
#269 = DIRECTION('',(0.,-1.));
#270 = ( GEOMETRIC_REPRESENTATION_CONTEXT(2) 
PARAMETRIC_REPRESENTATION_CONTEXT() REPRESENTATION_CONTEXT('2D SPACE',''
  ) );
#271 = PCURVE('',#272,#277);
#272 = CYLINDRICAL_SURFACE('',#273,4.);
#273 = AXIS2_PLACEMENT_3D('',#274,#275,#276);
#274 = CARTESIAN_POINT('',(4.,14.,0.));
#275 = DIRECTION('',(0.,0.,1.));
#276 = DIRECTION('',(1.,0.,-0.));
#277 = DEFINITIONAL_REPRESENTATION('',(#278),#282);
#278 = LINE('',#279,#280);
#279 = CARTESIAN_POINT('',(-1.570796326795,2.5));
#280 = VECTOR('',#281,1.);
#281 = DIRECTION('',(1.,0.));
#282 = ( GEOMETRIC_REPRESENTATION_CONTEXT(2) 
PARAMETRIC_REPRESENTATION_CONTEXT() REPRESENTATION_CONTEXT('2D SPACE',''
  ) );
#283 = ORIENTED_EDGE('',*,*,#284,.F.);
#284 = EDGE_CURVE('',#285,#256,#287,.T.);
#285 = VERTEX_POINT('',#286);
#286 = CARTESIAN_POINT('',(-18.8,18.,2.5));
#287 = SURFACE_CURVE('',#288,(#292,#299),.PCURVE_S1.);
#288 = LINE('',#289,#290);
#289 = CARTESIAN_POINT('',(-22.8,18.,2.5));
#290 = VECTOR('',#291,1.);
#291 = DIRECTION('',(1.,0.,0.));
#292 = PCURVE('',#44,#293);
#293 = DEFINITIONAL_REPRESENTATION('',(#294),#298);
#294 = LINE('',#295,#296);
#295 = CARTESIAN_POINT('',(0.,36.));
#296 = VECTOR('',#297,1.);
#297 = DIRECTION('',(1.,0.));
#298 = ( GEOMETRIC_REPRESENTATION_CONTEXT(2) 
PARAMETRIC_REPRESENTATION_CONTEXT() REPRESENTATION_CONTEXT('2D SPACE',''
  ) );
#299 = PCURVE('',#300,#305);
#300 = PLANE('',#301);
#301 = AXIS2_PLACEMENT_3D('',#302,#303,#304);
#302 = CARTESIAN_POINT('',(-22.8,18.,0.));
#303 = DIRECTION('',(0.,1.,0.));
#304 = DIRECTION('',(0.,0.,1.));
#305 = DEFINITIONAL_REPRESENTATION('',(#306),#310);
#306 = LINE('',#307,#308);
#307 = CARTESIAN_POINT('',(2.5,0.));
#308 = VECTOR('',#309,1.);
#309 = DIRECTION('',(0.,1.));
#310 = ( GEOMETRIC_REPRESENTATION_CONTEXT(2) 
PARAMETRIC_REPRESENTATION_CONTEXT() REPRESENTATION_CONTEXT('2D SPACE',''
  ) );
#311 = ORIENTED_EDGE('',*,*,#312,.F.);
#312 = EDGE_CURVE('',#24,#285,#313,.T.);
#313 = SURFACE_CURVE('',#314,(#319,#330),.PCURVE_S1.);
#314 = CIRCLE('',#315,4.);
#315 = AXIS2_PLACEMENT_3D('',#316,#317,#318);
#316 = CARTESIAN_POINT('',(-18.8,14.,2.5));
#317 = DIRECTION('',(-0.,-0.,-1.));
#318 = DIRECTION('',(0.,-1.,0.));
#319 = PCURVE('',#44,#320);
#320 = DEFINITIONAL_REPRESENTATION('',(#321),#329);
#321 = ( BOUNDED_CURVE() B_SPLINE_CURVE(2,(#322,#323,#324,#325,#326,#327
,#328),.UNSPECIFIED.,.T.,.F.) B_SPLINE_CURVE_WITH_KNOTS((1,2,2,2,2,1),(
    -2.094395102393,0.,2.094395102393,4.188790204786,6.28318530718,
8.377580409573),.UNSPECIFIED.) CURVE() GEOMETRIC_REPRESENTATION_ITEM() 
RATIONAL_B_SPLINE_CURVE((1.,0.5,1.,0.5,1.,0.5,1.)) REPRESENTATION_ITEM(
  '') );
#322 = CARTESIAN_POINT('',(4.,28.));
#323 = CARTESIAN_POINT('',(-2.928203230276,28.));
#324 = CARTESIAN_POINT('',(0.535898384862,34.));
#325 = CARTESIAN_POINT('',(4.,40.));
#326 = CARTESIAN_POINT('',(7.464101615138,34.));
#327 = CARTESIAN_POINT('',(10.928203230276,28.));
#328 = CARTESIAN_POINT('',(4.,28.));
#329 = ( GEOMETRIC_REPRESENTATION_CONTEXT(2) 
PARAMETRIC_REPRESENTATION_CONTEXT() REPRESENTATION_CONTEXT('2D SPACE',''
  ) );
#330 = PCURVE('',#126,#331);
#331 = DEFINITIONAL_REPRESENTATION('',(#332),#336);
#332 = LINE('',#333,#334);
#333 = CARTESIAN_POINT('',(1.570796326795,2.5));
#334 = VECTOR('',#335,1.);
#335 = DIRECTION('',(-1.,0.));
#336 = ( GEOMETRIC_REPRESENTATION_CONTEXT(2) 
PARAMETRIC_REPRESENTATION_CONTEXT() REPRESENTATION_CONTEXT('2D SPACE',''
  ) );
#337 = FACE_BOUND('',#338,.T.);
#338 = EDGE_LOOP('',(#339));
#339 = ORIENTED_EDGE('',*,*,#340,.F.);
#340 = EDGE_CURVE('',#341,#341,#343,.T.);
#341 = VERTEX_POINT('',#342);
#342 = CARTESIAN_POINT('',(-15.65,-11.,2.5));
#343 = SURFACE_CURVE('',#344,(#349,#356),.PCURVE_S1.);
#344 = CIRCLE('',#345,1.15);
#345 = AXIS2_PLACEMENT_3D('',#346,#347,#348);
#346 = CARTESIAN_POINT('',(-16.8,-11.,2.5));
#347 = DIRECTION('',(0.,0.,1.));
#348 = DIRECTION('',(1.,0.,-0.));
#349 = PCURVE('',#44,#350);
#350 = DEFINITIONAL_REPRESENTATION('',(#351),#355);
#351 = CIRCLE('',#352,1.15);
#352 = AXIS2_PLACEMENT_2D('',#353,#354);
#353 = CARTESIAN_POINT('',(6.,7.));
#354 = DIRECTION('',(1.,0.));
#355 = ( GEOMETRIC_REPRESENTATION_CONTEXT(2) 
PARAMETRIC_REPRESENTATION_CONTEXT() REPRESENTATION_CONTEXT('2D SPACE',''
  ) );
#356 = PCURVE('',#357,#362);
#357 = CYLINDRICAL_SURFACE('',#358,1.15);
#358 = AXIS2_PLACEMENT_3D('',#359,#360,#361);
#359 = CARTESIAN_POINT('',(-16.8,-11.,-1.));
#360 = DIRECTION('',(0.,0.,1.));
#361 = DIRECTION('',(1.,0.,-0.));
#362 = DEFINITIONAL_REPRESENTATION('',(#363),#367);
#363 = LINE('',#364,#365);
#364 = CARTESIAN_POINT('',(0.,3.5));
#365 = VECTOR('',#366,1.);
#366 = DIRECTION('',(1.,0.));
#367 = ( GEOMETRIC_REPRESENTATION_CONTEXT(2) 
PARAMETRIC_REPRESENTATION_CONTEXT() REPRESENTATION_CONTEXT('2D SPACE',''
  ) );
#368 = FACE_BOUND('',#369,.T.);
#369 = EDGE_LOOP('',(#370,#406,#432,#466,#492,#526,#552,#586));
#370 = ORIENTED_EDGE('',*,*,#371,.F.);
#371 = EDGE_CURVE('',#372,#374,#376,.T.);
#372 = VERTEX_POINT('',#373);
#373 = CARTESIAN_POINT('',(-10.90050535215,-11.30888603735,2.5));
#374 = VERTEX_POINT('',#375);
#375 = CARTESIAN_POINT('',(-9.247801707488,-13.63115550479,2.5));
#376 = SURFACE_CURVE('',#377,(#382,#389),.PCURVE_S1.);
#377 = ELLIPSE('',#378,2.030853223771,2.);
#378 = AXIS2_PLACEMENT_3D('',#379,#380,#381);
#379 = CARTESIAN_POINT('',(-8.900505352154,-11.66153999877,2.5));
#380 = DIRECTION('',(0.,0.,1.));
#381 = DIRECTION('',(-0.984807753012,0.173648177667,0.));
#382 = PCURVE('',#44,#383);
#383 = DEFINITIONAL_REPRESENTATION('',(#384),#388);
#384 = ELLIPSE('',#385,2.030853223771,2.);
#385 = AXIS2_PLACEMENT_2D('',#386,#387);
#386 = CARTESIAN_POINT('',(13.899494647846,6.33846000123));
#387 = DIRECTION('',(-0.984807753012,0.173648177667));
#388 = ( GEOMETRIC_REPRESENTATION_CONTEXT(2) 
PARAMETRIC_REPRESENTATION_CONTEXT() REPRESENTATION_CONTEXT('2D SPACE',''
  ) );
#389 = PCURVE('',#390,#395);
#390 = CYLINDRICAL_SURFACE('',#391,2.);
#391 = AXIS2_PLACEMENT_3D('',#392,#393,#394);
#392 = CARTESIAN_POINT('',(-4.685560939797,-12.40474842085,
    -21.77289746997));
#393 = DIRECTION('',(-0.171010071663,3.015368960705E-02,0.984807753012)
  );
#394 = DIRECTION('',(-0.969846310393,0.171010071663,-0.173648177667));
#395 = DEFINITIONAL_REPRESENTATION('',(#396),#405);
#396 = B_SPLINE_CURVE_WITH_KNOTS('',7,(#397,#398,#399,#400,#401,#402,
    #403,#404),.UNSPECIFIED.,.F.,.F.,(8,8),(0.,1.570796326795),
  .PIECEWISE_BEZIER_KNOTS.);
#397 = CARTESIAN_POINT('',(8.881784197001E-16,25.));
#398 = CARTESIAN_POINT('',(0.224399475256,25.));
#399 = CARTESIAN_POINT('',(0.448798950513,24.979282047871));
#400 = CARTESIAN_POINT('',(0.673198425769,24.937849149115));
#401 = CARTESIAN_POINT('',(0.897597901026,24.878245100412));
#402 = CARTESIAN_POINT('',(1.121997376282,24.805616445029));
#403 = CARTESIAN_POINT('',(1.346396851538,24.726481402472));
#404 = CARTESIAN_POINT('',(1.570796326795,24.647346038583));
#405 = ( GEOMETRIC_REPRESENTATION_CONTEXT(2) 
PARAMETRIC_REPRESENTATION_CONTEXT() REPRESENTATION_CONTEXT('2D SPACE',''
  ) );
#406 = ORIENTED_EDGE('',*,*,#407,.T.);
#407 = EDGE_CURVE('',#372,#408,#410,.T.);
#408 = VERTEX_POINT('',#409);
#409 = CARTESIAN_POINT('',(-6.489841639414,13.705230889157,2.5));
#410 = SURFACE_CURVE('',#411,(#415,#421),.PCURVE_S1.);
#411 = LINE('',#412,#413);
#412 = CARTESIAN_POINT('',(-11.82568430299,-16.55583660115,2.5));
#413 = VECTOR('',#414,1.);
#414 = DIRECTION('',(0.173648177667,0.984807753012,-0.));
#415 = PCURVE('',#44,#416);
#416 = DEFINITIONAL_REPRESENTATION('',(#417),#420);
#417 = B_SPLINE_CURVE_WITH_KNOTS('',1,(#418,#419),.UNSPECIFIED.,.F.,.F.,
  (2,2),(5.327893233729,30.727893233729),.PIECEWISE_BEZIER_KNOTS.);
#418 = CARTESIAN_POINT('',(11.899494647846,6.691113962647));
#419 = CARTESIAN_POINT('',(16.310158360586,31.705230889157));
#420 = ( GEOMETRIC_REPRESENTATION_CONTEXT(2) 
PARAMETRIC_REPRESENTATION_CONTEXT() REPRESENTATION_CONTEXT('2D SPACE',''
  ) );
#421 = PCURVE('',#422,#427);
#422 = PLANE('',#423);
#423 = AXIS2_PLACEMENT_3D('',#424,#425,#426);
#424 = CARTESIAN_POINT('',(-6.972549915917,-14.03234378355,
    -22.1201938253));
#425 = DIRECTION('',(0.969846310393,-0.171010071663,0.173648177667));
#426 = DIRECTION('',(-0.171010071663,3.015368960705E-02,0.984807753012)
  );
#427 = DEFINITIONAL_REPRESENTATION('',(#428),#431);
#428 = B_SPLINE_CURVE_WITH_KNOTS('',1,(#429,#430),.UNSPECIFIED.,.F.,.F.,
  (2,2),(5.327893233729,30.727893233729),.PIECEWISE_BEZIER_KNOTS.);
#429 = CARTESIAN_POINT('',(25.,-2.));
#430 = CARTESIAN_POINT('',(25.,-27.4));
#431 = ( GEOMETRIC_REPRESENTATION_CONTEXT(2) 
PARAMETRIC_REPRESENTATION_CONTEXT() REPRESENTATION_CONTEXT('2D SPACE',''
  ) );
#432 = ORIENTED_EDGE('',*,*,#433,.F.);
#433 = EDGE_CURVE('',#434,#408,#436,.T.);
#434 = VERTEX_POINT('',#435);
#435 = CARTESIAN_POINT('',(-4.14254528408,15.322192433764,2.5));
#436 = SURFACE_CURVE('',#437,(#442,#449),.PCURVE_S1.);
#437 = ELLIPSE('',#438,2.030853223771,2.);
#438 = AXIS2_PLACEMENT_3D('',#439,#440,#441);
#439 = CARTESIAN_POINT('',(-4.489841639414,13.35257692774,2.5));
#440 = DIRECTION('',(0.,0.,1.));
#441 = DIRECTION('',(-0.984807753012,0.173648177667,0.));
#442 = PCURVE('',#44,#443);
#443 = DEFINITIONAL_REPRESENTATION('',(#444),#448);
#444 = ELLIPSE('',#445,2.030853223771,2.);
#445 = AXIS2_PLACEMENT_2D('',#446,#447);
#446 = CARTESIAN_POINT('',(18.310158360586,31.35257692774));
#447 = DIRECTION('',(-0.984807753012,0.173648177667));
#448 = ( GEOMETRIC_REPRESENTATION_CONTEXT(2) 
PARAMETRIC_REPRESENTATION_CONTEXT() REPRESENTATION_CONTEXT('2D SPACE',''
  ) );
#449 = PCURVE('',#450,#455);
#450 = CYLINDRICAL_SURFACE('',#451,2.);
#451 = AXIS2_PLACEMENT_3D('',#452,#453,#454);
#452 = CARTESIAN_POINT('',(-0.274897227057,12.609368505655,
    -21.77289746997));
#453 = DIRECTION('',(-0.171010071663,3.015368960705E-02,0.984807753012)
  );
#454 = DIRECTION('',(-0.969846310393,0.171010071663,-0.173648177667));
#455 = DEFINITIONAL_REPRESENTATION('',(#456),#465);
#456 = B_SPLINE_CURVE_WITH_KNOTS('',7,(#457,#458,#459,#460,#461,#462,
    #463,#464),.UNSPECIFIED.,.F.,.F.,(8,8),(4.712388980385,6.28318530718
    ),.PIECEWISE_BEZIER_KNOTS.);
#457 = CARTESIAN_POINT('',(-1.570796326795,24.647346038583));
#458 = CARTESIAN_POINT('',(-1.346396851538,24.726481402472));
#459 = CARTESIAN_POINT('',(-1.121997376282,24.805616445022));
#460 = CARTESIAN_POINT('',(-0.897597901026,24.878245100423));
#461 = CARTESIAN_POINT('',(-0.673198425769,24.937849149108));
#462 = CARTESIAN_POINT('',(-0.448798950513,24.979282047878));
#463 = CARTESIAN_POINT('',(-0.224399475256,25.));
#464 = CARTESIAN_POINT('',(-8.881784197001E-16,25.));
#465 = ( GEOMETRIC_REPRESENTATION_CONTEXT(2) 
PARAMETRIC_REPRESENTATION_CONTEXT() REPRESENTATION_CONTEXT('2D SPACE',''
  ) );
#466 = ORIENTED_EDGE('',*,*,#467,.F.);
#467 = EDGE_CURVE('',#468,#434,#470,.T.);
#468 = VERTEX_POINT('',#469);
#469 = CARTESIAN_POINT('',(5.65745471592,13.594188022821,2.5));
#470 = SURFACE_CURVE('',#471,(#475,#481),.PCURVE_S1.);
#471 = LINE('',#472,#473);
#472 = CARTESIAN_POINT('',(-9.203135939044,16.214511104556,2.5));
#473 = VECTOR('',#474,1.);
#474 = DIRECTION('',(-0.984807753012,0.173648177667,0.));
#475 = PCURVE('',#44,#476);
#476 = DEFINITIONAL_REPRESENTATION('',(#477),#480);
#477 = B_SPLINE_CURVE_WITH_KNOTS('',1,(#478,#479),.UNSPECIFIED.,.F.,.F.,
  (2,2),(-15.08983921939,-5.13865842291),.PIECEWISE_BEZIER_KNOTS.);
#478 = CARTESIAN_POINT('',(28.45745471592,31.594188022821));
#479 = CARTESIAN_POINT('',(18.65745471592,33.322192433764));
#480 = ( GEOMETRIC_REPRESENTATION_CONTEXT(2) 
PARAMETRIC_REPRESENTATION_CONTEXT() REPRESENTATION_CONTEXT('2D SPACE',''
  ) );
#481 = PCURVE('',#482,#487);
#482 = PLANE('',#483);
#483 = AXIS2_PLACEMENT_3D('',#484,#485,#486);
#484 = CARTESIAN_POINT('',(-1.86729349251,14.921004155005,-22.1201938253
    ));
#485 = DIRECTION('',(0.173648177667,0.984807753012,0.));
#486 = DIRECTION('',(-0.171010071663,3.015368960705E-02,0.984807753012)
  );
#487 = DEFINITIONAL_REPRESENTATION('',(#488),#491);
#488 = B_SPLINE_CURVE_WITH_KNOTS('',1,(#489,#490),.UNSPECIFIED.,.F.,.F.,
  (2,2),(-15.08983921939,-5.13865842291),.PIECEWISE_BEZIER_KNOTS.);
#489 = CARTESIAN_POINT('',(22.91934162764,11.8));
#490 = CARTESIAN_POINT('',(24.647346038583,2.));
#491 = ( GEOMETRIC_REPRESENTATION_CONTEXT(2) 
PARAMETRIC_REPRESENTATION_CONTEXT() REPRESENTATION_CONTEXT('2D SPACE',''
  ) );
#492 = ORIENTED_EDGE('',*,*,#493,.F.);
#493 = EDGE_CURVE('',#494,#468,#496,.T.);
#494 = VERTEX_POINT('',#495);
#495 = CARTESIAN_POINT('',(7.310158360586,11.27191855538,2.5));
#496 = SURFACE_CURVE('',#497,(#502,#509),.PCURVE_S1.);
#497 = ELLIPSE('',#498,2.030853223771,2.);
#498 = AXIS2_PLACEMENT_3D('',#499,#500,#501);
#499 = CARTESIAN_POINT('',(5.310158360586,11.624572516797,2.5));
#500 = DIRECTION('',(0.,0.,1.));
#501 = DIRECTION('',(-0.984807753012,0.173648177667,0.));
#502 = PCURVE('',#44,#503);
#503 = DEFINITIONAL_REPRESENTATION('',(#504),#508);
#504 = ELLIPSE('',#505,2.030853223771,2.);
#505 = AXIS2_PLACEMENT_2D('',#506,#507);
#506 = CARTESIAN_POINT('',(28.110158360586,29.624572516797));
#507 = DIRECTION('',(-0.984807753012,0.173648177667));
#508 = ( GEOMETRIC_REPRESENTATION_CONTEXT(2) 
PARAMETRIC_REPRESENTATION_CONTEXT() REPRESENTATION_CONTEXT('2D SPACE',''
  ) );
#509 = PCURVE('',#510,#515);
#510 = CYLINDRICAL_SURFACE('',#511,2.);
#511 = AXIS2_PLACEMENT_3D('',#512,#513,#514);
#512 = CARTESIAN_POINT('',(9.229596614793,10.933469803359,
    -20.07114532883));
#513 = DIRECTION('',(-0.171010071663,3.015368960705E-02,0.984807753012)
  );
#514 = DIRECTION('',(0.969846310393,-0.171010071663,0.173648177667));
#515 = DEFINITIONAL_REPRESENTATION('',(#516),#525);
#516 = B_SPLINE_CURVE_WITH_KNOTS('',7,(#517,#518,#519,#520,#521,#522,
    #523,#524),.UNSPECIFIED.,.F.,.F.,(8,8),(3.14159265359,4.712388980385
    ),.PIECEWISE_BEZIER_KNOTS.);
#517 = CARTESIAN_POINT('',(0.,22.566687666223));
#518 = CARTESIAN_POINT('',(0.224399475256,22.566687666223));
#519 = CARTESIAN_POINT('',(0.448798950513,22.587405618346));
#520 = CARTESIAN_POINT('',(0.673198425769,22.628838517125));
#521 = CARTESIAN_POINT('',(0.897597901025,22.688442565803));
#522 = CARTESIAN_POINT('',(1.121997376282,22.761071221199));
#523 = CARTESIAN_POINT('',(1.346396851538,22.840206263751));
#524 = CARTESIAN_POINT('',(1.570796326795,22.91934162764));
#525 = ( GEOMETRIC_REPRESENTATION_CONTEXT(2) 
PARAMETRIC_REPRESENTATION_CONTEXT() REPRESENTATION_CONTEXT('2D SPACE',''
  ) );
#526 = ORIENTED_EDGE('',*,*,#527,.F.);
#527 = EDGE_CURVE('',#528,#494,#530,.T.);
#528 = VERTEX_POINT('',#529);
#529 = CARTESIAN_POINT('',(2.899494647846,-13.74219837113,2.5));
#530 = SURFACE_CURVE('',#531,(#535,#541),.PCURVE_S1.);
#531 = LINE('',#532,#533);
#532 = CARTESIAN_POINT('',(1.974315697005,-18.98914893492,2.5));
#533 = VECTOR('',#534,1.);
#534 = DIRECTION('',(0.173648177667,0.984807753012,-0.));
#535 = PCURVE('',#44,#536);
#536 = DEFINITIONAL_REPRESENTATION('',(#537),#540);
#537 = B_SPLINE_CURVE_WITH_KNOTS('',1,(#538,#539),.UNSPECIFIED.,.F.,.F.,
  (2,2),(5.327893233729,30.727893233729),.PIECEWISE_BEZIER_KNOTS.);
#538 = CARTESIAN_POINT('',(25.699494647846,4.25780162887));
#539 = CARTESIAN_POINT('',(30.110158360586,29.27191855538));
#540 = ( GEOMETRIC_REPRESENTATION_CONTEXT(2) 
PARAMETRIC_REPRESENTATION_CONTEXT() REPRESENTATION_CONTEXT('2D SPACE',''
  ) );
#541 = PCURVE('',#542,#547);
#542 = PLANE('',#543);
#543 = AXIS2_PLACEMENT_3D('',#544,#545,#546);
#544 = CARTESIAN_POINT('',(6.411329167506,-16.3922827725,-19.7238489735)
  );
#545 = DIRECTION('',(0.969846310393,-0.171010071663,0.173648177667));
#546 = DIRECTION('',(-0.171010071663,3.015368960705E-02,0.984807753012)
  );
#547 = DEFINITIONAL_REPRESENTATION('',(#548),#551);
#548 = B_SPLINE_CURVE_WITH_KNOTS('',1,(#549,#550),.UNSPECIFIED.,.F.,.F.,
  (2,2),(5.327893233729,30.727893233729),.PIECEWISE_BEZIER_KNOTS.);
#549 = CARTESIAN_POINT('',(22.566687666223,-2.));
#550 = CARTESIAN_POINT('',(22.566687666223,-27.4));
#551 = ( GEOMETRIC_REPRESENTATION_CONTEXT(2) 
PARAMETRIC_REPRESENTATION_CONTEXT() REPRESENTATION_CONTEXT('2D SPACE',''
  ) );
#552 = ORIENTED_EDGE('',*,*,#553,.F.);
#553 = EDGE_CURVE('',#554,#528,#556,.T.);
#554 = VERTEX_POINT('',#555);
#555 = CARTESIAN_POINT('',(0.552198292512,-15.35915991573,2.5));
#556 = SURFACE_CURVE('',#557,(#562,#569),.PCURVE_S1.);
#557 = ELLIPSE('',#558,2.030853223771,2.);
#558 = AXIS2_PLACEMENT_3D('',#559,#560,#561);
#559 = CARTESIAN_POINT('',(0.899494647846,-13.38954440971,2.5));
#560 = DIRECTION('',(0.,0.,1.));
#561 = DIRECTION('',(-0.984807753012,0.173648177667,0.));
#562 = PCURVE('',#44,#563);
#563 = DEFINITIONAL_REPRESENTATION('',(#564),#568);
#564 = ELLIPSE('',#565,2.030853223771,2.);
#565 = AXIS2_PLACEMENT_2D('',#566,#567);
#566 = CARTESIAN_POINT('',(23.699494647846,4.610455590287));
#567 = DIRECTION('',(-0.984807753012,0.173648177667));
#568 = ( GEOMETRIC_REPRESENTATION_CONTEXT(2) 
PARAMETRIC_REPRESENTATION_CONTEXT() REPRESENTATION_CONTEXT('2D SPACE',''
  ) );
#569 = PCURVE('',#570,#575);
#570 = CYLINDRICAL_SURFACE('',#571,2.);
#571 = AXIS2_PLACEMENT_3D('',#572,#573,#574);
#572 = CARTESIAN_POINT('',(4.818932902053,-14.08064712315,
    -20.07114532883));
#573 = DIRECTION('',(-0.171010071663,3.015368960705E-02,0.984807753012)
  );
#574 = DIRECTION('',(0.969846310393,-0.171010071663,0.173648177667));
#575 = DEFINITIONAL_REPRESENTATION('',(#576),#585);
#576 = B_SPLINE_CURVE_WITH_KNOTS('',7,(#577,#578,#579,#580,#581,#582,
    #583,#584),.UNSPECIFIED.,.F.,.F.,(8,8),(1.570796326795,3.14159265359
    ),.PIECEWISE_BEZIER_KNOTS.);
#577 = CARTESIAN_POINT('',(-1.570796326795,22.91934162764));
#578 = CARTESIAN_POINT('',(-1.346396851538,22.840206263751));
#579 = CARTESIAN_POINT('',(-1.121997376282,22.761071221191));
#580 = CARTESIAN_POINT('',(-0.897597901025,22.688442565817));
#581 = CARTESIAN_POINT('',(-0.673198425769,22.628838517114));
#582 = CARTESIAN_POINT('',(-0.448798950513,22.587405618352));
#583 = CARTESIAN_POINT('',(-0.224399475256,22.566687666223));
#584 = CARTESIAN_POINT('',(0.,22.566687666223));
#585 = ( GEOMETRIC_REPRESENTATION_CONTEXT(2) 
PARAMETRIC_REPRESENTATION_CONTEXT() REPRESENTATION_CONTEXT('2D SPACE',''
  ) );
#586 = ORIENTED_EDGE('',*,*,#587,.T.);
#587 = EDGE_CURVE('',#554,#374,#588,.T.);
#588 = SURFACE_CURVE('',#589,(#593,#599),.PCURVE_S1.);
#589 = LINE('',#590,#591);
#590 = CARTESIAN_POINT('',(-14.30839236245,-12.738836834,2.5));
#591 = VECTOR('',#592,1.);
#592 = DIRECTION('',(-0.984807753012,0.173648177667,0.));
#593 = PCURVE('',#44,#594);
#594 = DEFINITIONAL_REPRESENTATION('',(#595),#598);
#595 = B_SPLINE_CURVE_WITH_KNOTS('',1,(#596,#597),.UNSPECIFIED.,.F.,.F.,
  (2,2),(-15.08983921939,-5.13865842291),.PIECEWISE_BEZIER_KNOTS.);
#596 = CARTESIAN_POINT('',(23.352198292512,2.640840084262));
#597 = CARTESIAN_POINT('',(13.552198292512,4.368844495205));
#598 = ( GEOMETRIC_REPRESENTATION_CONTEXT(2) 
PARAMETRIC_REPRESENTATION_CONTEXT() REPRESENTATION_CONTEXT('2D SPACE',''
  ) );
#599 = PCURVE('',#600,#605);
#600 = PLANE('',#601);
#601 = AXIS2_PLACEMENT_3D('',#602,#603,#604);
#602 = CARTESIAN_POINT('',(-6.972549915917,-14.03234378355,
    -22.1201938253));
#603 = DIRECTION('',(0.173648177667,0.984807753012,0.));
#604 = DIRECTION('',(-0.171010071663,3.015368960705E-02,0.984807753012)
  );
#605 = DEFINITIONAL_REPRESENTATION('',(#606),#609);
#606 = B_SPLINE_CURVE_WITH_KNOTS('',1,(#607,#608),.UNSPECIFIED.,.F.,.F.,
  (2,2),(-15.08983921939,-5.13865842291),.PIECEWISE_BEZIER_KNOTS.);
#607 = CARTESIAN_POINT('',(22.91934162764,11.8));
#608 = CARTESIAN_POINT('',(24.647346038583,2.));
#609 = ( GEOMETRIC_REPRESENTATION_CONTEXT(2) 
PARAMETRIC_REPRESENTATION_CONTEXT() REPRESENTATION_CONTEXT('2D SPACE',''
  ) );
#610 = FACE_BOUND('',#611,.T.);
#611 = EDGE_LOOP('',(#612));
#612 = ORIENTED_EDGE('',*,*,#613,.F.);
#613 = EDGE_CURVE('',#614,#614,#616,.T.);
#614 = VERTEX_POINT('',#615);
#615 = CARTESIAN_POINT('',(-15.65,11.,2.5));
#616 = SURFACE_CURVE('',#617,(#622,#629),.PCURVE_S1.);
#617 = CIRCLE('',#618,1.15);
#618 = AXIS2_PLACEMENT_3D('',#619,#620,#621);
#619 = CARTESIAN_POINT('',(-16.8,11.,2.5));
#620 = DIRECTION('',(0.,0.,1.));
#621 = DIRECTION('',(1.,0.,-0.));
#622 = PCURVE('',#44,#623);
#623 = DEFINITIONAL_REPRESENTATION('',(#624),#628);
#624 = CIRCLE('',#625,1.15);
#625 = AXIS2_PLACEMENT_2D('',#626,#627);
#626 = CARTESIAN_POINT('',(6.,29.));
#627 = DIRECTION('',(1.,0.));
#628 = ( GEOMETRIC_REPRESENTATION_CONTEXT(2) 
PARAMETRIC_REPRESENTATION_CONTEXT() REPRESENTATION_CONTEXT('2D SPACE',''
  ) );
#629 = PCURVE('',#630,#635);
#630 = CYLINDRICAL_SURFACE('',#631,1.15);
#631 = AXIS2_PLACEMENT_3D('',#632,#633,#634);
#632 = CARTESIAN_POINT('',(-16.8,11.,-1.));
#633 = DIRECTION('',(0.,0.,1.));
#634 = DIRECTION('',(1.,0.,-0.));
#635 = DEFINITIONAL_REPRESENTATION('',(#636),#640);
#636 = LINE('',#637,#638);
#637 = CARTESIAN_POINT('',(0.,3.5));
#638 = VECTOR('',#639,1.);
#639 = DIRECTION('',(1.,0.));
#640 = ( GEOMETRIC_REPRESENTATION_CONTEXT(2) 
PARAMETRIC_REPRESENTATION_CONTEXT() REPRESENTATION_CONTEXT('2D SPACE',''
  ) );
#641 = ADVANCED_FACE('',(#642),#72,.T.);
#642 = FACE_BOUND('',#643,.T.);
#643 = EDGE_LOOP('',(#644,#668,#689,#690));
#644 = ORIENTED_EDGE('',*,*,#645,.T.);
#645 = EDGE_CURVE('',#57,#646,#648,.T.);
#646 = VERTEX_POINT('',#647);
#647 = CARTESIAN_POINT('',(-18.8,-18.,0.));
#648 = SURFACE_CURVE('',#649,(#654,#661),.PCURVE_S1.);
#649 = CIRCLE('',#650,4.);
#650 = AXIS2_PLACEMENT_3D('',#651,#652,#653);
#651 = CARTESIAN_POINT('',(-18.8,-14.,0.));
#652 = DIRECTION('',(0.,0.,1.));
#653 = DIRECTION('',(0.,-1.,0.));
#654 = PCURVE('',#72,#655);
#655 = DEFINITIONAL_REPRESENTATION('',(#656),#660);
#656 = LINE('',#657,#658);
#657 = CARTESIAN_POINT('',(-4.712388980385,0.));
#658 = VECTOR('',#659,1.);
#659 = DIRECTION('',(1.,0.));
#660 = ( GEOMETRIC_REPRESENTATION_CONTEXT(2) 
PARAMETRIC_REPRESENTATION_CONTEXT() REPRESENTATION_CONTEXT('2D SPACE',''
  ) );
#661 = PCURVE('',#100,#662);
#662 = DEFINITIONAL_REPRESENTATION('',(#663),#667);
#663 = CIRCLE('',#664,4.);
#664 = AXIS2_PLACEMENT_2D('',#665,#666);
#665 = CARTESIAN_POINT('',(4.,4.));
#666 = DIRECTION('',(0.,-1.));
#667 = ( GEOMETRIC_REPRESENTATION_CONTEXT(2) 
PARAMETRIC_REPRESENTATION_CONTEXT() REPRESENTATION_CONTEXT('2D SPACE',''
  ) );
#668 = ORIENTED_EDGE('',*,*,#669,.T.);
#669 = EDGE_CURVE('',#646,#143,#670,.T.);
#670 = SURFACE_CURVE('',#671,(#675,#682),.PCURVE_S1.);
#671 = LINE('',#672,#673);
#672 = CARTESIAN_POINT('',(-18.8,-18.,0.));
#673 = VECTOR('',#674,1.);
#674 = DIRECTION('',(0.,0.,1.));
#675 = PCURVE('',#72,#676);
#676 = DEFINITIONAL_REPRESENTATION('',(#677),#681);
#677 = LINE('',#678,#679);
#678 = CARTESIAN_POINT('',(1.570796326795,0.));
#679 = VECTOR('',#680,1.);
#680 = DIRECTION('',(0.,1.));
#681 = ( GEOMETRIC_REPRESENTATION_CONTEXT(2) 
PARAMETRIC_REPRESENTATION_CONTEXT() REPRESENTATION_CONTEXT('2D SPACE',''
  ) );
#682 = PCURVE('',#182,#683);
#683 = DEFINITIONAL_REPRESENTATION('',(#684),#688);
#684 = LINE('',#685,#686);
#685 = CARTESIAN_POINT('',(0.,4.));
#686 = VECTOR('',#687,1.);
#687 = DIRECTION('',(1.,0.));
#688 = ( GEOMETRIC_REPRESENTATION_CONTEXT(2) 
PARAMETRIC_REPRESENTATION_CONTEXT() REPRESENTATION_CONTEXT('2D SPACE',''
  ) );
#689 = ORIENTED_EDGE('',*,*,#142,.F.);
#690 = ORIENTED_EDGE('',*,*,#56,.F.);
#691 = ADVANCED_FACE('',(#692),#126,.T.);
#692 = FACE_BOUND('',#693,.F.);
#693 = EDGE_LOOP('',(#694,#722,#743,#744));
#694 = ORIENTED_EDGE('',*,*,#695,.T.);
#695 = EDGE_CURVE('',#85,#696,#698,.T.);
#696 = VERTEX_POINT('',#697);
#697 = CARTESIAN_POINT('',(-18.8,18.,0.));
#698 = SURFACE_CURVE('',#699,(#704,#711),.PCURVE_S1.);
#699 = CIRCLE('',#700,4.);
#700 = AXIS2_PLACEMENT_3D('',#701,#702,#703);
#701 = CARTESIAN_POINT('',(-18.8,14.,0.));
#702 = DIRECTION('',(-0.,-0.,-1.));
#703 = DIRECTION('',(0.,-1.,0.));
#704 = PCURVE('',#126,#705);
#705 = DEFINITIONAL_REPRESENTATION('',(#706),#710);
#706 = LINE('',#707,#708);
#707 = CARTESIAN_POINT('',(1.570796326795,-0.));
#708 = VECTOR('',#709,1.);
#709 = DIRECTION('',(-1.,0.));
#710 = ( GEOMETRIC_REPRESENTATION_CONTEXT(2) 
PARAMETRIC_REPRESENTATION_CONTEXT() REPRESENTATION_CONTEXT('2D SPACE',''
  ) );
#711 = PCURVE('',#100,#712);
#712 = DEFINITIONAL_REPRESENTATION('',(#713),#721);
#713 = ( BOUNDED_CURVE() B_SPLINE_CURVE(2,(#714,#715,#716,#717,#718,#719
,#720),.UNSPECIFIED.,.T.,.F.) B_SPLINE_CURVE_WITH_KNOTS((1,2,2,2,2,1),(
    -2.094395102393,0.,2.094395102393,4.188790204786,6.28318530718,
8.377580409573),.UNSPECIFIED.) CURVE() GEOMETRIC_REPRESENTATION_ITEM() 
RATIONAL_B_SPLINE_CURVE((1.,0.5,1.,0.5,1.,0.5,1.)) REPRESENTATION_ITEM(
  '') );
#714 = CARTESIAN_POINT('',(4.,28.));
#715 = CARTESIAN_POINT('',(-2.928203230276,28.));
#716 = CARTESIAN_POINT('',(0.535898384862,34.));
#717 = CARTESIAN_POINT('',(4.,40.));
#718 = CARTESIAN_POINT('',(7.464101615138,34.));
#719 = CARTESIAN_POINT('',(10.928203230276,28.));
#720 = CARTESIAN_POINT('',(4.,28.));
#721 = ( GEOMETRIC_REPRESENTATION_CONTEXT(2) 
PARAMETRIC_REPRESENTATION_CONTEXT() REPRESENTATION_CONTEXT('2D SPACE',''
  ) );
#722 = ORIENTED_EDGE('',*,*,#723,.T.);
#723 = EDGE_CURVE('',#696,#285,#724,.T.);
#724 = SURFACE_CURVE('',#725,(#729,#736),.PCURVE_S1.);
#725 = LINE('',#726,#727);
#726 = CARTESIAN_POINT('',(-18.8,18.,0.));
#727 = VECTOR('',#728,1.);
#728 = DIRECTION('',(0.,0.,1.));
#729 = PCURVE('',#126,#730);
#730 = DEFINITIONAL_REPRESENTATION('',(#731),#735);
#731 = LINE('',#732,#733);
#732 = CARTESIAN_POINT('',(-1.570796326795,0.));
#733 = VECTOR('',#734,1.);
#734 = DIRECTION('',(-0.,1.));
#735 = ( GEOMETRIC_REPRESENTATION_CONTEXT(2) 
PARAMETRIC_REPRESENTATION_CONTEXT() REPRESENTATION_CONTEXT('2D SPACE',''
  ) );
#736 = PCURVE('',#300,#737);
#737 = DEFINITIONAL_REPRESENTATION('',(#738),#742);
#738 = LINE('',#739,#740);
#739 = CARTESIAN_POINT('',(0.,4.));
#740 = VECTOR('',#741,1.);
#741 = DIRECTION('',(1.,0.));
#742 = ( GEOMETRIC_REPRESENTATION_CONTEXT(2) 
PARAMETRIC_REPRESENTATION_CONTEXT() REPRESENTATION_CONTEXT('2D SPACE',''
  ) );
#743 = ORIENTED_EDGE('',*,*,#312,.F.);
#744 = ORIENTED_EDGE('',*,*,#112,.F.);
#745 = ADVANCED_FACE('',(#746,#870,#896),#100,.F.);
#746 = FACE_BOUND('',#747,.F.);
#747 = EDGE_LOOP('',(#748,#749,#750,#773,#801,#824,#848,#869));
#748 = ORIENTED_EDGE('',*,*,#84,.F.);
#749 = ORIENTED_EDGE('',*,*,#645,.T.);
#750 = ORIENTED_EDGE('',*,*,#751,.T.);
#751 = EDGE_CURVE('',#646,#752,#754,.T.);
#752 = VERTEX_POINT('',#753);
#753 = CARTESIAN_POINT('',(4.,-18.,0.));
#754 = SURFACE_CURVE('',#755,(#759,#766),.PCURVE_S1.);
#755 = LINE('',#756,#757);
#756 = CARTESIAN_POINT('',(-22.8,-18.,0.));
#757 = VECTOR('',#758,1.);
#758 = DIRECTION('',(1.,0.,0.));
#759 = PCURVE('',#100,#760);
#760 = DEFINITIONAL_REPRESENTATION('',(#761),#765);
#761 = LINE('',#762,#763);
#762 = CARTESIAN_POINT('',(0.,0.));
#763 = VECTOR('',#764,1.);
#764 = DIRECTION('',(1.,0.));
#765 = ( GEOMETRIC_REPRESENTATION_CONTEXT(2) 
PARAMETRIC_REPRESENTATION_CONTEXT() REPRESENTATION_CONTEXT('2D SPACE',''
  ) );
#766 = PCURVE('',#182,#767);
#767 = DEFINITIONAL_REPRESENTATION('',(#768),#772);
#768 = LINE('',#769,#770);
#769 = CARTESIAN_POINT('',(0.,0.));
#770 = VECTOR('',#771,1.);
#771 = DIRECTION('',(0.,1.));
#772 = ( GEOMETRIC_REPRESENTATION_CONTEXT(2) 
PARAMETRIC_REPRESENTATION_CONTEXT() REPRESENTATION_CONTEXT('2D SPACE',''
  ) );
#773 = ORIENTED_EDGE('',*,*,#774,.F.);
#774 = EDGE_CURVE('',#775,#752,#777,.T.);
#775 = VERTEX_POINT('',#776);
#776 = CARTESIAN_POINT('',(8.,-14.,0.));
#777 = SURFACE_CURVE('',#778,(#783,#794),.PCURVE_S1.);
#778 = CIRCLE('',#779,4.);
#779 = AXIS2_PLACEMENT_3D('',#780,#781,#782);
#780 = CARTESIAN_POINT('',(4.,-14.,0.));
#781 = DIRECTION('',(-0.,-0.,-1.));
#782 = DIRECTION('',(0.,-1.,0.));
#783 = PCURVE('',#100,#784);
#784 = DEFINITIONAL_REPRESENTATION('',(#785),#793);
#785 = ( BOUNDED_CURVE() B_SPLINE_CURVE(2,(#786,#787,#788,#789,#790,#791
,#792),.UNSPECIFIED.,.T.,.F.) B_SPLINE_CURVE_WITH_KNOTS((1,2,2,2,2,1),(
    -2.094395102393,0.,2.094395102393,4.188790204786,6.28318530718,
8.377580409573),.UNSPECIFIED.) CURVE() GEOMETRIC_REPRESENTATION_ITEM() 
RATIONAL_B_SPLINE_CURVE((1.,0.5,1.,0.5,1.,0.5,1.)) REPRESENTATION_ITEM(
  '') );
#786 = CARTESIAN_POINT('',(26.8,0.));
#787 = CARTESIAN_POINT('',(19.871796769724,0.));
#788 = CARTESIAN_POINT('',(23.335898384862,6.));
#789 = CARTESIAN_POINT('',(26.8,12.));
#790 = CARTESIAN_POINT('',(30.264101615138,6.));
#791 = CARTESIAN_POINT('',(33.728203230276,6.217248937901E-15));
#792 = CARTESIAN_POINT('',(26.8,0.));
#793 = ( GEOMETRIC_REPRESENTATION_CONTEXT(2) 
PARAMETRIC_REPRESENTATION_CONTEXT() REPRESENTATION_CONTEXT('2D SPACE',''
  ) );
#794 = PCURVE('',#215,#795);
#795 = DEFINITIONAL_REPRESENTATION('',(#796),#800);
#796 = LINE('',#797,#798);
#797 = CARTESIAN_POINT('',(4.712388980385,-0.));
#798 = VECTOR('',#799,1.);
#799 = DIRECTION('',(-1.,0.));
#800 = ( GEOMETRIC_REPRESENTATION_CONTEXT(2) 
PARAMETRIC_REPRESENTATION_CONTEXT() REPRESENTATION_CONTEXT('2D SPACE',''
  ) );
#801 = ORIENTED_EDGE('',*,*,#802,.T.);
#802 = EDGE_CURVE('',#775,#803,#805,.T.);
#803 = VERTEX_POINT('',#804);
#804 = CARTESIAN_POINT('',(8.,14.,0.));
#805 = SURFACE_CURVE('',#806,(#810,#817),.PCURVE_S1.);
#806 = LINE('',#807,#808);
#807 = CARTESIAN_POINT('',(8.,-18.,0.));
#808 = VECTOR('',#809,1.);
#809 = DIRECTION('',(0.,1.,0.));
#810 = PCURVE('',#100,#811);
#811 = DEFINITIONAL_REPRESENTATION('',(#812),#816);
#812 = LINE('',#813,#814);
#813 = CARTESIAN_POINT('',(30.8,0.));
#814 = VECTOR('',#815,1.);
#815 = DIRECTION('',(0.,1.));
#816 = ( GEOMETRIC_REPRESENTATION_CONTEXT(2) 
PARAMETRIC_REPRESENTATION_CONTEXT() REPRESENTATION_CONTEXT('2D SPACE',''
  ) );
#817 = PCURVE('',#243,#818);
#818 = DEFINITIONAL_REPRESENTATION('',(#819),#823);
#819 = LINE('',#820,#821);
#820 = CARTESIAN_POINT('',(0.,0.));
#821 = VECTOR('',#822,1.);
#822 = DIRECTION('',(0.,-1.));
#823 = ( GEOMETRIC_REPRESENTATION_CONTEXT(2) 
PARAMETRIC_REPRESENTATION_CONTEXT() REPRESENTATION_CONTEXT('2D SPACE',''
  ) );
#824 = ORIENTED_EDGE('',*,*,#825,.T.);
#825 = EDGE_CURVE('',#803,#826,#828,.T.);
#826 = VERTEX_POINT('',#827);
#827 = CARTESIAN_POINT('',(4.,18.,0.));
#828 = SURFACE_CURVE('',#829,(#834,#841),.PCURVE_S1.);
#829 = CIRCLE('',#830,4.);
#830 = AXIS2_PLACEMENT_3D('',#831,#832,#833);
#831 = CARTESIAN_POINT('',(4.,14.,0.));
#832 = DIRECTION('',(0.,0.,1.));
#833 = DIRECTION('',(0.,-1.,0.));
#834 = PCURVE('',#100,#835);
#835 = DEFINITIONAL_REPRESENTATION('',(#836),#840);
#836 = CIRCLE('',#837,4.);
#837 = AXIS2_PLACEMENT_2D('',#838,#839);
#838 = CARTESIAN_POINT('',(26.8,32.));
#839 = DIRECTION('',(0.,-1.));
#840 = ( GEOMETRIC_REPRESENTATION_CONTEXT(2) 
PARAMETRIC_REPRESENTATION_CONTEXT() REPRESENTATION_CONTEXT('2D SPACE',''
  ) );
#841 = PCURVE('',#272,#842);
#842 = DEFINITIONAL_REPRESENTATION('',(#843),#847);
#843 = LINE('',#844,#845);
#844 = CARTESIAN_POINT('',(-1.570796326795,0.));
#845 = VECTOR('',#846,1.);
#846 = DIRECTION('',(1.,0.));
#847 = ( GEOMETRIC_REPRESENTATION_CONTEXT(2) 
PARAMETRIC_REPRESENTATION_CONTEXT() REPRESENTATION_CONTEXT('2D SPACE',''
  ) );
#848 = ORIENTED_EDGE('',*,*,#849,.F.);
#849 = EDGE_CURVE('',#696,#826,#850,.T.);
#850 = SURFACE_CURVE('',#851,(#855,#862),.PCURVE_S1.);
#851 = LINE('',#852,#853);
#852 = CARTESIAN_POINT('',(-22.8,18.,0.));
#853 = VECTOR('',#854,1.);
#854 = DIRECTION('',(1.,0.,0.));
#855 = PCURVE('',#100,#856);
#856 = DEFINITIONAL_REPRESENTATION('',(#857),#861);
#857 = LINE('',#858,#859);
#858 = CARTESIAN_POINT('',(0.,36.));
#859 = VECTOR('',#860,1.);
#860 = DIRECTION('',(1.,0.));
#861 = ( GEOMETRIC_REPRESENTATION_CONTEXT(2) 
PARAMETRIC_REPRESENTATION_CONTEXT() REPRESENTATION_CONTEXT('2D SPACE',''
  ) );
#862 = PCURVE('',#300,#863);
#863 = DEFINITIONAL_REPRESENTATION('',(#864),#868);
#864 = LINE('',#865,#866);
#865 = CARTESIAN_POINT('',(0.,0.));
#866 = VECTOR('',#867,1.);
#867 = DIRECTION('',(0.,1.));
#868 = ( GEOMETRIC_REPRESENTATION_CONTEXT(2) 
PARAMETRIC_REPRESENTATION_CONTEXT() REPRESENTATION_CONTEXT('2D SPACE',''
  ) );
#869 = ORIENTED_EDGE('',*,*,#695,.F.);
#870 = FACE_BOUND('',#871,.F.);
#871 = EDGE_LOOP('',(#872));
#872 = ORIENTED_EDGE('',*,*,#873,.F.);
#873 = EDGE_CURVE('',#874,#874,#876,.T.);
#874 = VERTEX_POINT('',#875);
#875 = CARTESIAN_POINT('',(-15.65,-11.,0.));
#876 = SURFACE_CURVE('',#877,(#882,#889),.PCURVE_S1.);
#877 = CIRCLE('',#878,1.15);
#878 = AXIS2_PLACEMENT_3D('',#879,#880,#881);
#879 = CARTESIAN_POINT('',(-16.8,-11.,0.));
#880 = DIRECTION('',(0.,0.,1.));
#881 = DIRECTION('',(1.,0.,-0.));
#882 = PCURVE('',#100,#883);
#883 = DEFINITIONAL_REPRESENTATION('',(#884),#888);
#884 = CIRCLE('',#885,1.15);
#885 = AXIS2_PLACEMENT_2D('',#886,#887);
#886 = CARTESIAN_POINT('',(6.,7.));
#887 = DIRECTION('',(1.,0.));
#888 = ( GEOMETRIC_REPRESENTATION_CONTEXT(2) 
PARAMETRIC_REPRESENTATION_CONTEXT() REPRESENTATION_CONTEXT('2D SPACE',''
  ) );
#889 = PCURVE('',#357,#890);
#890 = DEFINITIONAL_REPRESENTATION('',(#891),#895);
#891 = LINE('',#892,#893);
#892 = CARTESIAN_POINT('',(0.,1.));
#893 = VECTOR('',#894,1.);
#894 = DIRECTION('',(1.,0.));
#895 = ( GEOMETRIC_REPRESENTATION_CONTEXT(2) 
PARAMETRIC_REPRESENTATION_CONTEXT() REPRESENTATION_CONTEXT('2D SPACE',''
  ) );
#896 = FACE_BOUND('',#897,.F.);
#897 = EDGE_LOOP('',(#898));
#898 = ORIENTED_EDGE('',*,*,#899,.F.);
#899 = EDGE_CURVE('',#900,#900,#902,.T.);
#900 = VERTEX_POINT('',#901);
#901 = CARTESIAN_POINT('',(-15.65,11.,0.));
#902 = SURFACE_CURVE('',#903,(#908,#915),.PCURVE_S1.);
#903 = CIRCLE('',#904,1.15);
#904 = AXIS2_PLACEMENT_3D('',#905,#906,#907);
#905 = CARTESIAN_POINT('',(-16.8,11.,0.));
#906 = DIRECTION('',(0.,0.,1.));
#907 = DIRECTION('',(1.,0.,-0.));
#908 = PCURVE('',#100,#909);
#909 = DEFINITIONAL_REPRESENTATION('',(#910),#914);
#910 = CIRCLE('',#911,1.15);
#911 = AXIS2_PLACEMENT_2D('',#912,#913);
#912 = CARTESIAN_POINT('',(6.,29.));
#913 = DIRECTION('',(1.,0.));
#914 = ( GEOMETRIC_REPRESENTATION_CONTEXT(2) 
PARAMETRIC_REPRESENTATION_CONTEXT() REPRESENTATION_CONTEXT('2D SPACE',''
  ) );
#915 = PCURVE('',#630,#916);
#916 = DEFINITIONAL_REPRESENTATION('',(#917),#921);
#917 = LINE('',#918,#919);
#918 = CARTESIAN_POINT('',(0.,1.));
#919 = VECTOR('',#920,1.);
#920 = DIRECTION('',(1.,0.));
#921 = ( GEOMETRIC_REPRESENTATION_CONTEXT(2) 
PARAMETRIC_REPRESENTATION_CONTEXT() REPRESENTATION_CONTEXT('2D SPACE',''
  ) );
#922 = ADVANCED_FACE('',(#923),#182,.F.);
#923 = FACE_BOUND('',#924,.F.);
#924 = EDGE_LOOP('',(#925,#926,#927,#928));
#925 = ORIENTED_EDGE('',*,*,#751,.F.);
#926 = ORIENTED_EDGE('',*,*,#669,.T.);
#927 = ORIENTED_EDGE('',*,*,#166,.T.);
#928 = ORIENTED_EDGE('',*,*,#929,.F.);
#929 = EDGE_CURVE('',#752,#167,#930,.T.);
#930 = SURFACE_CURVE('',#931,(#935,#942),.PCURVE_S1.);
#931 = LINE('',#932,#933);
#932 = CARTESIAN_POINT('',(4.,-18.,0.));
#933 = VECTOR('',#934,1.);
#934 = DIRECTION('',(0.,0.,1.));
#935 = PCURVE('',#182,#936);
#936 = DEFINITIONAL_REPRESENTATION('',(#937),#941);
#937 = LINE('',#938,#939);
#938 = CARTESIAN_POINT('',(0.,26.8));
#939 = VECTOR('',#940,1.);
#940 = DIRECTION('',(1.,0.));
#941 = ( GEOMETRIC_REPRESENTATION_CONTEXT(2) 
PARAMETRIC_REPRESENTATION_CONTEXT() REPRESENTATION_CONTEXT('2D SPACE',''
  ) );
#942 = PCURVE('',#215,#943);
#943 = DEFINITIONAL_REPRESENTATION('',(#944),#948);
#944 = LINE('',#945,#946);
#945 = CARTESIAN_POINT('',(-1.570796326795,0.));
#946 = VECTOR('',#947,1.);
#947 = DIRECTION('',(-0.,1.));
#948 = ( GEOMETRIC_REPRESENTATION_CONTEXT(2) 
PARAMETRIC_REPRESENTATION_CONTEXT() REPRESENTATION_CONTEXT('2D SPACE',''
  ) );
#949 = ADVANCED_FACE('',(#950),#300,.T.);
#950 = FACE_BOUND('',#951,.T.);
#951 = EDGE_LOOP('',(#952,#953,#954,#955));
#952 = ORIENTED_EDGE('',*,*,#849,.F.);
#953 = ORIENTED_EDGE('',*,*,#723,.T.);
#954 = ORIENTED_EDGE('',*,*,#284,.T.);
#955 = ORIENTED_EDGE('',*,*,#956,.F.);
#956 = EDGE_CURVE('',#826,#256,#957,.T.);
#957 = SURFACE_CURVE('',#958,(#962,#969),.PCURVE_S1.);
#958 = LINE('',#959,#960);
#959 = CARTESIAN_POINT('',(4.,18.,0.));
#960 = VECTOR('',#961,1.);
#961 = DIRECTION('',(0.,0.,1.));
#962 = PCURVE('',#300,#963);
#963 = DEFINITIONAL_REPRESENTATION('',(#964),#968);
#964 = LINE('',#965,#966);
#965 = CARTESIAN_POINT('',(0.,26.8));
#966 = VECTOR('',#967,1.);
#967 = DIRECTION('',(1.,0.));
#968 = ( GEOMETRIC_REPRESENTATION_CONTEXT(2) 
PARAMETRIC_REPRESENTATION_CONTEXT() REPRESENTATION_CONTEXT('2D SPACE',''
  ) );
#969 = PCURVE('',#272,#970);
#970 = DEFINITIONAL_REPRESENTATION('',(#971),#975);
#971 = LINE('',#972,#973);
#972 = CARTESIAN_POINT('',(1.570796326795,0.));
#973 = VECTOR('',#974,1.);
#974 = DIRECTION('',(0.,1.));
#975 = ( GEOMETRIC_REPRESENTATION_CONTEXT(2) 
PARAMETRIC_REPRESENTATION_CONTEXT() REPRESENTATION_CONTEXT('2D SPACE',''
  ) );
#976 = ADVANCED_FACE('',(#977),#215,.T.);
#977 = FACE_BOUND('',#978,.F.);
#978 = EDGE_LOOP('',(#979,#980,#981,#982));
#979 = ORIENTED_EDGE('',*,*,#774,.T.);
#980 = ORIENTED_EDGE('',*,*,#929,.T.);
#981 = ORIENTED_EDGE('',*,*,#194,.F.);
#982 = ORIENTED_EDGE('',*,*,#983,.F.);
#983 = EDGE_CURVE('',#775,#195,#984,.T.);
#984 = SURFACE_CURVE('',#985,(#989,#996),.PCURVE_S1.);
#985 = LINE('',#986,#987);
#986 = CARTESIAN_POINT('',(8.,-14.,0.));
#987 = VECTOR('',#988,1.);
#988 = DIRECTION('',(0.,0.,1.));
#989 = PCURVE('',#215,#990);
#990 = DEFINITIONAL_REPRESENTATION('',(#991),#995);
#991 = LINE('',#992,#993);
#992 = CARTESIAN_POINT('',(-0.,0.));
#993 = VECTOR('',#994,1.);
#994 = DIRECTION('',(-0.,1.));
#995 = ( GEOMETRIC_REPRESENTATION_CONTEXT(2) 
PARAMETRIC_REPRESENTATION_CONTEXT() REPRESENTATION_CONTEXT('2D SPACE',''
  ) );
#996 = PCURVE('',#243,#997);
#997 = DEFINITIONAL_REPRESENTATION('',(#998),#1002);
#998 = LINE('',#999,#1000);
#999 = CARTESIAN_POINT('',(0.,-4.));
#1000 = VECTOR('',#1001,1.);
#1001 = DIRECTION('',(1.,0.));
#1002 = ( GEOMETRIC_REPRESENTATION_CONTEXT(2) 
PARAMETRIC_REPRESENTATION_CONTEXT() REPRESENTATION_CONTEXT('2D SPACE',''
  ) );
#1003 = ADVANCED_FACE('',(#1004),#272,.T.);
#1004 = FACE_BOUND('',#1005,.T.);
#1005 = EDGE_LOOP('',(#1006,#1007,#1008,#1009));
#1006 = ORIENTED_EDGE('',*,*,#825,.T.);
#1007 = ORIENTED_EDGE('',*,*,#956,.T.);
#1008 = ORIENTED_EDGE('',*,*,#255,.F.);
#1009 = ORIENTED_EDGE('',*,*,#1010,.F.);
#1010 = EDGE_CURVE('',#803,#228,#1011,.T.);
#1011 = SURFACE_CURVE('',#1012,(#1016,#1023),.PCURVE_S1.);
#1012 = LINE('',#1013,#1014);
#1013 = CARTESIAN_POINT('',(8.,14.,0.));
#1014 = VECTOR('',#1015,1.);
#1015 = DIRECTION('',(0.,0.,1.));
#1016 = PCURVE('',#272,#1017);
#1017 = DEFINITIONAL_REPRESENTATION('',(#1018),#1022);
#1018 = LINE('',#1019,#1020);
#1019 = CARTESIAN_POINT('',(0.,0.));
#1020 = VECTOR('',#1021,1.);
#1021 = DIRECTION('',(0.,1.));
#1022 = ( GEOMETRIC_REPRESENTATION_CONTEXT(2) 
PARAMETRIC_REPRESENTATION_CONTEXT() REPRESENTATION_CONTEXT('2D SPACE',''
  ) );
#1023 = PCURVE('',#243,#1024);
#1024 = DEFINITIONAL_REPRESENTATION('',(#1025),#1029);
#1025 = LINE('',#1026,#1027);
#1026 = CARTESIAN_POINT('',(0.,-32.));
#1027 = VECTOR('',#1028,1.);
#1028 = DIRECTION('',(1.,0.));
#1029 = ( GEOMETRIC_REPRESENTATION_CONTEXT(2) 
PARAMETRIC_REPRESENTATION_CONTEXT() REPRESENTATION_CONTEXT('2D SPACE',''
  ) );
#1030 = ADVANCED_FACE('',(#1031),#243,.T.);
#1031 = FACE_BOUND('',#1032,.T.);
#1032 = EDGE_LOOP('',(#1033,#1034,#1035,#1036));
#1033 = ORIENTED_EDGE('',*,*,#227,.F.);
#1034 = ORIENTED_EDGE('',*,*,#983,.F.);
#1035 = ORIENTED_EDGE('',*,*,#802,.T.);
#1036 = ORIENTED_EDGE('',*,*,#1010,.T.);
#1037 = ADVANCED_FACE('',(#1038),#357,.F.);
#1038 = FACE_BOUND('',#1039,.F.);
#1039 = EDGE_LOOP('',(#1040,#1041,#1062,#1063));
#1040 = ORIENTED_EDGE('',*,*,#340,.F.);
#1041 = ORIENTED_EDGE('',*,*,#1042,.F.);
#1042 = EDGE_CURVE('',#874,#341,#1043,.T.);
#1043 = SEAM_CURVE('',#1044,(#1048,#1055),.PCURVE_S1.);
#1044 = LINE('',#1045,#1046);
#1045 = CARTESIAN_POINT('',(-15.65,-11.,-1.));
#1046 = VECTOR('',#1047,1.);
#1047 = DIRECTION('',(0.,0.,1.));
#1048 = PCURVE('',#357,#1049);
#1049 = DEFINITIONAL_REPRESENTATION('',(#1050),#1054);
#1050 = LINE('',#1051,#1052);
#1051 = CARTESIAN_POINT('',(6.28318530718,-0.));
#1052 = VECTOR('',#1053,1.);
#1053 = DIRECTION('',(0.,1.));
#1054 = ( GEOMETRIC_REPRESENTATION_CONTEXT(2) 
PARAMETRIC_REPRESENTATION_CONTEXT() REPRESENTATION_CONTEXT('2D SPACE',''
  ) );
#1055 = PCURVE('',#357,#1056);
#1056 = DEFINITIONAL_REPRESENTATION('',(#1057),#1061);
#1057 = LINE('',#1058,#1059);
#1058 = CARTESIAN_POINT('',(0.,-0.));
#1059 = VECTOR('',#1060,1.);
#1060 = DIRECTION('',(0.,1.));
#1061 = ( GEOMETRIC_REPRESENTATION_CONTEXT(2) 
PARAMETRIC_REPRESENTATION_CONTEXT() REPRESENTATION_CONTEXT('2D SPACE',''
  ) );
#1062 = ORIENTED_EDGE('',*,*,#873,.T.);
#1063 = ORIENTED_EDGE('',*,*,#1042,.T.);
#1064 = ADVANCED_FACE('',(#1065),#390,.T.);
#1065 = FACE_BOUND('',#1066,.T.);
#1066 = EDGE_LOOP('',(#1067,#1090,#1091,#1114));
#1067 = ORIENTED_EDGE('',*,*,#1068,.F.);
#1068 = EDGE_CURVE('',#372,#1069,#1071,.T.);
#1069 = VERTEX_POINT('',#1070);
#1070 = CARTESIAN_POINT('',(-13.27754534826,-10.88974975181,
    16.18882776687));
#1071 = SURFACE_CURVE('',#1072,(#1076,#1083),.PCURVE_S1.);
#1072 = LINE('',#1073,#1074);
#1073 = CARTESIAN_POINT('',(-6.625253560583,-12.06272827752,
    -22.1201938253));
#1074 = VECTOR('',#1075,1.);
#1075 = DIRECTION('',(-0.171010071663,3.015368960705E-02,0.984807753012)
  );
#1076 = PCURVE('',#390,#1077);
#1077 = DEFINITIONAL_REPRESENTATION('',(#1078),#1082);
#1078 = LINE('',#1079,#1080);
#1079 = CARTESIAN_POINT('',(0.,0.));
#1080 = VECTOR('',#1081,1.);
#1081 = DIRECTION('',(0.,1.));
#1082 = ( GEOMETRIC_REPRESENTATION_CONTEXT(2) 
PARAMETRIC_REPRESENTATION_CONTEXT() REPRESENTATION_CONTEXT('2D SPACE',''
  ) );
#1083 = PCURVE('',#422,#1084);
#1084 = DEFINITIONAL_REPRESENTATION('',(#1085),#1089);
#1085 = LINE('',#1086,#1087);
#1086 = CARTESIAN_POINT('',(-4.857225732735E-17,-2.));
#1087 = VECTOR('',#1088,1.);
#1088 = DIRECTION('',(1.,3.469446951954E-18));
#1089 = ( GEOMETRIC_REPRESENTATION_CONTEXT(2) 
PARAMETRIC_REPRESENTATION_CONTEXT() REPRESENTATION_CONTEXT('2D SPACE',''
  ) );
#1090 = ORIENTED_EDGE('',*,*,#371,.T.);
#1091 = ORIENTED_EDGE('',*,*,#1092,.T.);
#1092 = EDGE_CURVE('',#374,#1093,#1095,.T.);
#1093 = VERTEX_POINT('',#1094);
#1094 = CARTESIAN_POINT('',(-11.68514908281,-13.20138540116,
    16.536124122204));
#1095 = SURFACE_CURVE('',#1096,(#1100,#1107),.PCURVE_S1.);
#1096 = LINE('',#1097,#1098);
#1097 = CARTESIAN_POINT('',(-5.032857295131,-14.37436392687,
    -21.77289746997));
#1098 = VECTOR('',#1099,1.);
#1099 = DIRECTION('',(-0.171010071663,3.015368960705E-02,0.984807753012)
  );
#1100 = PCURVE('',#390,#1101);
#1101 = DEFINITIONAL_REPRESENTATION('',(#1102),#1106);
#1102 = LINE('',#1103,#1104);
#1103 = CARTESIAN_POINT('',(1.570796326795,0.));
#1104 = VECTOR('',#1105,1.);
#1105 = DIRECTION('',(0.,1.));
#1106 = ( GEOMETRIC_REPRESENTATION_CONTEXT(2) 
PARAMETRIC_REPRESENTATION_CONTEXT() REPRESENTATION_CONTEXT('2D SPACE',''
  ) );
#1107 = PCURVE('',#600,#1108);
#1108 = DEFINITIONAL_REPRESENTATION('',(#1109),#1113);
#1109 = LINE('',#1110,#1111);
#1110 = CARTESIAN_POINT('',(-4.440892098501E-16,2.));
#1111 = VECTOR('',#1112,1.);
#1112 = DIRECTION('',(1.,2.775557561563E-17));
#1113 = ( GEOMETRIC_REPRESENTATION_CONTEXT(2) 
PARAMETRIC_REPRESENTATION_CONTEXT() REPRESENTATION_CONTEXT('2D SPACE',''
  ) );
#1114 = ORIENTED_EDGE('',*,*,#1115,.T.);
#1115 = EDGE_CURVE('',#1093,#1069,#1116,.T.);
#1116 = SURFACE_CURVE('',#1117,(#1122,#1129),.PCURVE_S1.);
#1117 = CIRCLE('',#1118,2.);
#1118 = AXIS2_PLACEMENT_3D('',#1119,#1120,#1121);
#1119 = CARTESIAN_POINT('',(-11.33785272748,-11.23176989514,
    16.536124122204));
#1120 = DIRECTION('',(0.171010071663,-3.015368960705E-02,-0.984807753012
    ));
#1121 = DIRECTION('',(-0.173648177667,-0.984807753012,
    -7.711528201201E-17));
#1122 = PCURVE('',#390,#1123);
#1123 = DEFINITIONAL_REPRESENTATION('',(#1124),#1128);
#1124 = LINE('',#1125,#1126);
#1125 = CARTESIAN_POINT('',(1.570796326795,38.9));
#1126 = VECTOR('',#1127,1.);
#1127 = DIRECTION('',(-1.,-0.));
#1128 = ( GEOMETRIC_REPRESENTATION_CONTEXT(2) 
PARAMETRIC_REPRESENTATION_CONTEXT() REPRESENTATION_CONTEXT('2D SPACE',''
  ) );
#1129 = PCURVE('',#1130,#1135);
#1130 = TOROIDAL_SURFACE('',#1131,1.,1.);
#1131 = AXIS2_PLACEMENT_3D('',#1132,#1133,#1134);
#1132 = CARTESIAN_POINT('',(-11.33785272748,-11.23176989514,
    16.536124122204));
#1133 = DIRECTION('',(-0.171010071663,3.015368960705E-02,0.984807753012)
  );
#1134 = DIRECTION('',(-0.173648177667,-0.984807753012,
    -7.711528201201E-17));
#1135 = DEFINITIONAL_REPRESENTATION('',(#1136),#1140);
#1136 = LINE('',#1137,#1138);
#1137 = CARTESIAN_POINT('',(-0.,0.));
#1138 = VECTOR('',#1139,1.);
#1139 = DIRECTION('',(-1.,0.));
#1140 = ( GEOMETRIC_REPRESENTATION_CONTEXT(2) 
PARAMETRIC_REPRESENTATION_CONTEXT() REPRESENTATION_CONTEXT('2D SPACE',''
  ) );
#1141 = ADVANCED_FACE('',(#1142),#422,.F.);
#1142 = FACE_BOUND('',#1143,.F.);
#1143 = EDGE_LOOP('',(#1144,#1145,#1146,#1169,#1197,#1223,#1256,#1282));
#1144 = ORIENTED_EDGE('',*,*,#1068,.F.);
#1145 = ORIENTED_EDGE('',*,*,#407,.T.);
#1146 = ORIENTED_EDGE('',*,*,#1147,.T.);
#1147 = EDGE_CURVE('',#408,#1148,#1150,.T.);
#1148 = VERTEX_POINT('',#1149);
#1149 = CARTESIAN_POINT('',(-8.866881635528,14.124367174695,
    16.18882776687));
#1150 = SURFACE_CURVE('',#1151,(#1155,#1162),.PCURVE_S1.);
#1151 = LINE('',#1152,#1153);
#1152 = CARTESIAN_POINT('',(-2.214589847843,12.951388648981,
    -22.1201938253));
#1153 = VECTOR('',#1154,1.);
#1154 = DIRECTION('',(-0.171010071663,3.015368960705E-02,0.984807753012)
  );
#1155 = PCURVE('',#422,#1156);
#1156 = DEFINITIONAL_REPRESENTATION('',(#1157),#1161);
#1157 = LINE('',#1158,#1159);
#1158 = CARTESIAN_POINT('',(0.,-27.4));
#1159 = VECTOR('',#1160,1.);
#1160 = DIRECTION('',(1.,3.469446951954E-18));
#1161 = ( GEOMETRIC_REPRESENTATION_CONTEXT(2) 
PARAMETRIC_REPRESENTATION_CONTEXT() REPRESENTATION_CONTEXT('2D SPACE',''
  ) );
#1162 = PCURVE('',#450,#1163);
#1163 = DEFINITIONAL_REPRESENTATION('',(#1164),#1168);
#1164 = LINE('',#1165,#1166);
#1165 = CARTESIAN_POINT('',(-0.,0.));
#1166 = VECTOR('',#1167,1.);
#1167 = DIRECTION('',(-0.,1.));
#1168 = ( GEOMETRIC_REPRESENTATION_CONTEXT(2) 
PARAMETRIC_REPRESENTATION_CONTEXT() REPRESENTATION_CONTEXT('2D SPACE',''
  ) );
#1169 = ORIENTED_EDGE('',*,*,#1170,.F.);
#1170 = EDGE_CURVE('',#1171,#1148,#1173,.T.);
#1171 = VERTEX_POINT('',#1172);
#1172 = CARTESIAN_POINT('',(-10.72491713656,3.586924217464,
    16.18882776687));
#1173 = SURFACE_CURVE('',#1174,(#1178,#1185),.PCURVE_S1.);
#1174 = LINE('',#1175,#1176);
#1175 = CARTESIAN_POINT('',(-13.27754534826,-10.88974975181,
    16.18882776687));
#1176 = VECTOR('',#1177,1.);
#1177 = DIRECTION('',(0.173648177667,0.984807753012,0.));
#1178 = PCURVE('',#422,#1179);
#1179 = DEFINITIONAL_REPRESENTATION('',(#1180),#1184);
#1180 = LINE('',#1181,#1182);
#1181 = CARTESIAN_POINT('',(38.9,-2.));
#1182 = VECTOR('',#1183,1.);
#1183 = DIRECTION('',(2.192410928835E-18,-1.));
#1184 = ( GEOMETRIC_REPRESENTATION_CONTEXT(2) 
PARAMETRIC_REPRESENTATION_CONTEXT() REPRESENTATION_CONTEXT('2D SPACE',''
  ) );
#1185 = PCURVE('',#1186,#1191);
#1186 = CYLINDRICAL_SURFACE('',#1187,1.);
#1187 = AXIS2_PLACEMENT_3D('',#1188,#1189,#1190);
#1188 = CARTESIAN_POINT('',(-12.30769903787,-11.06075982347,
    16.362475944537));
#1189 = DIRECTION('',(0.173648177667,0.984807753012,0.));
#1190 = DIRECTION('',(-0.969846310393,0.171010071663,-0.173648177667));
#1191 = DEFINITIONAL_REPRESENTATION('',(#1192),#1196);
#1192 = LINE('',#1193,#1194);
#1193 = CARTESIAN_POINT('',(0.,0.));
#1194 = VECTOR('',#1195,1.);
#1195 = DIRECTION('',(0.,1.));
#1196 = ( GEOMETRIC_REPRESENTATION_CONTEXT(2) 
PARAMETRIC_REPRESENTATION_CONTEXT() REPRESENTATION_CONTEXT('2D SPACE',''
  ) );
#1197 = ORIENTED_EDGE('',*,*,#1198,.F.);
#1198 = EDGE_CURVE('',#1199,#1171,#1201,.T.);
#1199 = VERTEX_POINT('',#1200);
#1200 = CARTESIAN_POINT('',(-10.21188692157,3.496463148643,
    13.234404507833));
#1201 = SURFACE_CURVE('',#1202,(#1206,#1212),.PCURVE_S1.);
#1202 = LINE('',#1203,#1204);
#1203 = CARTESIAN_POINT('',(-7.484276278553,3.015511799411,
    -2.473279152712));
#1204 = VECTOR('',#1205,1.);
#1205 = DIRECTION('',(-0.171010071663,3.015368960705E-02,0.984807753012)
  );
#1206 = PCURVE('',#422,#1207);
#1207 = DEFINITIONAL_REPRESENTATION('',(#1208),#1211);
#1208 = B_SPLINE_CURVE_WITH_KNOTS('',1,(#1209,#1210),.UNSPECIFIED.,.F.,
  .F.,(2,2),(15.95,18.95),.PIECEWISE_BEZIER_KNOTS.);
#1209 = CARTESIAN_POINT('',(35.9,-16.7));
#1210 = CARTESIAN_POINT('',(38.9,-16.7));
#1211 = ( GEOMETRIC_REPRESENTATION_CONTEXT(2) 
PARAMETRIC_REPRESENTATION_CONTEXT() REPRESENTATION_CONTEXT('2D SPACE',''
  ) );
#1212 = PCURVE('',#1213,#1218);
#1213 = PLANE('',#1214);
#1214 = AXIS2_PLACEMENT_3D('',#1215,#1216,#1217);
#1215 = CARTESIAN_POINT('',(-11.86577351862,3.788087978734,
    16.999987342215));
#1216 = DIRECTION('',(0.173648177667,0.984807753012,-1.093356242224E-16)
  );
#1217 = DIRECTION('',(0.171010071663,-3.015368960705E-02,-0.984807753012
    ));
#1218 = DEFINITIONAL_REPRESENTATION('',(#1219),#1222);
#1219 = B_SPLINE_CURVE_WITH_KNOTS('',1,(#1220,#1221),.UNSPECIFIED.,.F.,
  .F.,(2,2),(15.95,18.95),.PIECEWISE_BEZIER_KNOTS.);
#1220 = CARTESIAN_POINT('',(4.,-1.));
#1221 = CARTESIAN_POINT('',(1.,-1.));
#1222 = ( GEOMETRIC_REPRESENTATION_CONTEXT(2) 
PARAMETRIC_REPRESENTATION_CONTEXT() REPRESENTATION_CONTEXT('2D SPACE',''
  ) );
#1223 = ORIENTED_EDGE('',*,*,#1224,.T.);
#1224 = EDGE_CURVE('',#1199,#1225,#1227,.T.);
#1225 = VERTEX_POINT('',#1226);
#1226 = CARTESIAN_POINT('',(-10.90647963224,-0.442767863406,
    13.234404507833));
#1227 = SURFACE_CURVE('',#1228,(#1233,#1244),.PCURVE_S1.);
#1228 = CIRCLE('',#1229,2.);
#1229 = AXIS2_PLACEMENT_3D('',#1230,#1231,#1232);
#1230 = CARTESIAN_POINT('',(-10.5591832769,1.526847642619,
    13.234404507833));
#1231 = DIRECTION('',(-0.969846310393,0.171010071663,-0.173648177667));
#1232 = DIRECTION('',(0.173648177667,0.984807753012,-1.179611963664E-16)
  );
#1233 = PCURVE('',#422,#1234);
#1234 = DEFINITIONAL_REPRESENTATION('',(#1235),#1243);
#1235 = ( BOUNDED_CURVE() B_SPLINE_CURVE(2,(#1236,#1237,#1238,#1239,
#1240,#1241,#1242),.UNSPECIFIED.,.T.,.F.) B_SPLINE_CURVE_WITH_KNOTS((1,2
    ,2,2,2,1),(-2.094395102393,0.,2.094395102393,4.188790204786,
6.28318530718,8.377580409573),.UNSPECIFIED.) CURVE() 
GEOMETRIC_REPRESENTATION_ITEM() RATIONAL_B_SPLINE_CURVE((1.,0.5,1.,0.5,
1.,0.5,1.)) REPRESENTATION_ITEM('') );
#1236 = CARTESIAN_POINT('',(35.9,-16.7));
#1237 = CARTESIAN_POINT('',(32.435898384862,-16.7));
#1238 = CARTESIAN_POINT('',(34.167949192431,-13.7));
#1239 = CARTESIAN_POINT('',(35.9,-10.7));
#1240 = CARTESIAN_POINT('',(37.632050807569,-13.7));
#1241 = CARTESIAN_POINT('',(39.364101615138,-16.7));
#1242 = CARTESIAN_POINT('',(35.9,-16.7));
#1243 = ( GEOMETRIC_REPRESENTATION_CONTEXT(2) 
PARAMETRIC_REPRESENTATION_CONTEXT() REPRESENTATION_CONTEXT('2D SPACE',''
  ) );
#1244 = PCURVE('',#1245,#1250);
#1245 = CYLINDRICAL_SURFACE('',#1246,2.);
#1246 = AXIS2_PLACEMENT_3D('',#1247,#1248,#1249);
#1247 = CARTESIAN_POINT('',(-11.5290295873,1.697857714281,
    13.060756330166));
#1248 = DIRECTION('',(-0.969846310393,0.171010071663,-0.173648177667));
#1249 = DIRECTION('',(0.173648177667,0.984807753012,-1.093356242224E-16)
  );
#1250 = DEFINITIONAL_REPRESENTATION('',(#1251),#1255);
#1251 = LINE('',#1252,#1253);
#1252 = CARTESIAN_POINT('',(2.90649698532E-17,-1.));
#1253 = VECTOR('',#1254,1.);
#1254 = DIRECTION('',(1.,0.));
#1255 = ( GEOMETRIC_REPRESENTATION_CONTEXT(2) 
PARAMETRIC_REPRESENTATION_CONTEXT() REPRESENTATION_CONTEXT('2D SPACE',''
  ) );
#1256 = ORIENTED_EDGE('',*,*,#1257,.F.);
#1257 = EDGE_CURVE('',#1258,#1225,#1260,.T.);
#1258 = VERTEX_POINT('',#1259);
#1259 = CARTESIAN_POINT('',(-11.41950984723,-0.352306794585,
    16.18882776687));
#1260 = SURFACE_CURVE('',#1261,(#1265,#1271),.PCURVE_S1.);
#1261 = LINE('',#1262,#1263);
#1262 = CARTESIAN_POINT('',(-7.836848845895,-0.984026591852,
    -4.442894658736));
#1263 = VECTOR('',#1264,1.);
#1264 = DIRECTION('',(0.171010071663,-3.015368960705E-02,-0.984807753012
    ));
#1265 = PCURVE('',#422,#1266);
#1266 = DEFINITIONAL_REPRESENTATION('',(#1267),#1270);
#1267 = B_SPLINE_CURVE_WITH_KNOTS('',1,(#1268,#1269),.UNSPECIFIED.,.F.,
  .F.,(2,2),(-20.95,-17.95),.PIECEWISE_BEZIER_KNOTS.);
#1268 = CARTESIAN_POINT('',(38.9,-12.7));
#1269 = CARTESIAN_POINT('',(35.9,-12.7));
#1270 = ( GEOMETRIC_REPRESENTATION_CONTEXT(2) 
PARAMETRIC_REPRESENTATION_CONTEXT() REPRESENTATION_CONTEXT('2D SPACE',''
  ) );
#1271 = PCURVE('',#1272,#1277);
#1272 = PLANE('',#1273);
#1273 = AXIS2_PLACEMENT_3D('',#1274,#1275,#1276);
#1274 = CARTESIAN_POINT('',(-11.87632594263,-0.271757791743,
    13.060756330166));
#1275 = DIRECTION('',(-0.173648177667,-0.984807753012,1.093356242224E-16
    ));
#1276 = DIRECTION('',(-0.171010071663,3.015368960705E-02,0.984807753012)
  );
#1277 = DEFINITIONAL_REPRESENTATION('',(#1278),#1281);
#1278 = B_SPLINE_CURVE_WITH_KNOTS('',1,(#1279,#1280),.UNSPECIFIED.,.F.,
  .F.,(2,2),(-20.95,-17.95),.PIECEWISE_BEZIER_KNOTS.);
#1279 = CARTESIAN_POINT('',(3.,-1.));
#1280 = CARTESIAN_POINT('',(0.,-1.));
#1281 = ( GEOMETRIC_REPRESENTATION_CONTEXT(2) 
PARAMETRIC_REPRESENTATION_CONTEXT() REPRESENTATION_CONTEXT('2D SPACE',''
  ) );
#1282 = ORIENTED_EDGE('',*,*,#1283,.F.);
#1283 = EDGE_CURVE('',#1069,#1258,#1284,.T.);
#1284 = SURFACE_CURVE('',#1285,(#1289,#1296),.PCURVE_S1.);
#1285 = LINE('',#1286,#1287);
#1286 = CARTESIAN_POINT('',(-13.27754534826,-10.88974975181,
    16.18882776687));
#1287 = VECTOR('',#1288,1.);
#1288 = DIRECTION('',(0.173648177667,0.984807753012,0.));
#1289 = PCURVE('',#422,#1290);
#1290 = DEFINITIONAL_REPRESENTATION('',(#1291),#1295);
#1291 = LINE('',#1292,#1293);
#1292 = CARTESIAN_POINT('',(38.9,-2.));
#1293 = VECTOR('',#1294,1.);
#1294 = DIRECTION('',(2.192410928835E-18,-1.));
#1295 = ( GEOMETRIC_REPRESENTATION_CONTEXT(2) 
PARAMETRIC_REPRESENTATION_CONTEXT() REPRESENTATION_CONTEXT('2D SPACE',''
  ) );
#1296 = PCURVE('',#1297,#1302);
#1297 = CYLINDRICAL_SURFACE('',#1298,1.);
#1298 = AXIS2_PLACEMENT_3D('',#1299,#1300,#1301);
#1299 = CARTESIAN_POINT('',(-12.30769903787,-11.06075982347,
    16.362475944537));
#1300 = DIRECTION('',(0.173648177667,0.984807753012,0.));
#1301 = DIRECTION('',(-0.969846310393,0.171010071663,-0.173648177667));
#1302 = DEFINITIONAL_REPRESENTATION('',(#1303),#1307);
#1303 = LINE('',#1304,#1305);
#1304 = CARTESIAN_POINT('',(0.,0.));
#1305 = VECTOR('',#1306,1.);
#1306 = DIRECTION('',(0.,1.));
#1307 = ( GEOMETRIC_REPRESENTATION_CONTEXT(2) 
PARAMETRIC_REPRESENTATION_CONTEXT() REPRESENTATION_CONTEXT('2D SPACE',''
  ) );
#1308 = ADVANCED_FACE('',(#1309),#600,.F.);
#1309 = FACE_BOUND('',#1310,.F.);
#1310 = EDGE_LOOP('',(#1311,#1312,#1313,#1341));
#1311 = ORIENTED_EDGE('',*,*,#587,.T.);
#1312 = ORIENTED_EDGE('',*,*,#1092,.T.);
#1313 = ORIENTED_EDGE('',*,*,#1314,.F.);
#1314 = EDGE_CURVE('',#1315,#1093,#1317,.T.);
#1315 = VERTEX_POINT('',#1316);
#1316 = CARTESIAN_POINT('',(-2.180655240965,-14.87728410346,
    18.237876263339));
#1317 = SURFACE_CURVE('',#1318,(#1322,#1329),.PCURVE_S1.);
#1318 = LINE('',#1319,#1320);
#1319 = CARTESIAN_POINT('',(-2.180655240965,-14.87728410346,
    18.237876263339));
#1320 = VECTOR('',#1321,1.);
#1321 = DIRECTION('',(-0.969846310393,0.171010071663,-0.173648177667));
#1322 = PCURVE('',#600,#1323);
#1323 = DEFINITIONAL_REPRESENTATION('',(#1324),#1328);
#1324 = LINE('',#1325,#1326);
#1325 = CARTESIAN_POINT('',(38.9,11.8));
#1326 = VECTOR('',#1327,1.);
#1327 = DIRECTION('',(-2.775557561563E-17,-1.));
#1328 = ( GEOMETRIC_REPRESENTATION_CONTEXT(2) 
PARAMETRIC_REPRESENTATION_CONTEXT() REPRESENTATION_CONTEXT('2D SPACE',''
  ) );
#1329 = PCURVE('',#1330,#1335);
#1330 = CYLINDRICAL_SURFACE('',#1331,1.);
#1331 = AXIS2_PLACEMENT_3D('',#1332,#1333,#1334);
#1332 = CARTESIAN_POINT('',(-2.007007063298,-13.89247635044,
    18.237876263339));
#1333 = DIRECTION('',(-0.969846310393,0.171010071663,-0.173648177667));
#1334 = DIRECTION('',(-0.173648177667,-0.984807753012,0.));
#1335 = DEFINITIONAL_REPRESENTATION('',(#1336),#1340);
#1336 = LINE('',#1337,#1338);
#1337 = CARTESIAN_POINT('',(0.,0.));
#1338 = VECTOR('',#1339,1.);
#1339 = DIRECTION('',(0.,1.));
#1340 = ( GEOMETRIC_REPRESENTATION_CONTEXT(2) 
PARAMETRIC_REPRESENTATION_CONTEXT() REPRESENTATION_CONTEXT('2D SPACE',''
  ) );
#1341 = ORIENTED_EDGE('',*,*,#1342,.F.);
#1342 = EDGE_CURVE('',#554,#1315,#1343,.T.);
#1343 = SURFACE_CURVE('',#1344,(#1348,#1355),.PCURVE_S1.);
#1344 = LINE('',#1345,#1346);
#1345 = CARTESIAN_POINT('',(4.47163654672,-16.05026262917,
    -20.07114532883));
#1346 = VECTOR('',#1347,1.);
#1347 = DIRECTION('',(-0.171010071663,3.015368960705E-02,0.984807753012)
  );
#1348 = PCURVE('',#600,#1349);
#1349 = DEFINITIONAL_REPRESENTATION('',(#1350),#1354);
#1350 = LINE('',#1351,#1352);
#1351 = CARTESIAN_POINT('',(-1.33226762955E-15,11.8));
#1352 = VECTOR('',#1353,1.);
#1353 = DIRECTION('',(1.,2.775557561563E-17));
#1354 = ( GEOMETRIC_REPRESENTATION_CONTEXT(2) 
PARAMETRIC_REPRESENTATION_CONTEXT() REPRESENTATION_CONTEXT('2D SPACE',''
  ) );
#1355 = PCURVE('',#570,#1356);
#1356 = DEFINITIONAL_REPRESENTATION('',(#1357),#1361);
#1357 = LINE('',#1358,#1359);
#1358 = CARTESIAN_POINT('',(-1.570796326795,0.));
#1359 = VECTOR('',#1360,1.);
#1360 = DIRECTION('',(-0.,1.));
#1361 = ( GEOMETRIC_REPRESENTATION_CONTEXT(2) 
PARAMETRIC_REPRESENTATION_CONTEXT() REPRESENTATION_CONTEXT('2D SPACE',''
  ) );
#1362 = ADVANCED_FACE('',(#1363),#450,.T.);
#1363 = FACE_BOUND('',#1364,.F.);
#1364 = EDGE_LOOP('',(#1365,#1366,#1367,#1390));
#1365 = ORIENTED_EDGE('',*,*,#1147,.F.);
#1366 = ORIENTED_EDGE('',*,*,#433,.F.);
#1367 = ORIENTED_EDGE('',*,*,#1368,.T.);
#1368 = EDGE_CURVE('',#434,#1369,#1371,.T.);
#1369 = VERTEX_POINT('',#1370);
#1370 = CARTESIAN_POINT('',(-6.579892659408,15.751962537394,
    16.536124122204));
#1371 = SURFACE_CURVE('',#1372,(#1376,#1383),.PCURVE_S1.);
#1372 = LINE('',#1373,#1374);
#1373 = CARTESIAN_POINT('',(7.239912827641E-02,14.578984011679,
    -21.77289746997));
#1374 = VECTOR('',#1375,1.);
#1375 = DIRECTION('',(-0.171010071663,3.015368960705E-02,0.984807753012)
  );
#1376 = PCURVE('',#450,#1377);
#1377 = DEFINITIONAL_REPRESENTATION('',(#1378),#1382);
#1378 = LINE('',#1379,#1380);
#1379 = CARTESIAN_POINT('',(-1.570796326795,0.));
#1380 = VECTOR('',#1381,1.);
#1381 = DIRECTION('',(-0.,1.));
#1382 = ( GEOMETRIC_REPRESENTATION_CONTEXT(2) 
PARAMETRIC_REPRESENTATION_CONTEXT() REPRESENTATION_CONTEXT('2D SPACE',''
  ) );
#1383 = PCURVE('',#482,#1384);
#1384 = DEFINITIONAL_REPRESENTATION('',(#1385),#1389);
#1385 = LINE('',#1386,#1387);
#1386 = CARTESIAN_POINT('',(-3.330669073875E-16,2.));
#1387 = VECTOR('',#1388,1.);
#1388 = DIRECTION('',(1.,2.775557561563E-17));
#1389 = ( GEOMETRIC_REPRESENTATION_CONTEXT(2) 
PARAMETRIC_REPRESENTATION_CONTEXT() REPRESENTATION_CONTEXT('2D SPACE',''
  ) );
#1390 = ORIENTED_EDGE('',*,*,#1391,.F.);
#1391 = EDGE_CURVE('',#1148,#1369,#1392,.T.);
#1392 = SURFACE_CURVE('',#1393,(#1398,#1405),.PCURVE_S1.);
#1393 = CIRCLE('',#1394,2.);
#1394 = AXIS2_PLACEMENT_3D('',#1395,#1396,#1397);
#1395 = CARTESIAN_POINT('',(-6.927189014742,13.782347031369,
    16.536124122204));
#1396 = DIRECTION('',(0.171010071663,-3.015368960705E-02,-0.984807753012
    ));
#1397 = DIRECTION('',(-0.969846310393,0.171010071663,-0.173648177667));
#1398 = PCURVE('',#450,#1399);
#1399 = DEFINITIONAL_REPRESENTATION('',(#1400),#1404);
#1400 = LINE('',#1401,#1402);
#1401 = CARTESIAN_POINT('',(-0.,38.9));
#1402 = VECTOR('',#1403,1.);
#1403 = DIRECTION('',(-1.,0.));
#1404 = ( GEOMETRIC_REPRESENTATION_CONTEXT(2) 
PARAMETRIC_REPRESENTATION_CONTEXT() REPRESENTATION_CONTEXT('2D SPACE',''
  ) );
#1405 = PCURVE('',#1406,#1411);
#1406 = TOROIDAL_SURFACE('',#1407,1.,1.);
#1407 = AXIS2_PLACEMENT_3D('',#1408,#1409,#1410);
#1408 = CARTESIAN_POINT('',(-6.927189014742,13.782347031369,
    16.536124122204));
#1409 = DIRECTION('',(-0.171010071663,3.015368960705E-02,0.984807753012)
  );
#1410 = DIRECTION('',(-0.969846310393,0.171010071663,-0.173648177667));
#1411 = DEFINITIONAL_REPRESENTATION('',(#1412),#1416);
#1412 = LINE('',#1413,#1414);
#1413 = CARTESIAN_POINT('',(-0.,0.));
#1414 = VECTOR('',#1415,1.);
#1415 = DIRECTION('',(-1.,0.));
#1416 = ( GEOMETRIC_REPRESENTATION_CONTEXT(2) 
PARAMETRIC_REPRESENTATION_CONTEXT() REPRESENTATION_CONTEXT('2D SPACE',''
  ) );
#1417 = ADVANCED_FACE('',(#1418),#570,.T.);
#1418 = FACE_BOUND('',#1419,.F.);
#1419 = EDGE_LOOP('',(#1420,#1443,#1444,#1445));
#1420 = ORIENTED_EDGE('',*,*,#1421,.F.);
#1421 = EDGE_CURVE('',#528,#1422,#1424,.T.);
#1422 = VERTEX_POINT('',#1423);
#1423 = CARTESIAN_POINT('',(0.106333735155,-13.24968874076,
    18.585172618673));
#1424 = SURFACE_CURVE('',#1425,(#1429,#1436),.PCURVE_S1.);
#1425 = LINE('',#1426,#1427);
#1426 = CARTESIAN_POINT('',(6.758625522839,-14.42266726647,
    -19.7238489735));
#1427 = VECTOR('',#1428,1.);
#1428 = DIRECTION('',(-0.171010071663,3.015368960705E-02,0.984807753012)
  );
#1429 = PCURVE('',#570,#1430);
#1430 = DEFINITIONAL_REPRESENTATION('',(#1431),#1435);
#1431 = LINE('',#1432,#1433);
#1432 = CARTESIAN_POINT('',(-0.,0.));
#1433 = VECTOR('',#1434,1.);
#1434 = DIRECTION('',(-0.,1.));
#1435 = ( GEOMETRIC_REPRESENTATION_CONTEXT(2) 
PARAMETRIC_REPRESENTATION_CONTEXT() REPRESENTATION_CONTEXT('2D SPACE',''
  ) );
#1436 = PCURVE('',#542,#1437);
#1437 = DEFINITIONAL_REPRESENTATION('',(#1438),#1442);
#1438 = LINE('',#1439,#1440);
#1439 = CARTESIAN_POINT('',(4.163336342344E-17,-2.));
#1440 = VECTOR('',#1441,1.);
#1441 = DIRECTION('',(1.,3.469446951954E-18));
#1442 = ( GEOMETRIC_REPRESENTATION_CONTEXT(2) 
PARAMETRIC_REPRESENTATION_CONTEXT() REPRESENTATION_CONTEXT('2D SPACE',''
  ) );
#1443 = ORIENTED_EDGE('',*,*,#553,.F.);
#1444 = ORIENTED_EDGE('',*,*,#1342,.T.);
#1445 = ORIENTED_EDGE('',*,*,#1446,.F.);
#1446 = EDGE_CURVE('',#1422,#1315,#1447,.T.);
#1447 = SURFACE_CURVE('',#1448,(#1453,#1460),.PCURVE_S1.);
#1448 = CIRCLE('',#1449,2.);
#1449 = AXIS2_PLACEMENT_3D('',#1450,#1451,#1452);
#1450 = CARTESIAN_POINT('',(-1.833358885631,-12.90766859743,
    18.237876263339));
#1451 = DIRECTION('',(0.171010071663,-3.015368960705E-02,-0.984807753012
    ));
#1452 = DIRECTION('',(0.969846310393,-0.171010071663,0.173648177667));
#1453 = PCURVE('',#570,#1454);
#1454 = DEFINITIONAL_REPRESENTATION('',(#1455),#1459);
#1455 = LINE('',#1456,#1457);
#1456 = CARTESIAN_POINT('',(-0.,38.9));
#1457 = VECTOR('',#1458,1.);
#1458 = DIRECTION('',(-1.,0.));
#1459 = ( GEOMETRIC_REPRESENTATION_CONTEXT(2) 
PARAMETRIC_REPRESENTATION_CONTEXT() REPRESENTATION_CONTEXT('2D SPACE',''
  ) );
#1460 = PCURVE('',#1461,#1466);
#1461 = TOROIDAL_SURFACE('',#1462,1.,1.);
#1462 = AXIS2_PLACEMENT_3D('',#1463,#1464,#1465);
#1463 = CARTESIAN_POINT('',(-1.833358885631,-12.90766859743,
    18.237876263339));
#1464 = DIRECTION('',(-0.171010071663,3.015368960705E-02,0.984807753012)
  );
#1465 = DIRECTION('',(0.969846310393,-0.171010071663,0.173648177667));
#1466 = DEFINITIONAL_REPRESENTATION('',(#1467),#1471);
#1467 = LINE('',#1468,#1469);
#1468 = CARTESIAN_POINT('',(-0.,0.));
#1469 = VECTOR('',#1470,1.);
#1470 = DIRECTION('',(-1.,0.));
#1471 = ( GEOMETRIC_REPRESENTATION_CONTEXT(2) 
PARAMETRIC_REPRESENTATION_CONTEXT() REPRESENTATION_CONTEXT('2D SPACE',''
  ) );
#1472 = ADVANCED_FACE('',(#1473),#482,.T.);
#1473 = FACE_BOUND('',#1474,.T.);
#1474 = EDGE_LOOP('',(#1475,#1498,#1499,#1500));
#1475 = ORIENTED_EDGE('',*,*,#1476,.F.);
#1476 = EDGE_CURVE('',#468,#1477,#1479,.T.);
#1477 = VERTEX_POINT('',#1478);
#1478 = CARTESIAN_POINT('',(2.924601182443,14.076063835098,
    18.237876263339));
#1479 = SURFACE_CURVE('',#1480,(#1484,#1491),.PCURVE_S1.);
#1480 = LINE('',#1481,#1482);
#1481 = CARTESIAN_POINT('',(9.576892970127,12.903085309384,
    -20.07114532883));
#1482 = VECTOR('',#1483,1.);
#1483 = DIRECTION('',(-0.171010071663,3.015368960705E-02,0.984807753012)
  );
#1484 = PCURVE('',#482,#1485);
#1485 = DEFINITIONAL_REPRESENTATION('',(#1486),#1490);
#1486 = LINE('',#1487,#1488);
#1487 = CARTESIAN_POINT('',(-1.33226762955E-15,11.8));
#1488 = VECTOR('',#1489,1.);
#1489 = DIRECTION('',(1.,2.775557561563E-17));
#1490 = ( GEOMETRIC_REPRESENTATION_CONTEXT(2) 
PARAMETRIC_REPRESENTATION_CONTEXT() REPRESENTATION_CONTEXT('2D SPACE',''
  ) );
#1491 = PCURVE('',#510,#1492);
#1492 = DEFINITIONAL_REPRESENTATION('',(#1493),#1497);
#1493 = LINE('',#1494,#1495);
#1494 = CARTESIAN_POINT('',(1.570796326795,0.));
#1495 = VECTOR('',#1496,1.);
#1496 = DIRECTION('',(0.,1.));
#1497 = ( GEOMETRIC_REPRESENTATION_CONTEXT(2) 
PARAMETRIC_REPRESENTATION_CONTEXT() REPRESENTATION_CONTEXT('2D SPACE',''
  ) );
#1498 = ORIENTED_EDGE('',*,*,#467,.T.);
#1499 = ORIENTED_EDGE('',*,*,#1368,.T.);
#1500 = ORIENTED_EDGE('',*,*,#1501,.T.);
#1501 = EDGE_CURVE('',#1369,#1477,#1502,.T.);
#1502 = SURFACE_CURVE('',#1503,(#1507,#1514),.PCURVE_S1.);
#1503 = LINE('',#1504,#1505);
#1504 = CARTESIAN_POINT('',(-6.579892659408,15.751962537394,
    16.536124122204));
#1505 = VECTOR('',#1506,1.);
#1506 = DIRECTION('',(0.969846310393,-0.171010071663,0.173648177667));
#1507 = PCURVE('',#482,#1508);
#1508 = DEFINITIONAL_REPRESENTATION('',(#1509),#1513);
#1509 = LINE('',#1510,#1511);
#1510 = CARTESIAN_POINT('',(38.9,2.));
#1511 = VECTOR('',#1512,1.);
#1512 = DIRECTION('',(2.775557561563E-17,1.));
#1513 = ( GEOMETRIC_REPRESENTATION_CONTEXT(2) 
PARAMETRIC_REPRESENTATION_CONTEXT() REPRESENTATION_CONTEXT('2D SPACE',''
  ) );
#1514 = PCURVE('',#1515,#1520);
#1515 = CYLINDRICAL_SURFACE('',#1516,1.);
#1516 = AXIS2_PLACEMENT_3D('',#1517,#1518,#1519);
#1517 = CARTESIAN_POINT('',(-6.753540837075,14.767154784381,
    16.536124122204));
#1518 = DIRECTION('',(0.969846310393,-0.171010071663,0.173648177667));
#1519 = DIRECTION('',(0.173648177667,0.984807753012,0.));
#1520 = DEFINITIONAL_REPRESENTATION('',(#1521),#1525);
#1521 = LINE('',#1522,#1523);
#1522 = CARTESIAN_POINT('',(0.,0.));
#1523 = VECTOR('',#1524,1.);
#1524 = DIRECTION('',(0.,1.));
#1525 = ( GEOMETRIC_REPRESENTATION_CONTEXT(2) 
PARAMETRIC_REPRESENTATION_CONTEXT() REPRESENTATION_CONTEXT('2D SPACE',''
  ) );
#1526 = ADVANCED_FACE('',(#1527,#1580),#542,.T.);
#1527 = FACE_BOUND('',#1528,.T.);
#1528 = EDGE_LOOP('',(#1529,#1530,#1531,#1554));
#1529 = ORIENTED_EDGE('',*,*,#1421,.F.);
#1530 = ORIENTED_EDGE('',*,*,#527,.T.);
#1531 = ORIENTED_EDGE('',*,*,#1532,.T.);
#1532 = EDGE_CURVE('',#494,#1533,#1535,.T.);
#1533 = VERTEX_POINT('',#1534);
#1534 = CARTESIAN_POINT('',(4.516997447895,11.764428185748,
    18.585172618673));
#1535 = SURFACE_CURVE('',#1536,(#1540,#1547),.PCURVE_S1.);
#1536 = LINE('',#1537,#1538);
#1537 = CARTESIAN_POINT('',(11.169289235579,10.591449660034,
    -19.7238489735));
#1538 = VECTOR('',#1539,1.);
#1539 = DIRECTION('',(-0.171010071663,3.015368960705E-02,0.984807753012)
  );
#1540 = PCURVE('',#542,#1541);
#1541 = DEFINITIONAL_REPRESENTATION('',(#1542),#1546);
#1542 = LINE('',#1543,#1544);
#1543 = CARTESIAN_POINT('',(0.,-27.4));
#1544 = VECTOR('',#1545,1.);
#1545 = DIRECTION('',(1.,3.469446951954E-18));
#1546 = ( GEOMETRIC_REPRESENTATION_CONTEXT(2) 
PARAMETRIC_REPRESENTATION_CONTEXT() REPRESENTATION_CONTEXT('2D SPACE',''
  ) );
#1547 = PCURVE('',#510,#1548);
#1548 = DEFINITIONAL_REPRESENTATION('',(#1549),#1553);
#1549 = LINE('',#1550,#1551);
#1550 = CARTESIAN_POINT('',(0.,0.));
#1551 = VECTOR('',#1552,1.);
#1552 = DIRECTION('',(0.,1.));
#1553 = ( GEOMETRIC_REPRESENTATION_CONTEXT(2) 
PARAMETRIC_REPRESENTATION_CONTEXT() REPRESENTATION_CONTEXT('2D SPACE',''
  ) );
#1554 = ORIENTED_EDGE('',*,*,#1555,.T.);
#1555 = EDGE_CURVE('',#1533,#1422,#1556,.T.);
#1556 = SURFACE_CURVE('',#1557,(#1561,#1568),.PCURVE_S1.);
#1557 = LINE('',#1558,#1559);
#1558 = CARTESIAN_POINT('',(4.516997447895,11.764428185748,
    18.585172618673));
#1559 = VECTOR('',#1560,1.);
#1560 = DIRECTION('',(-0.173648177667,-0.984807753012,0.));
#1561 = PCURVE('',#542,#1562);
#1562 = DEFINITIONAL_REPRESENTATION('',(#1563),#1567);
#1563 = LINE('',#1564,#1565);
#1564 = CARTESIAN_POINT('',(38.9,-27.4));
#1565 = VECTOR('',#1566,1.);
#1566 = DIRECTION('',(-2.192410928835E-18,1.));
#1567 = ( GEOMETRIC_REPRESENTATION_CONTEXT(2) 
PARAMETRIC_REPRESENTATION_CONTEXT() REPRESENTATION_CONTEXT('2D SPACE',''
  ) );
#1568 = PCURVE('',#1569,#1574);
#1569 = CYLINDRICAL_SURFACE('',#1570,1.);
#1570 = AXIS2_PLACEMENT_3D('',#1571,#1572,#1573);
#1571 = CARTESIAN_POINT('',(3.547151137502,11.935438257411,
    18.411524441006));
#1572 = DIRECTION('',(-0.173648177667,-0.984807753012,0.));
#1573 = DIRECTION('',(0.969846310393,-0.171010071663,0.173648177667));
#1574 = DEFINITIONAL_REPRESENTATION('',(#1575),#1579);
#1575 = LINE('',#1576,#1577);
#1576 = CARTESIAN_POINT('',(0.,0.));
#1577 = VECTOR('',#1578,1.);
#1578 = DIRECTION('',(0.,1.));
#1579 = ( GEOMETRIC_REPRESENTATION_CONTEXT(2) 
PARAMETRIC_REPRESENTATION_CONTEXT() REPRESENTATION_CONTEXT('2D SPACE',''
  ) );
#1580 = FACE_BOUND('',#1581,.T.);
#1581 = EDGE_LOOP('',(#1582,#1610,#1636,#1662));
#1582 = ORIENTED_EDGE('',*,*,#1583,.F.);
#1583 = EDGE_CURVE('',#1584,#1586,#1588,.T.);
#1584 = VERTEX_POINT('',#1585);
#1585 = CARTESIAN_POINT('',(4.687998836932,11.734225254522,
    17.600364865661));
#1586 = VERTEX_POINT('',#1587);
#1587 = CARTESIAN_POINT('',(0.277352489444,-13.27979318875,
    17.600364865661));
#1588 = SURFACE_CURVE('',#1589,(#1593,#1599),.PCURVE_S1.);
#1589 = LINE('',#1590,#1591);
#1590 = CARTESIAN_POINT('',(0.103695629151,-14.26465018338,
    17.600364865661));
#1591 = VECTOR('',#1592,1.);
#1592 = DIRECTION('',(-0.173648177667,-0.984807753012,3.469446951954E-18
    ));
#1593 = PCURVE('',#542,#1594);
#1594 = DEFINITIONAL_REPRESENTATION('',(#1595),#1598);
#1595 = B_SPLINE_CURVE_WITH_KNOTS('',1,(#1596,#1597),.UNSPECIFIED.,.F.,
  .F.,(2,2),(-26.4,-1.),.PIECEWISE_BEZIER_KNOTS.);
#1596 = CARTESIAN_POINT('',(37.9,-27.4));
#1597 = CARTESIAN_POINT('',(37.9,-2.));
#1598 = ( GEOMETRIC_REPRESENTATION_CONTEXT(2) 
PARAMETRIC_REPRESENTATION_CONTEXT() REPRESENTATION_CONTEXT('2D SPACE',''
  ) );
#1599 = PCURVE('',#1600,#1605);
#1600 = PLANE('',#1601);
#1601 = AXIS2_PLACEMENT_3D('',#1602,#1603,#1604);
#1602 = CARTESIAN_POINT('',(-2.156970432268,-12.85060715049,
    17.164507939717));
#1603 = DIRECTION('',(-0.171010071663,3.015368960705E-02,0.984807753012)
  );
#1604 = DIRECTION('',(0.969846310393,-0.171010071663,0.173648177667));
#1605 = DEFINITIONAL_REPRESENTATION('',(#1606),#1609);
#1606 = B_SPLINE_CURVE_WITH_KNOTS('',1,(#1607,#1608),.UNSPECIFIED.,.F.,
  .F.,(2,2),(-26.4,-1.),.PIECEWISE_BEZIER_KNOTS.);
#1607 = CARTESIAN_POINT('',(2.51,25.4));
#1608 = CARTESIAN_POINT('',(2.51,-6.661338147751E-16));
#1609 = ( GEOMETRIC_REPRESENTATION_CONTEXT(2) 
PARAMETRIC_REPRESENTATION_CONTEXT() REPRESENTATION_CONTEXT('2D SPACE',''
  ) );
#1610 = ORIENTED_EDGE('',*,*,#1611,.F.);
#1611 = EDGE_CURVE('',#1612,#1584,#1614,.T.);
#1612 = VERTEX_POINT('',#1613);
#1613 = CARTESIAN_POINT('',(6.552008618057,11.405550037805,
    6.865960357828));
#1614 = SURFACE_CURVE('',#1615,(#1619,#1625),.PCURVE_S1.);
#1615 = LINE('',#1616,#1617);
#1616 = CARTESIAN_POINT('',(6.552008618057,11.405550037805,
    6.865960357828));
#1617 = VECTOR('',#1618,1.);
#1618 = DIRECTION('',(-0.171010071663,3.015368960705E-02,0.984807753012)
  );
#1619 = PCURVE('',#542,#1620);
#1620 = DEFINITIONAL_REPRESENTATION('',(#1621),#1624);
#1621 = B_SPLINE_CURVE_WITH_KNOTS('',1,(#1622,#1623),.UNSPECIFIED.,.F.,
  .F.,(2,2),(-5.999999996494E-07,10.9000006),.PIECEWISE_BEZIER_KNOTS.);
#1622 = CARTESIAN_POINT('',(26.9999994,-27.39994999875));
#1623 = CARTESIAN_POINT('',(37.9000006,-27.39994999875));
#1624 = ( GEOMETRIC_REPRESENTATION_CONTEXT(2) 
PARAMETRIC_REPRESENTATION_CONTEXT() REPRESENTATION_CONTEXT('2D SPACE',''
  ) );
#1625 = PCURVE('',#1626,#1631);
#1626 = CYLINDRICAL_SURFACE('',#1627,1.);
#1627 = AXIS2_PLACEMENT_3D('',#1628,#1629,#1630);
#1628 = CARTESIAN_POINT('',(6.368670659912,10.422501627128,
    6.864223876051));
#1629 = DIRECTION('',(-0.171010071663,3.015368960705E-02,0.984807753012)
  );
#1630 = DIRECTION('',(0.969846310393,-0.171010071663,0.173648177667));
#1631 = DEFINITIONAL_REPRESENTATION('',(#1632),#1635);
#1632 = B_SPLINE_CURVE_WITH_KNOTS('',1,(#1633,#1634),.UNSPECIFIED.,.F.,
  .F.,(2,2),(-5.999999996494E-07,10.9000006),.PIECEWISE_BEZIER_KNOTS.);
#1633 = CARTESIAN_POINT('',(1.560796160121,-6.000000000666E-07));
#1634 = CARTESIAN_POINT('',(1.560796160121,10.9000006));
#1635 = ( GEOMETRIC_REPRESENTATION_CONTEXT(2) 
PARAMETRIC_REPRESENTATION_CONTEXT() REPRESENTATION_CONTEXT('2D SPACE',''
  ) );
#1636 = ORIENTED_EDGE('',*,*,#1637,.T.);
#1637 = EDGE_CURVE('',#1612,#1638,#1640,.T.);
#1638 = VERTEX_POINT('',#1639);
#1639 = CARTESIAN_POINT('',(2.141362270569,-13.60846840546,
    6.865960357828));
#1640 = SURFACE_CURVE('',#1641,(#1645,#1651),.PCURVE_S1.);
#1641 = LINE('',#1642,#1643);
#1642 = CARTESIAN_POINT('',(1.967705410276,-14.59332540009,
    6.865960357828));
#1643 = VECTOR('',#1644,1.);
#1644 = DIRECTION('',(-0.173648177667,-0.984807753012,3.469446951954E-18
    ));
#1645 = PCURVE('',#542,#1646);
#1646 = DEFINITIONAL_REPRESENTATION('',(#1647),#1650);
#1647 = B_SPLINE_CURVE_WITH_KNOTS('',1,(#1648,#1649),.UNSPECIFIED.,.F.,
  .F.,(2,2),(-26.4,-1.),.PIECEWISE_BEZIER_KNOTS.);
#1648 = CARTESIAN_POINT('',(27.,-27.4));
#1649 = CARTESIAN_POINT('',(27.,-2.));
#1650 = ( GEOMETRIC_REPRESENTATION_CONTEXT(2) 
PARAMETRIC_REPRESENTATION_CONTEXT() REPRESENTATION_CONTEXT('2D SPACE',''
  ) );
#1651 = PCURVE('',#1652,#1657);
#1652 = PLANE('',#1653);
#1653 = AXIS2_PLACEMENT_3D('',#1654,#1655,#1656);
#1654 = CARTESIAN_POINT('',(-0.292960651143,-13.17928236721,
    6.430103431884));
#1655 = DIRECTION('',(-0.171010071663,3.015368960705E-02,0.984807753012)
  );
#1656 = DIRECTION('',(0.969846310393,-0.171010071663,0.173648177667));
#1657 = DEFINITIONAL_REPRESENTATION('',(#1658),#1661);
#1658 = B_SPLINE_CURVE_WITH_KNOTS('',1,(#1659,#1660),.UNSPECIFIED.,.F.,
  .F.,(2,2),(-26.4,-1.),.PIECEWISE_BEZIER_KNOTS.);
#1659 = CARTESIAN_POINT('',(2.51,25.4));
#1660 = CARTESIAN_POINT('',(2.51,-7.771561172376E-16));
#1661 = ( GEOMETRIC_REPRESENTATION_CONTEXT(2) 
PARAMETRIC_REPRESENTATION_CONTEXT() REPRESENTATION_CONTEXT('2D SPACE',''
  ) );
#1662 = ORIENTED_EDGE('',*,*,#1663,.T.);
#1663 = EDGE_CURVE('',#1638,#1586,#1664,.T.);
#1664 = SURFACE_CURVE('',#1665,(#1669,#1675),.PCURVE_S1.);
#1665 = LINE('',#1666,#1667);
#1666 = CARTESIAN_POINT('',(2.141362270569,-13.60846840546,
    6.865960357828));
#1667 = VECTOR('',#1668,1.);
#1668 = DIRECTION('',(-0.171010071663,3.015368960705E-02,0.984807753012)
  );
#1669 = PCURVE('',#542,#1670);
#1670 = DEFINITIONAL_REPRESENTATION('',(#1671),#1674);
#1671 = B_SPLINE_CURVE_WITH_KNOTS('',1,(#1672,#1673),.UNSPECIFIED.,.F.,
  .F.,(2,2),(-5.999999995958E-07,10.9000006),.PIECEWISE_BEZIER_KNOTS.);
#1672 = CARTESIAN_POINT('',(26.9999994,-2.00005000125));
#1673 = CARTESIAN_POINT('',(37.9000006,-2.00005000125));
#1674 = ( GEOMETRIC_REPRESENTATION_CONTEXT(2) 
PARAMETRIC_REPRESENTATION_CONTEXT() REPRESENTATION_CONTEXT('2D SPACE',''
  ) );
#1675 = PCURVE('',#1676,#1681);
#1676 = CYLINDRICAL_SURFACE('',#1677,1.);
#1677 = AXIS2_PLACEMENT_3D('',#1678,#1679,#1680);
#1678 = CARTESIAN_POINT('',(2.305303302506,-12.62199979335,
    6.864223876051));
#1679 = DIRECTION('',(-0.171010071663,3.015368960705E-02,0.984807753012)
  );
#1680 = DIRECTION('',(0.969846310393,-0.171010071663,0.173648177667));
#1681 = DEFINITIONAL_REPRESENTATION('',(#1682),#1685);
#1682 = B_SPLINE_CURVE_WITH_KNOTS('',1,(#1683,#1684),.UNSPECIFIED.,.F.,
  .F.,(2,2),(-5.999999995958E-07,10.9000006),.PIECEWISE_BEZIER_KNOTS.);
#1683 = CARTESIAN_POINT('',(-1.560796160121,-5.999999999991E-07));
#1684 = CARTESIAN_POINT('',(-1.560796160121,10.9000006));
#1685 = ( GEOMETRIC_REPRESENTATION_CONTEXT(2) 
PARAMETRIC_REPRESENTATION_CONTEXT() REPRESENTATION_CONTEXT('2D SPACE',''
  ) );
#1686 = ADVANCED_FACE('',(#1687),#510,.T.);
#1687 = FACE_BOUND('',#1688,.T.);
#1688 = EDGE_LOOP('',(#1689,#1690,#1691,#1692));
#1689 = ORIENTED_EDGE('',*,*,#1532,.F.);
#1690 = ORIENTED_EDGE('',*,*,#493,.T.);
#1691 = ORIENTED_EDGE('',*,*,#1476,.T.);
#1692 = ORIENTED_EDGE('',*,*,#1693,.T.);
#1693 = EDGE_CURVE('',#1477,#1533,#1694,.T.);
#1694 = SURFACE_CURVE('',#1695,(#1700,#1707),.PCURVE_S1.);
#1695 = CIRCLE('',#1696,2.);
#1696 = AXIS2_PLACEMENT_3D('',#1697,#1698,#1699);
#1697 = CARTESIAN_POINT('',(2.577304827109,12.106448329073,
    18.237876263339));
#1698 = DIRECTION('',(0.171010071663,-3.015368960705E-02,-0.984807753012
    ));
#1699 = DIRECTION('',(0.173648177667,0.984807753012,7.711528201201E-17)
  );
#1700 = PCURVE('',#510,#1701);
#1701 = DEFINITIONAL_REPRESENTATION('',(#1702),#1706);
#1702 = LINE('',#1703,#1704);
#1703 = CARTESIAN_POINT('',(1.570796326795,38.9));
#1704 = VECTOR('',#1705,1.);
#1705 = DIRECTION('',(-1.,-0.));
#1706 = ( GEOMETRIC_REPRESENTATION_CONTEXT(2) 
PARAMETRIC_REPRESENTATION_CONTEXT() REPRESENTATION_CONTEXT('2D SPACE',''
  ) );
#1707 = PCURVE('',#1708,#1713);
#1708 = TOROIDAL_SURFACE('',#1709,1.,1.);
#1709 = AXIS2_PLACEMENT_3D('',#1710,#1711,#1712);
#1710 = CARTESIAN_POINT('',(2.577304827109,12.106448329073,
    18.237876263339));
#1711 = DIRECTION('',(-0.171010071663,3.015368960705E-02,0.984807753012)
  );
#1712 = DIRECTION('',(0.173648177667,0.984807753012,7.711528201201E-17)
  );
#1713 = DEFINITIONAL_REPRESENTATION('',(#1714),#1718);
#1714 = LINE('',#1715,#1716);
#1715 = CARTESIAN_POINT('',(-0.,0.));
#1716 = VECTOR('',#1717,1.);
#1717 = DIRECTION('',(-1.,0.));
#1718 = ( GEOMETRIC_REPRESENTATION_CONTEXT(2) 
PARAMETRIC_REPRESENTATION_CONTEXT() REPRESENTATION_CONTEXT('2D SPACE',''
  ) );
#1719 = ADVANCED_FACE('',(#1720),#630,.F.);
#1720 = FACE_BOUND('',#1721,.F.);
#1721 = EDGE_LOOP('',(#1722,#1723,#1744,#1745));
#1722 = ORIENTED_EDGE('',*,*,#613,.F.);
#1723 = ORIENTED_EDGE('',*,*,#1724,.F.);
#1724 = EDGE_CURVE('',#900,#614,#1725,.T.);
#1725 = SEAM_CURVE('',#1726,(#1730,#1737),.PCURVE_S1.);
#1726 = LINE('',#1727,#1728);
#1727 = CARTESIAN_POINT('',(-15.65,11.,-1.));
#1728 = VECTOR('',#1729,1.);
#1729 = DIRECTION('',(0.,0.,1.));
#1730 = PCURVE('',#630,#1731);
#1731 = DEFINITIONAL_REPRESENTATION('',(#1732),#1736);
#1732 = LINE('',#1733,#1734);
#1733 = CARTESIAN_POINT('',(6.28318530718,-0.));
#1734 = VECTOR('',#1735,1.);
#1735 = DIRECTION('',(0.,1.));
#1736 = ( GEOMETRIC_REPRESENTATION_CONTEXT(2) 
PARAMETRIC_REPRESENTATION_CONTEXT() REPRESENTATION_CONTEXT('2D SPACE',''
  ) );
#1737 = PCURVE('',#630,#1738);
#1738 = DEFINITIONAL_REPRESENTATION('',(#1739),#1743);
#1739 = LINE('',#1740,#1741);
#1740 = CARTESIAN_POINT('',(0.,-0.));
#1741 = VECTOR('',#1742,1.);
#1742 = DIRECTION('',(0.,1.));
#1743 = ( GEOMETRIC_REPRESENTATION_CONTEXT(2) 
PARAMETRIC_REPRESENTATION_CONTEXT() REPRESENTATION_CONTEXT('2D SPACE',''
  ) );
#1744 = ORIENTED_EDGE('',*,*,#899,.T.);
#1745 = ORIENTED_EDGE('',*,*,#1724,.T.);
#1746 = ADVANCED_FACE('',(#1747),#1130,.T.);
#1747 = FACE_BOUND('',#1748,.F.);
#1748 = EDGE_LOOP('',(#1749,#1773,#1774,#1798));
#1749 = ORIENTED_EDGE('',*,*,#1750,.F.);
#1750 = EDGE_CURVE('',#1093,#1751,#1753,.T.);
#1751 = VERTEX_POINT('',#1752);
#1752 = CARTESIAN_POINT('',(-11.68251097681,-12.18642395854,
    17.520931875216));
#1753 = SURFACE_CURVE('',#1754,(#1759,#1766),.PCURVE_S1.);
#1754 = CIRCLE('',#1755,1.);
#1755 = AXIS2_PLACEMENT_3D('',#1756,#1757,#1758);
#1756 = CARTESIAN_POINT('',(-11.51150090514,-12.21657764815,
    16.536124122204));
#1757 = DIRECTION('',(-0.969846310393,0.171010071663,-0.173648177667));
#1758 = DIRECTION('',(-0.173648177667,-0.984807753012,0.));
#1759 = PCURVE('',#1130,#1760);
#1760 = DEFINITIONAL_REPRESENTATION('',(#1761),#1765);
#1761 = LINE('',#1762,#1763);
#1762 = CARTESIAN_POINT('',(4.440892098501E-16,-0.));
#1763 = VECTOR('',#1764,1.);
#1764 = DIRECTION('',(-0.,1.));
#1765 = ( GEOMETRIC_REPRESENTATION_CONTEXT(2) 
PARAMETRIC_REPRESENTATION_CONTEXT() REPRESENTATION_CONTEXT('2D SPACE',''
  ) );
#1766 = PCURVE('',#1330,#1767);
#1767 = DEFINITIONAL_REPRESENTATION('',(#1768),#1772);
#1768 = LINE('',#1769,#1770);
#1769 = CARTESIAN_POINT('',(0.,9.8));
#1770 = VECTOR('',#1771,1.);
#1771 = DIRECTION('',(1.,0.));
#1772 = ( GEOMETRIC_REPRESENTATION_CONTEXT(2) 
PARAMETRIC_REPRESENTATION_CONTEXT() REPRESENTATION_CONTEXT('2D SPACE',''
  ) );
#1773 = ORIENTED_EDGE('',*,*,#1115,.T.);
#1774 = ORIENTED_EDGE('',*,*,#1775,.T.);
#1775 = EDGE_CURVE('',#1069,#1776,#1778,.T.);
#1776 = VERTEX_POINT('',#1777);
#1777 = CARTESIAN_POINT('',(-12.47870910953,-11.03060613387,
    17.347283697549));
#1778 = SURFACE_CURVE('',#1779,(#1784,#1791),.PCURVE_S1.);
#1779 = CIRCLE('',#1780,1.);
#1780 = AXIS2_PLACEMENT_3D('',#1781,#1782,#1783);
#1781 = CARTESIAN_POINT('',(-12.30769903787,-11.06075982347,
    16.362475944537));
#1782 = DIRECTION('',(0.173648177667,0.984807753012,-3.469446951954E-18)
  );
#1783 = DIRECTION('',(-0.969846310393,0.171010071663,-0.173648177667));
#1784 = PCURVE('',#1130,#1785);
#1785 = DEFINITIONAL_REPRESENTATION('',(#1786),#1790);
#1786 = LINE('',#1787,#1788);
#1787 = CARTESIAN_POINT('',(-1.570796326795,0.));
#1788 = VECTOR('',#1789,1.);
#1789 = DIRECTION('',(-0.,1.));
#1790 = ( GEOMETRIC_REPRESENTATION_CONTEXT(2) 
PARAMETRIC_REPRESENTATION_CONTEXT() REPRESENTATION_CONTEXT('2D SPACE',''
  ) );
#1791 = PCURVE('',#1297,#1792);
#1792 = DEFINITIONAL_REPRESENTATION('',(#1793),#1797);
#1793 = LINE('',#1794,#1795);
#1794 = CARTESIAN_POINT('',(0.,0.));
#1795 = VECTOR('',#1796,1.);
#1796 = DIRECTION('',(1.,0.));
#1797 = ( GEOMETRIC_REPRESENTATION_CONTEXT(2) 
PARAMETRIC_REPRESENTATION_CONTEXT() REPRESENTATION_CONTEXT('2D SPACE',''
  ) );
#1798 = ORIENTED_EDGE('',*,*,#1799,.F.);
#1799 = EDGE_CURVE('',#1751,#1776,#1800,.T.);
#1800 = SURFACE_CURVE('',#1801,(#1806,#1813),.PCURVE_S1.);
#1801 = CIRCLE('',#1802,1.);
#1802 = AXIS2_PLACEMENT_3D('',#1803,#1804,#1805);
#1803 = CARTESIAN_POINT('',(-11.50886279914,-11.20161620553,
    17.520931875216));
#1804 = DIRECTION('',(0.171010071663,-3.015368960705E-02,-0.984807753012
    ));
#1805 = DIRECTION('',(-0.173648177667,-0.984807753012,
    -7.711528201201E-17));
#1806 = PCURVE('',#1130,#1807);
#1807 = DEFINITIONAL_REPRESENTATION('',(#1808),#1812);
#1808 = LINE('',#1809,#1810);
#1809 = CARTESIAN_POINT('',(-0.,1.570796326795));
#1810 = VECTOR('',#1811,1.);
#1811 = DIRECTION('',(-1.,0.));
#1812 = ( GEOMETRIC_REPRESENTATION_CONTEXT(2) 
PARAMETRIC_REPRESENTATION_CONTEXT() REPRESENTATION_CONTEXT('2D SPACE',''
  ) );
#1813 = PCURVE('',#1814,#1819);
#1814 = PLANE('',#1815);
#1815 = AXIS2_PLACEMENT_3D('',#1816,#1817,#1818);
#1816 = CARTESIAN_POINT('',(-13.79585177526,-12.82921156823,
    17.173635519882));
#1817 = DIRECTION('',(-0.171010071663,3.015368960705E-02,0.984807753012)
  );
#1818 = DIRECTION('',(0.969846310393,-0.171010071663,0.173648177667));
#1819 = DEFINITIONAL_REPRESENTATION('',(#1820),#1828);
#1820 = ( BOUNDED_CURVE() B_SPLINE_CURVE(2,(#1821,#1822,#1823,#1824,
#1825,#1826,#1827),.UNSPECIFIED.,.T.,.F.) B_SPLINE_CURVE_WITH_KNOTS((1,2
    ,2,2,2,1),(-2.094395102393,0.,2.094395102393,4.188790204786,
6.28318530718,8.377580409573),.UNSPECIFIED.) CURVE() 
GEOMETRIC_REPRESENTATION_ITEM() RATIONAL_B_SPLINE_CURVE((1.,0.5,1.,0.5,
1.,0.5,1.)) REPRESENTATION_ITEM('') );
#1821 = CARTESIAN_POINT('',(2.,1.));
#1822 = CARTESIAN_POINT('',(0.267949192431,1.));
#1823 = CARTESIAN_POINT('',(1.133974596216,2.5));
#1824 = CARTESIAN_POINT('',(2.,4.));
#1825 = CARTESIAN_POINT('',(2.866025403784,2.5));
#1826 = CARTESIAN_POINT('',(3.732050807569,1.));
#1827 = CARTESIAN_POINT('',(2.,1.));
#1828 = ( GEOMETRIC_REPRESENTATION_CONTEXT(2) 
PARAMETRIC_REPRESENTATION_CONTEXT() REPRESENTATION_CONTEXT('2D SPACE',''
  ) );
#1829 = ADVANCED_FACE('',(#1830),#1297,.T.);
#1830 = FACE_BOUND('',#1831,.T.);
#1831 = EDGE_LOOP('',(#1832,#1833,#1834,#1857));
#1832 = ORIENTED_EDGE('',*,*,#1283,.F.);
#1833 = ORIENTED_EDGE('',*,*,#1775,.T.);
#1834 = ORIENTED_EDGE('',*,*,#1835,.T.);
#1835 = EDGE_CURVE('',#1776,#1836,#1838,.T.);
#1836 = VERTEX_POINT('',#1837);
#1837 = CARTESIAN_POINT('',(-10.6206736085,-0.49316317664,
    17.347283697549));
#1838 = SURFACE_CURVE('',#1839,(#1843,#1850),.PCURVE_S1.);
#1839 = LINE('',#1840,#1841);
#1840 = CARTESIAN_POINT('',(-12.47870910953,-11.03060613387,
    17.347283697549));
#1841 = VECTOR('',#1842,1.);
#1842 = DIRECTION('',(0.173648177667,0.984807753012,0.));
#1843 = PCURVE('',#1297,#1844);
#1844 = DEFINITIONAL_REPRESENTATION('',(#1845),#1849);
#1845 = LINE('',#1846,#1847);
#1846 = CARTESIAN_POINT('',(1.570796326795,0.));
#1847 = VECTOR('',#1848,1.);
#1848 = DIRECTION('',(0.,1.));
#1849 = ( GEOMETRIC_REPRESENTATION_CONTEXT(2) 
PARAMETRIC_REPRESENTATION_CONTEXT() REPRESENTATION_CONTEXT('2D SPACE',''
  ) );
#1850 = PCURVE('',#1814,#1851);
#1851 = DEFINITIONAL_REPRESENTATION('',(#1852),#1856);
#1852 = LINE('',#1853,#1854);
#1853 = CARTESIAN_POINT('',(1.,2.));
#1854 = VECTOR('',#1855,1.);
#1855 = DIRECTION('',(2.716226524374E-17,1.));
#1856 = ( GEOMETRIC_REPRESENTATION_CONTEXT(2) 
PARAMETRIC_REPRESENTATION_CONTEXT() REPRESENTATION_CONTEXT('2D SPACE',''
  ) );
#1857 = ORIENTED_EDGE('',*,*,#1858,.F.);
#1858 = EDGE_CURVE('',#1258,#1836,#1859,.T.);
#1859 = SURFACE_CURVE('',#1860,(#1865,#1872),.PCURVE_S1.);
#1860 = CIRCLE('',#1861,1.);
#1861 = AXIS2_PLACEMENT_3D('',#1862,#1863,#1864);
#1862 = CARTESIAN_POINT('',(-10.44966353683,-0.523316866247,
    16.362475944537));
#1863 = DIRECTION('',(0.173648177667,0.984807753012,3.469446951954E-18)
  );
#1864 = DIRECTION('',(-0.969846310393,0.171010071663,-0.173648177667));
#1865 = PCURVE('',#1297,#1866);
#1866 = DEFINITIONAL_REPRESENTATION('',(#1867),#1871);
#1867 = LINE('',#1868,#1869);
#1868 = CARTESIAN_POINT('',(3.986091072868E-17,10.7));
#1869 = VECTOR('',#1870,1.);
#1870 = DIRECTION('',(1.,0.));
#1871 = ( GEOMETRIC_REPRESENTATION_CONTEXT(2) 
PARAMETRIC_REPRESENTATION_CONTEXT() REPRESENTATION_CONTEXT('2D SPACE',''
  ) );
#1872 = PCURVE('',#1272,#1873);
#1873 = DEFINITIONAL_REPRESENTATION('',(#1874),#1882);
#1874 = ( BOUNDED_CURVE() B_SPLINE_CURVE(2,(#1875,#1876,#1877,#1878,
#1879,#1880,#1881),.UNSPECIFIED.,.T.,.F.) B_SPLINE_CURVE_WITH_KNOTS((1,2
    ,2,2,2,1),(-2.094395102393,0.,2.094395102393,4.188790204786,
6.28318530718,8.377580409573),.UNSPECIFIED.) CURVE() 
GEOMETRIC_REPRESENTATION_ITEM() RATIONAL_B_SPLINE_CURVE((1.,0.5,1.,0.5,
1.,0.5,1.)) REPRESENTATION_ITEM('') );
#1875 = CARTESIAN_POINT('',(3.,-1.));
#1876 = CARTESIAN_POINT('',(4.732050807569,-1.));
#1877 = CARTESIAN_POINT('',(3.866025403784,-2.5));
#1878 = CARTESIAN_POINT('',(3.,-4.));
#1879 = CARTESIAN_POINT('',(2.133974596216,-2.5));
#1880 = CARTESIAN_POINT('',(1.267949192431,-1.));
#1881 = CARTESIAN_POINT('',(3.,-1.));
#1882 = ( GEOMETRIC_REPRESENTATION_CONTEXT(2) 
PARAMETRIC_REPRESENTATION_CONTEXT() REPRESENTATION_CONTEXT('2D SPACE',''
  ) );
#1883 = ADVANCED_FACE('',(#1884),#1272,.F.);
#1884 = FACE_BOUND('',#1885,.F.);
#1885 = EDGE_LOOP('',(#1886,#1887,#1910,#1936,#1957));
#1886 = ORIENTED_EDGE('',*,*,#1257,.T.);
#1887 = ORIENTED_EDGE('',*,*,#1888,.T.);
#1888 = EDGE_CURVE('',#1225,#1889,#1891,.T.);
#1889 = VERTEX_POINT('',#1890);
#1890 = CARTESIAN_POINT('',(-8.966787011457,-0.784788006731,
    13.581700863167));
#1891 = SURFACE_CURVE('',#1892,(#1896,#1903),.PCURVE_S1.);
#1892 = LINE('',#1893,#1894);
#1893 = CARTESIAN_POINT('',(-11.87632594263,-0.271757791743,
    13.060756330166));
#1894 = VECTOR('',#1895,1.);
#1895 = DIRECTION('',(0.969846310393,-0.171010071663,0.173648177667));
#1896 = PCURVE('',#1272,#1897);
#1897 = DEFINITIONAL_REPRESENTATION('',(#1898),#1902);
#1898 = LINE('',#1899,#1900);
#1899 = CARTESIAN_POINT('',(0.,0.));
#1900 = VECTOR('',#1901,1.);
#1901 = DIRECTION('',(2.775557561563E-17,-1.));
#1902 = ( GEOMETRIC_REPRESENTATION_CONTEXT(2) 
PARAMETRIC_REPRESENTATION_CONTEXT() REPRESENTATION_CONTEXT('2D SPACE',''
  ) );
#1903 = PCURVE('',#1245,#1904);
#1904 = DEFINITIONAL_REPRESENTATION('',(#1905),#1909);
#1905 = LINE('',#1906,#1907);
#1906 = CARTESIAN_POINT('',(3.14159265359,0.));
#1907 = VECTOR('',#1908,1.);
#1908 = DIRECTION('',(0.,-1.));
#1909 = ( GEOMETRIC_REPRESENTATION_CONTEXT(2) 
PARAMETRIC_REPRESENTATION_CONTEXT() REPRESENTATION_CONTEXT('2D SPACE',''
  ) );
#1910 = ORIENTED_EDGE('',*,*,#1911,.F.);
#1911 = EDGE_CURVE('',#1912,#1889,#1914,.T.);
#1912 = VERTEX_POINT('',#1913);
#1913 = CARTESIAN_POINT('',(-9.650827298108,-0.664173248303,
    17.520931875216));
#1914 = SURFACE_CURVE('',#1915,(#1919,#1925),.PCURVE_S1.);
#1915 = LINE('',#1916,#1917);
#1916 = CARTESIAN_POINT('',(-9.13779708312,-0.754634317124,
    14.566508616179));
#1917 = VECTOR('',#1918,1.);
#1918 = DIRECTION('',(0.171010071663,-3.015368960705E-02,-0.984807753012
    ));
#1919 = PCURVE('',#1272,#1920);
#1920 = DEFINITIONAL_REPRESENTATION('',(#1921),#1924);
#1921 = B_SPLINE_CURVE_WITH_KNOTS('',1,(#1922,#1923),.UNSPECIFIED.,.F.,
  .F.,(2,2),(-3.,1.),.PIECEWISE_BEZIER_KNOTS.);
#1922 = CARTESIAN_POINT('',(4.,-3.));
#1923 = CARTESIAN_POINT('',(-6.661338147751E-16,-3.));
#1924 = ( GEOMETRIC_REPRESENTATION_CONTEXT(2) 
PARAMETRIC_REPRESENTATION_CONTEXT() REPRESENTATION_CONTEXT('2D SPACE',''
  ) );
#1925 = PCURVE('',#1926,#1931);
#1926 = PLANE('',#1927);
#1927 = AXIS2_PLACEMENT_3D('',#1928,#1929,#1930);
#1928 = CARTESIAN_POINT('',(-11.16684265581,-11.26192358474,
    15.551316369191));
#1929 = DIRECTION('',(0.969846310393,-0.171010071663,0.173648177667));
#1930 = DIRECTION('',(-0.171010071663,3.015368960705E-02,0.984807753012)
  );
#1931 = DEFINITIONAL_REPRESENTATION('',(#1932),#1935);
#1932 = B_SPLINE_CURVE_WITH_KNOTS('',1,(#1933,#1934),.UNSPECIFIED.,.F.,
  .F.,(2,2),(-3.,1.),.PIECEWISE_BEZIER_KNOTS.);
#1933 = CARTESIAN_POINT('',(2.,-10.7));
#1934 = CARTESIAN_POINT('',(-2.,-10.7));
#1935 = ( GEOMETRIC_REPRESENTATION_CONTEXT(2) 
PARAMETRIC_REPRESENTATION_CONTEXT() REPRESENTATION_CONTEXT('2D SPACE',''
  ) );
#1936 = ORIENTED_EDGE('',*,*,#1937,.F.);
#1937 = EDGE_CURVE('',#1836,#1912,#1938,.T.);
#1938 = SURFACE_CURVE('',#1939,(#1943,#1950),.PCURVE_S1.);
#1939 = LINE('',#1940,#1941);
#1940 = CARTESIAN_POINT('',(-12.56036622928,-0.151143033315,
    16.999987342215));
#1941 = VECTOR('',#1942,1.);
#1942 = DIRECTION('',(0.969846310393,-0.171010071663,0.173648177667));
#1943 = PCURVE('',#1272,#1944);
#1944 = DEFINITIONAL_REPRESENTATION('',(#1945),#1949);
#1945 = LINE('',#1946,#1947);
#1946 = CARTESIAN_POINT('',(4.,1.110223024625E-15));
#1947 = VECTOR('',#1948,1.);
#1948 = DIRECTION('',(2.775557561563E-17,-1.));
#1949 = ( GEOMETRIC_REPRESENTATION_CONTEXT(2) 
PARAMETRIC_REPRESENTATION_CONTEXT() REPRESENTATION_CONTEXT('2D SPACE',''
  ) );
#1950 = PCURVE('',#1814,#1951);
#1951 = DEFINITIONAL_REPRESENTATION('',(#1952),#1956);
#1952 = LINE('',#1953,#1954);
#1953 = CARTESIAN_POINT('',(-1.,12.7));
#1954 = VECTOR('',#1955,1.);
#1955 = DIRECTION('',(1.,2.775557561563E-17));
#1956 = ( GEOMETRIC_REPRESENTATION_CONTEXT(2) 
PARAMETRIC_REPRESENTATION_CONTEXT() REPRESENTATION_CONTEXT('2D SPACE',''
  ) );
#1957 = ORIENTED_EDGE('',*,*,#1858,.F.);
#1958 = ADVANCED_FACE('',(#1959),#1245,.F.);
#1959 = FACE_BOUND('',#1960,.F.);
#1960 = EDGE_LOOP('',(#1961,#1962,#1985,#2011));
#1961 = ORIENTED_EDGE('',*,*,#1224,.F.);
#1962 = ORIENTED_EDGE('',*,*,#1963,.T.);
#1963 = EDGE_CURVE('',#1199,#1964,#1966,.T.);
#1964 = VERTEX_POINT('',#1965);
#1965 = CARTESIAN_POINT('',(-8.272194300789,3.154443005317,
    13.581700863167));
#1966 = SURFACE_CURVE('',#1967,(#1971,#1978),.PCURVE_S1.);
#1967 = LINE('',#1968,#1969);
#1968 = CARTESIAN_POINT('',(-11.18173323196,3.667473220306,
    13.060756330166));
#1969 = VECTOR('',#1970,1.);
#1970 = DIRECTION('',(0.969846310393,-0.171010071663,0.173648177667));
#1971 = PCURVE('',#1245,#1972);
#1972 = DEFINITIONAL_REPRESENTATION('',(#1973),#1977);
#1973 = LINE('',#1974,#1975);
#1974 = CARTESIAN_POINT('',(0.,0.));
#1975 = VECTOR('',#1976,1.);
#1976 = DIRECTION('',(0.,-1.));
#1977 = ( GEOMETRIC_REPRESENTATION_CONTEXT(2) 
PARAMETRIC_REPRESENTATION_CONTEXT() REPRESENTATION_CONTEXT('2D SPACE',''
  ) );
#1978 = PCURVE('',#1213,#1979);
#1979 = DEFINITIONAL_REPRESENTATION('',(#1980),#1984);
#1980 = LINE('',#1981,#1982);
#1981 = CARTESIAN_POINT('',(4.,-1.221245327088E-15));
#1982 = VECTOR('',#1983,1.);
#1983 = DIRECTION('',(-2.775557561563E-17,-1.));
#1984 = ( GEOMETRIC_REPRESENTATION_CONTEXT(2) 
PARAMETRIC_REPRESENTATION_CONTEXT() REPRESENTATION_CONTEXT('2D SPACE',''
  ) );
#1985 = ORIENTED_EDGE('',*,*,#1986,.T.);
#1986 = EDGE_CURVE('',#1964,#1889,#1987,.T.);
#1987 = SURFACE_CURVE('',#1988,(#1993,#2000),.PCURVE_S1.);
#1988 = CIRCLE('',#1989,2.);
#1989 = AXIS2_PLACEMENT_3D('',#1990,#1991,#1992);
#1990 = CARTESIAN_POINT('',(-8.619490656123,1.184827499293,
    13.581700863167));
#1991 = DIRECTION('',(-0.969846310393,0.171010071663,-0.173648177667));
#1992 = DIRECTION('',(0.173648177667,0.984807753012,-1.179611963664E-16)
  );
#1993 = PCURVE('',#1245,#1994);
#1994 = DEFINITIONAL_REPRESENTATION('',(#1995),#1999);
#1995 = LINE('',#1996,#1997);
#1996 = CARTESIAN_POINT('',(2.90649698532E-17,-3.));
#1997 = VECTOR('',#1998,1.);
#1998 = DIRECTION('',(1.,0.));
#1999 = ( GEOMETRIC_REPRESENTATION_CONTEXT(2) 
PARAMETRIC_REPRESENTATION_CONTEXT() REPRESENTATION_CONTEXT('2D SPACE',''
  ) );
#2000 = PCURVE('',#1926,#2001);
#2001 = DEFINITIONAL_REPRESENTATION('',(#2002),#2010);
#2002 = ( BOUNDED_CURVE() B_SPLINE_CURVE(2,(#2003,#2004,#2005,#2006,
#2007,#2008,#2009),.UNSPECIFIED.,.T.,.F.) B_SPLINE_CURVE_WITH_KNOTS((1,2
    ,2,2,2,1),(-2.094395102393,0.,2.094395102393,4.188790204786,
6.28318530718,8.377580409573),.UNSPECIFIED.) CURVE() 
GEOMETRIC_REPRESENTATION_ITEM() RATIONAL_B_SPLINE_CURVE((1.,0.5,1.,0.5,
1.,0.5,1.)) REPRESENTATION_ITEM('') );
#2003 = CARTESIAN_POINT('',(-2.,-14.7));
#2004 = CARTESIAN_POINT('',(-5.464101615138,-14.7));
#2005 = CARTESIAN_POINT('',(-3.732050807569,-11.7));
#2006 = CARTESIAN_POINT('',(-2.,-8.7));
#2007 = CARTESIAN_POINT('',(-0.267949192431,-11.7));
#2008 = CARTESIAN_POINT('',(1.464101615138,-14.7));
#2009 = CARTESIAN_POINT('',(-2.,-14.7));
#2010 = ( GEOMETRIC_REPRESENTATION_CONTEXT(2) 
PARAMETRIC_REPRESENTATION_CONTEXT() REPRESENTATION_CONTEXT('2D SPACE',''
  ) );
#2011 = ORIENTED_EDGE('',*,*,#1888,.F.);
#2012 = ADVANCED_FACE('',(#2013),#1213,.F.);
#2013 = FACE_BOUND('',#2014,.F.);
#2014 = EDGE_LOOP('',(#2015,#2039,#2062,#2081,#2082));
#2015 = ORIENTED_EDGE('',*,*,#2016,.T.);
#2016 = EDGE_CURVE('',#1171,#2017,#2019,.T.);
#2017 = VERTEX_POINT('',#2018);
#2018 = CARTESIAN_POINT('',(-9.926080897834,3.446067835408,
    17.347283697549));
#2019 = SURFACE_CURVE('',#2020,(#2025,#2032),.PCURVE_S1.);
#2020 = CIRCLE('',#2021,1.);
#2021 = AXIS2_PLACEMENT_3D('',#2022,#2023,#2024);
#2022 = CARTESIAN_POINT('',(-9.755070826171,3.415914145801,
    16.362475944537));
#2023 = DIRECTION('',(0.173648177667,0.984807753012,3.469446951954E-18)
  );
#2024 = DIRECTION('',(-0.969846310393,0.171010071663,-0.173648177667));
#2025 = PCURVE('',#1213,#2026);
#2026 = DEFINITIONAL_REPRESENTATION('',(#2027),#2031);
#2027 = CIRCLE('',#2028,1.);
#2028 = AXIS2_PLACEMENT_2D('',#2029,#2030);
#2029 = CARTESIAN_POINT('',(1.,-2.));
#2030 = DIRECTION('',(0.,1.));
#2031 = ( GEOMETRIC_REPRESENTATION_CONTEXT(2) 
PARAMETRIC_REPRESENTATION_CONTEXT() REPRESENTATION_CONTEXT('2D SPACE',''
  ) );
#2032 = PCURVE('',#1186,#2033);
#2033 = DEFINITIONAL_REPRESENTATION('',(#2034),#2038);
#2034 = LINE('',#2035,#2036);
#2035 = CARTESIAN_POINT('',(3.986091072868E-17,14.7));
#2036 = VECTOR('',#2037,1.);
#2037 = DIRECTION('',(1.,0.));
#2038 = ( GEOMETRIC_REPRESENTATION_CONTEXT(2) 
PARAMETRIC_REPRESENTATION_CONTEXT() REPRESENTATION_CONTEXT('2D SPACE',''
  ) );
#2039 = ORIENTED_EDGE('',*,*,#2040,.T.);
#2040 = EDGE_CURVE('',#2017,#2041,#2043,.T.);
#2041 = VERTEX_POINT('',#2042);
#2042 = CARTESIAN_POINT('',(-8.956234587441,3.275057763746,
    17.520931875216));
#2043 = SURFACE_CURVE('',#2044,(#2048,#2055),.PCURVE_S1.);
#2044 = LINE('',#2045,#2046);
#2045 = CARTESIAN_POINT('',(-11.86577351862,3.788087978734,
    16.999987342215));
#2046 = VECTOR('',#2047,1.);
#2047 = DIRECTION('',(0.969846310393,-0.171010071663,0.173648177667));
#2048 = PCURVE('',#1213,#2049);
#2049 = DEFINITIONAL_REPRESENTATION('',(#2050),#2054);
#2050 = LINE('',#2051,#2052);
#2051 = CARTESIAN_POINT('',(0.,0.));
#2052 = VECTOR('',#2053,1.);
#2053 = DIRECTION('',(-2.775557561563E-17,-1.));
#2054 = ( GEOMETRIC_REPRESENTATION_CONTEXT(2) 
PARAMETRIC_REPRESENTATION_CONTEXT() REPRESENTATION_CONTEXT('2D SPACE',''
  ) );
#2055 = PCURVE('',#1814,#2056);
#2056 = DEFINITIONAL_REPRESENTATION('',(#2057),#2061);
#2057 = LINE('',#2058,#2059);
#2058 = CARTESIAN_POINT('',(-1.,16.7));
#2059 = VECTOR('',#2060,1.);
#2060 = DIRECTION('',(1.,2.775557561563E-17));
#2061 = ( GEOMETRIC_REPRESENTATION_CONTEXT(2) 
PARAMETRIC_REPRESENTATION_CONTEXT() REPRESENTATION_CONTEXT('2D SPACE',''
  ) );
#2062 = ORIENTED_EDGE('',*,*,#2063,.F.);
#2063 = EDGE_CURVE('',#1964,#2041,#2064,.T.);
#2064 = SURFACE_CURVE('',#2065,(#2069,#2075),.PCURVE_S1.);
#2065 = LINE('',#2066,#2067);
#2066 = CARTESIAN_POINT('',(-8.785224515778,3.244904074139,
    16.536124122204));
#2067 = VECTOR('',#2068,1.);
#2068 = DIRECTION('',(-0.171010071663,3.015368960705E-02,0.984807753012)
  );
#2069 = PCURVE('',#1213,#2070);
#2070 = DEFINITIONAL_REPRESENTATION('',(#2071),#2074);
#2071 = B_SPLINE_CURVE_WITH_KNOTS('',1,(#2072,#2073),.UNSPECIFIED.,.F.,
  .F.,(2,2),(-3.,1.),.PIECEWISE_BEZIER_KNOTS.);
#2072 = CARTESIAN_POINT('',(4.,-3.));
#2073 = CARTESIAN_POINT('',(8.881784197001E-16,-3.));
#2074 = ( GEOMETRIC_REPRESENTATION_CONTEXT(2) 
PARAMETRIC_REPRESENTATION_CONTEXT() REPRESENTATION_CONTEXT('2D SPACE',''
  ) );
#2075 = PCURVE('',#1926,#2076);
#2076 = DEFINITIONAL_REPRESENTATION('',(#2077),#2080);
#2077 = B_SPLINE_CURVE_WITH_KNOTS('',1,(#2078,#2079),.UNSPECIFIED.,.F.,
  .F.,(2,2),(-3.,1.),.PIECEWISE_BEZIER_KNOTS.);
#2078 = CARTESIAN_POINT('',(-2.,-14.7));
#2079 = CARTESIAN_POINT('',(2.,-14.7));
#2080 = ( GEOMETRIC_REPRESENTATION_CONTEXT(2) 
PARAMETRIC_REPRESENTATION_CONTEXT() REPRESENTATION_CONTEXT('2D SPACE',''
  ) );
#2081 = ORIENTED_EDGE('',*,*,#1963,.F.);
#2082 = ORIENTED_EDGE('',*,*,#1198,.T.);
#2083 = ADVANCED_FACE('',(#2084),#1186,.T.);
#2084 = FACE_BOUND('',#2085,.T.);
#2085 = EDGE_LOOP('',(#2086,#2087,#2088,#2111));
#2086 = ORIENTED_EDGE('',*,*,#1170,.F.);
#2087 = ORIENTED_EDGE('',*,*,#2016,.T.);
#2088 = ORIENTED_EDGE('',*,*,#2089,.T.);
#2089 = EDGE_CURVE('',#2017,#2090,#2092,.T.);
#2090 = VERTEX_POINT('',#2091);
#2091 = CARTESIAN_POINT('',(-8.068045396797,13.983510792639,
    17.347283697549));
#2092 = SURFACE_CURVE('',#2093,(#2097,#2104),.PCURVE_S1.);
#2093 = LINE('',#2094,#2095);
#2094 = CARTESIAN_POINT('',(-12.47870910953,-11.03060613387,
    17.347283697549));
#2095 = VECTOR('',#2096,1.);
#2096 = DIRECTION('',(0.173648177667,0.984807753012,0.));
#2097 = PCURVE('',#1186,#2098);
#2098 = DEFINITIONAL_REPRESENTATION('',(#2099),#2103);
#2099 = LINE('',#2100,#2101);
#2100 = CARTESIAN_POINT('',(1.570796326795,0.));
#2101 = VECTOR('',#2102,1.);
#2102 = DIRECTION('',(0.,1.));
#2103 = ( GEOMETRIC_REPRESENTATION_CONTEXT(2) 
PARAMETRIC_REPRESENTATION_CONTEXT() REPRESENTATION_CONTEXT('2D SPACE',''
  ) );
#2104 = PCURVE('',#1814,#2105);
#2105 = DEFINITIONAL_REPRESENTATION('',(#2106),#2110);
#2106 = LINE('',#2107,#2108);
#2107 = CARTESIAN_POINT('',(1.,2.));
#2108 = VECTOR('',#2109,1.);
#2109 = DIRECTION('',(2.716226524374E-17,1.));
#2110 = ( GEOMETRIC_REPRESENTATION_CONTEXT(2) 
PARAMETRIC_REPRESENTATION_CONTEXT() REPRESENTATION_CONTEXT('2D SPACE',''
  ) );
#2111 = ORIENTED_EDGE('',*,*,#2112,.F.);
#2112 = EDGE_CURVE('',#1148,#2090,#2113,.T.);
#2113 = SURFACE_CURVE('',#2114,(#2119,#2126),.PCURVE_S1.);
#2114 = CIRCLE('',#2115,1.);
#2115 = AXIS2_PLACEMENT_3D('',#2116,#2117,#2118);
#2116 = CARTESIAN_POINT('',(-7.897035325135,13.953357103032,
    16.362475944537));
#2117 = DIRECTION('',(0.173648177667,0.984807753012,-3.469446951954E-18)
  );
#2118 = DIRECTION('',(-0.969846310393,0.171010071663,-0.173648177667));
#2119 = PCURVE('',#1186,#2120);
#2120 = DEFINITIONAL_REPRESENTATION('',(#2121),#2125);
#2121 = LINE('',#2122,#2123);
#2122 = CARTESIAN_POINT('',(0.,25.4));
#2123 = VECTOR('',#2124,1.);
#2124 = DIRECTION('',(1.,0.));
#2125 = ( GEOMETRIC_REPRESENTATION_CONTEXT(2) 
PARAMETRIC_REPRESENTATION_CONTEXT() REPRESENTATION_CONTEXT('2D SPACE',''
  ) );
#2126 = PCURVE('',#1406,#2127);
#2127 = DEFINITIONAL_REPRESENTATION('',(#2128),#2132);
#2128 = LINE('',#2129,#2130);
#2129 = CARTESIAN_POINT('',(-0.,0.));
#2130 = VECTOR('',#2131,1.);
#2131 = DIRECTION('',(-0.,1.));
#2132 = ( GEOMETRIC_REPRESENTATION_CONTEXT(2) 
PARAMETRIC_REPRESENTATION_CONTEXT() REPRESENTATION_CONTEXT('2D SPACE',''
  ) );
#2133 = ADVANCED_FACE('',(#2134),#1330,.T.);
#2134 = FACE_BOUND('',#2135,.T.);
#2135 = EDGE_LOOP('',(#2136,#2160,#2181,#2182));
#2136 = ORIENTED_EDGE('',*,*,#2137,.T.);
#2137 = EDGE_CURVE('',#1315,#2138,#2140,.T.);
#2138 = VERTEX_POINT('',#2139);
#2139 = CARTESIAN_POINT('',(-2.178017134961,-13.86232266084,
    19.222684016352));
#2140 = SURFACE_CURVE('',#2141,(#2146,#2153),.PCURVE_S1.);
#2141 = CIRCLE('',#2142,1.);
#2142 = AXIS2_PLACEMENT_3D('',#2143,#2144,#2145);
#2143 = CARTESIAN_POINT('',(-2.007007063298,-13.89247635044,
    18.237876263339));
#2144 = DIRECTION('',(-0.969846310393,0.171010071663,-0.173648177667));
#2145 = DIRECTION('',(-0.173648177667,-0.984807753012,1.063288424788E-17
    ));
#2146 = PCURVE('',#1330,#2147);
#2147 = DEFINITIONAL_REPRESENTATION('',(#2148),#2152);
#2148 = LINE('',#2149,#2150);
#2149 = CARTESIAN_POINT('',(0.,0.));
#2150 = VECTOR('',#2151,1.);
#2151 = DIRECTION('',(1.,0.));
#2152 = ( GEOMETRIC_REPRESENTATION_CONTEXT(2) 
PARAMETRIC_REPRESENTATION_CONTEXT() REPRESENTATION_CONTEXT('2D SPACE',''
  ) );
#2153 = PCURVE('',#1461,#2154);
#2154 = DEFINITIONAL_REPRESENTATION('',(#2155),#2159);
#2155 = LINE('',#2156,#2157);
#2156 = CARTESIAN_POINT('',(-1.570796326795,0.));
#2157 = VECTOR('',#2158,1.);
#2158 = DIRECTION('',(-0.,1.));
#2159 = ( GEOMETRIC_REPRESENTATION_CONTEXT(2) 
PARAMETRIC_REPRESENTATION_CONTEXT() REPRESENTATION_CONTEXT('2D SPACE',''
  ) );
#2160 = ORIENTED_EDGE('',*,*,#2161,.T.);
#2161 = EDGE_CURVE('',#2138,#1751,#2162,.T.);
#2162 = SURFACE_CURVE('',#2163,(#2167,#2174),.PCURVE_S1.);
#2163 = LINE('',#2164,#2165);
#2164 = CARTESIAN_POINT('',(-2.178017134961,-13.86232266084,
    19.222684016352));
#2165 = VECTOR('',#2166,1.);
#2166 = DIRECTION('',(-0.969846310393,0.171010071663,-0.173648177667));
#2167 = PCURVE('',#1330,#2168);
#2168 = DEFINITIONAL_REPRESENTATION('',(#2169),#2173);
#2169 = LINE('',#2170,#2171);
#2170 = CARTESIAN_POINT('',(1.570796326795,0.));
#2171 = VECTOR('',#2172,1.);
#2172 = DIRECTION('',(0.,1.));
#2173 = ( GEOMETRIC_REPRESENTATION_CONTEXT(2) 
PARAMETRIC_REPRESENTATION_CONTEXT() REPRESENTATION_CONTEXT('2D SPACE',''
  ) );
#2174 = PCURVE('',#1814,#2175);
#2175 = DEFINITIONAL_REPRESENTATION('',(#2176),#2180);
#2176 = LINE('',#2177,#2178);
#2177 = CARTESIAN_POINT('',(11.8,1.));
#2178 = VECTOR('',#2179,1.);
#2179 = DIRECTION('',(-1.,-2.775557561563E-17));
#2180 = ( GEOMETRIC_REPRESENTATION_CONTEXT(2) 
PARAMETRIC_REPRESENTATION_CONTEXT() REPRESENTATION_CONTEXT('2D SPACE',''
  ) );
#2181 = ORIENTED_EDGE('',*,*,#1750,.F.);
#2182 = ORIENTED_EDGE('',*,*,#1314,.F.);
#2183 = ADVANCED_FACE('',(#2184),#1406,.T.);
#2184 = FACE_BOUND('',#2185,.F.);
#2185 = EDGE_LOOP('',(#2186,#2187,#2188,#2212));
#2186 = ORIENTED_EDGE('',*,*,#2112,.F.);
#2187 = ORIENTED_EDGE('',*,*,#1391,.T.);
#2188 = ORIENTED_EDGE('',*,*,#2189,.T.);
#2189 = EDGE_CURVE('',#1369,#2190,#2192,.T.);
#2190 = VERTEX_POINT('',#2191);
#2191 = CARTESIAN_POINT('',(-6.924550908738,14.797308473988,
    17.520931875216));
#2192 = SURFACE_CURVE('',#2193,(#2198,#2205),.PCURVE_S1.);
#2193 = CIRCLE('',#2194,1.);
#2194 = AXIS2_PLACEMENT_3D('',#2195,#2196,#2197);
#2195 = CARTESIAN_POINT('',(-6.753540837075,14.767154784381,
    16.536124122204));
#2196 = DIRECTION('',(0.969846310393,-0.171010071663,0.173648177667));
#2197 = DIRECTION('',(0.173648177667,0.984807753012,-1.063288424788E-17)
  );
#2198 = PCURVE('',#1406,#2199);
#2199 = DEFINITIONAL_REPRESENTATION('',(#2200),#2204);
#2200 = LINE('',#2201,#2202);
#2201 = CARTESIAN_POINT('',(-1.570796326795,0.));
#2202 = VECTOR('',#2203,1.);
#2203 = DIRECTION('',(-0.,1.));
#2204 = ( GEOMETRIC_REPRESENTATION_CONTEXT(2) 
PARAMETRIC_REPRESENTATION_CONTEXT() REPRESENTATION_CONTEXT('2D SPACE',''
  ) );
#2205 = PCURVE('',#1515,#2206);
#2206 = DEFINITIONAL_REPRESENTATION('',(#2207),#2211);
#2207 = LINE('',#2208,#2209);
#2208 = CARTESIAN_POINT('',(0.,0.));
#2209 = VECTOR('',#2210,1.);
#2210 = DIRECTION('',(1.,0.));
#2211 = ( GEOMETRIC_REPRESENTATION_CONTEXT(2) 
PARAMETRIC_REPRESENTATION_CONTEXT() REPRESENTATION_CONTEXT('2D SPACE',''
  ) );
#2212 = ORIENTED_EDGE('',*,*,#2213,.F.);
#2213 = EDGE_CURVE('',#2090,#2190,#2214,.T.);
#2214 = SURFACE_CURVE('',#2215,(#2220,#2227),.PCURVE_S1.);
#2215 = CIRCLE('',#2216,1.);
#2216 = AXIS2_PLACEMENT_3D('',#2217,#2218,#2219);
#2217 = CARTESIAN_POINT('',(-7.098199086405,13.812500720976,
    17.520931875216));
#2218 = DIRECTION('',(0.171010071663,-3.015368960705E-02,-0.984807753012
    ));
#2219 = DIRECTION('',(-0.969846310393,0.171010071663,-0.173648177667));
#2220 = PCURVE('',#1406,#2221);
#2221 = DEFINITIONAL_REPRESENTATION('',(#2222),#2226);
#2222 = LINE('',#2223,#2224);
#2223 = CARTESIAN_POINT('',(-0.,1.570796326795));
#2224 = VECTOR('',#2225,1.);
#2225 = DIRECTION('',(-1.,0.));
#2226 = ( GEOMETRIC_REPRESENTATION_CONTEXT(2) 
PARAMETRIC_REPRESENTATION_CONTEXT() REPRESENTATION_CONTEXT('2D SPACE',''
  ) );
#2227 = PCURVE('',#1814,#2228);
#2228 = DEFINITIONAL_REPRESENTATION('',(#2229),#2237);
#2229 = ( BOUNDED_CURVE() B_SPLINE_CURVE(2,(#2230,#2231,#2232,#2233,
#2234,#2235,#2236),.UNSPECIFIED.,.T.,.F.) B_SPLINE_CURVE_WITH_KNOTS((1,2
    ,2,2,2,1),(-2.094395102393,0.,2.094395102393,4.188790204786,
6.28318530718,8.377580409573),.UNSPECIFIED.) CURVE() 
GEOMETRIC_REPRESENTATION_ITEM() RATIONAL_B_SPLINE_CURVE((1.,0.5,1.,0.5,
1.,0.5,1.)) REPRESENTATION_ITEM('') );
#2230 = CARTESIAN_POINT('',(1.,27.4));
#2231 = CARTESIAN_POINT('',(1.,29.132050807569));
#2232 = CARTESIAN_POINT('',(2.5,28.266025403784));
#2233 = CARTESIAN_POINT('',(4.,27.4));
#2234 = CARTESIAN_POINT('',(2.5,26.533974596216));
#2235 = CARTESIAN_POINT('',(1.,25.667949192431));
#2236 = CARTESIAN_POINT('',(1.,27.4));
#2237 = ( GEOMETRIC_REPRESENTATION_CONTEXT(2) 
PARAMETRIC_REPRESENTATION_CONTEXT() REPRESENTATION_CONTEXT('2D SPACE',''
  ) );
#2238 = ADVANCED_FACE('',(#2239),#1461,.T.);
#2239 = FACE_BOUND('',#2240,.F.);
#2240 = EDGE_LOOP('',(#2241,#2265,#2266,#2267));
#2241 = ORIENTED_EDGE('',*,*,#2242,.F.);
#2242 = EDGE_CURVE('',#1422,#2243,#2245,.T.);
#2243 = VERTEX_POINT('',#2244);
#2244 = CARTESIAN_POINT('',(-1.034522646901,-13.04852497949,
    19.396332194019));
#2245 = SURFACE_CURVE('',#2246,(#2251,#2258),.PCURVE_S1.);
#2246 = CIRCLE('',#2247,1.);
#2247 = AXIS2_PLACEMENT_3D('',#2248,#2249,#2250);
#2248 = CARTESIAN_POINT('',(-0.863512575238,-13.0786786691,
    18.411524441006));
#2249 = DIRECTION('',(-0.173648177667,-0.984807753012,3.469446951954E-18
    ));
#2250 = DIRECTION('',(0.969846310393,-0.171010071663,0.173648177667));
#2251 = PCURVE('',#1461,#2252);
#2252 = DEFINITIONAL_REPRESENTATION('',(#2253),#2257);
#2253 = LINE('',#2254,#2255);
#2254 = CARTESIAN_POINT('',(-0.,0.));
#2255 = VECTOR('',#2256,1.);
#2256 = DIRECTION('',(-0.,1.));
#2257 = ( GEOMETRIC_REPRESENTATION_CONTEXT(2) 
PARAMETRIC_REPRESENTATION_CONTEXT() REPRESENTATION_CONTEXT('2D SPACE',''
  ) );
#2258 = PCURVE('',#1569,#2259);
#2259 = DEFINITIONAL_REPRESENTATION('',(#2260),#2264);
#2260 = LINE('',#2261,#2262);
#2261 = CARTESIAN_POINT('',(0.,25.4));
#2262 = VECTOR('',#2263,1.);
#2263 = DIRECTION('',(1.,0.));
#2264 = ( GEOMETRIC_REPRESENTATION_CONTEXT(2) 
PARAMETRIC_REPRESENTATION_CONTEXT() REPRESENTATION_CONTEXT('2D SPACE',''
  ) );
#2265 = ORIENTED_EDGE('',*,*,#1446,.T.);
#2266 = ORIENTED_EDGE('',*,*,#2137,.T.);
#2267 = ORIENTED_EDGE('',*,*,#2268,.F.);
#2268 = EDGE_CURVE('',#2243,#2138,#2269,.T.);
#2269 = SURFACE_CURVE('',#2270,(#2275,#2282),.PCURVE_S1.);
#2270 = CIRCLE('',#2271,1.);
#2271 = AXIS2_PLACEMENT_3D('',#2272,#2273,#2274);
#2272 = CARTESIAN_POINT('',(-2.004368957294,-12.87751490783,
    19.222684016352));
#2273 = DIRECTION('',(0.171010071663,-3.015368960705E-02,-0.984807753012
    ));
#2274 = DIRECTION('',(0.969846310393,-0.171010071663,0.173648177667));
#2275 = PCURVE('',#1461,#2276);
#2276 = DEFINITIONAL_REPRESENTATION('',(#2277),#2281);
#2277 = LINE('',#2278,#2279);
#2278 = CARTESIAN_POINT('',(-0.,1.570796326795));
#2279 = VECTOR('',#2280,1.);
#2280 = DIRECTION('',(-1.,0.));
#2281 = ( GEOMETRIC_REPRESENTATION_CONTEXT(2) 
PARAMETRIC_REPRESENTATION_CONTEXT() REPRESENTATION_CONTEXT('2D SPACE',''
  ) );
#2282 = PCURVE('',#1814,#2283);
#2283 = DEFINITIONAL_REPRESENTATION('',(#2284),#2292);
#2284 = ( BOUNDED_CURVE() B_SPLINE_CURVE(2,(#2285,#2286,#2287,#2288,
#2289,#2290,#2291),.UNSPECIFIED.,.T.,.F.) B_SPLINE_CURVE_WITH_KNOTS((1,2
    ,2,2,2,1),(-2.094395102393,0.,2.094395102393,4.188790204786,
6.28318530718,8.377580409573),.UNSPECIFIED.) CURVE() 
GEOMETRIC_REPRESENTATION_ITEM() RATIONAL_B_SPLINE_CURVE((1.,0.5,1.,0.5,
1.,0.5,1.)) REPRESENTATION_ITEM('') );
#2285 = CARTESIAN_POINT('',(12.8,2.));
#2286 = CARTESIAN_POINT('',(12.8,0.267949192431));
#2287 = CARTESIAN_POINT('',(11.3,1.133974596216));
#2288 = CARTESIAN_POINT('',(9.8,2.));
#2289 = CARTESIAN_POINT('',(11.3,2.866025403784));
#2290 = CARTESIAN_POINT('',(12.8,3.732050807569));
#2291 = CARTESIAN_POINT('',(12.8,2.));
#2292 = ( GEOMETRIC_REPRESENTATION_CONTEXT(2) 
PARAMETRIC_REPRESENTATION_CONTEXT() REPRESENTATION_CONTEXT('2D SPACE',''
  ) );
#2293 = ADVANCED_FACE('',(#2294),#1515,.T.);
#2294 = FACE_BOUND('',#2295,.T.);
#2295 = EDGE_LOOP('',(#2296,#2297,#2320,#2342));
#2296 = ORIENTED_EDGE('',*,*,#2189,.T.);
#2297 = ORIENTED_EDGE('',*,*,#2298,.T.);
#2298 = EDGE_CURVE('',#2190,#2299,#2301,.T.);
#2299 = VERTEX_POINT('',#2300);
#2300 = CARTESIAN_POINT('',(2.579942933113,13.121409771693,
    19.222684016352));
#2301 = SURFACE_CURVE('',#2302,(#2306,#2313),.PCURVE_S1.);
#2302 = LINE('',#2303,#2304);
#2303 = CARTESIAN_POINT('',(-6.924550908738,14.797308473988,
    17.520931875216));
#2304 = VECTOR('',#2305,1.);
#2305 = DIRECTION('',(0.969846310393,-0.171010071663,0.173648177667));
#2306 = PCURVE('',#1515,#2307);
#2307 = DEFINITIONAL_REPRESENTATION('',(#2308),#2312);
#2308 = LINE('',#2309,#2310);
#2309 = CARTESIAN_POINT('',(1.570796326795,0.));
#2310 = VECTOR('',#2311,1.);
#2311 = DIRECTION('',(0.,1.));
#2312 = ( GEOMETRIC_REPRESENTATION_CONTEXT(2) 
PARAMETRIC_REPRESENTATION_CONTEXT() REPRESENTATION_CONTEXT('2D SPACE',''
  ) );
#2313 = PCURVE('',#1814,#2314);
#2314 = DEFINITIONAL_REPRESENTATION('',(#2315),#2319);
#2315 = LINE('',#2316,#2317);
#2316 = CARTESIAN_POINT('',(2.,28.4));
#2317 = VECTOR('',#2318,1.);
#2318 = DIRECTION('',(1.,2.775557561563E-17));
#2319 = ( GEOMETRIC_REPRESENTATION_CONTEXT(2) 
PARAMETRIC_REPRESENTATION_CONTEXT() REPRESENTATION_CONTEXT('2D SPACE',''
  ) );
#2320 = ORIENTED_EDGE('',*,*,#2321,.F.);
#2321 = EDGE_CURVE('',#1477,#2299,#2322,.T.);
#2322 = SURFACE_CURVE('',#2323,(#2328,#2335),.PCURVE_S1.);
#2323 = CIRCLE('',#2324,1.);
#2324 = AXIS2_PLACEMENT_3D('',#2325,#2326,#2327);
#2325 = CARTESIAN_POINT('',(2.750953004776,13.091256082086,
    18.237876263339));
#2326 = DIRECTION('',(0.969846310393,-0.171010071663,0.173648177667));
#2327 = DIRECTION('',(0.173648177667,0.984807753012,0.));
#2328 = PCURVE('',#1515,#2329);
#2329 = DEFINITIONAL_REPRESENTATION('',(#2330),#2334);
#2330 = LINE('',#2331,#2332);
#2331 = CARTESIAN_POINT('',(0.,9.8));
#2332 = VECTOR('',#2333,1.);
#2333 = DIRECTION('',(1.,0.));
#2334 = ( GEOMETRIC_REPRESENTATION_CONTEXT(2) 
PARAMETRIC_REPRESENTATION_CONTEXT() REPRESENTATION_CONTEXT('2D SPACE',''
  ) );
#2335 = PCURVE('',#1708,#2336);
#2336 = DEFINITIONAL_REPRESENTATION('',(#2337),#2341);
#2337 = LINE('',#2338,#2339);
#2338 = CARTESIAN_POINT('',(2.22044604925E-16,-0.));
#2339 = VECTOR('',#2340,1.);
#2340 = DIRECTION('',(-0.,1.));
#2341 = ( GEOMETRIC_REPRESENTATION_CONTEXT(2) 
PARAMETRIC_REPRESENTATION_CONTEXT() REPRESENTATION_CONTEXT('2D SPACE',''
  ) );
#2342 = ORIENTED_EDGE('',*,*,#1501,.F.);
#2343 = ADVANCED_FACE('',(#2344),#1569,.T.);
#2344 = FACE_BOUND('',#2345,.T.);
#2345 = EDGE_LOOP('',(#2346,#2370,#2391,#2392));
#2346 = ORIENTED_EDGE('',*,*,#2347,.T.);
#2347 = EDGE_CURVE('',#1533,#2348,#2350,.T.);
#2348 = VERTEX_POINT('',#2349);
#2349 = CARTESIAN_POINT('',(3.376141065839,11.965591947018,
    19.396332194019));
#2350 = SURFACE_CURVE('',#2351,(#2356,#2363),.PCURVE_S1.);
#2351 = CIRCLE('',#2352,1.);
#2352 = AXIS2_PLACEMENT_3D('',#2353,#2354,#2355);
#2353 = CARTESIAN_POINT('',(3.547151137502,11.935438257411,
    18.411524441006));
#2354 = DIRECTION('',(-0.173648177667,-0.984807753012,
    -2.428612866368E-17));
#2355 = DIRECTION('',(0.969846310393,-0.171010071663,0.173648177667));
#2356 = PCURVE('',#1569,#2357);
#2357 = DEFINITIONAL_REPRESENTATION('',(#2358),#2362);
#2358 = LINE('',#2359,#2360);
#2359 = CARTESIAN_POINT('',(0.,0.));
#2360 = VECTOR('',#2361,1.);
#2361 = DIRECTION('',(1.,0.));
#2362 = ( GEOMETRIC_REPRESENTATION_CONTEXT(2) 
PARAMETRIC_REPRESENTATION_CONTEXT() REPRESENTATION_CONTEXT('2D SPACE',''
  ) );
#2363 = PCURVE('',#1708,#2364);
#2364 = DEFINITIONAL_REPRESENTATION('',(#2365),#2369);
#2365 = LINE('',#2366,#2367);
#2366 = CARTESIAN_POINT('',(-1.570796326795,0.));
#2367 = VECTOR('',#2368,1.);
#2368 = DIRECTION('',(-0.,1.));
#2369 = ( GEOMETRIC_REPRESENTATION_CONTEXT(2) 
PARAMETRIC_REPRESENTATION_CONTEXT() REPRESENTATION_CONTEXT('2D SPACE',''
  ) );
#2370 = ORIENTED_EDGE('',*,*,#2371,.T.);
#2371 = EDGE_CURVE('',#2348,#2243,#2372,.T.);
#2372 = SURFACE_CURVE('',#2373,(#2377,#2384),.PCURVE_S1.);
#2373 = LINE('',#2374,#2375);
#2374 = CARTESIAN_POINT('',(3.376141065839,11.965591947018,
    19.396332194019));
#2375 = VECTOR('',#2376,1.);
#2376 = DIRECTION('',(-0.173648177667,-0.984807753012,0.));
#2377 = PCURVE('',#1569,#2378);
#2378 = DEFINITIONAL_REPRESENTATION('',(#2379),#2383);
#2379 = LINE('',#2380,#2381);
#2380 = CARTESIAN_POINT('',(1.570796326795,0.));
#2381 = VECTOR('',#2382,1.);
#2382 = DIRECTION('',(0.,1.));
#2383 = ( GEOMETRIC_REPRESENTATION_CONTEXT(2) 
PARAMETRIC_REPRESENTATION_CONTEXT() REPRESENTATION_CONTEXT('2D SPACE',''
  ) );
#2384 = PCURVE('',#1814,#2385);
#2385 = DEFINITIONAL_REPRESENTATION('',(#2386),#2390);
#2386 = LINE('',#2387,#2388);
#2387 = CARTESIAN_POINT('',(12.8,27.4));
#2388 = VECTOR('',#2389,1.);
#2389 = DIRECTION('',(-2.716226524374E-17,-1.));
#2390 = ( GEOMETRIC_REPRESENTATION_CONTEXT(2) 
PARAMETRIC_REPRESENTATION_CONTEXT() REPRESENTATION_CONTEXT('2D SPACE',''
  ) );
#2391 = ORIENTED_EDGE('',*,*,#2242,.F.);
#2392 = ORIENTED_EDGE('',*,*,#1555,.F.);
#2393 = ADVANCED_FACE('',(#2394),#1600,.F.);
#2394 = FACE_BOUND('',#2395,.F.);
#2395 = EDGE_LOOP('',(#2396,#2426,#2455,#2483,#2509,#2510,#2534,#2562));
#2396 = ORIENTED_EDGE('',*,*,#2397,.F.);
#2397 = EDGE_CURVE('',#2398,#2400,#2402,.T.);
#2398 = VERTEX_POINT('',#2399);
#2399 = CARTESIAN_POINT('',(-1.983322254601,-11.86579939748,
    17.164507939717));
#2400 = VERTEX_POINT('',#2401);
#2401 = CARTESIAN_POINT('',(2.080045102805,11.178702023002,
    17.164507939717));
#2402 = SURFACE_CURVE('',#2403,(#2407,#2414),.PCURVE_S1.);
#2403 = LINE('',#2404,#2405);
#2404 = CARTESIAN_POINT('',(-2.156970432268,-12.85060715049,
    17.164507939717));
#2405 = VECTOR('',#2406,1.);
#2406 = DIRECTION('',(0.173648177667,0.984807753012,0.));
#2407 = PCURVE('',#1600,#2408);
#2408 = DEFINITIONAL_REPRESENTATION('',(#2409),#2413);
#2409 = LINE('',#2410,#2411);
#2410 = CARTESIAN_POINT('',(0.,0.));
#2411 = VECTOR('',#2412,1.);
#2412 = DIRECTION('',(2.716226524374E-17,1.));
#2413 = ( GEOMETRIC_REPRESENTATION_CONTEXT(2) 
PARAMETRIC_REPRESENTATION_CONTEXT() REPRESENTATION_CONTEXT('2D SPACE',''
  ) );
#2414 = PCURVE('',#2415,#2420);
#2415 = PLANE('',#2416);
#2416 = AXIS2_PLACEMENT_3D('',#2417,#2418,#2419);
#2417 = CARTESIAN_POINT('',(-0.292960651143,-13.17928236721,
    6.430103431884));
#2418 = DIRECTION('',(0.969846310393,-0.171010071663,0.173648177667));
#2419 = DIRECTION('',(-0.171010071663,3.015368960705E-02,0.984807753012)
  );
#2420 = DEFINITIONAL_REPRESENTATION('',(#2421),#2425);
#2421 = LINE('',#2422,#2423);
#2422 = CARTESIAN_POINT('',(10.9,-4.440892098501E-16));
#2423 = VECTOR('',#2424,1.);
#2424 = DIRECTION('',(2.192410928835E-18,-1.));
#2425 = ( GEOMETRIC_REPRESENTATION_CONTEXT(2) 
PARAMETRIC_REPRESENTATION_CONTEXT() REPRESENTATION_CONTEXT('2D SPACE',''
  ) );
#2426 = ORIENTED_EDGE('',*,*,#2427,.T.);
#2427 = EDGE_CURVE('',#2398,#2428,#2430,.T.);
#2428 = VERTEX_POINT('',#2429);
#2429 = CARTESIAN_POINT('',(-1.187124121875,-13.02161722215,
    17.338156117384));
#2430 = SURFACE_CURVE('',#2431,(#2436,#2443),.PCURVE_S1.);
#2431 = CIRCLE('',#2432,1.);
#2432 = AXIS2_PLACEMENT_3D('',#2433,#2434,#2435);
#2433 = CARTESIAN_POINT('',(-1.013475944208,-12.03680946914,
    17.338156117384));
#2434 = DIRECTION('',(-0.171010071663,3.015368960705E-02,0.984807753012)
  );
#2435 = DIRECTION('',(-0.173648177667,-0.984807753012,0.));
#2436 = PCURVE('',#1600,#2437);
#2437 = DEFINITIONAL_REPRESENTATION('',(#2438),#2442);
#2438 = CIRCLE('',#2439,1.);
#2439 = AXIS2_PLACEMENT_2D('',#2440,#2441);
#2440 = CARTESIAN_POINT('',(1.,1.));
#2441 = DIRECTION('',(6.024631407188E-19,-1.));
#2442 = ( GEOMETRIC_REPRESENTATION_CONTEXT(2) 
PARAMETRIC_REPRESENTATION_CONTEXT() REPRESENTATION_CONTEXT('2D SPACE',''
  ) );
#2443 = PCURVE('',#2444,#2449);
#2444 = CYLINDRICAL_SURFACE('',#2445,1.);
#2445 = AXIS2_PLACEMENT_3D('',#2446,#2447,#2448);
#2446 = CARTESIAN_POINT('',(0.850533836916,-12.36548468586,
    6.603751609551));
#2447 = DIRECTION('',(-0.171010071663,3.015368960705E-02,0.984807753012)
  );
#2448 = DIRECTION('',(-0.969846310393,0.171010071663,-0.173648177667));
#2449 = DEFINITIONAL_REPRESENTATION('',(#2450),#2454);
#2450 = LINE('',#2451,#2452);
#2451 = CARTESIAN_POINT('',(-4.712388980385,10.9));
#2452 = VECTOR('',#2453,1.);
#2453 = DIRECTION('',(1.,0.));
#2454 = ( GEOMETRIC_REPRESENTATION_CONTEXT(2) 
PARAMETRIC_REPRESENTATION_CONTEXT() REPRESENTATION_CONTEXT('2D SPACE',''
  ) );
#2455 = ORIENTED_EDGE('',*,*,#2456,.T.);
#2456 = EDGE_CURVE('',#2428,#2457,#2459,.T.);
#2457 = VERTEX_POINT('',#2458);
#2458 = CARTESIAN_POINT('',(0.267645343714,-13.27813232965,
    17.598628383884));
#2459 = SURFACE_CURVE('',#2460,(#2464,#2471),.PCURVE_S1.);
#2460 = LINE('',#2461,#2462);
#2461 = CARTESIAN_POINT('',(-2.156970432268,-12.85060715049,
    17.164507939717));
#2462 = VECTOR('',#2463,1.);
#2463 = DIRECTION('',(0.969846310393,-0.171010071663,0.173648177667));
#2464 = PCURVE('',#1600,#2465);
#2465 = DEFINITIONAL_REPRESENTATION('',(#2466),#2470);
#2466 = LINE('',#2467,#2468);
#2467 = CARTESIAN_POINT('',(0.,0.));
#2468 = VECTOR('',#2469,1.);
#2469 = DIRECTION('',(1.,2.775557561563E-17));
#2470 = ( GEOMETRIC_REPRESENTATION_CONTEXT(2) 
PARAMETRIC_REPRESENTATION_CONTEXT() REPRESENTATION_CONTEXT('2D SPACE',''
  ) );
#2471 = PCURVE('',#2472,#2477);
#2472 = PLANE('',#2473);
#2473 = AXIS2_PLACEMENT_3D('',#2474,#2475,#2476);
#2474 = CARTESIAN_POINT('',(-0.292960651143,-13.17928236721,
    6.430103431884));
#2475 = DIRECTION('',(0.173648177667,0.984807753012,0.));
#2476 = DIRECTION('',(-0.171010071663,3.015368960705E-02,0.984807753012)
  );
#2477 = DEFINITIONAL_REPRESENTATION('',(#2478),#2482);
#2478 = LINE('',#2479,#2480);
#2479 = CARTESIAN_POINT('',(10.9,0.));
#2480 = VECTOR('',#2481,1.);
#2481 = DIRECTION('',(2.775557561563E-17,1.));
#2482 = ( GEOMETRIC_REPRESENTATION_CONTEXT(2) 
PARAMETRIC_REPRESENTATION_CONTEXT() REPRESENTATION_CONTEXT('2D SPACE',''
  ) );
#2483 = ORIENTED_EDGE('',*,*,#2484,.F.);
#2484 = EDGE_CURVE('',#1586,#2457,#2485,.T.);
#2485 = SURFACE_CURVE('',#2486,(#2491,#2502),.PCURVE_S1.);
#2486 = CIRCLE('',#2487,1.);
#2487 = AXIS2_PLACEMENT_3D('',#2488,#2489,#2490);
#2488 = CARTESIAN_POINT('',(0.441293521381,-12.29332457664,
    17.598628383884));
#2489 = DIRECTION('',(0.171010071663,-3.015368960705E-02,-0.984807753012
    ));
#2490 = DIRECTION('',(-0.173648177667,-0.984807753012,0.));
#2491 = PCURVE('',#1600,#2492);
#2492 = DEFINITIONAL_REPRESENTATION('',(#2493),#2501);
#2493 = ( BOUNDED_CURVE() B_SPLINE_CURVE(2,(#2494,#2495,#2496,#2497,
#2498,#2499,#2500),.UNSPECIFIED.,.T.,.F.) B_SPLINE_CURVE_WITH_KNOTS((1,2
    ,2,2,2,1),(-2.094395102393,0.,2.094395102393,4.188790204786,
6.28318530718,8.377580409573),.UNSPECIFIED.) CURVE() 
GEOMETRIC_REPRESENTATION_ITEM() RATIONAL_B_SPLINE_CURVE((1.,0.5,1.,0.5,
1.,0.5,1.)) REPRESENTATION_ITEM('') );
#2494 = CARTESIAN_POINT('',(2.5,-6.661338147751E-16));
#2495 = CARTESIAN_POINT('',(0.767949192431,-6.661338147751E-16));
#2496 = CARTESIAN_POINT('',(1.633974596216,1.5));
#2497 = CARTESIAN_POINT('',(2.5,3.));
#2498 = CARTESIAN_POINT('',(3.366025403784,1.5));
#2499 = CARTESIAN_POINT('',(4.232050807569,8.881784197001E-16));
#2500 = CARTESIAN_POINT('',(2.5,-6.661338147751E-16));
#2501 = ( GEOMETRIC_REPRESENTATION_CONTEXT(2) 
PARAMETRIC_REPRESENTATION_CONTEXT() REPRESENTATION_CONTEXT('2D SPACE',''
  ) );
#2502 = PCURVE('',#1676,#2503);
#2503 = DEFINITIONAL_REPRESENTATION('',(#2504),#2508);
#2504 = LINE('',#2505,#2506);
#2505 = CARTESIAN_POINT('',(4.712388980385,10.9));
#2506 = VECTOR('',#2507,1.);
#2507 = DIRECTION('',(-1.,0.));
#2508 = ( GEOMETRIC_REPRESENTATION_CONTEXT(2) 
PARAMETRIC_REPRESENTATION_CONTEXT() REPRESENTATION_CONTEXT('2D SPACE',''
  ) );
#2509 = ORIENTED_EDGE('',*,*,#1583,.F.);
#2510 = ORIENTED_EDGE('',*,*,#2511,.T.);
#2511 = EDGE_CURVE('',#1584,#2512,#2514,.T.);
#2512 = VERTEX_POINT('',#2513);
#2513 = CARTESIAN_POINT('',(4.678309056454,11.735984596857,
    17.598628383884));
#2514 = SURFACE_CURVE('',#2515,(#2520,#2527),.PCURVE_S1.);
#2515 = CIRCLE('',#2516,1.);
#2516 = AXIS2_PLACEMENT_3D('',#2517,#2518,#2519);
#2517 = CARTESIAN_POINT('',(4.504660878787,10.751176843845,
    17.598628383884));
#2518 = DIRECTION('',(-0.171010071663,3.015368960705E-02,0.984807753012)
  );
#2519 = DIRECTION('',(-0.173648177667,-0.984807753012,0.));
#2520 = PCURVE('',#1600,#2521);
#2521 = DEFINITIONAL_REPRESENTATION('',(#2522),#2526);
#2522 = CIRCLE('',#2523,1.);
#2523 = AXIS2_PLACEMENT_2D('',#2524,#2525);
#2524 = CARTESIAN_POINT('',(2.5,24.4));
#2525 = DIRECTION('',(6.024631407188E-19,-1.));
#2526 = ( GEOMETRIC_REPRESENTATION_CONTEXT(2) 
PARAMETRIC_REPRESENTATION_CONTEXT() REPRESENTATION_CONTEXT('2D SPACE',''
  ) );
#2527 = PCURVE('',#1626,#2528);
#2528 = DEFINITIONAL_REPRESENTATION('',(#2529),#2533);
#2529 = LINE('',#2530,#2531);
#2530 = CARTESIAN_POINT('',(-1.570796326795,10.9));
#2531 = VECTOR('',#2532,1.);
#2532 = DIRECTION('',(1.,0.));
#2533 = ( GEOMETRIC_REPRESENTATION_CONTEXT(2) 
PARAMETRIC_REPRESENTATION_CONTEXT() REPRESENTATION_CONTEXT('2D SPACE',''
  ) );
#2534 = ORIENTED_EDGE('',*,*,#2535,.F.);
#2535 = EDGE_CURVE('',#2536,#2512,#2538,.T.);
#2536 = VERTEX_POINT('',#2537);
#2537 = CARTESIAN_POINT('',(3.223539590865,11.992499704352,
    17.338156117384));
#2538 = SURFACE_CURVE('',#2539,(#2543,#2550),.PCURVE_S1.);
#2539 = LINE('',#2540,#2541);
#2540 = CARTESIAN_POINT('',(2.253693280472,12.163509776014,
    17.164507939717));
#2541 = VECTOR('',#2542,1.);
#2542 = DIRECTION('',(0.969846310393,-0.171010071663,0.173648177667));
#2543 = PCURVE('',#1600,#2544);
#2544 = DEFINITIONAL_REPRESENTATION('',(#2545),#2549);
#2545 = LINE('',#2546,#2547);
#2546 = CARTESIAN_POINT('',(0.,25.4));
#2547 = VECTOR('',#2548,1.);
#2548 = DIRECTION('',(1.,2.775557561563E-17));
#2549 = ( GEOMETRIC_REPRESENTATION_CONTEXT(2) 
PARAMETRIC_REPRESENTATION_CONTEXT() REPRESENTATION_CONTEXT('2D SPACE',''
  ) );
#2550 = PCURVE('',#2551,#2556);
#2551 = PLANE('',#2552);
#2552 = AXIS2_PLACEMENT_3D('',#2553,#2554,#2555);
#2553 = CARTESIAN_POINT('',(4.117703061597,11.834834559298,
    6.430103431884));
#2554 = DIRECTION('',(0.173648177667,0.984807753012,0.));
#2555 = DIRECTION('',(-0.171010071663,3.015368960705E-02,0.984807753012)
  );
#2556 = DEFINITIONAL_REPRESENTATION('',(#2557),#2561);
#2557 = LINE('',#2558,#2559);
#2558 = CARTESIAN_POINT('',(10.9,4.440892098501E-16));
#2559 = VECTOR('',#2560,1.);
#2560 = DIRECTION('',(2.775557561563E-17,1.));
#2561 = ( GEOMETRIC_REPRESENTATION_CONTEXT(2) 
PARAMETRIC_REPRESENTATION_CONTEXT() REPRESENTATION_CONTEXT('2D SPACE',''
  ) );
#2562 = ORIENTED_EDGE('',*,*,#2563,.F.);
#2563 = EDGE_CURVE('',#2400,#2536,#2564,.T.);
#2564 = SURFACE_CURVE('',#2565,(#2570,#2581),.PCURVE_S1.);
#2565 = CIRCLE('',#2566,1.);
#2566 = AXIS2_PLACEMENT_3D('',#2567,#2568,#2569);
#2567 = CARTESIAN_POINT('',(3.049891413198,11.007691951339,
    17.338156117384));
#2568 = DIRECTION('',(0.171010071663,-3.015368960705E-02,-0.984807753012
    ));
#2569 = DIRECTION('',(-0.173648177667,-0.984807753012,0.));
#2570 = PCURVE('',#1600,#2571);
#2571 = DEFINITIONAL_REPRESENTATION('',(#2572),#2580);
#2572 = ( BOUNDED_CURVE() B_SPLINE_CURVE(2,(#2573,#2574,#2575,#2576,
#2577,#2578,#2579),.UNSPECIFIED.,.T.,.F.) B_SPLINE_CURVE_WITH_KNOTS((1,2
    ,2,2,2,1),(-2.094395102393,0.,2.094395102393,4.188790204786,
6.28318530718,8.377580409573),.UNSPECIFIED.) CURVE() 
GEOMETRIC_REPRESENTATION_ITEM() RATIONAL_B_SPLINE_CURVE((1.,0.5,1.,0.5,
1.,0.5,1.)) REPRESENTATION_ITEM('') );
#2573 = CARTESIAN_POINT('',(1.,23.4));
#2574 = CARTESIAN_POINT('',(-0.732050807569,23.4));
#2575 = CARTESIAN_POINT('',(0.133974596216,24.9));
#2576 = CARTESIAN_POINT('',(1.,26.4));
#2577 = CARTESIAN_POINT('',(1.866025403784,24.9));
#2578 = CARTESIAN_POINT('',(2.732050807569,23.4));
#2579 = CARTESIAN_POINT('',(1.,23.4));
#2580 = ( GEOMETRIC_REPRESENTATION_CONTEXT(2) 
PARAMETRIC_REPRESENTATION_CONTEXT() REPRESENTATION_CONTEXT('2D SPACE',''
  ) );
#2581 = PCURVE('',#2582,#2587);
#2582 = CYLINDRICAL_SURFACE('',#2583,1.);
#2583 = AXIS2_PLACEMENT_3D('',#2584,#2585,#2586);
#2584 = CARTESIAN_POINT('',(4.913901194323,10.679016734623,
    6.603751609551));
#2585 = DIRECTION('',(-0.171010071663,3.015368960705E-02,0.984807753012)
  );
#2586 = DIRECTION('',(-0.969846310393,0.171010071663,-0.173648177667));
#2587 = DEFINITIONAL_REPRESENTATION('',(#2588),#2592);
#2588 = LINE('',#2589,#2590);
#2589 = CARTESIAN_POINT('',(1.570796326795,10.9));
#2590 = VECTOR('',#2591,1.);
#2591 = DIRECTION('',(-1.,0.));
#2592 = ( GEOMETRIC_REPRESENTATION_CONTEXT(2) 
PARAMETRIC_REPRESENTATION_CONTEXT() REPRESENTATION_CONTEXT('2D SPACE',''
  ) );
#2593 = ADVANCED_FACE('',(#2594),#1676,.F.);
#2594 = FACE_BOUND('',#2595,.T.);
#2595 = EDGE_LOOP('',(#2596,#2597,#2625,#2646));
#2596 = ORIENTED_EDGE('',*,*,#1663,.F.);
#2597 = ORIENTED_EDGE('',*,*,#2598,.T.);
#2598 = EDGE_CURVE('',#1638,#2599,#2601,.T.);
#2599 = VERTEX_POINT('',#2600);
#2600 = CARTESIAN_POINT('',(2.131655124839,-13.60680754637,
    6.864223876051));
#2601 = SURFACE_CURVE('',#2602,(#2607,#2614),.PCURVE_S1.);
#2602 = CIRCLE('',#2603,1.);
#2603 = AXIS2_PLACEMENT_3D('',#2604,#2605,#2606);
#2604 = CARTESIAN_POINT('',(2.305303302506,-12.62199979335,
    6.864223876051));
#2605 = DIRECTION('',(0.171010071663,-3.015368960705E-02,-0.984807753012
    ));
#2606 = DIRECTION('',(-0.173648177667,-0.984807753012,0.));
#2607 = PCURVE('',#1676,#2608);
#2608 = DEFINITIONAL_REPRESENTATION('',(#2609),#2613);
#2609 = LINE('',#2610,#2611);
#2610 = CARTESIAN_POINT('',(4.712388980385,-0.));
#2611 = VECTOR('',#2612,1.);
#2612 = DIRECTION('',(-1.,0.));
#2613 = ( GEOMETRIC_REPRESENTATION_CONTEXT(2) 
PARAMETRIC_REPRESENTATION_CONTEXT() REPRESENTATION_CONTEXT('2D SPACE',''
  ) );
#2614 = PCURVE('',#1652,#2615);
#2615 = DEFINITIONAL_REPRESENTATION('',(#2616),#2624);
#2616 = ( BOUNDED_CURVE() B_SPLINE_CURVE(2,(#2617,#2618,#2619,#2620,
#2621,#2622,#2623),.UNSPECIFIED.,.T.,.F.) B_SPLINE_CURVE_WITH_KNOTS((1,2
    ,2,2,2,1),(-2.094395102393,0.,2.094395102393,4.188790204786,
6.28318530718,8.377580409573),.UNSPECIFIED.) CURVE() 
GEOMETRIC_REPRESENTATION_ITEM() RATIONAL_B_SPLINE_CURVE((1.,0.5,1.,0.5,
1.,0.5,1.)) REPRESENTATION_ITEM('') );
#2617 = CARTESIAN_POINT('',(2.5,-8.881784197001E-16));
#2618 = CARTESIAN_POINT('',(0.767949192431,-8.881784197001E-16));
#2619 = CARTESIAN_POINT('',(1.633974596216,1.5));
#2620 = CARTESIAN_POINT('',(2.5,3.));
#2621 = CARTESIAN_POINT('',(3.366025403784,1.5));
#2622 = CARTESIAN_POINT('',(4.232050807569,6.661338147751E-16));
#2623 = CARTESIAN_POINT('',(2.5,-8.881784197001E-16));
#2624 = ( GEOMETRIC_REPRESENTATION_CONTEXT(2) 
PARAMETRIC_REPRESENTATION_CONTEXT() REPRESENTATION_CONTEXT('2D SPACE',''
  ) );
#2625 = ORIENTED_EDGE('',*,*,#2626,.T.);
#2626 = EDGE_CURVE('',#2599,#2457,#2627,.T.);
#2627 = SURFACE_CURVE('',#2628,(#2632,#2639),.PCURVE_S1.);
#2628 = LINE('',#2629,#2630);
#2629 = CARTESIAN_POINT('',(2.131655124839,-13.60680754637,
    6.864223876051));
#2630 = VECTOR('',#2631,1.);
#2631 = DIRECTION('',(-0.171010071663,3.015368960705E-02,0.984807753012)
  );
#2632 = PCURVE('',#1676,#2633);
#2633 = DEFINITIONAL_REPRESENTATION('',(#2634),#2638);
#2634 = LINE('',#2635,#2636);
#2635 = CARTESIAN_POINT('',(-1.570796326795,0.));
#2636 = VECTOR('',#2637,1.);
#2637 = DIRECTION('',(-0.,1.));
#2638 = ( GEOMETRIC_REPRESENTATION_CONTEXT(2) 
PARAMETRIC_REPRESENTATION_CONTEXT() REPRESENTATION_CONTEXT('2D SPACE',''
  ) );
#2639 = PCURVE('',#2472,#2640);
#2640 = DEFINITIONAL_REPRESENTATION('',(#2641),#2645);
#2641 = LINE('',#2642,#2643);
#2642 = CARTESIAN_POINT('',(-3.885780586188E-16,2.5));
#2643 = VECTOR('',#2644,1.);
#2644 = DIRECTION('',(1.,2.775557561563E-17));
#2645 = ( GEOMETRIC_REPRESENTATION_CONTEXT(2) 
PARAMETRIC_REPRESENTATION_CONTEXT() REPRESENTATION_CONTEXT('2D SPACE',''
  ) );
#2646 = ORIENTED_EDGE('',*,*,#2484,.F.);
#2647 = ADVANCED_FACE('',(#2648),#1652,.T.);
#2648 = FACE_BOUND('',#2649,.T.);
#2649 = EDGE_LOOP('',(#2650,#2675,#2699,#2720,#2721,#2722,#2746,#2769));
#2650 = ORIENTED_EDGE('',*,*,#2651,.F.);
#2651 = EDGE_CURVE('',#2652,#2654,#2656,.T.);
#2652 = VERTEX_POINT('',#2653);
#2653 = CARTESIAN_POINT('',(-0.119312473477,-12.1944746142,
    6.430103431884));
#2654 = VERTEX_POINT('',#2655);
#2655 = CARTESIAN_POINT('',(3.94405488393,10.850026806285,6.430103431884
    ));
#2656 = SURFACE_CURVE('',#2657,(#2661,#2668),.PCURVE_S1.);
#2657 = LINE('',#2658,#2659);
#2658 = CARTESIAN_POINT('',(-0.292960651143,-13.17928236721,
    6.430103431884));
#2659 = VECTOR('',#2660,1.);
#2660 = DIRECTION('',(0.173648177667,0.984807753012,0.));
#2661 = PCURVE('',#1652,#2662);
#2662 = DEFINITIONAL_REPRESENTATION('',(#2663),#2667);
#2663 = LINE('',#2664,#2665);
#2664 = CARTESIAN_POINT('',(0.,0.));
#2665 = VECTOR('',#2666,1.);
#2666 = DIRECTION('',(2.716226524374E-17,1.));
#2667 = ( GEOMETRIC_REPRESENTATION_CONTEXT(2) 
PARAMETRIC_REPRESENTATION_CONTEXT() REPRESENTATION_CONTEXT('2D SPACE',''
  ) );
#2668 = PCURVE('',#2415,#2669);
#2669 = DEFINITIONAL_REPRESENTATION('',(#2670),#2674);
#2670 = LINE('',#2671,#2672);
#2671 = CARTESIAN_POINT('',(0.,0.));
#2672 = VECTOR('',#2673,1.);
#2673 = DIRECTION('',(2.192410928835E-18,-1.));
#2674 = ( GEOMETRIC_REPRESENTATION_CONTEXT(2) 
PARAMETRIC_REPRESENTATION_CONTEXT() REPRESENTATION_CONTEXT('2D SPACE',''
  ) );
#2675 = ORIENTED_EDGE('',*,*,#2676,.T.);
#2676 = EDGE_CURVE('',#2652,#2677,#2679,.T.);
#2677 = VERTEX_POINT('',#2678);
#2678 = CARTESIAN_POINT('',(0.676885659249,-13.35029243887,
    6.603751609551));
#2679 = SURFACE_CURVE('',#2680,(#2685,#2692),.PCURVE_S1.);
#2680 = CIRCLE('',#2681,1.);
#2681 = AXIS2_PLACEMENT_3D('',#2682,#2683,#2684);
#2682 = CARTESIAN_POINT('',(0.850533836916,-12.36548468586,
    6.603751609551));
#2683 = DIRECTION('',(-0.171010071663,3.015368960705E-02,0.984807753012)
  );
#2684 = DIRECTION('',(-0.173648177667,-0.984807753012,0.));
#2685 = PCURVE('',#1652,#2686);
#2686 = DEFINITIONAL_REPRESENTATION('',(#2687),#2691);
#2687 = CIRCLE('',#2688,1.);
#2688 = AXIS2_PLACEMENT_2D('',#2689,#2690);
#2689 = CARTESIAN_POINT('',(1.,1.));
#2690 = DIRECTION('',(6.024631407188E-19,-1.));
#2691 = ( GEOMETRIC_REPRESENTATION_CONTEXT(2) 
PARAMETRIC_REPRESENTATION_CONTEXT() REPRESENTATION_CONTEXT('2D SPACE',''
  ) );
#2692 = PCURVE('',#2444,#2693);
#2693 = DEFINITIONAL_REPRESENTATION('',(#2694),#2698);
#2694 = LINE('',#2695,#2696);
#2695 = CARTESIAN_POINT('',(-4.712388980385,0.));
#2696 = VECTOR('',#2697,1.);
#2697 = DIRECTION('',(1.,0.));
#2698 = ( GEOMETRIC_REPRESENTATION_CONTEXT(2) 
PARAMETRIC_REPRESENTATION_CONTEXT() REPRESENTATION_CONTEXT('2D SPACE',''
  ) );
#2699 = ORIENTED_EDGE('',*,*,#2700,.T.);
#2700 = EDGE_CURVE('',#2677,#2599,#2701,.T.);
#2701 = SURFACE_CURVE('',#2702,(#2706,#2713),.PCURVE_S1.);
#2702 = LINE('',#2703,#2704);
#2703 = CARTESIAN_POINT('',(-0.292960651143,-13.17928236721,
    6.430103431884));
#2704 = VECTOR('',#2705,1.);
#2705 = DIRECTION('',(0.969846310393,-0.171010071663,0.173648177667));
#2706 = PCURVE('',#1652,#2707);
#2707 = DEFINITIONAL_REPRESENTATION('',(#2708),#2712);
#2708 = LINE('',#2709,#2710);
#2709 = CARTESIAN_POINT('',(0.,0.));
#2710 = VECTOR('',#2711,1.);
#2711 = DIRECTION('',(1.,2.775557561563E-17));
#2712 = ( GEOMETRIC_REPRESENTATION_CONTEXT(2) 
PARAMETRIC_REPRESENTATION_CONTEXT() REPRESENTATION_CONTEXT('2D SPACE',''
  ) );
#2713 = PCURVE('',#2472,#2714);
#2714 = DEFINITIONAL_REPRESENTATION('',(#2715),#2719);
#2715 = LINE('',#2716,#2717);
#2716 = CARTESIAN_POINT('',(0.,0.));
#2717 = VECTOR('',#2718,1.);
#2718 = DIRECTION('',(2.775557561563E-17,1.));
#2719 = ( GEOMETRIC_REPRESENTATION_CONTEXT(2) 
PARAMETRIC_REPRESENTATION_CONTEXT() REPRESENTATION_CONTEXT('2D SPACE',''
  ) );
#2720 = ORIENTED_EDGE('',*,*,#2598,.F.);
#2721 = ORIENTED_EDGE('',*,*,#1637,.F.);
#2722 = ORIENTED_EDGE('',*,*,#2723,.T.);
#2723 = EDGE_CURVE('',#1612,#2724,#2726,.T.);
#2724 = VERTEX_POINT('',#2725);
#2725 = CARTESIAN_POINT('',(6.542318837579,11.40730938014,6.864223876051
    ));
#2726 = SURFACE_CURVE('',#2727,(#2732,#2739),.PCURVE_S1.);
#2727 = CIRCLE('',#2728,1.);
#2728 = AXIS2_PLACEMENT_3D('',#2729,#2730,#2731);
#2729 = CARTESIAN_POINT('',(6.368670659912,10.422501627128,
    6.864223876051));
#2730 = DIRECTION('',(-0.171010071663,3.015368960705E-02,0.984807753012)
  );
#2731 = DIRECTION('',(-0.173648177667,-0.984807753012,0.));
#2732 = PCURVE('',#1652,#2733);
#2733 = DEFINITIONAL_REPRESENTATION('',(#2734),#2738);
#2734 = CIRCLE('',#2735,1.);
#2735 = AXIS2_PLACEMENT_2D('',#2736,#2737);
#2736 = CARTESIAN_POINT('',(2.5,24.4));
#2737 = DIRECTION('',(6.024631407188E-19,-1.));
#2738 = ( GEOMETRIC_REPRESENTATION_CONTEXT(2) 
PARAMETRIC_REPRESENTATION_CONTEXT() REPRESENTATION_CONTEXT('2D SPACE',''
  ) );
#2739 = PCURVE('',#1626,#2740);
#2740 = DEFINITIONAL_REPRESENTATION('',(#2741),#2745);
#2741 = LINE('',#2742,#2743);
#2742 = CARTESIAN_POINT('',(-1.570796326795,0.));
#2743 = VECTOR('',#2744,1.);
#2744 = DIRECTION('',(1.,0.));
#2745 = ( GEOMETRIC_REPRESENTATION_CONTEXT(2) 
PARAMETRIC_REPRESENTATION_CONTEXT() REPRESENTATION_CONTEXT('2D SPACE',''
  ) );
#2746 = ORIENTED_EDGE('',*,*,#2747,.F.);
#2747 = EDGE_CURVE('',#2748,#2724,#2750,.T.);
#2748 = VERTEX_POINT('',#2749);
#2749 = CARTESIAN_POINT('',(5.08754937199,11.663824487635,6.603751609551
    ));
#2750 = SURFACE_CURVE('',#2751,(#2755,#2762),.PCURVE_S1.);
#2751 = LINE('',#2752,#2753);
#2752 = CARTESIAN_POINT('',(4.117703061597,11.834834559298,
    6.430103431884));
#2753 = VECTOR('',#2754,1.);
#2754 = DIRECTION('',(0.969846310393,-0.171010071663,0.173648177667));
#2755 = PCURVE('',#1652,#2756);
#2756 = DEFINITIONAL_REPRESENTATION('',(#2757),#2761);
#2757 = LINE('',#2758,#2759);
#2758 = CARTESIAN_POINT('',(0.,25.4));
#2759 = VECTOR('',#2760,1.);
#2760 = DIRECTION('',(1.,2.775557561563E-17));
#2761 = ( GEOMETRIC_REPRESENTATION_CONTEXT(2) 
PARAMETRIC_REPRESENTATION_CONTEXT() REPRESENTATION_CONTEXT('2D SPACE',''
  ) );
#2762 = PCURVE('',#2551,#2763);
#2763 = DEFINITIONAL_REPRESENTATION('',(#2764),#2768);
#2764 = LINE('',#2765,#2766);
#2765 = CARTESIAN_POINT('',(0.,0.));
#2766 = VECTOR('',#2767,1.);
#2767 = DIRECTION('',(2.775557561563E-17,1.));
#2768 = ( GEOMETRIC_REPRESENTATION_CONTEXT(2) 
PARAMETRIC_REPRESENTATION_CONTEXT() REPRESENTATION_CONTEXT('2D SPACE',''
  ) );
#2769 = ORIENTED_EDGE('',*,*,#2770,.F.);
#2770 = EDGE_CURVE('',#2654,#2748,#2771,.T.);
#2771 = SURFACE_CURVE('',#2772,(#2777,#2788),.PCURVE_S1.);
#2772 = CIRCLE('',#2773,1.);
#2773 = AXIS2_PLACEMENT_3D('',#2774,#2775,#2776);
#2774 = CARTESIAN_POINT('',(4.913901194323,10.679016734623,
    6.603751609551));
#2775 = DIRECTION('',(0.171010071663,-3.015368960705E-02,-0.984807753012
    ));
#2776 = DIRECTION('',(-0.173648177667,-0.984807753012,0.));
#2777 = PCURVE('',#1652,#2778);
#2778 = DEFINITIONAL_REPRESENTATION('',(#2779),#2787);
#2779 = ( BOUNDED_CURVE() B_SPLINE_CURVE(2,(#2780,#2781,#2782,#2783,
#2784,#2785,#2786),.UNSPECIFIED.,.T.,.F.) B_SPLINE_CURVE_WITH_KNOTS((1,2
    ,2,2,2,1),(-2.094395102393,0.,2.094395102393,4.188790204786,
6.28318530718,8.377580409573),.UNSPECIFIED.) CURVE() 
GEOMETRIC_REPRESENTATION_ITEM() RATIONAL_B_SPLINE_CURVE((1.,0.5,1.,0.5,
1.,0.5,1.)) REPRESENTATION_ITEM('') );
#2780 = CARTESIAN_POINT('',(1.,23.4));
#2781 = CARTESIAN_POINT('',(-0.732050807569,23.4));
#2782 = CARTESIAN_POINT('',(0.133974596216,24.9));
#2783 = CARTESIAN_POINT('',(1.,26.4));
#2784 = CARTESIAN_POINT('',(1.866025403784,24.9));
#2785 = CARTESIAN_POINT('',(2.732050807569,23.4));
#2786 = CARTESIAN_POINT('',(1.,23.4));
#2787 = ( GEOMETRIC_REPRESENTATION_CONTEXT(2) 
PARAMETRIC_REPRESENTATION_CONTEXT() REPRESENTATION_CONTEXT('2D SPACE',''
  ) );
#2788 = PCURVE('',#2582,#2789);
#2789 = DEFINITIONAL_REPRESENTATION('',(#2790),#2794);
#2790 = LINE('',#2791,#2792);
#2791 = CARTESIAN_POINT('',(1.570796326795,-0.));
#2792 = VECTOR('',#2793,1.);
#2793 = DIRECTION('',(-1.,0.));
#2794 = ( GEOMETRIC_REPRESENTATION_CONTEXT(2) 
PARAMETRIC_REPRESENTATION_CONTEXT() REPRESENTATION_CONTEXT('2D SPACE',''
  ) );
#2795 = ADVANCED_FACE('',(#2796),#1626,.F.);
#2796 = FACE_BOUND('',#2797,.F.);
#2797 = EDGE_LOOP('',(#2798,#2799,#2800,#2821));
#2798 = ORIENTED_EDGE('',*,*,#1611,.F.);
#2799 = ORIENTED_EDGE('',*,*,#2723,.T.);
#2800 = ORIENTED_EDGE('',*,*,#2801,.T.);
#2801 = EDGE_CURVE('',#2724,#2512,#2802,.T.);
#2802 = SURFACE_CURVE('',#2803,(#2807,#2814),.PCURVE_S1.);
#2803 = LINE('',#2804,#2805);
#2804 = CARTESIAN_POINT('',(6.542318837579,11.40730938014,6.864223876051
    ));
#2805 = VECTOR('',#2806,1.);
#2806 = DIRECTION('',(-0.171010071663,3.015368960705E-02,0.984807753012)
  );
#2807 = PCURVE('',#1626,#2808);
#2808 = DEFINITIONAL_REPRESENTATION('',(#2809),#2813);
#2809 = LINE('',#2810,#2811);
#2810 = CARTESIAN_POINT('',(1.570796326795,0.));
#2811 = VECTOR('',#2812,1.);
#2812 = DIRECTION('',(0.,1.));
#2813 = ( GEOMETRIC_REPRESENTATION_CONTEXT(2) 
PARAMETRIC_REPRESENTATION_CONTEXT() REPRESENTATION_CONTEXT('2D SPACE',''
  ) );
#2814 = PCURVE('',#2551,#2815);
#2815 = DEFINITIONAL_REPRESENTATION('',(#2816),#2820);
#2816 = LINE('',#2817,#2818);
#2817 = CARTESIAN_POINT('',(-3.885780586188E-16,2.5));
#2818 = VECTOR('',#2819,1.);
#2819 = DIRECTION('',(1.,2.775557561563E-17));
#2820 = ( GEOMETRIC_REPRESENTATION_CONTEXT(2) 
PARAMETRIC_REPRESENTATION_CONTEXT() REPRESENTATION_CONTEXT('2D SPACE',''
  ) );
#2821 = ORIENTED_EDGE('',*,*,#2511,.F.);
#2822 = ADVANCED_FACE('',(#2823),#1708,.T.);
#2823 = FACE_BOUND('',#2824,.F.);
#2824 = EDGE_LOOP('',(#2825,#2826,#2827,#2828));
#2825 = ORIENTED_EDGE('',*,*,#2321,.F.);
#2826 = ORIENTED_EDGE('',*,*,#1693,.T.);
#2827 = ORIENTED_EDGE('',*,*,#2347,.T.);
#2828 = ORIENTED_EDGE('',*,*,#2829,.F.);
#2829 = EDGE_CURVE('',#2299,#2348,#2830,.T.);
#2830 = SURFACE_CURVE('',#2831,(#2836,#2843),.PCURVE_S1.);
#2831 = CIRCLE('',#2832,1.);
#2832 = AXIS2_PLACEMENT_3D('',#2833,#2834,#2835);
#2833 = CARTESIAN_POINT('',(2.406294755446,12.13660201868,
    19.222684016352));
#2834 = DIRECTION('',(0.171010071663,-3.015368960705E-02,-0.984807753012
    ));
#2835 = DIRECTION('',(0.173648177667,0.984807753012,7.711528201201E-17)
  );
#2836 = PCURVE('',#1708,#2837);
#2837 = DEFINITIONAL_REPRESENTATION('',(#2838),#2842);
#2838 = LINE('',#2839,#2840);
#2839 = CARTESIAN_POINT('',(-0.,1.570796326795));
#2840 = VECTOR('',#2841,1.);
#2841 = DIRECTION('',(-1.,0.));
#2842 = ( GEOMETRIC_REPRESENTATION_CONTEXT(2) 
PARAMETRIC_REPRESENTATION_CONTEXT() REPRESENTATION_CONTEXT('2D SPACE',''
  ) );
#2843 = PCURVE('',#1814,#2844);
#2844 = DEFINITIONAL_REPRESENTATION('',(#2845),#2853);
#2845 = ( BOUNDED_CURVE() B_SPLINE_CURVE(2,(#2846,#2847,#2848,#2849,
#2850,#2851,#2852),.UNSPECIFIED.,.T.,.F.) B_SPLINE_CURVE_WITH_KNOTS((1,2
    ,2,2,2,1),(-2.094395102393,0.,2.094395102393,4.188790204786,
6.28318530718,8.377580409573),.UNSPECIFIED.) CURVE() 
GEOMETRIC_REPRESENTATION_ITEM() RATIONAL_B_SPLINE_CURVE((1.,0.5,1.,0.5,
1.,0.5,1.)) REPRESENTATION_ITEM('') );
#2846 = CARTESIAN_POINT('',(11.8,28.4));
#2847 = CARTESIAN_POINT('',(13.532050807569,28.4));
#2848 = CARTESIAN_POINT('',(12.666025403784,26.9));
#2849 = CARTESIAN_POINT('',(11.8,25.4));
#2850 = CARTESIAN_POINT('',(10.933974596216,26.9));
#2851 = CARTESIAN_POINT('',(10.067949192431,28.4));
#2852 = CARTESIAN_POINT('',(11.8,28.4));
#2853 = ( GEOMETRIC_REPRESENTATION_CONTEXT(2) 
PARAMETRIC_REPRESENTATION_CONTEXT() REPRESENTATION_CONTEXT('2D SPACE',''
  ) );
#2854 = ADVANCED_FACE('',(#2855),#1814,.T.);
#2855 = FACE_BOUND('',#2856,.T.);
#2856 = EDGE_LOOP('',(#2857,#2858,#2859,#2860,#2861,#2862,#2863,#2864,
    #2865,#2866,#2867,#2890,#2918,#2945,#2973,#2994));
#2857 = ORIENTED_EDGE('',*,*,#1835,.F.);
#2858 = ORIENTED_EDGE('',*,*,#1799,.F.);
#2859 = ORIENTED_EDGE('',*,*,#2161,.F.);
#2860 = ORIENTED_EDGE('',*,*,#2268,.F.);
#2861 = ORIENTED_EDGE('',*,*,#2371,.F.);
#2862 = ORIENTED_EDGE('',*,*,#2829,.F.);
#2863 = ORIENTED_EDGE('',*,*,#2298,.F.);
#2864 = ORIENTED_EDGE('',*,*,#2213,.F.);
#2865 = ORIENTED_EDGE('',*,*,#2089,.F.);
#2866 = ORIENTED_EDGE('',*,*,#2040,.T.);
#2867 = ORIENTED_EDGE('',*,*,#2868,.T.);
#2868 = EDGE_CURVE('',#2041,#2869,#2871,.T.);
#2869 = VERTEX_POINT('',#2870);
#2870 = CARTESIAN_POINT('',(-7.098199086405,13.812500720976,
    17.520931875216));
#2871 = SURFACE_CURVE('',#2872,(#2876,#2883),.PCURVE_S1.);
#2872 = LINE('',#2873,#2874);
#2873 = CARTESIAN_POINT('',(-11.50886279914,-11.20161620553,
    17.520931875216));
#2874 = VECTOR('',#2875,1.);
#2875 = DIRECTION('',(0.173648177667,0.984807753012,0.));
#2876 = PCURVE('',#1814,#2877);
#2877 = DEFINITIONAL_REPRESENTATION('',(#2878),#2882);
#2878 = LINE('',#2879,#2880);
#2879 = CARTESIAN_POINT('',(2.,2.));
#2880 = VECTOR('',#2881,1.);
#2881 = DIRECTION('',(8.504665796254E-17,1.));
#2882 = ( GEOMETRIC_REPRESENTATION_CONTEXT(2) 
PARAMETRIC_REPRESENTATION_CONTEXT() REPRESENTATION_CONTEXT('2D SPACE',''
  ) );
#2883 = PCURVE('',#1926,#2884);
#2884 = DEFINITIONAL_REPRESENTATION('',(#2885),#2889);
#2885 = LINE('',#2886,#2887);
#2886 = CARTESIAN_POINT('',(2.,5.759281940243E-16));
#2887 = VECTOR('',#2888,1.);
#2888 = DIRECTION('',(-7.300555021309E-18,-1.));
#2889 = ( GEOMETRIC_REPRESENTATION_CONTEXT(2) 
PARAMETRIC_REPRESENTATION_CONTEXT() REPRESENTATION_CONTEXT('2D SPACE',''
  ) );
#2890 = ORIENTED_EDGE('',*,*,#2891,.T.);
#2891 = EDGE_CURVE('',#2869,#2892,#2894,.T.);
#2892 = VERTEX_POINT('',#2893);
#2893 = CARTESIAN_POINT('',(-0.503244175732,12.649632233669,
    18.701739483351));
#2894 = SURFACE_CURVE('',#2895,(#2899,#2906),.PCURVE_S1.);
#2895 = LINE('',#2896,#2897);
#2896 = CARTESIAN_POINT('',(-7.098199086405,13.812500720976,
    17.520931875216));
#2897 = VECTOR('',#2898,1.);
#2898 = DIRECTION('',(0.969846310393,-0.171010071663,0.173648177667));
#2899 = PCURVE('',#1814,#2900);
#2900 = DEFINITIONAL_REPRESENTATION('',(#2901),#2905);
#2901 = LINE('',#2902,#2903);
#2902 = CARTESIAN_POINT('',(2.,27.4));
#2903 = VECTOR('',#2904,1.);
#2904 = DIRECTION('',(1.,2.775557561563E-17));
#2905 = ( GEOMETRIC_REPRESENTATION_CONTEXT(2) 
PARAMETRIC_REPRESENTATION_CONTEXT() REPRESENTATION_CONTEXT('2D SPACE',''
  ) );
#2906 = PCURVE('',#2907,#2912);
#2907 = PLANE('',#2908);
#2908 = AXIS2_PLACEMENT_3D('',#2909,#2910,#2911);
#2909 = CARTESIAN_POINT('',(-0.333891503107,12.61977078823,
    5.633058296393));
#2910 = DIRECTION('',(0.173648177667,0.984807753012,0.));
#2911 = DIRECTION('',(-0.171010071663,3.015368960705E-02,0.984807753012)
  );
#2912 = DEFINITIONAL_REPRESENTATION('',(#2913),#2917);
#2913 = LINE('',#2914,#2915);
#2914 = CARTESIAN_POINT('',(12.9,-4.7));
#2915 = VECTOR('',#2916,1.);
#2916 = DIRECTION('',(0.,1.));
#2917 = ( GEOMETRIC_REPRESENTATION_CONTEXT(2) 
PARAMETRIC_REPRESENTATION_CONTEXT() REPRESENTATION_CONTEXT('2D SPACE',''
  ) );
#2918 = ORIENTED_EDGE('',*,*,#2919,.F.);
#2919 = EDGE_CURVE('',#2920,#2892,#2922,.T.);
#2920 = VERTEX_POINT('',#2921);
#2921 = CARTESIAN_POINT('',(-4.913907888472,-12.36448469284,
    18.701739483351));
#2922 = SURFACE_CURVE('',#2923,(#2927,#2933),.PCURVE_S1.);
#2923 = LINE('',#2924,#2925);
#2924 = CARTESIAN_POINT('',(-5.087556066139,-13.34929244585,
    18.701739483351));
#2925 = VECTOR('',#2926,1.);
#2926 = DIRECTION('',(0.173648177667,0.984807753012,-3.469446951954E-18)
  );
#2927 = PCURVE('',#1814,#2928);
#2928 = DEFINITIONAL_REPRESENTATION('',(#2929),#2932);
#2929 = B_SPLINE_CURVE_WITH_KNOTS('',1,(#2930,#2931),.UNSPECIFIED.,.F.,
  .F.,(2,2),(1.,26.4),.PIECEWISE_BEZIER_KNOTS.);
#2930 = CARTESIAN_POINT('',(8.8,2.));
#2931 = CARTESIAN_POINT('',(8.8,27.4));
#2932 = ( GEOMETRIC_REPRESENTATION_CONTEXT(2) 
PARAMETRIC_REPRESENTATION_CONTEXT() REPRESENTATION_CONTEXT('2D SPACE',''
  ) );
#2933 = PCURVE('',#2934,#2939);
#2934 = PLANE('',#2935);
#2935 = AXIS2_PLACEMENT_3D('',#2936,#2937,#2938);
#2936 = CARTESIAN_POINT('',(-2.707877964022,-12.75346728877,
    5.997719469493));
#2937 = DIRECTION('',(0.969846310393,-0.171010071663,0.173648177667));
#2938 = DIRECTION('',(-0.171010071663,3.015368960705E-02,0.984807753012)
  );
#2939 = DEFINITIONAL_REPRESENTATION('',(#2940),#2944);
#2940 = LINE('',#2941,#2942);
#2941 = CARTESIAN_POINT('',(12.9,1.));
#2942 = VECTOR('',#2943,1.);
#2943 = DIRECTION('',(3.625182911827E-18,-1.));
#2944 = ( GEOMETRIC_REPRESENTATION_CONTEXT(2) 
PARAMETRIC_REPRESENTATION_CONTEXT() REPRESENTATION_CONTEXT('2D SPACE',''
  ) );
#2945 = ORIENTED_EDGE('',*,*,#2946,.T.);
#2946 = EDGE_CURVE('',#2920,#2947,#2949,.T.);
#2947 = VERTEX_POINT('',#2948);
#2948 = CARTESIAN_POINT('',(-11.50886279914,-11.20161620553,
    17.520931875216));
#2949 = SURFACE_CURVE('',#2950,(#2954,#2961),.PCURVE_S1.);
#2950 = LINE('',#2951,#2952);
#2951 = CARTESIAN_POINT('',(-4.913907888472,-12.36448469284,
    18.701739483351));
#2952 = VECTOR('',#2953,1.);
#2953 = DIRECTION('',(-0.969846310393,0.171010071663,-0.173648177667));
#2954 = PCURVE('',#1814,#2955);
#2955 = DEFINITIONAL_REPRESENTATION('',(#2956),#2960);
#2956 = LINE('',#2957,#2958);
#2957 = CARTESIAN_POINT('',(8.8,2.));
#2958 = VECTOR('',#2959,1.);
#2959 = DIRECTION('',(-1.,-5.551115123126E-17));
#2960 = ( GEOMETRIC_REPRESENTATION_CONTEXT(2) 
PARAMETRIC_REPRESENTATION_CONTEXT() REPRESENTATION_CONTEXT('2D SPACE',''
  ) );
#2961 = PCURVE('',#2962,#2967);
#2962 = PLANE('',#2963);
#2963 = AXIS2_PLACEMENT_3D('',#2964,#2965,#2966);
#2964 = CARTESIAN_POINT('',(-11.16684265581,-11.26192358474,
    15.551316369191));
#2965 = DIRECTION('',(0.173648177667,0.984807753012,0.));
#2966 = DIRECTION('',(-0.171010071663,3.015368960705E-02,0.984807753012)
  );
#2967 = DEFINITIONAL_REPRESENTATION('',(#2968),#2972);
#2968 = LINE('',#2969,#2970);
#2969 = CARTESIAN_POINT('',(2.,6.8));
#2970 = VECTOR('',#2971,1.);
#2971 = DIRECTION('',(2.775557561563E-17,-1.));
#2972 = ( GEOMETRIC_REPRESENTATION_CONTEXT(2) 
PARAMETRIC_REPRESENTATION_CONTEXT() REPRESENTATION_CONTEXT('2D SPACE',''
  ) );
#2973 = ORIENTED_EDGE('',*,*,#2974,.T.);
#2974 = EDGE_CURVE('',#2947,#1912,#2975,.T.);
#2975 = SURFACE_CURVE('',#2976,(#2980,#2987),.PCURVE_S1.);
#2976 = LINE('',#2977,#2978);
#2977 = CARTESIAN_POINT('',(-11.50886279914,-11.20161620553,
    17.520931875216));
#2978 = VECTOR('',#2979,1.);
#2979 = DIRECTION('',(0.173648177667,0.984807753012,0.));
#2980 = PCURVE('',#1814,#2981);
#2981 = DEFINITIONAL_REPRESENTATION('',(#2982),#2986);
#2982 = LINE('',#2983,#2984);
#2983 = CARTESIAN_POINT('',(2.,2.));
#2984 = VECTOR('',#2985,1.);
#2985 = DIRECTION('',(8.504665796254E-17,1.));
#2986 = ( GEOMETRIC_REPRESENTATION_CONTEXT(2) 
PARAMETRIC_REPRESENTATION_CONTEXT() REPRESENTATION_CONTEXT('2D SPACE',''
  ) );
#2987 = PCURVE('',#1926,#2988);
#2988 = DEFINITIONAL_REPRESENTATION('',(#2989),#2993);
#2989 = LINE('',#2990,#2991);
#2990 = CARTESIAN_POINT('',(2.,5.759281940243E-16));
#2991 = VECTOR('',#2992,1.);
#2992 = DIRECTION('',(-7.300555021309E-18,-1.));
#2993 = ( GEOMETRIC_REPRESENTATION_CONTEXT(2) 
PARAMETRIC_REPRESENTATION_CONTEXT() REPRESENTATION_CONTEXT('2D SPACE',''
  ) );
#2994 = ORIENTED_EDGE('',*,*,#1937,.F.);
#2995 = ADVANCED_FACE('',(#2996),#1926,.T.);
#2996 = FACE_BOUND('',#2997,.T.);
#2997 = EDGE_LOOP('',(#2998,#2999,#3022,#3050,#3078,#3106,#3134,#3162,
    #3183,#3184,#3185,#3186));
#2998 = ORIENTED_EDGE('',*,*,#2974,.F.);
#2999 = ORIENTED_EDGE('',*,*,#3000,.F.);
#3000 = EDGE_CURVE('',#3001,#2947,#3003,.T.);
#3001 = VERTEX_POINT('',#3002);
#3002 = CARTESIAN_POINT('',(-11.16684265581,-11.26192358474,
    15.551316369191));
#3003 = SURFACE_CURVE('',#3004,(#3008,#3015),.PCURVE_S1.);
#3004 = LINE('',#3005,#3006);
#3005 = CARTESIAN_POINT('',(-11.16684265581,-11.26192358474,
    15.551316369191));
#3006 = VECTOR('',#3007,1.);
#3007 = DIRECTION('',(-0.171010071663,3.015368960705E-02,0.984807753012)
  );
#3008 = PCURVE('',#1926,#3009);
#3009 = DEFINITIONAL_REPRESENTATION('',(#3010),#3014);
#3010 = LINE('',#3011,#3012);
#3011 = CARTESIAN_POINT('',(0.,0.));
#3012 = VECTOR('',#3013,1.);
#3013 = DIRECTION('',(1.,3.469446951954E-18));
#3014 = ( GEOMETRIC_REPRESENTATION_CONTEXT(2) 
PARAMETRIC_REPRESENTATION_CONTEXT() REPRESENTATION_CONTEXT('2D SPACE',''
  ) );
#3015 = PCURVE('',#2962,#3016);
#3016 = DEFINITIONAL_REPRESENTATION('',(#3017),#3021);
#3017 = LINE('',#3018,#3019);
#3018 = CARTESIAN_POINT('',(0.,0.));
#3019 = VECTOR('',#3020,1.);
#3020 = DIRECTION('',(1.,2.775557561563E-17));
#3021 = ( GEOMETRIC_REPRESENTATION_CONTEXT(2) 
PARAMETRIC_REPRESENTATION_CONTEXT() REPRESENTATION_CONTEXT('2D SPACE',''
  ) );
#3022 = ORIENTED_EDGE('',*,*,#3023,.T.);
#3023 = EDGE_CURVE('',#3001,#3024,#3026,.T.);
#3024 = VERTEX_POINT('',#3025);
#3025 = CARTESIAN_POINT('',(-10.47224994515,-7.322692572699,
    15.551316369191));
#3026 = SURFACE_CURVE('',#3027,(#3031,#3038),.PCURVE_S1.);
#3027 = LINE('',#3028,#3029);
#3028 = CARTESIAN_POINT('',(-11.16684265581,-11.26192358474,
    15.551316369191));
#3029 = VECTOR('',#3030,1.);
#3030 = DIRECTION('',(0.173648177667,0.984807753012,0.));
#3031 = PCURVE('',#1926,#3032);
#3032 = DEFINITIONAL_REPRESENTATION('',(#3033),#3037);
#3033 = LINE('',#3034,#3035);
#3034 = CARTESIAN_POINT('',(0.,0.));
#3035 = VECTOR('',#3036,1.);
#3036 = DIRECTION('',(2.192410928835E-18,-1.));
#3037 = ( GEOMETRIC_REPRESENTATION_CONTEXT(2) 
PARAMETRIC_REPRESENTATION_CONTEXT() REPRESENTATION_CONTEXT('2D SPACE',''
  ) );
#3038 = PCURVE('',#3039,#3044);
#3039 = PLANE('',#3040);
#3040 = AXIS2_PLACEMENT_3D('',#3041,#3042,#3043);
#3041 = CARTESIAN_POINT('',(-11.16684265581,-11.26192358474,
    15.551316369191));
#3042 = DIRECTION('',(-0.171010071663,3.015368960705E-02,0.984807753012)
  );
#3043 = DIRECTION('',(0.969846310393,-0.171010071663,0.173648177667));
#3044 = DEFINITIONAL_REPRESENTATION('',(#3045),#3049);
#3045 = LINE('',#3046,#3047);
#3046 = CARTESIAN_POINT('',(0.,0.));
#3047 = VECTOR('',#3048,1.);
#3048 = DIRECTION('',(2.716226524374E-17,1.));
#3049 = ( GEOMETRIC_REPRESENTATION_CONTEXT(2) 
PARAMETRIC_REPRESENTATION_CONTEXT() REPRESENTATION_CONTEXT('2D SPACE',''
  ) );
#3050 = ORIENTED_EDGE('',*,*,#3051,.F.);
#3051 = EDGE_CURVE('',#3052,#3024,#3054,.T.);
#3052 = VERTEX_POINT('',#3053);
#3053 = CARTESIAN_POINT('',(-8.608240164026,-7.651367789416,
    4.816911861358));
#3054 = SURFACE_CURVE('',#3055,(#3059,#3066),.PCURVE_S1.);
#3055 = LINE('',#3056,#3057);
#3056 = CARTESIAN_POINT('',(-8.608240164026,-7.651367789416,
    4.816911861358));
#3057 = VECTOR('',#3058,1.);
#3058 = DIRECTION('',(-0.171010071663,3.015368960705E-02,0.984807753012)
  );
#3059 = PCURVE('',#1926,#3060);
#3060 = DEFINITIONAL_REPRESENTATION('',(#3061),#3065);
#3061 = LINE('',#3062,#3063);
#3062 = CARTESIAN_POINT('',(-10.9,-4.));
#3063 = VECTOR('',#3064,1.);
#3064 = DIRECTION('',(1.,3.469446951954E-18));
#3065 = ( GEOMETRIC_REPRESENTATION_CONTEXT(2) 
PARAMETRIC_REPRESENTATION_CONTEXT() REPRESENTATION_CONTEXT('2D SPACE',''
  ) );
#3066 = PCURVE('',#3067,#3072);
#3067 = PLANE('',#3068);
#3068 = AXIS2_PLACEMENT_3D('',#3069,#3070,#3071);
#3069 = CARTESIAN_POINT('',(-8.608240164026,-7.651367789416,
    4.816911861358));
#3070 = DIRECTION('',(0.173648177667,0.984807753012,0.));
#3071 = DIRECTION('',(-0.171010071663,3.015368960705E-02,0.984807753012)
  );
#3072 = DEFINITIONAL_REPRESENTATION('',(#3073),#3077);
#3073 = LINE('',#3074,#3075);
#3074 = CARTESIAN_POINT('',(0.,0.));
#3075 = VECTOR('',#3076,1.);
#3076 = DIRECTION('',(1.,2.775557561563E-17));
#3077 = ( GEOMETRIC_REPRESENTATION_CONTEXT(2) 
PARAMETRIC_REPRESENTATION_CONTEXT() REPRESENTATION_CONTEXT('2D SPACE',''
  ) );
#3078 = ORIENTED_EDGE('',*,*,#3079,.T.);
#3079 = EDGE_CURVE('',#3052,#3080,#3082,.T.);
#3080 = VERTEX_POINT('',#3081);
#3081 = CARTESIAN_POINT('',(-5.586761872622,9.484287112996,
    4.816911861358));
#3082 = SURFACE_CURVE('',#3083,(#3087,#3094),.PCURVE_S1.);
#3083 = LINE('',#3084,#3085);
#3084 = CARTESIAN_POINT('',(-8.608240164026,-7.651367789416,
    4.816911861358));
#3085 = VECTOR('',#3086,1.);
#3086 = DIRECTION('',(0.173648177667,0.984807753012,0.));
#3087 = PCURVE('',#1926,#3088);
#3088 = DEFINITIONAL_REPRESENTATION('',(#3089),#3093);
#3089 = LINE('',#3090,#3091);
#3090 = CARTESIAN_POINT('',(-10.9,-4.));
#3091 = VECTOR('',#3092,1.);
#3092 = DIRECTION('',(2.192410928835E-18,-1.));
#3093 = ( GEOMETRIC_REPRESENTATION_CONTEXT(2) 
PARAMETRIC_REPRESENTATION_CONTEXT() REPRESENTATION_CONTEXT('2D SPACE',''
  ) );
#3094 = PCURVE('',#3095,#3100);
#3095 = PLANE('',#3096);
#3096 = AXIS2_PLACEMENT_3D('',#3097,#3098,#3099);
#3097 = CARTESIAN_POINT('',(-4.744555215847,-12.39434613828,
    5.633058296393));
#3098 = DIRECTION('',(-0.171010071663,3.015368960705E-02,0.984807753012)
  );
#3099 = DIRECTION('',(0.969846310393,-0.171010071663,0.173648177667));
#3100 = DEFINITIONAL_REPRESENTATION('',(#3101),#3105);
#3101 = LINE('',#3102,#3103);
#3102 = CARTESIAN_POINT('',(-4.7,4.));
#3103 = VECTOR('',#3104,1.);
#3104 = DIRECTION('',(2.716226524374E-17,1.));
#3105 = ( GEOMETRIC_REPRESENTATION_CONTEXT(2) 
PARAMETRIC_REPRESENTATION_CONTEXT() REPRESENTATION_CONTEXT('2D SPACE',''
  ) );
#3106 = ORIENTED_EDGE('',*,*,#3107,.T.);
#3107 = EDGE_CURVE('',#3080,#3108,#3110,.T.);
#3108 = VERTEX_POINT('',#3109);
#3109 = CARTESIAN_POINT('',(-7.450771653747,9.812962329713,
    15.551316369191));
#3110 = SURFACE_CURVE('',#3111,(#3115,#3122),.PCURVE_S1.);
#3111 = LINE('',#3112,#3113);
#3112 = CARTESIAN_POINT('',(-5.586761872622,9.484287112996,
    4.816911861358));
#3113 = VECTOR('',#3114,1.);
#3114 = DIRECTION('',(-0.171010071663,3.015368960705E-02,0.984807753012)
  );
#3115 = PCURVE('',#1926,#3116);
#3116 = DEFINITIONAL_REPRESENTATION('',(#3117),#3121);
#3117 = LINE('',#3118,#3119);
#3118 = CARTESIAN_POINT('',(-10.9,-21.4));
#3119 = VECTOR('',#3120,1.);
#3120 = DIRECTION('',(1.,3.469446951954E-18));
#3121 = ( GEOMETRIC_REPRESENTATION_CONTEXT(2) 
PARAMETRIC_REPRESENTATION_CONTEXT() REPRESENTATION_CONTEXT('2D SPACE',''
  ) );
#3122 = PCURVE('',#3123,#3128);
#3123 = PLANE('',#3124);
#3124 = AXIS2_PLACEMENT_3D('',#3125,#3126,#3127);
#3125 = CARTESIAN_POINT('',(-5.586761872622,9.484287112996,
    4.816911861358));
#3126 = DIRECTION('',(0.173648177667,0.984807753012,0.));
#3127 = DIRECTION('',(-0.171010071663,3.015368960705E-02,0.984807753012)
  );
#3128 = DEFINITIONAL_REPRESENTATION('',(#3129),#3133);
#3129 = LINE('',#3130,#3131);
#3130 = CARTESIAN_POINT('',(0.,0.));
#3131 = VECTOR('',#3132,1.);
#3132 = DIRECTION('',(1.,2.775557561563E-17));
#3133 = ( GEOMETRIC_REPRESENTATION_CONTEXT(2) 
PARAMETRIC_REPRESENTATION_CONTEXT() REPRESENTATION_CONTEXT('2D SPACE',''
  ) );
#3134 = ORIENTED_EDGE('',*,*,#3135,.T.);
#3135 = EDGE_CURVE('',#3108,#3136,#3138,.T.);
#3136 = VERTEX_POINT('',#3137);
#3137 = CARTESIAN_POINT('',(-6.756178943079,13.752193341762,
    15.551316369191));
#3138 = SURFACE_CURVE('',#3139,(#3143,#3150),.PCURVE_S1.);
#3139 = LINE('',#3140,#3141);
#3140 = CARTESIAN_POINT('',(-11.16684265581,-11.26192358474,
    15.551316369191));
#3141 = VECTOR('',#3142,1.);
#3142 = DIRECTION('',(0.173648177667,0.984807753012,0.));
#3143 = PCURVE('',#1926,#3144);
#3144 = DEFINITIONAL_REPRESENTATION('',(#3145),#3149);
#3145 = LINE('',#3146,#3147);
#3146 = CARTESIAN_POINT('',(0.,0.));
#3147 = VECTOR('',#3148,1.);
#3148 = DIRECTION('',(2.192410928835E-18,-1.));
#3149 = ( GEOMETRIC_REPRESENTATION_CONTEXT(2) 
PARAMETRIC_REPRESENTATION_CONTEXT() REPRESENTATION_CONTEXT('2D SPACE',''
  ) );
#3150 = PCURVE('',#3151,#3156);
#3151 = PLANE('',#3152);
#3152 = AXIS2_PLACEMENT_3D('',#3153,#3154,#3155);
#3153 = CARTESIAN_POINT('',(-11.16684265581,-11.26192358474,
    15.551316369191));
#3154 = DIRECTION('',(-0.171010071663,3.015368960705E-02,0.984807753012)
  );
#3155 = DIRECTION('',(0.969846310393,-0.171010071663,0.173648177667));
#3156 = DEFINITIONAL_REPRESENTATION('',(#3157),#3161);
#3157 = LINE('',#3158,#3159);
#3158 = CARTESIAN_POINT('',(0.,0.));
#3159 = VECTOR('',#3160,1.);
#3160 = DIRECTION('',(2.716226524374E-17,1.));
#3161 = ( GEOMETRIC_REPRESENTATION_CONTEXT(2) 
PARAMETRIC_REPRESENTATION_CONTEXT() REPRESENTATION_CONTEXT('2D SPACE',''
  ) );
#3162 = ORIENTED_EDGE('',*,*,#3163,.T.);
#3163 = EDGE_CURVE('',#3136,#2869,#3164,.T.);
#3164 = SURFACE_CURVE('',#3165,(#3169,#3176),.PCURVE_S1.);
#3165 = LINE('',#3166,#3167);
#3166 = CARTESIAN_POINT('',(-6.756178943079,13.752193341762,
    15.551316369191));
#3167 = VECTOR('',#3168,1.);
#3168 = DIRECTION('',(-0.171010071663,3.015368960705E-02,0.984807753012)
  );
#3169 = PCURVE('',#1926,#3170);
#3170 = DEFINITIONAL_REPRESENTATION('',(#3171),#3175);
#3171 = LINE('',#3172,#3173);
#3172 = CARTESIAN_POINT('',(0.,-25.4));
#3173 = VECTOR('',#3174,1.);
#3174 = DIRECTION('',(1.,3.469446951954E-18));
#3175 = ( GEOMETRIC_REPRESENTATION_CONTEXT(2) 
PARAMETRIC_REPRESENTATION_CONTEXT() REPRESENTATION_CONTEXT('2D SPACE',''
  ) );
#3176 = PCURVE('',#2907,#3177);
#3177 = DEFINITIONAL_REPRESENTATION('',(#3178),#3182);
#3178 = LINE('',#3179,#3180);
#3179 = CARTESIAN_POINT('',(10.9,-4.7));
#3180 = VECTOR('',#3181,1.);
#3181 = DIRECTION('',(1.,2.775557561563E-17));
#3182 = ( GEOMETRIC_REPRESENTATION_CONTEXT(2) 
PARAMETRIC_REPRESENTATION_CONTEXT() REPRESENTATION_CONTEXT('2D SPACE',''
  ) );
#3183 = ORIENTED_EDGE('',*,*,#2868,.F.);
#3184 = ORIENTED_EDGE('',*,*,#2063,.F.);
#3185 = ORIENTED_EDGE('',*,*,#1986,.T.);
#3186 = ORIENTED_EDGE('',*,*,#1911,.F.);
#3187 = ADVANCED_FACE('',(#3188,#3234),#2415,.T.);
#3188 = FACE_BOUND('',#3189,.T.);
#3189 = EDGE_LOOP('',(#3190,#3191,#3212,#3213));
#3190 = ORIENTED_EDGE('',*,*,#2397,.F.);
#3191 = ORIENTED_EDGE('',*,*,#3192,.F.);
#3192 = EDGE_CURVE('',#2652,#2398,#3193,.T.);
#3193 = SURFACE_CURVE('',#3194,(#3198,#3205),.PCURVE_S1.);
#3194 = LINE('',#3195,#3196);
#3195 = CARTESIAN_POINT('',(-0.119312473477,-12.1944746142,
    6.430103431884));
#3196 = VECTOR('',#3197,1.);
#3197 = DIRECTION('',(-0.171010071663,3.015368960705E-02,0.984807753012)
  );
#3198 = PCURVE('',#2415,#3199);
#3199 = DEFINITIONAL_REPRESENTATION('',(#3200),#3204);
#3200 = LINE('',#3201,#3202);
#3201 = CARTESIAN_POINT('',(3.469446951954E-18,-1.));
#3202 = VECTOR('',#3203,1.);
#3203 = DIRECTION('',(1.,3.469446951954E-18));
#3204 = ( GEOMETRIC_REPRESENTATION_CONTEXT(2) 
PARAMETRIC_REPRESENTATION_CONTEXT() REPRESENTATION_CONTEXT('2D SPACE',''
  ) );
#3205 = PCURVE('',#2444,#3206);
#3206 = DEFINITIONAL_REPRESENTATION('',(#3207),#3211);
#3207 = LINE('',#3208,#3209);
#3208 = CARTESIAN_POINT('',(0.,0.));
#3209 = VECTOR('',#3210,1.);
#3210 = DIRECTION('',(0.,1.));
#3211 = ( GEOMETRIC_REPRESENTATION_CONTEXT(2) 
PARAMETRIC_REPRESENTATION_CONTEXT() REPRESENTATION_CONTEXT('2D SPACE',''
  ) );
#3212 = ORIENTED_EDGE('',*,*,#2651,.T.);
#3213 = ORIENTED_EDGE('',*,*,#3214,.T.);
#3214 = EDGE_CURVE('',#2654,#2400,#3215,.T.);
#3215 = SURFACE_CURVE('',#3216,(#3220,#3227),.PCURVE_S1.);
#3216 = LINE('',#3217,#3218);
#3217 = CARTESIAN_POINT('',(3.94405488393,10.850026806285,6.430103431884
    ));
#3218 = VECTOR('',#3219,1.);
#3219 = DIRECTION('',(-0.171010071663,3.015368960705E-02,0.984807753012)
  );
#3220 = PCURVE('',#2415,#3221);
#3221 = DEFINITIONAL_REPRESENTATION('',(#3222),#3226);
#3222 = LINE('',#3223,#3224);
#3223 = CARTESIAN_POINT('',(0.,-24.4));
#3224 = VECTOR('',#3225,1.);
#3225 = DIRECTION('',(1.,3.469446951954E-18));
#3226 = ( GEOMETRIC_REPRESENTATION_CONTEXT(2) 
PARAMETRIC_REPRESENTATION_CONTEXT() REPRESENTATION_CONTEXT('2D SPACE',''
  ) );
#3227 = PCURVE('',#2582,#3228);
#3228 = DEFINITIONAL_REPRESENTATION('',(#3229),#3233);
#3229 = LINE('',#3230,#3231);
#3230 = CARTESIAN_POINT('',(-0.,0.));
#3231 = VECTOR('',#3232,1.);
#3232 = DIRECTION('',(-0.,1.));
#3233 = ( GEOMETRIC_REPRESENTATION_CONTEXT(2) 
PARAMETRIC_REPRESENTATION_CONTEXT() REPRESENTATION_CONTEXT('2D SPACE',''
  ) );
#3234 = FACE_BOUND('',#3235,.T.);
#3235 = EDGE_LOOP('',(#3236,#3263,#3288,#3313));
#3236 = ORIENTED_EDGE('',*,*,#3237,.T.);
#3237 = EDGE_CURVE('',#3238,#3240,#3242,.T.);
#3238 = VERTEX_POINT('',#3239);
#3239 = CARTESIAN_POINT('',(0.870843225654,3.431307932794,
    16.288354549937));
#3240 = VERTEX_POINT('',#3241);
#3241 = CARTESIAN_POINT('',(1.780729855476,3.270870370571,11.04852628311
    ));
#3242 = SURFACE_CURVE('',#3243,(#3246,#3252),.PCURVE_S1.);
#3243 = B_SPLINE_CURVE_WITH_KNOTS('',1,(#3244,#3245),.UNSPECIFIED.,.F.,
  .F.,(2,2),(0.,1.),.PIECEWISE_BEZIER_KNOTS.);
#3244 = CARTESIAN_POINT('',(0.870843225654,3.431307932794,
    16.288354549937));
#3245 = CARTESIAN_POINT('',(1.780729855476,3.270870370571,11.04852628311
    ));
#3246 = PCURVE('',#2415,#3247);
#3247 = DEFINITIONAL_REPRESENTATION('',(#3248),#3251);
#3248 = B_SPLINE_CURVE_WITH_KNOTS('',1,(#3249,#3250),.UNSPECIFIED.,.F.,
  .F.,(2,2),(0.,1.),.PIECEWISE_BEZIER_KNOTS.);
#3249 = CARTESIAN_POINT('',(10.010330531924,-16.56033053192));
#3250 = CARTESIAN_POINT('',(4.689669468076,-16.56033053192));
#3251 = ( GEOMETRIC_REPRESENTATION_CONTEXT(2) 
PARAMETRIC_REPRESENTATION_CONTEXT() REPRESENTATION_CONTEXT('2D SPACE',''
  ) );
#3252 = PCURVE('',#3253,#3258);
#3253 = B_SPLINE_SURFACE_WITH_KNOTS('',1,1,(
    (#3254,#3255)
    ,(#3256,#3257
    )),.UNSPECIFIED.,.F.,.F.,.F.,(2,2),(2,2),(0.,5.335219873218),(0.,1.)
  ,.PIECEWISE_BEZIER_KNOTS.);
#3254 = CARTESIAN_POINT('',(0.696391117874,3.096179335047,
    11.231470888705));
#3255 = CARTESIAN_POINT('',(1.802635688559,3.274399482399,
    11.044830432492));
#3256 = CARTESIAN_POINT('',(-9.025521177457E-02,3.234886307239,
    15.761586552562));
#3257 = CARTESIAN_POINT('',(0.890259355703,3.435276046442,
    16.298996327662));
#3258 = DEFINITIONAL_REPRESENTATION('',(#3259),#3262);
#3259 = B_SPLINE_CURVE_WITH_KNOTS('',1,(#3260,#3261),.UNSPECIFIED.,.F.,
  .F.,(2,2),(0.,1.),.PIECEWISE_BEZIER_KNOTS.);
#3260 = CARTESIAN_POINT('',(5.335219873218,0.980198019802));
#3261 = CARTESIAN_POINT('',(0.,0.980198019802));
#3262 = ( GEOMETRIC_REPRESENTATION_CONTEXT(2) 
PARAMETRIC_REPRESENTATION_CONTEXT() REPRESENTATION_CONTEXT('2D SPACE',''
  ) );
#3263 = ORIENTED_EDGE('',*,*,#3264,.T.);
#3264 = EDGE_CURVE('',#3240,#3265,#3267,.T.);
#3265 = VERTEX_POINT('',#3266);
#3266 = CARTESIAN_POINT('',(0.440051131355,-4.332496503486,
    11.04852628311));
#3267 = SURFACE_CURVE('',#3268,(#3271,#3277),.PCURVE_S1.);
#3268 = B_SPLINE_CURVE_WITH_KNOTS('',1,(#3269,#3270),.UNSPECIFIED.,.F.,
  .F.,(2,2),(0.,1.),.PIECEWISE_BEZIER_KNOTS.);
#3269 = CARTESIAN_POINT('',(1.780729855476,3.270870370571,11.04852628311
    ));
#3270 = CARTESIAN_POINT('',(0.440051131355,-4.332496503486,
    11.04852628311));
#3271 = PCURVE('',#2415,#3272);
#3272 = DEFINITIONAL_REPRESENTATION('',(#3273),#3276);
#3273 = B_SPLINE_CURVE_WITH_KNOTS('',1,(#3274,#3275),.UNSPECIFIED.,.F.,
  .F.,(2,2),(0.,1.),.PIECEWISE_BEZIER_KNOTS.);
#3274 = CARTESIAN_POINT('',(4.689669468076,-16.56033053192));
#3275 = CARTESIAN_POINT('',(4.689669468076,-8.839669468076));
#3276 = ( GEOMETRIC_REPRESENTATION_CONTEXT(2) 
PARAMETRIC_REPRESENTATION_CONTEXT() REPRESENTATION_CONTEXT('2D SPACE',''
  ) );
#3277 = PCURVE('',#3278,#3283);
#3278 = B_SPLINE_SURFACE_WITH_KNOTS('',1,1,(
    (#3279,#3280)
    ,(#3281,#3282
    )),.UNSPECIFIED.,.F.,.F.,.F.,(2,2),(2,2),(0.,7.735219873218),(0.,1.)
  ,.PIECEWISE_BEZIER_KNOTS.);
#3279 = CARTESIAN_POINT('',(-0.519146125794,-3.797474936038,
    11.231470888705));
#3280 = CARTESIAN_POINT('',(0.459428853722,-4.34330502,11.044830432492)
  );
#3281 = CARTESIAN_POINT('',(0.696391117874,3.096179335047,
    11.231470888705));
#3282 = CARTESIAN_POINT('',(1.802635688559,3.274399482399,
    11.044830432492));
#3283 = DEFINITIONAL_REPRESENTATION('',(#3284),#3287);
#3284 = B_SPLINE_CURVE_WITH_KNOTS('',1,(#3285,#3286),.UNSPECIFIED.,.F.,
  .F.,(2,2),(0.,1.),.PIECEWISE_BEZIER_KNOTS.);
#3285 = CARTESIAN_POINT('',(7.735219873218,0.980198019802));
#3286 = CARTESIAN_POINT('',(0.,0.980198019802));
#3287 = ( GEOMETRIC_REPRESENTATION_CONTEXT(2) 
PARAMETRIC_REPRESENTATION_CONTEXT() REPRESENTATION_CONTEXT('2D SPACE',''
  ) );
#3288 = ORIENTED_EDGE('',*,*,#3289,.T.);
#3289 = EDGE_CURVE('',#3265,#3290,#3292,.T.);
#3290 = VERTEX_POINT('',#3291);
#3291 = CARTESIAN_POINT('',(-0.469835498467,-4.172058941262,
    16.288354549937));
#3292 = SURFACE_CURVE('',#3293,(#3296,#3302),.PCURVE_S1.);
#3293 = B_SPLINE_CURVE_WITH_KNOTS('',1,(#3294,#3295),.UNSPECIFIED.,.F.,
  .F.,(2,2),(0.,1.),.PIECEWISE_BEZIER_KNOTS.);
#3294 = CARTESIAN_POINT('',(0.440051131355,-4.332496503486,
    11.04852628311));
#3295 = CARTESIAN_POINT('',(-0.469835498467,-4.172058941262,
    16.288354549937));
#3296 = PCURVE('',#2415,#3297);
#3297 = DEFINITIONAL_REPRESENTATION('',(#3298),#3301);
#3298 = B_SPLINE_CURVE_WITH_KNOTS('',1,(#3299,#3300),.UNSPECIFIED.,.F.,
  .F.,(2,2),(0.,1.),.PIECEWISE_BEZIER_KNOTS.);
#3299 = CARTESIAN_POINT('',(4.689669468076,-8.839669468076));
#3300 = CARTESIAN_POINT('',(10.010330531924,-8.839669468076));
#3301 = ( GEOMETRIC_REPRESENTATION_CONTEXT(2) 
PARAMETRIC_REPRESENTATION_CONTEXT() REPRESENTATION_CONTEXT('2D SPACE',''
  ) );
#3302 = PCURVE('',#3303,#3308);
#3303 = B_SPLINE_SURFACE_WITH_KNOTS('',1,1,(
    (#3304,#3305)
    ,(#3306,#3307
    )),.UNSPECIFIED.,.F.,.F.,.F.,(2,2),(2,2),(0.,5.335219873218),(0.,1.)
  ,.PIECEWISE_BEZIER_KNOTS.);
#3304 = CARTESIAN_POINT('',(-1.305792455443,-3.658767963846,
    15.761586552562));
#3305 = CARTESIAN_POINT('',(-0.452947479134,-4.182428455957,
    16.298996327662));
#3306 = CARTESIAN_POINT('',(-0.519146125794,-3.797474936038,
    11.231470888705));
#3307 = CARTESIAN_POINT('',(0.459428853722,-4.34330502,11.044830432492)
  );
#3308 = DEFINITIONAL_REPRESENTATION('',(#3309),#3312);
#3309 = B_SPLINE_CURVE_WITH_KNOTS('',1,(#3310,#3311),.UNSPECIFIED.,.F.,
  .F.,(2,2),(0.,1.),.PIECEWISE_BEZIER_KNOTS.);
#3310 = CARTESIAN_POINT('',(5.335219873218,0.980198019802));
#3311 = CARTESIAN_POINT('',(0.,0.980198019802));
#3312 = ( GEOMETRIC_REPRESENTATION_CONTEXT(2) 
PARAMETRIC_REPRESENTATION_CONTEXT() REPRESENTATION_CONTEXT('2D SPACE',''
  ) );
#3313 = ORIENTED_EDGE('',*,*,#3314,.T.);
#3314 = EDGE_CURVE('',#3290,#3238,#3315,.T.);
#3315 = SURFACE_CURVE('',#3316,(#3319,#3325),.PCURVE_S1.);
#3316 = B_SPLINE_CURVE_WITH_KNOTS('',1,(#3317,#3318),.UNSPECIFIED.,.F.,
  .F.,(2,2),(0.,1.),.PIECEWISE_BEZIER_KNOTS.);
#3317 = CARTESIAN_POINT('',(-0.469835498467,-4.172058941262,
    16.288354549937));
#3318 = CARTESIAN_POINT('',(0.870843225654,3.431307932794,
    16.288354549937));
#3319 = PCURVE('',#2415,#3320);
#3320 = DEFINITIONAL_REPRESENTATION('',(#3321),#3324);
#3321 = B_SPLINE_CURVE_WITH_KNOTS('',1,(#3322,#3323),.UNSPECIFIED.,.F.,
  .F.,(2,2),(0.,1.),.PIECEWISE_BEZIER_KNOTS.);
#3322 = CARTESIAN_POINT('',(10.010330531924,-8.839669468076));
#3323 = CARTESIAN_POINT('',(10.010330531924,-16.56033053192));
#3324 = ( GEOMETRIC_REPRESENTATION_CONTEXT(2) 
PARAMETRIC_REPRESENTATION_CONTEXT() REPRESENTATION_CONTEXT('2D SPACE',''
  ) );
#3325 = PCURVE('',#3326,#3331);
#3326 = B_SPLINE_SURFACE_WITH_KNOTS('',1,1,(
    (#3327,#3328)
    ,(#3329,#3330
    )),.UNSPECIFIED.,.F.,.F.,.F.,(2,2),(2,2),(0.,7.735219873218),(0.,1.)
  ,.PIECEWISE_BEZIER_KNOTS.);
#3327 = CARTESIAN_POINT('',(-9.025521177457E-02,3.234886307239,
    15.761586552562));
#3328 = CARTESIAN_POINT('',(0.890259355703,3.435276046442,
    16.298996327662));
#3329 = CARTESIAN_POINT('',(-1.305792455443,-3.658767963846,
    15.761586552562));
#3330 = CARTESIAN_POINT('',(-0.452947479134,-4.182428455957,
    16.298996327662));
#3331 = DEFINITIONAL_REPRESENTATION('',(#3332),#3335);
#3332 = B_SPLINE_CURVE_WITH_KNOTS('',1,(#3333,#3334),.UNSPECIFIED.,.F.,
  .F.,(2,2),(0.,1.),.PIECEWISE_BEZIER_KNOTS.);
#3333 = CARTESIAN_POINT('',(7.735219873218,0.980198019802));
#3334 = CARTESIAN_POINT('',(0.,0.980198019802));
#3335 = ( GEOMETRIC_REPRESENTATION_CONTEXT(2) 
PARAMETRIC_REPRESENTATION_CONTEXT() REPRESENTATION_CONTEXT('2D SPACE',''
  ) );
#3336 = ADVANCED_FACE('',(#3337),#2582,.F.);
#3337 = FACE_BOUND('',#3338,.T.);
#3338 = EDGE_LOOP('',(#3339,#3340,#3361,#3362));
#3339 = ORIENTED_EDGE('',*,*,#2770,.T.);
#3340 = ORIENTED_EDGE('',*,*,#3341,.T.);
#3341 = EDGE_CURVE('',#2748,#2536,#3342,.T.);
#3342 = SURFACE_CURVE('',#3343,(#3347,#3354),.PCURVE_S1.);
#3343 = LINE('',#3344,#3345);
#3344 = CARTESIAN_POINT('',(5.08754937199,11.663824487635,6.603751609551
    ));
#3345 = VECTOR('',#3346,1.);
#3346 = DIRECTION('',(-0.171010071663,3.015368960705E-02,0.984807753012)
  );
#3347 = PCURVE('',#2582,#3348);
#3348 = DEFINITIONAL_REPRESENTATION('',(#3349),#3353);
#3349 = LINE('',#3350,#3351);
#3350 = CARTESIAN_POINT('',(-1.570796326795,0.));
#3351 = VECTOR('',#3352,1.);
#3352 = DIRECTION('',(-0.,1.));
#3353 = ( GEOMETRIC_REPRESENTATION_CONTEXT(2) 
PARAMETRIC_REPRESENTATION_CONTEXT() REPRESENTATION_CONTEXT('2D SPACE',''
  ) );
#3354 = PCURVE('',#2551,#3355);
#3355 = DEFINITIONAL_REPRESENTATION('',(#3356),#3360);
#3356 = LINE('',#3357,#3358);
#3357 = CARTESIAN_POINT('',(-3.053113317719E-16,1.));
#3358 = VECTOR('',#3359,1.);
#3359 = DIRECTION('',(1.,2.775557561563E-17));
#3360 = ( GEOMETRIC_REPRESENTATION_CONTEXT(2) 
PARAMETRIC_REPRESENTATION_CONTEXT() REPRESENTATION_CONTEXT('2D SPACE',''
  ) );
#3361 = ORIENTED_EDGE('',*,*,#2563,.F.);
#3362 = ORIENTED_EDGE('',*,*,#3214,.F.);
#3363 = ADVANCED_FACE('',(#3364),#2551,.F.);
#3364 = FACE_BOUND('',#3365,.F.);
#3365 = EDGE_LOOP('',(#3366,#3367,#3368,#3369));
#3366 = ORIENTED_EDGE('',*,*,#2747,.F.);
#3367 = ORIENTED_EDGE('',*,*,#3341,.T.);
#3368 = ORIENTED_EDGE('',*,*,#2535,.T.);
#3369 = ORIENTED_EDGE('',*,*,#2801,.F.);
#3370 = ADVANCED_FACE('',(#3371),#2472,.T.);
#3371 = FACE_BOUND('',#3372,.T.);
#3372 = EDGE_LOOP('',(#3373,#3374,#3395,#3396));
#3373 = ORIENTED_EDGE('',*,*,#2700,.F.);
#3374 = ORIENTED_EDGE('',*,*,#3375,.T.);
#3375 = EDGE_CURVE('',#2677,#2428,#3376,.T.);
#3376 = SURFACE_CURVE('',#3377,(#3381,#3388),.PCURVE_S1.);
#3377 = LINE('',#3378,#3379);
#3378 = CARTESIAN_POINT('',(0.676885659249,-13.35029243887,
    6.603751609551));
#3379 = VECTOR('',#3380,1.);
#3380 = DIRECTION('',(-0.171010071663,3.015368960705E-02,0.984807753012)
  );
#3381 = PCURVE('',#2472,#3382);
#3382 = DEFINITIONAL_REPRESENTATION('',(#3383),#3387);
#3383 = LINE('',#3384,#3385);
#3384 = CARTESIAN_POINT('',(-3.053113317719E-16,1.));
#3385 = VECTOR('',#3386,1.);
#3386 = DIRECTION('',(1.,2.775557561563E-17));
#3387 = ( GEOMETRIC_REPRESENTATION_CONTEXT(2) 
PARAMETRIC_REPRESENTATION_CONTEXT() REPRESENTATION_CONTEXT('2D SPACE',''
  ) );
#3388 = PCURVE('',#2444,#3389);
#3389 = DEFINITIONAL_REPRESENTATION('',(#3390),#3394);
#3390 = LINE('',#3391,#3392);
#3391 = CARTESIAN_POINT('',(1.570796326795,0.));
#3392 = VECTOR('',#3393,1.);
#3393 = DIRECTION('',(0.,1.));
#3394 = ( GEOMETRIC_REPRESENTATION_CONTEXT(2) 
PARAMETRIC_REPRESENTATION_CONTEXT() REPRESENTATION_CONTEXT('2D SPACE',''
  ) );
#3395 = ORIENTED_EDGE('',*,*,#2456,.T.);
#3396 = ORIENTED_EDGE('',*,*,#2626,.F.);
#3397 = ADVANCED_FACE('',(#3398),#2444,.F.);
#3398 = FACE_BOUND('',#3399,.F.);
#3399 = EDGE_LOOP('',(#3400,#3401,#3402,#3403));
#3400 = ORIENTED_EDGE('',*,*,#2676,.T.);
#3401 = ORIENTED_EDGE('',*,*,#3375,.T.);
#3402 = ORIENTED_EDGE('',*,*,#2427,.F.);
#3403 = ORIENTED_EDGE('',*,*,#3192,.F.);
#3404 = ADVANCED_FACE('',(#3405),#2962,.T.);
#3405 = FACE_BOUND('',#3406,.T.);
#3406 = EDGE_LOOP('',(#3407,#3430,#3431,#3432,#3455,#3478));
#3407 = ORIENTED_EDGE('',*,*,#3408,.F.);
#3408 = EDGE_CURVE('',#3001,#3409,#3411,.T.);
#3409 = VERTEX_POINT('',#3410);
#3410 = CARTESIAN_POINT('',(-6.608564996972,-12.06567092156,
    16.367462804226));
#3411 = SURFACE_CURVE('',#3412,(#3416,#3423),.PCURVE_S1.);
#3412 = LINE('',#3413,#3414);
#3413 = CARTESIAN_POINT('',(-11.16684265581,-11.26192358474,
    15.551316369191));
#3414 = VECTOR('',#3415,1.);
#3415 = DIRECTION('',(0.969846310393,-0.171010071663,0.173648177667));
#3416 = PCURVE('',#2962,#3417);
#3417 = DEFINITIONAL_REPRESENTATION('',(#3418),#3422);
#3418 = LINE('',#3419,#3420);
#3419 = CARTESIAN_POINT('',(0.,0.));
#3420 = VECTOR('',#3421,1.);
#3421 = DIRECTION('',(2.775557561563E-17,1.));
#3422 = ( GEOMETRIC_REPRESENTATION_CONTEXT(2) 
PARAMETRIC_REPRESENTATION_CONTEXT() REPRESENTATION_CONTEXT('2D SPACE',''
  ) );
#3423 = PCURVE('',#3039,#3424);
#3424 = DEFINITIONAL_REPRESENTATION('',(#3425),#3429);
#3425 = LINE('',#3426,#3427);
#3426 = CARTESIAN_POINT('',(0.,0.));
#3427 = VECTOR('',#3428,1.);
#3428 = DIRECTION('',(1.,2.775557561563E-17));
#3429 = ( GEOMETRIC_REPRESENTATION_CONTEXT(2) 
PARAMETRIC_REPRESENTATION_CONTEXT() REPRESENTATION_CONTEXT('2D SPACE',''
  ) );
#3430 = ORIENTED_EDGE('',*,*,#3000,.T.);
#3431 = ORIENTED_EDGE('',*,*,#2946,.F.);
#3432 = ORIENTED_EDGE('',*,*,#3433,.F.);
#3433 = EDGE_CURVE('',#3434,#2920,#3436,.T.);
#3434 = VERTEX_POINT('',#3435);
#3435 = CARTESIAN_POINT('',(-2.707877964022,-12.75346728877,
    5.997719469493));
#3436 = SURFACE_CURVE('',#3437,(#3441,#3448),.PCURVE_S1.);
#3437 = LINE('',#3438,#3439);
#3438 = CARTESIAN_POINT('',(-2.707877964022,-12.75346728877,
    5.997719469493));
#3439 = VECTOR('',#3440,1.);
#3440 = DIRECTION('',(-0.171010071663,3.015368960705E-02,0.984807753012)
  );
#3441 = PCURVE('',#2962,#3442);
#3442 = DEFINITIONAL_REPRESENTATION('',(#3443),#3447);
#3443 = LINE('',#3444,#3445);
#3444 = CARTESIAN_POINT('',(-10.9,6.8));
#3445 = VECTOR('',#3446,1.);
#3446 = DIRECTION('',(1.,-5.551115123126E-17));
#3447 = ( GEOMETRIC_REPRESENTATION_CONTEXT(2) 
PARAMETRIC_REPRESENTATION_CONTEXT() REPRESENTATION_CONTEXT('2D SPACE',''
  ) );
#3448 = PCURVE('',#2934,#3449);
#3449 = DEFINITIONAL_REPRESENTATION('',(#3450),#3454);
#3450 = LINE('',#3451,#3452);
#3451 = CARTESIAN_POINT('',(0.,0.));
#3452 = VECTOR('',#3453,1.);
#3453 = DIRECTION('',(1.,1.040834085586E-17));
#3454 = ( GEOMETRIC_REPRESENTATION_CONTEXT(2) 
PARAMETRIC_REPRESENTATION_CONTEXT() REPRESENTATION_CONTEXT('2D SPACE',''
  ) );
#3455 = ORIENTED_EDGE('',*,*,#3456,.F.);
#3456 = EDGE_CURVE('',#3457,#3434,#3459,.T.);
#3457 = VERTEX_POINT('',#3458);
#3458 = CARTESIAN_POINT('',(-4.744555215847,-12.39434613828,
    5.633058296393));
#3459 = SURFACE_CURVE('',#3460,(#3464,#3471),.PCURVE_S1.);
#3460 = LINE('',#3461,#3462);
#3461 = CARTESIAN_POINT('',(-4.744555215847,-12.39434613828,
    5.633058296393));
#3462 = VECTOR('',#3463,1.);
#3463 = DIRECTION('',(0.969846310393,-0.171010071663,0.173648177667));
#3464 = PCURVE('',#2962,#3465);
#3465 = DEFINITIONAL_REPRESENTATION('',(#3466),#3470);
#3466 = LINE('',#3467,#3468);
#3467 = CARTESIAN_POINT('',(-10.9,4.7));
#3468 = VECTOR('',#3469,1.);
#3469 = DIRECTION('',(2.775557561563E-17,1.));
#3470 = ( GEOMETRIC_REPRESENTATION_CONTEXT(2) 
PARAMETRIC_REPRESENTATION_CONTEXT() REPRESENTATION_CONTEXT('2D SPACE',''
  ) );
#3471 = PCURVE('',#3095,#3472);
#3472 = DEFINITIONAL_REPRESENTATION('',(#3473),#3477);
#3473 = LINE('',#3474,#3475);
#3474 = CARTESIAN_POINT('',(0.,0.));
#3475 = VECTOR('',#3476,1.);
#3476 = DIRECTION('',(1.,2.775557561563E-17));
#3477 = ( GEOMETRIC_REPRESENTATION_CONTEXT(2) 
PARAMETRIC_REPRESENTATION_CONTEXT() REPRESENTATION_CONTEXT('2D SPACE',''
  ) );
#3478 = ORIENTED_EDGE('',*,*,#3479,.T.);
#3479 = EDGE_CURVE('',#3457,#3409,#3480,.T.);
#3480 = SURFACE_CURVE('',#3481,(#3485,#3492),.PCURVE_S1.);
#3481 = LINE('',#3482,#3483);
#3482 = CARTESIAN_POINT('',(-4.744555215847,-12.39434613828,
    5.633058296393));
#3483 = VECTOR('',#3484,1.);
#3484 = DIRECTION('',(-0.171010071663,3.015368960705E-02,0.984807753012)
  );
#3485 = PCURVE('',#2962,#3486);
#3486 = DEFINITIONAL_REPRESENTATION('',(#3487),#3491);
#3487 = LINE('',#3488,#3489);
#3488 = CARTESIAN_POINT('',(-10.9,4.7));
#3489 = VECTOR('',#3490,1.);
#3490 = DIRECTION('',(1.,2.775557561563E-17));
#3491 = ( GEOMETRIC_REPRESENTATION_CONTEXT(2) 
PARAMETRIC_REPRESENTATION_CONTEXT() REPRESENTATION_CONTEXT('2D SPACE',''
  ) );
#3492 = PCURVE('',#3493,#3498);
#3493 = PLANE('',#3494);
#3494 = AXIS2_PLACEMENT_3D('',#3495,#3496,#3497);
#3495 = CARTESIAN_POINT('',(-4.744555215847,-12.39434613828,
    5.633058296393));
#3496 = DIRECTION('',(0.969846310393,-0.171010071663,0.173648177667));
#3497 = DIRECTION('',(-0.171010071663,3.015368960705E-02,0.984807753012)
  );
#3498 = DEFINITIONAL_REPRESENTATION('',(#3499),#3503);
#3499 = LINE('',#3500,#3501);
#3500 = CARTESIAN_POINT('',(0.,0.));
#3501 = VECTOR('',#3502,1.);
#3502 = DIRECTION('',(1.,3.469446951954E-18));
#3503 = ( GEOMETRIC_REPRESENTATION_CONTEXT(2) 
PARAMETRIC_REPRESENTATION_CONTEXT() REPRESENTATION_CONTEXT('2D SPACE',''
  ) );
#3504 = ADVANCED_FACE('',(#3505,#3553),#2934,.F.);
#3505 = FACE_BOUND('',#3506,.F.);
#3506 = EDGE_LOOP('',(#3507,#3508,#3531,#3552));
#3507 = ORIENTED_EDGE('',*,*,#3433,.F.);
#3508 = ORIENTED_EDGE('',*,*,#3509,.T.);
#3509 = EDGE_CURVE('',#3434,#3510,#3512,.T.);
#3510 = VERTEX_POINT('',#3511);
#3511 = CARTESIAN_POINT('',(1.702785748718,12.260649637738,
    5.997719469493));
#3512 = SURFACE_CURVE('',#3513,(#3517,#3524),.PCURVE_S1.);
#3513 = LINE('',#3514,#3515);
#3514 = CARTESIAN_POINT('',(-2.707877964022,-12.75346728877,
    5.997719469493));
#3515 = VECTOR('',#3516,1.);
#3516 = DIRECTION('',(0.173648177667,0.984807753012,0.));
#3517 = PCURVE('',#2934,#3518);
#3518 = DEFINITIONAL_REPRESENTATION('',(#3519),#3523);
#3519 = LINE('',#3520,#3521);
#3520 = CARTESIAN_POINT('',(0.,0.));
#3521 = VECTOR('',#3522,1.);
#3522 = DIRECTION('',(2.192410928835E-18,-1.));
#3523 = ( GEOMETRIC_REPRESENTATION_CONTEXT(2) 
PARAMETRIC_REPRESENTATION_CONTEXT() REPRESENTATION_CONTEXT('2D SPACE',''
  ) );
#3524 = PCURVE('',#3095,#3525);
#3525 = DEFINITIONAL_REPRESENTATION('',(#3526),#3530);
#3526 = LINE('',#3527,#3528);
#3527 = CARTESIAN_POINT('',(2.1,7.216449660064E-16));
#3528 = VECTOR('',#3529,1.);
#3529 = DIRECTION('',(2.716226524374E-17,1.));
#3530 = ( GEOMETRIC_REPRESENTATION_CONTEXT(2) 
PARAMETRIC_REPRESENTATION_CONTEXT() REPRESENTATION_CONTEXT('2D SPACE',''
  ) );
#3531 = ORIENTED_EDGE('',*,*,#3532,.F.);
#3532 = EDGE_CURVE('',#2892,#3510,#3533,.T.);
#3533 = SURFACE_CURVE('',#3534,(#3538,#3545),.PCURVE_S1.);
#3534 = LINE('',#3535,#3536);
#3535 = CARTESIAN_POINT('',(-0.503244175732,12.649632233669,
    18.701739483351));
#3536 = VECTOR('',#3537,1.);
#3537 = DIRECTION('',(0.171010071663,-3.015368960705E-02,-0.984807753012
    ));
#3538 = PCURVE('',#2934,#3539);
#3539 = DEFINITIONAL_REPRESENTATION('',(#3540),#3544);
#3540 = LINE('',#3541,#3542);
#3541 = CARTESIAN_POINT('',(12.9,-25.4));
#3542 = VECTOR('',#3543,1.);
#3543 = DIRECTION('',(-1.,0.));
#3544 = ( GEOMETRIC_REPRESENTATION_CONTEXT(2) 
PARAMETRIC_REPRESENTATION_CONTEXT() REPRESENTATION_CONTEXT('2D SPACE',''
  ) );
#3545 = PCURVE('',#2907,#3546);
#3546 = DEFINITIONAL_REPRESENTATION('',(#3547),#3551);
#3547 = LINE('',#3548,#3549);
#3548 = CARTESIAN_POINT('',(12.9,2.1));
#3549 = VECTOR('',#3550,1.);
#3550 = DIRECTION('',(-1.,-2.775557561563E-17));
#3551 = ( GEOMETRIC_REPRESENTATION_CONTEXT(2) 
PARAMETRIC_REPRESENTATION_CONTEXT() REPRESENTATION_CONTEXT('2D SPACE',''
  ) );
#3552 = ORIENTED_EDGE('',*,*,#2919,.F.);
#3553 = FACE_BOUND('',#3554,.F.);
#3554 = EDGE_LOOP('',(#3555,#3583,#3609,#3635));
#3555 = ORIENTED_EDGE('',*,*,#3556,.F.);
#3556 = EDGE_CURVE('',#3557,#3559,#3561,.T.);
#3557 = VERTEX_POINT('',#3558);
#3558 = CARTESIAN_POINT('',(-0.233408451719,11.179946669551,
    15.747316224314));
#3559 = VERTEX_POINT('',#3560);
#3560 = CARTESIAN_POINT('',(-4.157683182509,-11.07572126636,
    15.747316224314));
#3561 = SURFACE_CURVE('',#3562,(#3566,#3572),.PCURVE_S1.);
#3562 = LINE('',#3563,#3564);
#3563 = CARTESIAN_POINT('',(-4.314053584651,-11.96254188515,
    15.747316224314));
#3564 = VECTOR('',#3565,1.);
#3565 = DIRECTION('',(-0.173648177667,-0.984807753012,3.469446951954E-18
    ));
#3566 = PCURVE('',#2934,#3567);
#3567 = DEFINITIONAL_REPRESENTATION('',(#3568),#3571);
#3568 = B_SPLINE_CURVE_WITH_KNOTS('',1,(#3569,#3570),.UNSPECIFIED.,.F.,
  .F.,(2,2),(-23.9,-0.5),.PIECEWISE_BEZIER_KNOTS.);
#3569 = CARTESIAN_POINT('',(9.9,-24.4));
#3570 = CARTESIAN_POINT('',(9.9,-1.));
#3571 = ( GEOMETRIC_REPRESENTATION_CONTEXT(2) 
PARAMETRIC_REPRESENTATION_CONTEXT() REPRESENTATION_CONTEXT('2D SPACE',''
  ) );
#3572 = PCURVE('',#3573,#3578);
#3573 = PLANE('',#3574);
#3574 = AXIS2_PLACEMENT_3D('',#3575,#3576,#3577);
#3575 = CARTESIAN_POINT('',(-4.236927958921,-11.46842790793,
    15.745579742538));
#3576 = DIRECTION('',(-0.171010071663,3.015368960705E-02,0.984807753012)
  );
#3577 = DIRECTION('',(0.969846310393,-0.171010071663,0.173648177667));
#3578 = DEFINITIONAL_REPRESENTATION('',(#3579),#3582);
#3579 = B_SPLINE_CURVE_WITH_KNOTS('',1,(#3580,#3581),.UNSPECIFIED.,.F.,
  .F.,(2,2),(-23.9,-0.5),.PIECEWISE_BEZIER_KNOTS.);
#3580 = CARTESIAN_POINT('',(1.E-02,23.4));
#3581 = CARTESIAN_POINT('',(1.E-02,-1.110223024625E-16));
#3582 = ( GEOMETRIC_REPRESENTATION_CONTEXT(2) 
PARAMETRIC_REPRESENTATION_CONTEXT() REPRESENTATION_CONTEXT('2D SPACE',''
  ) );
#3583 = ORIENTED_EDGE('',*,*,#3584,.F.);
#3584 = EDGE_CURVE('',#3585,#3557,#3587,.T.);
#3585 = VERTEX_POINT('',#3586);
#3586 = CARTESIAN_POINT('',(1.28858118608,10.911578832048,6.982527222506
    ));
#3587 = SURFACE_CURVE('',#3588,(#3592,#3598),.PCURVE_S1.);
#3588 = LINE('',#3589,#3590);
#3589 = CARTESIAN_POINT('',(1.28858118608,10.911578832048,6.982527222506
    ));
#3590 = VECTOR('',#3591,1.);
#3591 = DIRECTION('',(-0.171010071663,3.015368960705E-02,0.984807753012)
  );
#3592 = PCURVE('',#2934,#3593);
#3593 = DEFINITIONAL_REPRESENTATION('',(#3594),#3597);
#3594 = B_SPLINE_CURVE_WITH_KNOTS('',1,(#3595,#3596),.UNSPECIFIED.,.F.,
  .F.,(2,2),(-6.000000004929E-07,8.9000006),.PIECEWISE_BEZIER_KNOTS.);
#3595 = CARTESIAN_POINT('',(0.9999994,-23.99949874371));
#3596 = CARTESIAN_POINT('',(9.9000006,-23.99949874371));
#3597 = ( GEOMETRIC_REPRESENTATION_CONTEXT(2) 
PARAMETRIC_REPRESENTATION_CONTEXT() REPRESENTATION_CONTEXT('2D SPACE',''
  ) );
#3598 = PCURVE('',#3599,#3604);
#3599 = CYLINDRICAL_SURFACE('',#3600,0.5);
#3600 = AXIS2_PLACEMENT_3D('',#3601,#3602,#3603);
#3601 = CARTESIAN_POINT('',(1.746528102647,10.729796762712,
    7.067614829562));
#3602 = DIRECTION('',(-0.171010071663,3.015368960705E-02,0.984807753012)
  );
#3603 = DIRECTION('',(-0.969846310393,0.171010071663,-0.173648177667));
#3604 = DEFINITIONAL_REPRESENTATION('',(#3605),#3608);
#3605 = B_SPLINE_CURVE_WITH_KNOTS('',1,(#3606,#3607),.UNSPECIFIED.,.F.,
  .F.,(2,2),(-6.000000004929E-07,8.9000006),.PIECEWISE_BEZIER_KNOTS.);
#3606 = CARTESIAN_POINT('',(-0.200334842323,-6.00000000257E-07));
#3607 = CARTESIAN_POINT('',(-0.200334842323,8.9000006));
#3608 = ( GEOMETRIC_REPRESENTATION_CONTEXT(2) 
PARAMETRIC_REPRESENTATION_CONTEXT() REPRESENTATION_CONTEXT('2D SPACE',''
  ) );
#3609 = ORIENTED_EDGE('',*,*,#3610,.T.);
#3610 = EDGE_CURVE('',#3585,#3611,#3613,.T.);
#3611 = VERTEX_POINT('',#3612);
#3612 = CARTESIAN_POINT('',(-2.63569354471,-11.34408910386,
    6.982527222506));
#3613 = SURFACE_CURVE('',#3614,(#3618,#3624),.PCURVE_S1.);
#3614 = LINE('',#3615,#3616);
#3615 = CARTESIAN_POINT('',(-2.792063946851,-12.23090972265,
    6.982527222506));
#3616 = VECTOR('',#3617,1.);
#3617 = DIRECTION('',(-0.173648177667,-0.984807753012,3.469446951954E-18
    ));
#3618 = PCURVE('',#2934,#3619);
#3619 = DEFINITIONAL_REPRESENTATION('',(#3620),#3623);
#3620 = B_SPLINE_CURVE_WITH_KNOTS('',1,(#3621,#3622),.UNSPECIFIED.,.F.,
  .F.,(2,2),(-23.9,-0.5),.PIECEWISE_BEZIER_KNOTS.);
#3621 = CARTESIAN_POINT('',(1.,-24.4));
#3622 = CARTESIAN_POINT('',(1.,-1.));
#3623 = ( GEOMETRIC_REPRESENTATION_CONTEXT(2) 
PARAMETRIC_REPRESENTATION_CONTEXT() REPRESENTATION_CONTEXT('2D SPACE',''
  ) );
#3624 = PCURVE('',#3625,#3630);
#3625 = PLANE('',#3626);
#3626 = AXIS2_PLACEMENT_3D('',#3627,#3628,#3629);
#3627 = CARTESIAN_POINT('',(-2.714938321122,-11.73679574543,
    6.980790740729));
#3628 = DIRECTION('',(-0.171010071663,3.015368960705E-02,0.984807753012)
  );
#3629 = DIRECTION('',(0.969846310393,-0.171010071663,0.173648177667));
#3630 = DEFINITIONAL_REPRESENTATION('',(#3631),#3634);
#3631 = B_SPLINE_CURVE_WITH_KNOTS('',1,(#3632,#3633),.UNSPECIFIED.,.F.,
  .F.,(2,2),(-23.9,-0.5),.PIECEWISE_BEZIER_KNOTS.);
#3632 = CARTESIAN_POINT('',(1.E-02,23.4));
#3633 = CARTESIAN_POINT('',(1.E-02,-7.216449660064E-16));
#3634 = ( GEOMETRIC_REPRESENTATION_CONTEXT(2) 
PARAMETRIC_REPRESENTATION_CONTEXT() REPRESENTATION_CONTEXT('2D SPACE',''
  ) );
#3635 = ORIENTED_EDGE('',*,*,#3636,.T.);
#3636 = EDGE_CURVE('',#3611,#3559,#3637,.T.);
#3637 = SURFACE_CURVE('',#3638,(#3642,#3648),.PCURVE_S1.);
#3638 = LINE('',#3639,#3640);
#3639 = CARTESIAN_POINT('',(-2.63569354471,-11.34408910386,
    6.982527222506));
#3640 = VECTOR('',#3641,1.);
#3641 = DIRECTION('',(-0.171010071663,3.015368960705E-02,0.984807753012)
  );
#3642 = PCURVE('',#2934,#3643);
#3643 = DEFINITIONAL_REPRESENTATION('',(#3644),#3647);
#3644 = B_SPLINE_CURVE_WITH_KNOTS('',1,(#3645,#3646),.UNSPECIFIED.,.F.,
  .F.,(2,2),(-6.000000004169E-07,8.9000006),.PIECEWISE_BEZIER_KNOTS.);
#3645 = CARTESIAN_POINT('',(0.9999994,-1.400501256289));
#3646 = CARTESIAN_POINT('',(9.9000006,-1.400501256289));
#3647 = ( GEOMETRIC_REPRESENTATION_CONTEXT(2) 
PARAMETRIC_REPRESENTATION_CONTEXT() REPRESENTATION_CONTEXT('2D SPACE',''
  ) );
#3648 = PCURVE('',#3649,#3654);
#3649 = CYLINDRICAL_SURFACE('',#3650,0.5);
#3650 = AXIS2_PLACEMENT_3D('',#3651,#3652,#3653);
#3651 = CARTESIAN_POINT('',(-2.143191077092,-11.32989690476,
    7.067614829562));
#3652 = DIRECTION('',(-0.171010071663,3.015368960705E-02,0.984807753012)
  );
#3653 = DIRECTION('',(-0.969846310393,0.171010071663,-0.173648177667));
#3654 = DEFINITIONAL_REPRESENTATION('',(#3655),#3658);
#3655 = B_SPLINE_CURVE_WITH_KNOTS('',1,(#3656,#3657),.UNSPECIFIED.,.F.,
  .F.,(2,2),(-6.000000004169E-07,8.9000006),.PIECEWISE_BEZIER_KNOTS.);
#3656 = CARTESIAN_POINT('',(0.200334842323,-6.000000003059E-07));
#3657 = CARTESIAN_POINT('',(0.200334842323,8.9000006));
#3658 = ( GEOMETRIC_REPRESENTATION_CONTEXT(2) 
PARAMETRIC_REPRESENTATION_CONTEXT() REPRESENTATION_CONTEXT('2D SPACE',''
  ) );
#3659 = ADVANCED_FACE('',(#3660),#2907,.F.);
#3660 = FACE_BOUND('',#3661,.F.);
#3661 = EDGE_LOOP('',(#3662,#3663,#3686,#3714,#3735,#3736));
#3662 = ORIENTED_EDGE('',*,*,#3532,.T.);
#3663 = ORIENTED_EDGE('',*,*,#3664,.F.);
#3664 = EDGE_CURVE('',#3665,#3510,#3667,.T.);
#3665 = VERTEX_POINT('',#3666);
#3666 = CARTESIAN_POINT('',(-0.333891503107,12.61977078823,
    5.633058296393));
#3667 = SURFACE_CURVE('',#3668,(#3672,#3679),.PCURVE_S1.);
#3668 = LINE('',#3669,#3670);
#3669 = CARTESIAN_POINT('',(-0.333891503107,12.61977078823,
    5.633058296393));
#3670 = VECTOR('',#3671,1.);
#3671 = DIRECTION('',(0.969846310393,-0.171010071663,0.173648177667));
#3672 = PCURVE('',#2907,#3673);
#3673 = DEFINITIONAL_REPRESENTATION('',(#3674),#3678);
#3674 = LINE('',#3675,#3676);
#3675 = CARTESIAN_POINT('',(0.,0.));
#3676 = VECTOR('',#3677,1.);
#3677 = DIRECTION('',(2.775557561563E-17,1.));
#3678 = ( GEOMETRIC_REPRESENTATION_CONTEXT(2) 
PARAMETRIC_REPRESENTATION_CONTEXT() REPRESENTATION_CONTEXT('2D SPACE',''
  ) );
#3679 = PCURVE('',#3095,#3680);
#3680 = DEFINITIONAL_REPRESENTATION('',(#3681),#3685);
#3681 = LINE('',#3682,#3683);
#3682 = CARTESIAN_POINT('',(0.,25.4));
#3683 = VECTOR('',#3684,1.);
#3684 = DIRECTION('',(1.,2.775557561563E-17));
#3685 = ( GEOMETRIC_REPRESENTATION_CONTEXT(2) 
PARAMETRIC_REPRESENTATION_CONTEXT() REPRESENTATION_CONTEXT('2D SPACE',''
  ) );
#3686 = ORIENTED_EDGE('',*,*,#3687,.T.);
#3687 = EDGE_CURVE('',#3665,#3688,#3690,.T.);
#3688 = VERTEX_POINT('',#3689);
#3689 = CARTESIAN_POINT('',(-2.197901284232,12.948446004947,
    16.367462804226));
#3690 = SURFACE_CURVE('',#3691,(#3695,#3702),.PCURVE_S1.);
#3691 = LINE('',#3692,#3693);
#3692 = CARTESIAN_POINT('',(-0.333891503107,12.61977078823,
    5.633058296393));
#3693 = VECTOR('',#3694,1.);
#3694 = DIRECTION('',(-0.171010071663,3.015368960705E-02,0.984807753012)
  );
#3695 = PCURVE('',#2907,#3696);
#3696 = DEFINITIONAL_REPRESENTATION('',(#3697),#3701);
#3697 = LINE('',#3698,#3699);
#3698 = CARTESIAN_POINT('',(0.,0.));
#3699 = VECTOR('',#3700,1.);
#3700 = DIRECTION('',(1.,2.775557561563E-17));
#3701 = ( GEOMETRIC_REPRESENTATION_CONTEXT(2) 
PARAMETRIC_REPRESENTATION_CONTEXT() REPRESENTATION_CONTEXT('2D SPACE',''
  ) );
#3702 = PCURVE('',#3703,#3708);
#3703 = PLANE('',#3704);
#3704 = AXIS2_PLACEMENT_3D('',#3705,#3706,#3707);
#3705 = CARTESIAN_POINT('',(-4.744555215847,-12.39434613828,
    5.633058296393));
#3706 = DIRECTION('',(0.969846310393,-0.171010071663,0.173648177667));
#3707 = DIRECTION('',(-0.171010071663,3.015368960705E-02,0.984807753012)
  );
#3708 = DEFINITIONAL_REPRESENTATION('',(#3709),#3713);
#3709 = LINE('',#3710,#3711);
#3710 = CARTESIAN_POINT('',(0.,-25.4));
#3711 = VECTOR('',#3712,1.);
#3712 = DIRECTION('',(1.,3.469446951954E-18));
#3713 = ( GEOMETRIC_REPRESENTATION_CONTEXT(2) 
PARAMETRIC_REPRESENTATION_CONTEXT() REPRESENTATION_CONTEXT('2D SPACE',''
  ) );
#3714 = ORIENTED_EDGE('',*,*,#3715,.F.);
#3715 = EDGE_CURVE('',#3136,#3688,#3716,.T.);
#3716 = SURFACE_CURVE('',#3717,(#3721,#3728),.PCURVE_S1.);
#3717 = LINE('',#3718,#3719);
#3718 = CARTESIAN_POINT('',(-6.756178943079,13.752193341762,
    15.551316369191));
#3719 = VECTOR('',#3720,1.);
#3720 = DIRECTION('',(0.969846310393,-0.171010071663,0.173648177667));
#3721 = PCURVE('',#2907,#3722);
#3722 = DEFINITIONAL_REPRESENTATION('',(#3723),#3727);
#3723 = LINE('',#3724,#3725);
#3724 = CARTESIAN_POINT('',(10.9,-4.7));
#3725 = VECTOR('',#3726,1.);
#3726 = DIRECTION('',(2.775557561563E-17,1.));
#3727 = ( GEOMETRIC_REPRESENTATION_CONTEXT(2) 
PARAMETRIC_REPRESENTATION_CONTEXT() REPRESENTATION_CONTEXT('2D SPACE',''
  ) );
#3728 = PCURVE('',#3151,#3729);
#3729 = DEFINITIONAL_REPRESENTATION('',(#3730),#3734);
#3730 = LINE('',#3731,#3732);
#3731 = CARTESIAN_POINT('',(8.881784197001E-16,25.4));
#3732 = VECTOR('',#3733,1.);
#3733 = DIRECTION('',(1.,2.775557561563E-17));
#3734 = ( GEOMETRIC_REPRESENTATION_CONTEXT(2) 
PARAMETRIC_REPRESENTATION_CONTEXT() REPRESENTATION_CONTEXT('2D SPACE',''
  ) );
#3735 = ORIENTED_EDGE('',*,*,#3163,.T.);
#3736 = ORIENTED_EDGE('',*,*,#2891,.T.);
#3737 = ADVANCED_FACE('',(#3738,#3782),#3151,.T.);
#3738 = FACE_BOUND('',#3739,.T.);
#3739 = EDGE_LOOP('',(#3740,#3741,#3762,#3781));
#3740 = ORIENTED_EDGE('',*,*,#3135,.F.);
#3741 = ORIENTED_EDGE('',*,*,#3742,.T.);
#3742 = EDGE_CURVE('',#3108,#3743,#3745,.T.);
#3743 = VERTEX_POINT('',#3744);
#3744 = CARTESIAN_POINT('',(-2.8924939949,9.009214992898,16.367462804226
    ));
#3745 = SURFACE_CURVE('',#3746,(#3750,#3756),.PCURVE_S1.);
#3746 = LINE('',#3747,#3748);
#3747 = CARTESIAN_POINT('',(-7.450771653747,9.812962329713,
    15.551316369191));
#3748 = VECTOR('',#3749,1.);
#3749 = DIRECTION('',(0.969846310393,-0.171010071663,0.173648177667));
#3750 = PCURVE('',#3151,#3751);
#3751 = DEFINITIONAL_REPRESENTATION('',(#3752),#3755);
#3752 = B_SPLINE_CURVE_WITH_KNOTS('',1,(#3753,#3754),.UNSPECIFIED.,.F.,
  .F.,(2,2),(8.881784197001E-16,4.7),.PIECEWISE_BEZIER_KNOTS.);
#3753 = CARTESIAN_POINT('',(0.,21.4));
#3754 = CARTESIAN_POINT('',(4.7,21.4));
#3755 = ( GEOMETRIC_REPRESENTATION_CONTEXT(2) 
PARAMETRIC_REPRESENTATION_CONTEXT() REPRESENTATION_CONTEXT('2D SPACE',''
  ) );
#3756 = PCURVE('',#3123,#3757);
#3757 = DEFINITIONAL_REPRESENTATION('',(#3758),#3761);
#3758 = B_SPLINE_CURVE_WITH_KNOTS('',1,(#3759,#3760),.UNSPECIFIED.,.F.,
  .F.,(2,2),(8.881784197001E-16,4.7),.PIECEWISE_BEZIER_KNOTS.);
#3759 = CARTESIAN_POINT('',(10.9,8.881784197001E-16));
#3760 = CARTESIAN_POINT('',(10.9,4.7));
#3761 = ( GEOMETRIC_REPRESENTATION_CONTEXT(2) 
PARAMETRIC_REPRESENTATION_CONTEXT() REPRESENTATION_CONTEXT('2D SPACE',''
  ) );
#3762 = ORIENTED_EDGE('',*,*,#3763,.F.);
#3763 = EDGE_CURVE('',#3688,#3743,#3764,.T.);
#3764 = SURFACE_CURVE('',#3765,(#3769,#3775),.PCURVE_S1.);
#3765 = LINE('',#3766,#3767);
#3766 = CARTESIAN_POINT('',(-6.608564996972,-12.06567092156,
    16.367462804226));
#3767 = VECTOR('',#3768,1.);
#3768 = DIRECTION('',(-0.173648177667,-0.984807753012,3.469446951954E-18
    ));
#3769 = PCURVE('',#3151,#3770);
#3770 = DEFINITIONAL_REPRESENTATION('',(#3771),#3774);
#3771 = B_SPLINE_CURVE_WITH_KNOTS('',1,(#3772,#3773),.UNSPECIFIED.,.F.,
  .F.,(2,2),(-25.4,-21.4),.PIECEWISE_BEZIER_KNOTS.);
#3772 = CARTESIAN_POINT('',(4.7,25.4));
#3773 = CARTESIAN_POINT('',(4.7,21.4));
#3774 = ( GEOMETRIC_REPRESENTATION_CONTEXT(2) 
PARAMETRIC_REPRESENTATION_CONTEXT() REPRESENTATION_CONTEXT('2D SPACE',''
  ) );
#3775 = PCURVE('',#3703,#3776);
#3776 = DEFINITIONAL_REPRESENTATION('',(#3777),#3780);
#3777 = B_SPLINE_CURVE_WITH_KNOTS('',1,(#3778,#3779),.UNSPECIFIED.,.F.,
  .F.,(2,2),(-25.4,-21.4),.PIECEWISE_BEZIER_KNOTS.);
#3778 = CARTESIAN_POINT('',(10.9,-25.4));
#3779 = CARTESIAN_POINT('',(10.9,-21.4));
#3780 = ( GEOMETRIC_REPRESENTATION_CONTEXT(2) 
PARAMETRIC_REPRESENTATION_CONTEXT() REPRESENTATION_CONTEXT('2D SPACE',''
  ) );
#3781 = ORIENTED_EDGE('',*,*,#3715,.F.);
#3782 = FACE_BOUND('',#3783,.T.);
#3783 = EDGE_LOOP('',(#3784));
#3784 = ORIENTED_EDGE('',*,*,#3785,.F.);
#3785 = EDGE_CURVE('',#3786,#3786,#3788,.T.);
#3786 = VERTEX_POINT('',#3787);
#3787 = CARTESIAN_POINT('',(-3.999967105155,11.235345606417,
    16.106990537726));
#3788 = SURFACE_CURVE('',#3789,(#3794,#3801),.PCURVE_S1.);
#3789 = CIRCLE('',#3790,0.85);
#3790 = AXIS2_PLACEMENT_3D('',#3791,#3792,#3793);
#3791 = CARTESIAN_POINT('',(-4.824336468989,11.38070416733,
    15.959389586709));
#3792 = DIRECTION('',(-0.171010071663,3.015368960705E-02,0.984807753012)
  );
#3793 = DIRECTION('',(0.969846310393,-0.171010071663,0.173648177667));
#3794 = PCURVE('',#3151,#3795);
#3795 = DEFINITIONAL_REPRESENTATION('',(#3796),#3800);
#3796 = CIRCLE('',#3797,0.85);
#3797 = AXIS2_PLACEMENT_2D('',#3798,#3799);
#3798 = CARTESIAN_POINT('',(2.35,23.4));
#3799 = DIRECTION('',(1.,5.551115123126E-17));
#3800 = ( GEOMETRIC_REPRESENTATION_CONTEXT(2) 
PARAMETRIC_REPRESENTATION_CONTEXT() REPRESENTATION_CONTEXT('2D SPACE',''
  ) );
#3801 = PCURVE('',#3802,#3807);
#3802 = CYLINDRICAL_SURFACE('',#3803,0.85);
#3803 = AXIS2_PLACEMENT_3D('',#3804,#3805,#3806);
#3804 = CARTESIAN_POINT('',(-3.456255895687,11.139474650474,
    8.080927562611));
#3805 = DIRECTION('',(-0.171010071663,3.015368960705E-02,0.984807753012)
  );
#3806 = DIRECTION('',(0.969846310393,-0.171010071663,0.173648177667));
#3807 = DEFINITIONAL_REPRESENTATION('',(#3808),#3812);
#3808 = LINE('',#3809,#3810);
#3809 = CARTESIAN_POINT('',(0.,8.));
#3810 = VECTOR('',#3811,1.);
#3811 = DIRECTION('',(1.,0.));
#3812 = ( GEOMETRIC_REPRESENTATION_CONTEXT(2) 
PARAMETRIC_REPRESENTATION_CONTEXT() REPRESENTATION_CONTEXT('2D SPACE',''
  ) );
#3813 = ADVANCED_FACE('',(#3814),#3123,.F.);
#3814 = FACE_BOUND('',#3815,.F.);
#3815 = EDGE_LOOP('',(#3816,#3839,#3840,#3841));
#3816 = ORIENTED_EDGE('',*,*,#3817,.F.);
#3817 = EDGE_CURVE('',#3080,#3818,#3820,.T.);
#3818 = VERTEX_POINT('',#3819);
#3819 = CARTESIAN_POINT('',(-1.028484213775,8.680539776181,
    5.633058296393));
#3820 = SURFACE_CURVE('',#3821,(#3825,#3832),.PCURVE_S1.);
#3821 = LINE('',#3822,#3823);
#3822 = CARTESIAN_POINT('',(-5.586761872622,9.484287112996,
    4.816911861358));
#3823 = VECTOR('',#3824,1.);
#3824 = DIRECTION('',(0.969846310393,-0.171010071663,0.173648177667));
#3825 = PCURVE('',#3123,#3826);
#3826 = DEFINITIONAL_REPRESENTATION('',(#3827),#3831);
#3827 = LINE('',#3828,#3829);
#3828 = CARTESIAN_POINT('',(0.,0.));
#3829 = VECTOR('',#3830,1.);
#3830 = DIRECTION('',(2.775557561563E-17,1.));
#3831 = ( GEOMETRIC_REPRESENTATION_CONTEXT(2) 
PARAMETRIC_REPRESENTATION_CONTEXT() REPRESENTATION_CONTEXT('2D SPACE',''
  ) );
#3832 = PCURVE('',#3095,#3833);
#3833 = DEFINITIONAL_REPRESENTATION('',(#3834),#3838);
#3834 = LINE('',#3835,#3836);
#3835 = CARTESIAN_POINT('',(-4.7,21.4));
#3836 = VECTOR('',#3837,1.);
#3837 = DIRECTION('',(1.,2.775557561563E-17));
#3838 = ( GEOMETRIC_REPRESENTATION_CONTEXT(2) 
PARAMETRIC_REPRESENTATION_CONTEXT() REPRESENTATION_CONTEXT('2D SPACE',''
  ) );
#3839 = ORIENTED_EDGE('',*,*,#3107,.T.);
#3840 = ORIENTED_EDGE('',*,*,#3742,.T.);
#3841 = ORIENTED_EDGE('',*,*,#3842,.F.);
#3842 = EDGE_CURVE('',#3818,#3743,#3843,.T.);
#3843 = SURFACE_CURVE('',#3844,(#3848,#3854),.PCURVE_S1.);
#3844 = LINE('',#3845,#3846);
#3845 = CARTESIAN_POINT('',(-1.028484213775,8.680539776181,
    5.633058296393));
#3846 = VECTOR('',#3847,1.);
#3847 = DIRECTION('',(-0.171010071663,3.015368960705E-02,0.984807753012)
  );
#3848 = PCURVE('',#3123,#3849);
#3849 = DEFINITIONAL_REPRESENTATION('',(#3850),#3853);
#3850 = B_SPLINE_CURVE_WITH_KNOTS('',1,(#3851,#3852),.UNSPECIFIED.,.F.,
  .F.,(2,2),(1.110223024625E-16,12.9),.PIECEWISE_BEZIER_KNOTS.);
#3851 = CARTESIAN_POINT('',(1.110223024625E-16,4.7));
#3852 = CARTESIAN_POINT('',(12.9,4.7));
#3853 = ( GEOMETRIC_REPRESENTATION_CONTEXT(2) 
PARAMETRIC_REPRESENTATION_CONTEXT() REPRESENTATION_CONTEXT('2D SPACE',''
  ) );
#3854 = PCURVE('',#3703,#3855);
#3855 = DEFINITIONAL_REPRESENTATION('',(#3856),#3859);
#3856 = B_SPLINE_CURVE_WITH_KNOTS('',1,(#3857,#3858),.UNSPECIFIED.,.F.,
  .F.,(2,2),(1.110223024625E-16,12.9),.PIECEWISE_BEZIER_KNOTS.);
#3857 = CARTESIAN_POINT('',(0.,-21.4));
#3858 = CARTESIAN_POINT('',(12.9,-21.4));
#3859 = ( GEOMETRIC_REPRESENTATION_CONTEXT(2) 
PARAMETRIC_REPRESENTATION_CONTEXT() REPRESENTATION_CONTEXT('2D SPACE',''
  ) );
#3860 = ADVANCED_FACE('',(#3861),#3095,.T.);
#3861 = FACE_BOUND('',#3862,.T.);
#3862 = EDGE_LOOP('',(#3863,#3886,#3887,#3888,#3889,#3910,#3911,#3912));
#3863 = ORIENTED_EDGE('',*,*,#3864,.F.);
#3864 = EDGE_CURVE('',#3457,#3865,#3867,.T.);
#3865 = VERTEX_POINT('',#3866);
#3866 = CARTESIAN_POINT('',(-4.049962505179,-8.455115126231,
    5.633058296393));
#3867 = SURFACE_CURVE('',#3868,(#3872,#3879),.PCURVE_S1.);
#3868 = LINE('',#3869,#3870);
#3869 = CARTESIAN_POINT('',(-4.744555215847,-12.39434613828,
    5.633058296393));
#3870 = VECTOR('',#3871,1.);
#3871 = DIRECTION('',(0.173648177667,0.984807753012,0.));
#3872 = PCURVE('',#3095,#3873);
#3873 = DEFINITIONAL_REPRESENTATION('',(#3874),#3878);
#3874 = LINE('',#3875,#3876);
#3875 = CARTESIAN_POINT('',(0.,0.));
#3876 = VECTOR('',#3877,1.);
#3877 = DIRECTION('',(2.716226524374E-17,1.));
#3878 = ( GEOMETRIC_REPRESENTATION_CONTEXT(2) 
PARAMETRIC_REPRESENTATION_CONTEXT() REPRESENTATION_CONTEXT('2D SPACE',''
  ) );
#3879 = PCURVE('',#3493,#3880);
#3880 = DEFINITIONAL_REPRESENTATION('',(#3881),#3885);
#3881 = LINE('',#3882,#3883);
#3882 = CARTESIAN_POINT('',(0.,0.));
#3883 = VECTOR('',#3884,1.);
#3884 = DIRECTION('',(2.192410928835E-18,-1.));
#3885 = ( GEOMETRIC_REPRESENTATION_CONTEXT(2) 
PARAMETRIC_REPRESENTATION_CONTEXT() REPRESENTATION_CONTEXT('2D SPACE',''
  ) );
#3886 = ORIENTED_EDGE('',*,*,#3456,.T.);
#3887 = ORIENTED_EDGE('',*,*,#3509,.T.);
#3888 = ORIENTED_EDGE('',*,*,#3664,.F.);
#3889 = ORIENTED_EDGE('',*,*,#3890,.F.);
#3890 = EDGE_CURVE('',#3818,#3665,#3891,.T.);
#3891 = SURFACE_CURVE('',#3892,(#3896,#3903),.PCURVE_S1.);
#3892 = LINE('',#3893,#3894);
#3893 = CARTESIAN_POINT('',(-4.744555215847,-12.39434613828,
    5.633058296393));
#3894 = VECTOR('',#3895,1.);
#3895 = DIRECTION('',(0.173648177667,0.984807753012,0.));
#3896 = PCURVE('',#3095,#3897);
#3897 = DEFINITIONAL_REPRESENTATION('',(#3898),#3902);
#3898 = LINE('',#3899,#3900);
#3899 = CARTESIAN_POINT('',(0.,0.));
#3900 = VECTOR('',#3901,1.);
#3901 = DIRECTION('',(2.716226524374E-17,1.));
#3902 = ( GEOMETRIC_REPRESENTATION_CONTEXT(2) 
PARAMETRIC_REPRESENTATION_CONTEXT() REPRESENTATION_CONTEXT('2D SPACE',''
  ) );
#3903 = PCURVE('',#3703,#3904);
#3904 = DEFINITIONAL_REPRESENTATION('',(#3905),#3909);
#3905 = LINE('',#3906,#3907);
#3906 = CARTESIAN_POINT('',(0.,0.));
#3907 = VECTOR('',#3908,1.);
#3908 = DIRECTION('',(2.192410928835E-18,-1.));
#3909 = ( GEOMETRIC_REPRESENTATION_CONTEXT(2) 
PARAMETRIC_REPRESENTATION_CONTEXT() REPRESENTATION_CONTEXT('2D SPACE',''
  ) );
#3910 = ORIENTED_EDGE('',*,*,#3817,.F.);
#3911 = ORIENTED_EDGE('',*,*,#3079,.F.);
#3912 = ORIENTED_EDGE('',*,*,#3913,.T.);
#3913 = EDGE_CURVE('',#3052,#3865,#3914,.T.);
#3914 = SURFACE_CURVE('',#3915,(#3919,#3926),.PCURVE_S1.);
#3915 = LINE('',#3916,#3917);
#3916 = CARTESIAN_POINT('',(-8.608240164026,-7.651367789416,
    4.816911861358));
#3917 = VECTOR('',#3918,1.);
#3918 = DIRECTION('',(0.969846310393,-0.171010071663,0.173648177667));
#3919 = PCURVE('',#3095,#3920);
#3920 = DEFINITIONAL_REPRESENTATION('',(#3921),#3925);
#3921 = LINE('',#3922,#3923);
#3922 = CARTESIAN_POINT('',(-4.7,4.));
#3923 = VECTOR('',#3924,1.);
#3924 = DIRECTION('',(1.,2.775557561563E-17));
#3925 = ( GEOMETRIC_REPRESENTATION_CONTEXT(2) 
PARAMETRIC_REPRESENTATION_CONTEXT() REPRESENTATION_CONTEXT('2D SPACE',''
  ) );
#3926 = PCURVE('',#3067,#3927);
#3927 = DEFINITIONAL_REPRESENTATION('',(#3928),#3932);
#3928 = LINE('',#3929,#3930);
#3929 = CARTESIAN_POINT('',(0.,0.));
#3930 = VECTOR('',#3931,1.);
#3931 = DIRECTION('',(2.775557561563E-17,1.));
#3932 = ( GEOMETRIC_REPRESENTATION_CONTEXT(2) 
PARAMETRIC_REPRESENTATION_CONTEXT() REPRESENTATION_CONTEXT('2D SPACE',''
  ) );
#3933 = ADVANCED_FACE('',(#3934),#3067,.T.);
#3934 = FACE_BOUND('',#3935,.T.);
#3935 = EDGE_LOOP('',(#3936,#3937,#3938,#3959));
#3936 = ORIENTED_EDGE('',*,*,#3913,.F.);
#3937 = ORIENTED_EDGE('',*,*,#3051,.T.);
#3938 = ORIENTED_EDGE('',*,*,#3939,.T.);
#3939 = EDGE_CURVE('',#3024,#3940,#3942,.T.);
#3940 = VERTEX_POINT('',#3941);
#3941 = CARTESIAN_POINT('',(-5.913972286304,-8.126439909514,
    16.367462804226));
#3942 = SURFACE_CURVE('',#3943,(#3947,#3953),.PCURVE_S1.);
#3943 = LINE('',#3944,#3945);
#3944 = CARTESIAN_POINT('',(-10.47224994515,-7.322692572699,
    15.551316369191));
#3945 = VECTOR('',#3946,1.);
#3946 = DIRECTION('',(0.969846310393,-0.171010071663,0.173648177667));
#3947 = PCURVE('',#3067,#3948);
#3948 = DEFINITIONAL_REPRESENTATION('',(#3949),#3952);
#3949 = B_SPLINE_CURVE_WITH_KNOTS('',1,(#3950,#3951),.UNSPECIFIED.,.F.,
  .F.,(2,2),(-6.661338147751E-16,4.7),.PIECEWISE_BEZIER_KNOTS.);
#3950 = CARTESIAN_POINT('',(10.9,0.));
#3951 = CARTESIAN_POINT('',(10.9,4.7));
#3952 = ( GEOMETRIC_REPRESENTATION_CONTEXT(2) 
PARAMETRIC_REPRESENTATION_CONTEXT() REPRESENTATION_CONTEXT('2D SPACE',''
  ) );
#3953 = PCURVE('',#3039,#3954);
#3954 = DEFINITIONAL_REPRESENTATION('',(#3955),#3958);
#3955 = B_SPLINE_CURVE_WITH_KNOTS('',1,(#3956,#3957),.UNSPECIFIED.,.F.,
  .F.,(2,2),(-6.661338147751E-16,4.7),.PIECEWISE_BEZIER_KNOTS.);
#3956 = CARTESIAN_POINT('',(3.330669073875E-16,4.));
#3957 = CARTESIAN_POINT('',(4.7,4.));
#3958 = ( GEOMETRIC_REPRESENTATION_CONTEXT(2) 
PARAMETRIC_REPRESENTATION_CONTEXT() REPRESENTATION_CONTEXT('2D SPACE',''
  ) );
#3959 = ORIENTED_EDGE('',*,*,#3960,.F.);
#3960 = EDGE_CURVE('',#3865,#3940,#3961,.T.);
#3961 = SURFACE_CURVE('',#3962,(#3966,#3972),.PCURVE_S1.);
#3962 = LINE('',#3963,#3964);
#3963 = CARTESIAN_POINT('',(-4.049962505179,-8.455115126231,
    5.633058296393));
#3964 = VECTOR('',#3965,1.);
#3965 = DIRECTION('',(-0.171010071663,3.015368960705E-02,0.984807753012)
  );
#3966 = PCURVE('',#3067,#3967);
#3967 = DEFINITIONAL_REPRESENTATION('',(#3968),#3971);
#3968 = B_SPLINE_CURVE_WITH_KNOTS('',1,(#3969,#3970),.UNSPECIFIED.,.F.,
  .F.,(2,2),(9.71445146547E-17,12.9),.PIECEWISE_BEZIER_KNOTS.);
#3969 = CARTESIAN_POINT('',(3.191891195797E-16,4.7));
#3970 = CARTESIAN_POINT('',(12.9,4.7));
#3971 = ( GEOMETRIC_REPRESENTATION_CONTEXT(2) 
PARAMETRIC_REPRESENTATION_CONTEXT() REPRESENTATION_CONTEXT('2D SPACE',''
  ) );
#3972 = PCURVE('',#3493,#3973);
#3973 = DEFINITIONAL_REPRESENTATION('',(#3974),#3977);
#3974 = B_SPLINE_CURVE_WITH_KNOTS('',1,(#3975,#3976),.UNSPECIFIED.,.F.,
  .F.,(2,2),(9.71445146547E-17,12.9),.PIECEWISE_BEZIER_KNOTS.);
#3975 = CARTESIAN_POINT('',(0.,-4.));
#3976 = CARTESIAN_POINT('',(12.9,-4.));
#3977 = ( GEOMETRIC_REPRESENTATION_CONTEXT(2) 
PARAMETRIC_REPRESENTATION_CONTEXT() REPRESENTATION_CONTEXT('2D SPACE',''
  ) );
#3978 = ADVANCED_FACE('',(#3979,#4003),#3039,.T.);
#3979 = FACE_BOUND('',#3980,.T.);
#3980 = EDGE_LOOP('',(#3981,#3982,#3983,#4002));
#3981 = ORIENTED_EDGE('',*,*,#3023,.F.);
#3982 = ORIENTED_EDGE('',*,*,#3408,.T.);
#3983 = ORIENTED_EDGE('',*,*,#3984,.F.);
#3984 = EDGE_CURVE('',#3940,#3409,#3985,.T.);
#3985 = SURFACE_CURVE('',#3986,(#3990,#3996),.PCURVE_S1.);
#3986 = LINE('',#3987,#3988);
#3987 = CARTESIAN_POINT('',(-6.608564996972,-12.06567092156,
    16.367462804226));
#3988 = VECTOR('',#3989,1.);
#3989 = DIRECTION('',(-0.173648177667,-0.984807753012,3.469446951954E-18
    ));
#3990 = PCURVE('',#3039,#3991);
#3991 = DEFINITIONAL_REPRESENTATION('',(#3992),#3995);
#3992 = B_SPLINE_CURVE_WITH_KNOTS('',1,(#3993,#3994),.UNSPECIFIED.,.F.,
  .F.,(2,2),(-4.,-2.22044604925E-16),.PIECEWISE_BEZIER_KNOTS.);
#3993 = CARTESIAN_POINT('',(4.7,4.));
#3994 = CARTESIAN_POINT('',(4.7,0.));
#3995 = ( GEOMETRIC_REPRESENTATION_CONTEXT(2) 
PARAMETRIC_REPRESENTATION_CONTEXT() REPRESENTATION_CONTEXT('2D SPACE',''
  ) );
#3996 = PCURVE('',#3493,#3997);
#3997 = DEFINITIONAL_REPRESENTATION('',(#3998),#4001);
#3998 = B_SPLINE_CURVE_WITH_KNOTS('',1,(#3999,#4000),.UNSPECIFIED.,.F.,
  .F.,(2,2),(-4.,-2.22044604925E-16),.PIECEWISE_BEZIER_KNOTS.);
#3999 = CARTESIAN_POINT('',(10.9,-4.));
#4000 = CARTESIAN_POINT('',(10.9,-6.661338147751E-16));
#4001 = ( GEOMETRIC_REPRESENTATION_CONTEXT(2) 
PARAMETRIC_REPRESENTATION_CONTEXT() REPRESENTATION_CONTEXT('2D SPACE',''
  ) );
#4002 = ORIENTED_EDGE('',*,*,#3939,.F.);
#4003 = FACE_BOUND('',#4004,.T.);
#4004 = EDGE_LOOP('',(#4005));
#4005 = ORIENTED_EDGE('',*,*,#4006,.F.);
#4006 = EDGE_CURVE('',#4007,#4007,#4009,.T.);
#4007 = VERTEX_POINT('',#4008);
#4008 = CARTESIAN_POINT('',(-7.716038107228,-9.839540308045,
    16.106990537726));
#4009 = SURFACE_CURVE('',#4010,(#4015,#4022),.PCURVE_S1.);
#4010 = CIRCLE('',#4011,0.85);
#4011 = AXIS2_PLACEMENT_3D('',#4012,#4013,#4014);
#4012 = CARTESIAN_POINT('',(-8.540407471062,-9.694181747131,
    15.959389586709));
#4013 = DIRECTION('',(-0.171010071663,3.015368960705E-02,0.984807753012)
  );
#4014 = DIRECTION('',(0.969846310393,-0.171010071663,0.173648177667));
#4015 = PCURVE('',#3039,#4016);
#4016 = DEFINITIONAL_REPRESENTATION('',(#4017),#4021);
#4017 = CIRCLE('',#4018,0.85);
#4018 = AXIS2_PLACEMENT_2D('',#4019,#4020);
#4019 = CARTESIAN_POINT('',(2.35,2.));
#4020 = DIRECTION('',(1.,5.551115123126E-17));
#4021 = ( GEOMETRIC_REPRESENTATION_CONTEXT(2) 
PARAMETRIC_REPRESENTATION_CONTEXT() REPRESENTATION_CONTEXT('2D SPACE',''
  ) );
#4022 = PCURVE('',#4023,#4028);
#4023 = CYLINDRICAL_SURFACE('',#4024,0.85);
#4024 = AXIS2_PLACEMENT_3D('',#4025,#4026,#4027);
#4025 = CARTESIAN_POINT('',(-7.172326897759,-9.935411263988,
    8.080927562611));
#4026 = DIRECTION('',(-0.171010071663,3.015368960705E-02,0.984807753012)
  );
#4027 = DIRECTION('',(0.969846310393,-0.171010071663,0.173648177667));
#4028 = DEFINITIONAL_REPRESENTATION('',(#4029),#4033);
#4029 = LINE('',#4030,#4031);
#4030 = CARTESIAN_POINT('',(0.,8.));
#4031 = VECTOR('',#4032,1.);
#4032 = DIRECTION('',(1.,0.));
#4033 = ( GEOMETRIC_REPRESENTATION_CONTEXT(2) 
PARAMETRIC_REPRESENTATION_CONTEXT() REPRESENTATION_CONTEXT('2D SPACE',''
  ) );
#4034 = ADVANCED_FACE('',(#4035),#3253,.F.);
#4035 = FACE_BOUND('',#4036,.F.);
#4036 = EDGE_LOOP('',(#4037,#4059,#4086,#4106));
#4037 = ORIENTED_EDGE('',*,*,#4038,.F.);
#4038 = EDGE_CURVE('',#4039,#3240,#4041,.T.);
#4039 = VERTEX_POINT('',#4040);
#4040 = CARTESIAN_POINT('',(0.696391117874,3.096179335047,
    11.231470888705));
#4041 = SURFACE_CURVE('',#4042,(#4045,#4052),.PCURVE_S1.);
#4042 = B_SPLINE_CURVE_WITH_KNOTS('',1,(#4043,#4044),.UNSPECIFIED.,.F.,
  .F.,(2,2),(0.,1.),.PIECEWISE_BEZIER_KNOTS.);
#4043 = CARTESIAN_POINT('',(0.696391117874,3.096179335047,
    11.231470888705));
#4044 = CARTESIAN_POINT('',(1.802635688559,3.274399482399,
    11.044830432492));
#4045 = PCURVE('',#3253,#4046);
#4046 = DEFINITIONAL_REPRESENTATION('',(#4047),#4051);
#4047 = LINE('',#4048,#4049);
#4048 = CARTESIAN_POINT('',(0.,0.));
#4049 = VECTOR('',#4050,1.);
#4050 = DIRECTION('',(0.,1.));
#4051 = ( GEOMETRIC_REPRESENTATION_CONTEXT(2) 
PARAMETRIC_REPRESENTATION_CONTEXT() REPRESENTATION_CONTEXT('2D SPACE',''
  ) );
#4052 = PCURVE('',#3278,#4053);
#4053 = DEFINITIONAL_REPRESENTATION('',(#4054),#4058);
#4054 = LINE('',#4055,#4056);
#4055 = CARTESIAN_POINT('',(7.735219873218,0.));
#4056 = VECTOR('',#4057,1.);
#4057 = DIRECTION('',(0.,1.));
#4058 = ( GEOMETRIC_REPRESENTATION_CONTEXT(2) 
PARAMETRIC_REPRESENTATION_CONTEXT() REPRESENTATION_CONTEXT('2D SPACE',''
  ) );
#4059 = ORIENTED_EDGE('',*,*,#4060,.T.);
#4060 = EDGE_CURVE('',#4039,#4061,#4063,.T.);
#4061 = VERTEX_POINT('',#4062);
#4062 = CARTESIAN_POINT('',(-9.025521177457E-02,3.234886307239,
    15.761586552562));
#4063 = SURFACE_CURVE('',#4064,(#4068,#4074),.PCURVE_S1.);
#4064 = LINE('',#4065,#4066);
#4065 = CARTESIAN_POINT('',(0.696391117874,3.096179335047,
    11.231470888705));
#4066 = VECTOR('',#4067,1.);
#4067 = DIRECTION('',(-0.171010071663,3.015368960705E-02,0.984807753012)
  );
#4068 = PCURVE('',#3253,#4069);
#4069 = DEFINITIONAL_REPRESENTATION('',(#4070),#4073);
#4070 = B_SPLINE_CURVE_WITH_KNOTS('',1,(#4071,#4072),.UNSPECIFIED.,.F.,
  .F.,(2,2),(0.,4.6),.PIECEWISE_BEZIER_KNOTS.);
#4071 = CARTESIAN_POINT('',(0.,0.));
#4072 = CARTESIAN_POINT('',(5.335219873218,0.));
#4073 = ( GEOMETRIC_REPRESENTATION_CONTEXT(2) 
PARAMETRIC_REPRESENTATION_CONTEXT() REPRESENTATION_CONTEXT('2D SPACE',''
  ) );
#4074 = PCURVE('',#4075,#4080);
#4075 = PLANE('',#4076);
#4076 = AXIS2_PLACEMENT_3D('',#4077,#4078,#4079);
#4077 = CARTESIAN_POINT('',(-1.250470392428,-11.99502095364,
    7.242999489006));
#4078 = DIRECTION('',(0.969846310393,-0.171010071663,0.173648177667));
#4079 = DIRECTION('',(-0.171010071663,3.015368960705E-02,0.984807753012)
  );
#4080 = DEFINITIONAL_REPRESENTATION('',(#4081),#4085);
#4081 = LINE('',#4082,#4083);
#4082 = CARTESIAN_POINT('',(4.05,-15.2));
#4083 = VECTOR('',#4084,1.);
#4084 = DIRECTION('',(1.,3.469446951954E-18));
#4085 = ( GEOMETRIC_REPRESENTATION_CONTEXT(2) 
PARAMETRIC_REPRESENTATION_CONTEXT() REPRESENTATION_CONTEXT('2D SPACE',''
  ) );
#4086 = ORIENTED_EDGE('',*,*,#4087,.T.);
#4087 = EDGE_CURVE('',#4061,#3238,#4088,.T.);
#4088 = SURFACE_CURVE('',#4089,(#4092,#4099),.PCURVE_S1.);
#4089 = B_SPLINE_CURVE_WITH_KNOTS('',1,(#4090,#4091),.UNSPECIFIED.,.F.,
  .F.,(2,2),(0.,1.),.PIECEWISE_BEZIER_KNOTS.);
#4090 = CARTESIAN_POINT('',(-9.025521177457E-02,3.234886307239,
    15.761586552562));
#4091 = CARTESIAN_POINT('',(0.890259355703,3.435276046442,
    16.298996327662));
#4092 = PCURVE('',#3253,#4093);
#4093 = DEFINITIONAL_REPRESENTATION('',(#4094),#4098);
#4094 = LINE('',#4095,#4096);
#4095 = CARTESIAN_POINT('',(5.335219873218,0.));
#4096 = VECTOR('',#4097,1.);
#4097 = DIRECTION('',(0.,1.));
#4098 = ( GEOMETRIC_REPRESENTATION_CONTEXT(2) 
PARAMETRIC_REPRESENTATION_CONTEXT() REPRESENTATION_CONTEXT('2D SPACE',''
  ) );
#4099 = PCURVE('',#3326,#4100);
#4100 = DEFINITIONAL_REPRESENTATION('',(#4101),#4105);
#4101 = LINE('',#4102,#4103);
#4102 = CARTESIAN_POINT('',(0.,0.));
#4103 = VECTOR('',#4104,1.);
#4104 = DIRECTION('',(0.,1.));
#4105 = ( GEOMETRIC_REPRESENTATION_CONTEXT(2) 
PARAMETRIC_REPRESENTATION_CONTEXT() REPRESENTATION_CONTEXT('2D SPACE',''
  ) );
#4106 = ORIENTED_EDGE('',*,*,#3237,.T.);
#4107 = ADVANCED_FACE('',(#4108),#3326,.F.);
#4108 = FACE_BOUND('',#4109,.F.);
#4109 = EDGE_LOOP('',(#4110,#4111,#4133,#4153));
#4110 = ORIENTED_EDGE('',*,*,#4087,.F.);
#4111 = ORIENTED_EDGE('',*,*,#4112,.T.);
#4112 = EDGE_CURVE('',#4061,#4113,#4115,.T.);
#4113 = VERTEX_POINT('',#4114);
#4114 = CARTESIAN_POINT('',(-1.305792455443,-3.658767963846,
    15.761586552562));
#4115 = SURFACE_CURVE('',#4116,(#4120,#4126),.PCURVE_S1.);
#4116 = LINE('',#4117,#4118);
#4117 = CARTESIAN_POINT('',(-9.025521177457E-02,3.234886307239,
    15.761586552562));
#4118 = VECTOR('',#4119,1.);
#4119 = DIRECTION('',(-0.173648177667,-0.984807753012,0.));
#4120 = PCURVE('',#3326,#4121);
#4121 = DEFINITIONAL_REPRESENTATION('',(#4122),#4125);
#4122 = B_SPLINE_CURVE_WITH_KNOTS('',1,(#4123,#4124),.UNSPECIFIED.,.F.,
  .F.,(2,2),(0.,7.),.PIECEWISE_BEZIER_KNOTS.);
#4123 = CARTESIAN_POINT('',(0.,0.));
#4124 = CARTESIAN_POINT('',(7.735219873218,0.));
#4125 = ( GEOMETRIC_REPRESENTATION_CONTEXT(2) 
PARAMETRIC_REPRESENTATION_CONTEXT() REPRESENTATION_CONTEXT('2D SPACE',''
  ) );
#4126 = PCURVE('',#4075,#4127);
#4127 = DEFINITIONAL_REPRESENTATION('',(#4128),#4132);
#4128 = LINE('',#4129,#4130);
#4129 = CARTESIAN_POINT('',(8.65,-15.2));
#4130 = VECTOR('',#4131,1.);
#4131 = DIRECTION('',(-2.192410928835E-18,1.));
#4132 = ( GEOMETRIC_REPRESENTATION_CONTEXT(2) 
PARAMETRIC_REPRESENTATION_CONTEXT() REPRESENTATION_CONTEXT('2D SPACE',''
  ) );
#4133 = ORIENTED_EDGE('',*,*,#4134,.T.);
#4134 = EDGE_CURVE('',#4113,#3290,#4135,.T.);
#4135 = SURFACE_CURVE('',#4136,(#4139,#4146),.PCURVE_S1.);
#4136 = B_SPLINE_CURVE_WITH_KNOTS('',1,(#4137,#4138),.UNSPECIFIED.,.F.,
  .F.,(2,2),(0.,1.),.PIECEWISE_BEZIER_KNOTS.);
#4137 = CARTESIAN_POINT('',(-1.305792455443,-3.658767963846,
    15.761586552562));
#4138 = CARTESIAN_POINT('',(-0.452947479134,-4.182428455957,
    16.298996327662));
#4139 = PCURVE('',#3326,#4140);
#4140 = DEFINITIONAL_REPRESENTATION('',(#4141),#4145);
#4141 = LINE('',#4142,#4143);
#4142 = CARTESIAN_POINT('',(7.735219873218,0.));
#4143 = VECTOR('',#4144,1.);
#4144 = DIRECTION('',(0.,1.));
#4145 = ( GEOMETRIC_REPRESENTATION_CONTEXT(2) 
PARAMETRIC_REPRESENTATION_CONTEXT() REPRESENTATION_CONTEXT('2D SPACE',''
  ) );
#4146 = PCURVE('',#3303,#4147);
#4147 = DEFINITIONAL_REPRESENTATION('',(#4148),#4152);
#4148 = LINE('',#4149,#4150);
#4149 = CARTESIAN_POINT('',(0.,0.));
#4150 = VECTOR('',#4151,1.);
#4151 = DIRECTION('',(0.,1.));
#4152 = ( GEOMETRIC_REPRESENTATION_CONTEXT(2) 
PARAMETRIC_REPRESENTATION_CONTEXT() REPRESENTATION_CONTEXT('2D SPACE',''
  ) );
#4153 = ORIENTED_EDGE('',*,*,#3314,.T.);
#4154 = ADVANCED_FACE('',(#4155),#3303,.F.);
#4155 = FACE_BOUND('',#4156,.F.);
#4156 = EDGE_LOOP('',(#4157,#4158,#4180,#4200));
#4157 = ORIENTED_EDGE('',*,*,#4134,.F.);
#4158 = ORIENTED_EDGE('',*,*,#4159,.T.);
#4159 = EDGE_CURVE('',#4113,#4160,#4162,.T.);
#4160 = VERTEX_POINT('',#4161);
#4161 = CARTESIAN_POINT('',(-0.519146125794,-3.797474936038,
    11.231470888705));
#4162 = SURFACE_CURVE('',#4163,(#4167,#4173),.PCURVE_S1.);
#4163 = LINE('',#4164,#4165);
#4164 = CARTESIAN_POINT('',(-1.305792455443,-3.658767963846,
    15.761586552562));
#4165 = VECTOR('',#4166,1.);
#4166 = DIRECTION('',(0.171010071663,-3.015368960705E-02,-0.984807753012
    ));
#4167 = PCURVE('',#3303,#4168);
#4168 = DEFINITIONAL_REPRESENTATION('',(#4169),#4172);
#4169 = B_SPLINE_CURVE_WITH_KNOTS('',1,(#4170,#4171),.UNSPECIFIED.,.F.,
  .F.,(2,2),(0.,4.6),.PIECEWISE_BEZIER_KNOTS.);
#4170 = CARTESIAN_POINT('',(0.,0.));
#4171 = CARTESIAN_POINT('',(5.335219873218,0.));
#4172 = ( GEOMETRIC_REPRESENTATION_CONTEXT(2) 
PARAMETRIC_REPRESENTATION_CONTEXT() REPRESENTATION_CONTEXT('2D SPACE',''
  ) );
#4173 = PCURVE('',#4075,#4174);
#4174 = DEFINITIONAL_REPRESENTATION('',(#4175),#4179);
#4175 = LINE('',#4176,#4177);
#4176 = CARTESIAN_POINT('',(8.65,-8.2));
#4177 = VECTOR('',#4178,1.);
#4178 = DIRECTION('',(-1.,-3.469446951954E-18));
#4179 = ( GEOMETRIC_REPRESENTATION_CONTEXT(2) 
PARAMETRIC_REPRESENTATION_CONTEXT() REPRESENTATION_CONTEXT('2D SPACE',''
  ) );
#4180 = ORIENTED_EDGE('',*,*,#4181,.T.);
#4181 = EDGE_CURVE('',#4160,#3265,#4182,.T.);
#4182 = SURFACE_CURVE('',#4183,(#4186,#4193),.PCURVE_S1.);
#4183 = B_SPLINE_CURVE_WITH_KNOTS('',1,(#4184,#4185),.UNSPECIFIED.,.F.,
  .F.,(2,2),(0.,1.),.PIECEWISE_BEZIER_KNOTS.);
#4184 = CARTESIAN_POINT('',(-0.519146125794,-3.797474936038,
    11.231470888705));
#4185 = CARTESIAN_POINT('',(0.459428853722,-4.34330502,11.044830432492)
  );
#4186 = PCURVE('',#3303,#4187);
#4187 = DEFINITIONAL_REPRESENTATION('',(#4188),#4192);
#4188 = LINE('',#4189,#4190);
#4189 = CARTESIAN_POINT('',(5.335219873218,0.));
#4190 = VECTOR('',#4191,1.);
#4191 = DIRECTION('',(0.,1.));
#4192 = ( GEOMETRIC_REPRESENTATION_CONTEXT(2) 
PARAMETRIC_REPRESENTATION_CONTEXT() REPRESENTATION_CONTEXT('2D SPACE',''
  ) );
#4193 = PCURVE('',#3278,#4194);
#4194 = DEFINITIONAL_REPRESENTATION('',(#4195),#4199);
#4195 = LINE('',#4196,#4197);
#4196 = CARTESIAN_POINT('',(0.,0.));
#4197 = VECTOR('',#4198,1.);
#4198 = DIRECTION('',(0.,1.));
#4199 = ( GEOMETRIC_REPRESENTATION_CONTEXT(2) 
PARAMETRIC_REPRESENTATION_CONTEXT() REPRESENTATION_CONTEXT('2D SPACE',''
  ) );
#4200 = ORIENTED_EDGE('',*,*,#3289,.T.);
#4201 = ADVANCED_FACE('',(#4202),#3278,.F.);
#4202 = FACE_BOUND('',#4203,.F.);
#4203 = EDGE_LOOP('',(#4204,#4205,#4225,#4226));
#4204 = ORIENTED_EDGE('',*,*,#4181,.F.);
#4205 = ORIENTED_EDGE('',*,*,#4206,.T.);
#4206 = EDGE_CURVE('',#4160,#4039,#4207,.T.);
#4207 = SURFACE_CURVE('',#4208,(#4212,#4218),.PCURVE_S1.);
#4208 = LINE('',#4209,#4210);
#4209 = CARTESIAN_POINT('',(-0.519146125794,-3.797474936038,
    11.231470888705));
#4210 = VECTOR('',#4211,1.);
#4211 = DIRECTION('',(0.173648177667,0.984807753012,0.));
#4212 = PCURVE('',#3278,#4213);
#4213 = DEFINITIONAL_REPRESENTATION('',(#4214),#4217);
#4214 = B_SPLINE_CURVE_WITH_KNOTS('',1,(#4215,#4216),.UNSPECIFIED.,.F.,
  .F.,(2,2),(0.,7.),.PIECEWISE_BEZIER_KNOTS.);
#4215 = CARTESIAN_POINT('',(0.,0.));
#4216 = CARTESIAN_POINT('',(7.735219873218,0.));
#4217 = ( GEOMETRIC_REPRESENTATION_CONTEXT(2) 
PARAMETRIC_REPRESENTATION_CONTEXT() REPRESENTATION_CONTEXT('2D SPACE',''
  ) );
#4218 = PCURVE('',#4075,#4219);
#4219 = DEFINITIONAL_REPRESENTATION('',(#4220),#4224);
#4220 = LINE('',#4221,#4222);
#4221 = CARTESIAN_POINT('',(4.05,-8.2));
#4222 = VECTOR('',#4223,1.);
#4223 = DIRECTION('',(2.192410928835E-18,-1.));
#4224 = ( GEOMETRIC_REPRESENTATION_CONTEXT(2) 
PARAMETRIC_REPRESENTATION_CONTEXT() REPRESENTATION_CONTEXT('2D SPACE',''
  ) );
#4225 = ORIENTED_EDGE('',*,*,#4038,.T.);
#4226 = ORIENTED_EDGE('',*,*,#3264,.T.);
#4227 = ADVANCED_FACE('',(#4228),#3493,.T.);
#4228 = FACE_BOUND('',#4229,.T.);
#4229 = EDGE_LOOP('',(#4230,#4231,#4232,#4233));
#4230 = ORIENTED_EDGE('',*,*,#3479,.F.);
#4231 = ORIENTED_EDGE('',*,*,#3864,.T.);
#4232 = ORIENTED_EDGE('',*,*,#3960,.T.);
#4233 = ORIENTED_EDGE('',*,*,#3984,.T.);
#4234 = ADVANCED_FACE('',(#4235),#3573,.F.);
#4235 = FACE_BOUND('',#4236,.F.);
#4236 = EDGE_LOOP('',(#4237,#4238,#4262,#4290,#4323,#4346,#4375,#4403));
#4237 = ORIENTED_EDGE('',*,*,#3556,.T.);
#4238 = ORIENTED_EDGE('',*,*,#4239,.T.);
#4239 = EDGE_CURVE('',#3559,#4240,#4242,.T.);
#4240 = VERTEX_POINT('',#4241);
#4241 = CARTESIAN_POINT('',(-3.752004803725,-11.55393294376,
    15.832403831371));
#4242 = SURFACE_CURVE('',#4243,(#4248,#4255),.PCURVE_S1.);
#4243 = CIRCLE('',#4244,0.5);
#4244 = AXIS2_PLACEMENT_3D('',#4245,#4246,#4247);
#4245 = CARTESIAN_POINT('',(-3.665180714891,-11.06152906725,
    15.832403831371));
#4246 = DIRECTION('',(-0.171010071663,3.015368960705E-02,0.984807753012)
  );
#4247 = DIRECTION('',(-0.173648177667,-0.984807753012,0.));
#4248 = PCURVE('',#3573,#4249);
#4249 = DEFINITIONAL_REPRESENTATION('',(#4250),#4254);
#4250 = CIRCLE('',#4251,0.5);
#4251 = AXIS2_PLACEMENT_2D('',#4252,#4253);
#4252 = CARTESIAN_POINT('',(0.5,0.5));
#4253 = DIRECTION('',(6.024631407188E-19,-1.));
#4254 = ( GEOMETRIC_REPRESENTATION_CONTEXT(2) 
PARAMETRIC_REPRESENTATION_CONTEXT() REPRESENTATION_CONTEXT('2D SPACE',''
  ) );
#4255 = PCURVE('',#3649,#4256);
#4256 = DEFINITIONAL_REPRESENTATION('',(#4257),#4261);
#4257 = LINE('',#4258,#4259);
#4258 = CARTESIAN_POINT('',(-4.712388980385,8.9));
#4259 = VECTOR('',#4260,1.);
#4260 = DIRECTION('',(1.,0.));
#4261 = ( GEOMETRIC_REPRESENTATION_CONTEXT(2) 
PARAMETRIC_REPRESENTATION_CONTEXT() REPRESENTATION_CONTEXT('2D SPACE',''
  ) );
#4262 = ORIENTED_EDGE('',*,*,#4263,.T.);
#4263 = EDGE_CURVE('',#4240,#4264,#4266,.T.);
#4264 = VERTEX_POINT('',#4265);
#4265 = CARTESIAN_POINT('',(-3.257383185424,-11.64114808031,
    15.920964401981));
#4266 = SURFACE_CURVE('',#4267,(#4271,#4278),.PCURVE_S1.);
#4267 = LINE('',#4268,#4269);
#4268 = CARTESIAN_POINT('',(-4.236927958921,-11.46842790793,
    15.745579742538));
#4269 = VECTOR('',#4270,1.);
#4270 = DIRECTION('',(0.969846310393,-0.171010071663,0.173648177667));
#4271 = PCURVE('',#3573,#4272);
#4272 = DEFINITIONAL_REPRESENTATION('',(#4273),#4277);
#4273 = LINE('',#4274,#4275);
#4274 = CARTESIAN_POINT('',(0.,0.));
#4275 = VECTOR('',#4276,1.);
#4276 = DIRECTION('',(1.,2.775557561563E-17));
#4277 = ( GEOMETRIC_REPRESENTATION_CONTEXT(2) 
PARAMETRIC_REPRESENTATION_CONTEXT() REPRESENTATION_CONTEXT('2D SPACE',''
  ) );
#4278 = PCURVE('',#4279,#4284);
#4279 = PLANE('',#4280);
#4280 = AXIS2_PLACEMENT_3D('',#4281,#4282,#4283);
#4281 = CARTESIAN_POINT('',(-2.714938321122,-11.73679574543,
    6.980790740729));
#4282 = DIRECTION('',(0.173648177667,0.984807753012,0.));
#4283 = DIRECTION('',(-0.171010071663,3.015368960705E-02,0.984807753012)
  );
#4284 = DEFINITIONAL_REPRESENTATION('',(#4285),#4289);
#4285 = LINE('',#4286,#4287);
#4286 = CARTESIAN_POINT('',(8.9,6.661338147751E-16));
#4287 = VECTOR('',#4288,1.);
#4288 = DIRECTION('',(2.775557561563E-17,1.));
#4289 = ( GEOMETRIC_REPRESENTATION_CONTEXT(2) 
PARAMETRIC_REPRESENTATION_CONTEXT() REPRESENTATION_CONTEXT('2D SPACE',''
  ) );
#4290 = ORIENTED_EDGE('',*,*,#4291,.F.);
#4291 = EDGE_CURVE('',#4292,#4264,#4294,.T.);
#4292 = VERTEX_POINT('',#4293);
#4293 = CARTESIAN_POINT('',(-2.685635941394,-11.23424923963,
    16.007788490815));
#4294 = SURFACE_CURVE('',#4295,(#4300,#4311),.PCURVE_S1.);
#4295 = CIRCLE('',#4296,0.5);
#4296 = AXIS2_PLACEMENT_3D('',#4297,#4298,#4299);
#4297 = CARTESIAN_POINT('',(-3.170559096591,-11.1487442038,
    15.920964401981));
#4298 = DIRECTION('',(0.171010071663,-3.015368960705E-02,-0.984807753012
    ));
#4299 = DIRECTION('',(-0.173648177667,-0.984807753012,0.));
#4300 = PCURVE('',#3573,#4301);
#4301 = DEFINITIONAL_REPRESENTATION('',(#4302),#4310);
#4302 = ( BOUNDED_CURVE() B_SPLINE_CURVE(2,(#4303,#4304,#4305,#4306,
#4307,#4308,#4309),.UNSPECIFIED.,.T.,.F.) B_SPLINE_CURVE_WITH_KNOTS((1,2
    ,2,2,2,1),(-2.094395102393,0.,2.094395102393,4.188790204786,
6.28318530718,8.377580409573),.UNSPECIFIED.) CURVE() 
GEOMETRIC_REPRESENTATION_ITEM() RATIONAL_B_SPLINE_CURVE((1.,0.5,1.,0.5,
1.,0.5,1.)) REPRESENTATION_ITEM('') );
#4303 = CARTESIAN_POINT('',(1.01,8.881784197001E-16));
#4304 = CARTESIAN_POINT('',(0.143974596216,8.881784197001E-16));
#4305 = CARTESIAN_POINT('',(0.576987298108,0.75));
#4306 = CARTESIAN_POINT('',(1.01,1.5));
#4307 = CARTESIAN_POINT('',(1.443012701892,0.75));
#4308 = CARTESIAN_POINT('',(1.876025403784,1.665334536938E-15));
#4309 = CARTESIAN_POINT('',(1.01,8.881784197001E-16));
#4310 = ( GEOMETRIC_REPRESENTATION_CONTEXT(2) 
PARAMETRIC_REPRESENTATION_CONTEXT() REPRESENTATION_CONTEXT('2D SPACE',''
  ) );
#4311 = PCURVE('',#4312,#4317);
#4312 = CYLINDRICAL_SURFACE('',#4313,0.5);
#4313 = AXIS2_PLACEMENT_3D('',#4314,#4315,#4316);
#4314 = CARTESIAN_POINT('',(-1.648569458791,-11.41711204131,
    7.156175400173));
#4315 = DIRECTION('',(-0.171010071663,3.015368960705E-02,0.984807753012)
  );
#4316 = DIRECTION('',(0.969846310393,-0.171010071663,0.173648177667));
#4317 = DEFINITIONAL_REPRESENTATION('',(#4318),#4322);
#4318 = LINE('',#4319,#4320);
#4319 = CARTESIAN_POINT('',(4.712388980385,8.9));
#4320 = VECTOR('',#4321,1.);
#4321 = DIRECTION('',(-1.,0.));
#4322 = ( GEOMETRIC_REPRESENTATION_CONTEXT(2) 
PARAMETRIC_REPRESENTATION_CONTEXT() REPRESENTATION_CONTEXT('2D SPACE',''
  ) );
#4323 = ORIENTED_EDGE('',*,*,#4324,.T.);
#4324 = EDGE_CURVE('',#4292,#4325,#4327,.T.);
#4325 = VERTEX_POINT('',#4326);
#4326 = CARTESIAN_POINT('',(1.204083238345,10.825444427835,
    16.007788490815));
#4327 = SURFACE_CURVE('',#4328,(#4332,#4339),.PCURVE_S1.);
#4328 = LINE('',#4329,#4330);
#4329 = CARTESIAN_POINT('',(-2.772460030228,-11.72665311614,
    16.007788490815));
#4330 = VECTOR('',#4331,1.);
#4331 = DIRECTION('',(0.173648177667,0.984807753012,0.));
#4332 = PCURVE('',#3573,#4333);
#4333 = DEFINITIONAL_REPRESENTATION('',(#4334),#4338);
#4334 = LINE('',#4335,#4336);
#4335 = CARTESIAN_POINT('',(1.51,6.661338147751E-16));
#4336 = VECTOR('',#4337,1.);
#4337 = DIRECTION('',(2.716226524374E-17,1.));
#4338 = ( GEOMETRIC_REPRESENTATION_CONTEXT(2) 
PARAMETRIC_REPRESENTATION_CONTEXT() REPRESENTATION_CONTEXT('2D SPACE',''
  ) );
#4339 = PCURVE('',#4075,#4340);
#4340 = DEFINITIONAL_REPRESENTATION('',(#4341),#4345);
#4341 = LINE('',#4342,#4343);
#4342 = CARTESIAN_POINT('',(8.9,-8.326672684689E-16));
#4343 = VECTOR('',#4344,1.);
#4344 = DIRECTION('',(2.192410928835E-18,-1.));
#4345 = ( GEOMETRIC_REPRESENTATION_CONTEXT(2) 
PARAMETRIC_REPRESENTATION_CONTEXT() REPRESENTATION_CONTEXT('2D SPACE',''
  ) );
#4346 = ORIENTED_EDGE('',*,*,#4347,.T.);
#4347 = EDGE_CURVE('',#4325,#4348,#4350,.T.);
#4348 = VERTEX_POINT('',#4349);
#4349 = CARTESIAN_POINT('',(0.805984171982,11.403353340173,
    15.920964401981));
#4350 = SURFACE_CURVE('',#4351,(#4356,#4363),.PCURVE_S1.);
#4351 = CIRCLE('',#4352,0.5);
#4352 = AXIS2_PLACEMENT_3D('',#4353,#4354,#4355);
#4353 = CARTESIAN_POINT('',(0.719160083149,10.910949463667,
    15.920964401981));
#4354 = DIRECTION('',(-0.171010071663,3.015368960705E-02,0.984807753012)
  );
#4355 = DIRECTION('',(-0.173648177667,-0.984807753012,0.));
#4356 = PCURVE('',#3573,#4357);
#4357 = DEFINITIONAL_REPRESENTATION('',(#4358),#4362);
#4358 = CIRCLE('',#4359,0.5);
#4359 = AXIS2_PLACEMENT_2D('',#4360,#4361);
#4360 = CARTESIAN_POINT('',(1.01,22.9));
#4361 = DIRECTION('',(6.024631407188E-19,-1.));
#4362 = ( GEOMETRIC_REPRESENTATION_CONTEXT(2) 
PARAMETRIC_REPRESENTATION_CONTEXT() REPRESENTATION_CONTEXT('2D SPACE',''
  ) );
#4363 = PCURVE('',#4364,#4369);
#4364 = CYLINDRICAL_SURFACE('',#4365,0.5);
#4365 = AXIS2_PLACEMENT_3D('',#4366,#4367,#4368);
#4366 = CARTESIAN_POINT('',(2.241149720948,10.642581626164,
    7.156175400173));
#4367 = DIRECTION('',(-0.171010071663,3.015368960705E-02,0.984807753012)
  );
#4368 = DIRECTION('',(0.969846310393,-0.171010071663,0.173648177667));
#4369 = DEFINITIONAL_REPRESENTATION('',(#4370),#4374);
#4370 = LINE('',#4371,#4372);
#4371 = CARTESIAN_POINT('',(-1.570796326795,8.9));
#4372 = VECTOR('',#4373,1.);
#4373 = DIRECTION('',(1.,0.));
#4374 = ( GEOMETRIC_REPRESENTATION_CONTEXT(2) 
PARAMETRIC_REPRESENTATION_CONTEXT() REPRESENTATION_CONTEXT('2D SPACE',''
  ) );
#4375 = ORIENTED_EDGE('',*,*,#4376,.F.);
#4376 = EDGE_CURVE('',#4377,#4348,#4379,.T.);
#4377 = VERTEX_POINT('',#4378);
#4378 = CARTESIAN_POINT('',(0.311362553682,11.490568476721,
    15.832403831371));
#4379 = SURFACE_CURVE('',#4380,(#4384,#4391),.PCURVE_S1.);
#4380 = LINE('',#4381,#4382);
#4381 = CARTESIAN_POINT('',(-0.173560601515,11.576073512552,
    15.745579742538));
#4382 = VECTOR('',#4383,1.);
#4383 = DIRECTION('',(0.969846310393,-0.171010071663,0.173648177667));
#4384 = PCURVE('',#3573,#4385);
#4385 = DEFINITIONAL_REPRESENTATION('',(#4386),#4390);
#4386 = LINE('',#4387,#4388);
#4387 = CARTESIAN_POINT('',(4.440892098501E-16,23.4));
#4388 = VECTOR('',#4389,1.);
#4389 = DIRECTION('',(1.,2.775557561563E-17));
#4390 = ( GEOMETRIC_REPRESENTATION_CONTEXT(2) 
PARAMETRIC_REPRESENTATION_CONTEXT() REPRESENTATION_CONTEXT('2D SPACE',''
  ) );
#4391 = PCURVE('',#4392,#4397);
#4392 = PLANE('',#4393);
#4393 = AXIS2_PLACEMENT_3D('',#4394,#4395,#4396);
#4394 = CARTESIAN_POINT('',(1.348429036284,11.307705675049,
    6.980790740729));
#4395 = DIRECTION('',(0.173648177667,0.984807753012,0.));
#4396 = DIRECTION('',(-0.171010071663,3.015368960705E-02,0.984807753012)
  );
#4397 = DEFINITIONAL_REPRESENTATION('',(#4398),#4402);
#4398 = LINE('',#4399,#4400);
#4399 = CARTESIAN_POINT('',(8.9,8.881784197001E-16));
#4400 = VECTOR('',#4401,1.);
#4401 = DIRECTION('',(2.775557561563E-17,1.));
#4402 = ( GEOMETRIC_REPRESENTATION_CONTEXT(2) 
PARAMETRIC_REPRESENTATION_CONTEXT() REPRESENTATION_CONTEXT('2D SPACE',''
  ) );
#4403 = ORIENTED_EDGE('',*,*,#4404,.F.);
#4404 = EDGE_CURVE('',#3557,#4377,#4405,.T.);
#4405 = SURFACE_CURVE('',#4406,(#4411,#4422),.PCURVE_S1.);
#4406 = CIRCLE('',#4407,0.5);
#4407 = AXIS2_PLACEMENT_3D('',#4408,#4409,#4410);
#4408 = CARTESIAN_POINT('',(0.224538464848,10.998164600215,
    15.832403831371));
#4409 = DIRECTION('',(0.171010071663,-3.015368960705E-02,-0.984807753012
    ));
#4410 = DIRECTION('',(-0.173648177667,-0.984807753012,0.));
#4411 = PCURVE('',#3573,#4412);
#4412 = DEFINITIONAL_REPRESENTATION('',(#4413),#4421);
#4413 = ( BOUNDED_CURVE() B_SPLINE_CURVE(2,(#4414,#4415,#4416,#4417,
#4418,#4419,#4420),.UNSPECIFIED.,.T.,.F.) B_SPLINE_CURVE_WITH_KNOTS((1,2
    ,2,2,2,1),(-2.094395102393,0.,2.094395102393,4.188790204786,
6.28318530718,8.377580409573),.UNSPECIFIED.) CURVE() 
GEOMETRIC_REPRESENTATION_ITEM() RATIONAL_B_SPLINE_CURVE((1.,0.5,1.,0.5,
1.,0.5,1.)) REPRESENTATION_ITEM('') );
#4414 = CARTESIAN_POINT('',(0.5,22.4));
#4415 = CARTESIAN_POINT('',(-0.366025403784,22.4));
#4416 = CARTESIAN_POINT('',(6.698729810778E-02,23.15));
#4417 = CARTESIAN_POINT('',(0.5,23.9));
#4418 = CARTESIAN_POINT('',(0.933012701892,23.15));
#4419 = CARTESIAN_POINT('',(1.366025403784,22.4));
#4420 = CARTESIAN_POINT('',(0.5,22.4));
#4421 = ( GEOMETRIC_REPRESENTATION_CONTEXT(2) 
PARAMETRIC_REPRESENTATION_CONTEXT() REPRESENTATION_CONTEXT('2D SPACE',''
  ) );
#4422 = PCURVE('',#3599,#4423);
#4423 = DEFINITIONAL_REPRESENTATION('',(#4424),#4428);
#4424 = LINE('',#4425,#4426);
#4425 = CARTESIAN_POINT('',(1.570796326795,8.9));
#4426 = VECTOR('',#4427,1.);
#4427 = DIRECTION('',(-1.,0.));
#4428 = ( GEOMETRIC_REPRESENTATION_CONTEXT(2) 
PARAMETRIC_REPRESENTATION_CONTEXT() REPRESENTATION_CONTEXT('2D SPACE',''
  ) );
#4429 = ADVANCED_FACE('',(#4430),#3649,.F.);
#4430 = FACE_BOUND('',#4431,.F.);
#4431 = EDGE_LOOP('',(#4432,#4433,#4457,#4478));
#4432 = ORIENTED_EDGE('',*,*,#3636,.F.);
#4433 = ORIENTED_EDGE('',*,*,#4434,.T.);
#4434 = EDGE_CURVE('',#3611,#4435,#4437,.T.);
#4435 = VERTEX_POINT('',#4436);
#4436 = CARTESIAN_POINT('',(-2.230015165925,-11.82230078126,
    7.067614829562));
#4437 = SURFACE_CURVE('',#4438,(#4443,#4450),.PCURVE_S1.);
#4438 = CIRCLE('',#4439,0.5);
#4439 = AXIS2_PLACEMENT_3D('',#4440,#4441,#4442);
#4440 = CARTESIAN_POINT('',(-2.143191077092,-11.32989690476,
    7.067614829562));
#4441 = DIRECTION('',(-0.171010071663,3.015368960705E-02,0.984807753012)
  );
#4442 = DIRECTION('',(-0.173648177667,-0.984807753012,0.));
#4443 = PCURVE('',#3649,#4444);
#4444 = DEFINITIONAL_REPRESENTATION('',(#4445),#4449);
#4445 = LINE('',#4446,#4447);
#4446 = CARTESIAN_POINT('',(-4.712388980385,0.));
#4447 = VECTOR('',#4448,1.);
#4448 = DIRECTION('',(1.,0.));
#4449 = ( GEOMETRIC_REPRESENTATION_CONTEXT(2) 
PARAMETRIC_REPRESENTATION_CONTEXT() REPRESENTATION_CONTEXT('2D SPACE',''
  ) );
#4450 = PCURVE('',#3625,#4451);
#4451 = DEFINITIONAL_REPRESENTATION('',(#4452),#4456);
#4452 = CIRCLE('',#4453,0.5);
#4453 = AXIS2_PLACEMENT_2D('',#4454,#4455);
#4454 = CARTESIAN_POINT('',(0.5,0.5));
#4455 = DIRECTION('',(6.024631407188E-19,-1.));
#4456 = ( GEOMETRIC_REPRESENTATION_CONTEXT(2) 
PARAMETRIC_REPRESENTATION_CONTEXT() REPRESENTATION_CONTEXT('2D SPACE',''
  ) );
#4457 = ORIENTED_EDGE('',*,*,#4458,.T.);
#4458 = EDGE_CURVE('',#4435,#4240,#4459,.T.);
#4459 = SURFACE_CURVE('',#4460,(#4464,#4471),.PCURVE_S1.);
#4460 = LINE('',#4461,#4462);
#4461 = CARTESIAN_POINT('',(-2.230015165925,-11.82230078126,
    7.067614829562));
#4462 = VECTOR('',#4463,1.);
#4463 = DIRECTION('',(-0.171010071663,3.015368960705E-02,0.984807753012)
  );
#4464 = PCURVE('',#3649,#4465);
#4465 = DEFINITIONAL_REPRESENTATION('',(#4466),#4470);
#4466 = LINE('',#4467,#4468);
#4467 = CARTESIAN_POINT('',(1.570796326795,0.));
#4468 = VECTOR('',#4469,1.);
#4469 = DIRECTION('',(0.,1.));
#4470 = ( GEOMETRIC_REPRESENTATION_CONTEXT(2) 
PARAMETRIC_REPRESENTATION_CONTEXT() REPRESENTATION_CONTEXT('2D SPACE',''
  ) );
#4471 = PCURVE('',#4279,#4472);
#4472 = DEFINITIONAL_REPRESENTATION('',(#4473),#4477);
#4473 = LINE('',#4474,#4475);
#4474 = CARTESIAN_POINT('',(-1.52655665886E-16,0.5));
#4475 = VECTOR('',#4476,1.);
#4476 = DIRECTION('',(1.,2.775557561563E-17));
#4477 = ( GEOMETRIC_REPRESENTATION_CONTEXT(2) 
PARAMETRIC_REPRESENTATION_CONTEXT() REPRESENTATION_CONTEXT('2D SPACE',''
  ) );
#4478 = ORIENTED_EDGE('',*,*,#4239,.F.);
#4479 = ADVANCED_FACE('',(#4480),#3625,.T.);
#4480 = FACE_BOUND('',#4481,.T.);
#4481 = EDGE_LOOP('',(#4482,#4483,#4484,#4507,#4535,#4558,#4582,#4605));
#4482 = ORIENTED_EDGE('',*,*,#3610,.T.);
#4483 = ORIENTED_EDGE('',*,*,#4434,.T.);
#4484 = ORIENTED_EDGE('',*,*,#4485,.T.);
#4485 = EDGE_CURVE('',#4435,#4486,#4488,.T.);
#4486 = VERTEX_POINT('',#4487);
#4487 = CARTESIAN_POINT('',(-1.735393547625,-11.90951591781,
    7.156175400173));
#4488 = SURFACE_CURVE('',#4489,(#4493,#4500),.PCURVE_S1.);
#4489 = LINE('',#4490,#4491);
#4490 = CARTESIAN_POINT('',(-2.714938321122,-11.73679574543,
    6.980790740729));
#4491 = VECTOR('',#4492,1.);
#4492 = DIRECTION('',(0.969846310393,-0.171010071663,0.173648177667));
#4493 = PCURVE('',#3625,#4494);
#4494 = DEFINITIONAL_REPRESENTATION('',(#4495),#4499);
#4495 = LINE('',#4496,#4497);
#4496 = CARTESIAN_POINT('',(0.,0.));
#4497 = VECTOR('',#4498,1.);
#4498 = DIRECTION('',(1.,2.775557561563E-17));
#4499 = ( GEOMETRIC_REPRESENTATION_CONTEXT(2) 
PARAMETRIC_REPRESENTATION_CONTEXT() REPRESENTATION_CONTEXT('2D SPACE',''
  ) );
#4500 = PCURVE('',#4279,#4501);
#4501 = DEFINITIONAL_REPRESENTATION('',(#4502),#4506);
#4502 = LINE('',#4503,#4504);
#4503 = CARTESIAN_POINT('',(0.,0.));
#4504 = VECTOR('',#4505,1.);
#4505 = DIRECTION('',(2.775557561563E-17,1.));
#4506 = ( GEOMETRIC_REPRESENTATION_CONTEXT(2) 
PARAMETRIC_REPRESENTATION_CONTEXT() REPRESENTATION_CONTEXT('2D SPACE',''
  ) );
#4507 = ORIENTED_EDGE('',*,*,#4508,.F.);
#4508 = EDGE_CURVE('',#4509,#4486,#4511,.T.);
#4509 = VERTEX_POINT('',#4510);
#4510 = CARTESIAN_POINT('',(-1.163646303595,-11.50261707714,
    7.242999489006));
#4511 = SURFACE_CURVE('',#4512,(#4517,#4528),.PCURVE_S1.);
#4512 = CIRCLE('',#4513,0.5);
#4513 = AXIS2_PLACEMENT_3D('',#4514,#4515,#4516);
#4514 = CARTESIAN_POINT('',(-1.648569458791,-11.41711204131,
    7.156175400173));
#4515 = DIRECTION('',(0.171010071663,-3.015368960705E-02,-0.984807753012
    ));
#4516 = DIRECTION('',(-0.173648177667,-0.984807753012,0.));
#4517 = PCURVE('',#3625,#4518);
#4518 = DEFINITIONAL_REPRESENTATION('',(#4519),#4527);
#4519 = ( BOUNDED_CURVE() B_SPLINE_CURVE(2,(#4520,#4521,#4522,#4523,
#4524,#4525,#4526),.UNSPECIFIED.,.T.,.F.) B_SPLINE_CURVE_WITH_KNOTS((1,2
    ,2,2,2,1),(-2.094395102393,0.,2.094395102393,4.188790204786,
6.28318530718,8.377580409573),.UNSPECIFIED.) CURVE() 
GEOMETRIC_REPRESENTATION_ITEM() RATIONAL_B_SPLINE_CURVE((1.,0.5,1.,0.5,
1.,0.5,1.)) REPRESENTATION_ITEM('') );
#4520 = CARTESIAN_POINT('',(1.01,-7.216449660064E-16));
#4521 = CARTESIAN_POINT('',(0.143974596216,-7.216449660064E-16));
#4522 = CARTESIAN_POINT('',(0.576987298108,0.75));
#4523 = CARTESIAN_POINT('',(1.01,1.5));
#4524 = CARTESIAN_POINT('',(1.443012701892,0.75));
#4525 = CARTESIAN_POINT('',(1.876025403784,5.551115123126E-17));
#4526 = CARTESIAN_POINT('',(1.01,-7.216449660064E-16));
#4527 = ( GEOMETRIC_REPRESENTATION_CONTEXT(2) 
PARAMETRIC_REPRESENTATION_CONTEXT() REPRESENTATION_CONTEXT('2D SPACE',''
  ) );
#4528 = PCURVE('',#4312,#4529);
#4529 = DEFINITIONAL_REPRESENTATION('',(#4530),#4534);
#4530 = LINE('',#4531,#4532);
#4531 = CARTESIAN_POINT('',(4.712388980385,-0.));
#4532 = VECTOR('',#4533,1.);
#4533 = DIRECTION('',(-1.,0.));
#4534 = ( GEOMETRIC_REPRESENTATION_CONTEXT(2) 
PARAMETRIC_REPRESENTATION_CONTEXT() REPRESENTATION_CONTEXT('2D SPACE',''
  ) );
#4535 = ORIENTED_EDGE('',*,*,#4536,.T.);
#4536 = EDGE_CURVE('',#4509,#4537,#4539,.T.);
#4537 = VERTEX_POINT('',#4538);
#4538 = CARTESIAN_POINT('',(2.726072876144,10.557076590332,
    7.242999489006));
#4539 = SURFACE_CURVE('',#4540,(#4544,#4551),.PCURVE_S1.);
#4540 = LINE('',#4541,#4542);
#4541 = CARTESIAN_POINT('',(-1.250470392428,-11.99502095364,
    7.242999489006));
#4542 = VECTOR('',#4543,1.);
#4543 = DIRECTION('',(0.173648177667,0.984807753012,0.));
#4544 = PCURVE('',#3625,#4545);
#4545 = DEFINITIONAL_REPRESENTATION('',(#4546),#4550);
#4546 = LINE('',#4547,#4548);
#4547 = CARTESIAN_POINT('',(1.51,-9.992007221626E-16));
#4548 = VECTOR('',#4549,1.);
#4549 = DIRECTION('',(2.716226524374E-17,1.));
#4550 = ( GEOMETRIC_REPRESENTATION_CONTEXT(2) 
PARAMETRIC_REPRESENTATION_CONTEXT() REPRESENTATION_CONTEXT('2D SPACE',''
  ) );
#4551 = PCURVE('',#4075,#4552);
#4552 = DEFINITIONAL_REPRESENTATION('',(#4553),#4557);
#4553 = LINE('',#4554,#4555);
#4554 = CARTESIAN_POINT('',(0.,0.));
#4555 = VECTOR('',#4556,1.);
#4556 = DIRECTION('',(2.192410928835E-18,-1.));
#4557 = ( GEOMETRIC_REPRESENTATION_CONTEXT(2) 
PARAMETRIC_REPRESENTATION_CONTEXT() REPRESENTATION_CONTEXT('2D SPACE',''
  ) );
#4558 = ORIENTED_EDGE('',*,*,#4559,.T.);
#4559 = EDGE_CURVE('',#4537,#4560,#4562,.T.);
#4560 = VERTEX_POINT('',#4561);
#4561 = CARTESIAN_POINT('',(2.327973809781,11.13498550267,7.156175400173
    ));
#4562 = SURFACE_CURVE('',#4563,(#4568,#4575),.PCURVE_S1.);
#4563 = CIRCLE('',#4564,0.5);
#4564 = AXIS2_PLACEMENT_3D('',#4565,#4566,#4567);
#4565 = CARTESIAN_POINT('',(2.241149720948,10.642581626164,
    7.156175400173));
#4566 = DIRECTION('',(-0.171010071663,3.015368960705E-02,0.984807753012)
  );
#4567 = DIRECTION('',(-0.173648177667,-0.984807753012,0.));
#4568 = PCURVE('',#3625,#4569);
#4569 = DEFINITIONAL_REPRESENTATION('',(#4570),#4574);
#4570 = CIRCLE('',#4571,0.5);
#4571 = AXIS2_PLACEMENT_2D('',#4572,#4573);
#4572 = CARTESIAN_POINT('',(1.01,22.9));
#4573 = DIRECTION('',(6.024631407188E-19,-1.));
#4574 = ( GEOMETRIC_REPRESENTATION_CONTEXT(2) 
PARAMETRIC_REPRESENTATION_CONTEXT() REPRESENTATION_CONTEXT('2D SPACE',''
  ) );
#4575 = PCURVE('',#4364,#4576);
#4576 = DEFINITIONAL_REPRESENTATION('',(#4577),#4581);
#4577 = LINE('',#4578,#4579);
#4578 = CARTESIAN_POINT('',(-1.570796326795,0.));
#4579 = VECTOR('',#4580,1.);
#4580 = DIRECTION('',(1.,0.));
#4581 = ( GEOMETRIC_REPRESENTATION_CONTEXT(2) 
PARAMETRIC_REPRESENTATION_CONTEXT() REPRESENTATION_CONTEXT('2D SPACE',''
  ) );
#4582 = ORIENTED_EDGE('',*,*,#4583,.F.);
#4583 = EDGE_CURVE('',#4584,#4560,#4586,.T.);
#4584 = VERTEX_POINT('',#4585);
#4585 = CARTESIAN_POINT('',(1.833352191481,11.222200639218,
    7.067614829562));
#4586 = SURFACE_CURVE('',#4587,(#4591,#4598),.PCURVE_S1.);
#4587 = LINE('',#4588,#4589);
#4588 = CARTESIAN_POINT('',(1.348429036284,11.307705675049,
    6.980790740729));
#4589 = VECTOR('',#4590,1.);
#4590 = DIRECTION('',(0.969846310393,-0.171010071663,0.173648177667));
#4591 = PCURVE('',#3625,#4592);
#4592 = DEFINITIONAL_REPRESENTATION('',(#4593),#4597);
#4593 = LINE('',#4594,#4595);
#4594 = CARTESIAN_POINT('',(4.440892098501E-16,23.4));
#4595 = VECTOR('',#4596,1.);
#4596 = DIRECTION('',(1.,2.775557561563E-17));
#4597 = ( GEOMETRIC_REPRESENTATION_CONTEXT(2) 
PARAMETRIC_REPRESENTATION_CONTEXT() REPRESENTATION_CONTEXT('2D SPACE',''
  ) );
#4598 = PCURVE('',#4392,#4599);
#4599 = DEFINITIONAL_REPRESENTATION('',(#4600),#4604);
#4600 = LINE('',#4601,#4602);
#4601 = CARTESIAN_POINT('',(0.,0.));
#4602 = VECTOR('',#4603,1.);
#4603 = DIRECTION('',(2.775557561563E-17,1.));
#4604 = ( GEOMETRIC_REPRESENTATION_CONTEXT(2) 
PARAMETRIC_REPRESENTATION_CONTEXT() REPRESENTATION_CONTEXT('2D SPACE',''
  ) );
#4605 = ORIENTED_EDGE('',*,*,#4606,.F.);
#4606 = EDGE_CURVE('',#3585,#4584,#4607,.T.);
#4607 = SURFACE_CURVE('',#4608,(#4613,#4624),.PCURVE_S1.);
#4608 = CIRCLE('',#4609,0.5);
#4609 = AXIS2_PLACEMENT_3D('',#4610,#4611,#4612);
#4610 = CARTESIAN_POINT('',(1.746528102647,10.729796762712,
    7.067614829562));
#4611 = DIRECTION('',(0.171010071663,-3.015368960705E-02,-0.984807753012
    ));
#4612 = DIRECTION('',(-0.173648177667,-0.984807753012,0.));
#4613 = PCURVE('',#3625,#4614);
#4614 = DEFINITIONAL_REPRESENTATION('',(#4615),#4623);
#4615 = ( BOUNDED_CURVE() B_SPLINE_CURVE(2,(#4616,#4617,#4618,#4619,
#4620,#4621,#4622),.UNSPECIFIED.,.T.,.F.) B_SPLINE_CURVE_WITH_KNOTS((1,2
    ,2,2,2,1),(-2.094395102393,0.,2.094395102393,4.188790204786,
6.28318530718,8.377580409573),.UNSPECIFIED.) CURVE() 
GEOMETRIC_REPRESENTATION_ITEM() RATIONAL_B_SPLINE_CURVE((1.,0.5,1.,0.5,
1.,0.5,1.)) REPRESENTATION_ITEM('') );
#4616 = CARTESIAN_POINT('',(0.5,22.4));
#4617 = CARTESIAN_POINT('',(-0.366025403784,22.4));
#4618 = CARTESIAN_POINT('',(6.698729810778E-02,23.15));
#4619 = CARTESIAN_POINT('',(0.5,23.9));
#4620 = CARTESIAN_POINT('',(0.933012701892,23.15));
#4621 = CARTESIAN_POINT('',(1.366025403784,22.4));
#4622 = CARTESIAN_POINT('',(0.5,22.4));
#4623 = ( GEOMETRIC_REPRESENTATION_CONTEXT(2) 
PARAMETRIC_REPRESENTATION_CONTEXT() REPRESENTATION_CONTEXT('2D SPACE',''
  ) );
#4624 = PCURVE('',#3599,#4625);
#4625 = DEFINITIONAL_REPRESENTATION('',(#4626),#4630);
#4626 = LINE('',#4627,#4628);
#4627 = CARTESIAN_POINT('',(1.570796326795,-0.));
#4628 = VECTOR('',#4629,1.);
#4629 = DIRECTION('',(-1.,0.));
#4630 = ( GEOMETRIC_REPRESENTATION_CONTEXT(2) 
PARAMETRIC_REPRESENTATION_CONTEXT() REPRESENTATION_CONTEXT('2D SPACE',''
  ) );
#4631 = ADVANCED_FACE('',(#4632),#3599,.F.);
#4632 = FACE_BOUND('',#4633,.T.);
#4633 = EDGE_LOOP('',(#4634,#4635,#4636,#4657));
#4634 = ORIENTED_EDGE('',*,*,#3584,.F.);
#4635 = ORIENTED_EDGE('',*,*,#4606,.T.);
#4636 = ORIENTED_EDGE('',*,*,#4637,.T.);
#4637 = EDGE_CURVE('',#4584,#4377,#4638,.T.);
#4638 = SURFACE_CURVE('',#4639,(#4643,#4650),.PCURVE_S1.);
#4639 = LINE('',#4640,#4641);
#4640 = CARTESIAN_POINT('',(1.833352191481,11.222200639218,
    7.067614829562));
#4641 = VECTOR('',#4642,1.);
#4642 = DIRECTION('',(-0.171010071663,3.015368960705E-02,0.984807753012)
  );
#4643 = PCURVE('',#3599,#4644);
#4644 = DEFINITIONAL_REPRESENTATION('',(#4645),#4649);
#4645 = LINE('',#4646,#4647);
#4646 = CARTESIAN_POINT('',(-1.570796326795,0.));
#4647 = VECTOR('',#4648,1.);
#4648 = DIRECTION('',(-0.,1.));
#4649 = ( GEOMETRIC_REPRESENTATION_CONTEXT(2) 
PARAMETRIC_REPRESENTATION_CONTEXT() REPRESENTATION_CONTEXT('2D SPACE',''
  ) );
#4650 = PCURVE('',#4392,#4651);
#4651 = DEFINITIONAL_REPRESENTATION('',(#4652),#4656);
#4652 = LINE('',#4653,#4654);
#4653 = CARTESIAN_POINT('',(-8.326672684689E-17,0.5));
#4654 = VECTOR('',#4655,1.);
#4655 = DIRECTION('',(1.,2.775557561563E-17));
#4656 = ( GEOMETRIC_REPRESENTATION_CONTEXT(2) 
PARAMETRIC_REPRESENTATION_CONTEXT() REPRESENTATION_CONTEXT('2D SPACE',''
  ) );
#4657 = ORIENTED_EDGE('',*,*,#4404,.F.);
#4658 = ADVANCED_FACE('',(#4659),#3703,.T.);
#4659 = FACE_BOUND('',#4660,.T.);
#4660 = EDGE_LOOP('',(#4661,#4662,#4663,#4664));
#4661 = ORIENTED_EDGE('',*,*,#3842,.F.);
#4662 = ORIENTED_EDGE('',*,*,#3890,.T.);
#4663 = ORIENTED_EDGE('',*,*,#3687,.T.);
#4664 = ORIENTED_EDGE('',*,*,#3763,.T.);
#4665 = ADVANCED_FACE('',(#4666),#3802,.F.);
#4666 = FACE_BOUND('',#4667,.F.);
#4667 = EDGE_LOOP('',(#4668,#4669,#4692,#4719));
#4668 = ORIENTED_EDGE('',*,*,#3785,.F.);
#4669 = ORIENTED_EDGE('',*,*,#4670,.F.);
#4670 = EDGE_CURVE('',#4671,#3786,#4673,.T.);
#4671 = VERTEX_POINT('',#4672);
#4672 = CARTESIAN_POINT('',(-2.631886531853,10.99411608956,
    8.228528513628));
#4673 = SEAM_CURVE('',#4674,(#4678,#4685),.PCURVE_S1.);
#4674 = LINE('',#4675,#4676);
#4675 = CARTESIAN_POINT('',(-2.631886531853,10.99411608956,
    8.228528513628));
#4676 = VECTOR('',#4677,1.);
#4677 = DIRECTION('',(-0.171010071663,3.015368960705E-02,0.984807753012)
  );
#4678 = PCURVE('',#3802,#4679);
#4679 = DEFINITIONAL_REPRESENTATION('',(#4680),#4684);
#4680 = LINE('',#4681,#4682);
#4681 = CARTESIAN_POINT('',(6.28318530718,-0.));
#4682 = VECTOR('',#4683,1.);
#4683 = DIRECTION('',(0.,1.));
#4684 = ( GEOMETRIC_REPRESENTATION_CONTEXT(2) 
PARAMETRIC_REPRESENTATION_CONTEXT() REPRESENTATION_CONTEXT('2D SPACE',''
  ) );
#4685 = PCURVE('',#3802,#4686);
#4686 = DEFINITIONAL_REPRESENTATION('',(#4687),#4691);
#4687 = LINE('',#4688,#4689);
#4688 = CARTESIAN_POINT('',(0.,-0.));
#4689 = VECTOR('',#4690,1.);
#4690 = DIRECTION('',(0.,1.));
#4691 = ( GEOMETRIC_REPRESENTATION_CONTEXT(2) 
PARAMETRIC_REPRESENTATION_CONTEXT() REPRESENTATION_CONTEXT('2D SPACE',''
  ) );
#4692 = ORIENTED_EDGE('',*,*,#4693,.T.);
#4693 = EDGE_CURVE('',#4671,#4671,#4694,.T.);
#4694 = SURFACE_CURVE('',#4695,(#4700,#4707),.PCURVE_S1.);
#4695 = CIRCLE('',#4696,0.85);
#4696 = AXIS2_PLACEMENT_3D('',#4697,#4698,#4699);
#4697 = CARTESIAN_POINT('',(-3.456255895687,11.139474650474,
    8.080927562611));
#4698 = DIRECTION('',(-0.171010071663,3.015368960705E-02,0.984807753012)
  );
#4699 = DIRECTION('',(0.969846310393,-0.171010071663,0.173648177667));
#4700 = PCURVE('',#3802,#4701);
#4701 = DEFINITIONAL_REPRESENTATION('',(#4702),#4706);
#4702 = LINE('',#4703,#4704);
#4703 = CARTESIAN_POINT('',(0.,0.));
#4704 = VECTOR('',#4705,1.);
#4705 = DIRECTION('',(1.,0.));
#4706 = ( GEOMETRIC_REPRESENTATION_CONTEXT(2) 
PARAMETRIC_REPRESENTATION_CONTEXT() REPRESENTATION_CONTEXT('2D SPACE',''
  ) );
#4707 = PCURVE('',#4708,#4713);
#4708 = PLANE('',#4709);
#4709 = AXIS2_PLACEMENT_3D('',#4710,#4711,#4712);
#4710 = CARTESIAN_POINT('',(-3.456255895687,11.139474650474,
    8.080927562611));
#4711 = DIRECTION('',(-0.171010071663,3.015368960705E-02,0.984807753012)
  );
#4712 = DIRECTION('',(0.969846310393,-0.171010071663,0.173648177667));
#4713 = DEFINITIONAL_REPRESENTATION('',(#4714),#4718);
#4714 = CIRCLE('',#4715,0.85);
#4715 = AXIS2_PLACEMENT_2D('',#4716,#4717);
#4716 = CARTESIAN_POINT('',(0.,0.));
#4717 = DIRECTION('',(1.,5.551115123126E-17));
#4718 = ( GEOMETRIC_REPRESENTATION_CONTEXT(2) 
PARAMETRIC_REPRESENTATION_CONTEXT() REPRESENTATION_CONTEXT('2D SPACE',''
  ) );
#4719 = ORIENTED_EDGE('',*,*,#4670,.T.);
#4720 = ADVANCED_FACE('',(#4721),#4023,.F.);
#4721 = FACE_BOUND('',#4722,.F.);
#4722 = EDGE_LOOP('',(#4723,#4724,#4747,#4774));
#4723 = ORIENTED_EDGE('',*,*,#4006,.F.);
#4724 = ORIENTED_EDGE('',*,*,#4725,.F.);
#4725 = EDGE_CURVE('',#4726,#4007,#4728,.T.);
#4726 = VERTEX_POINT('',#4727);
#4727 = CARTESIAN_POINT('',(-6.347957533925,-10.0807698249,
    8.228528513628));
#4728 = SEAM_CURVE('',#4729,(#4733,#4740),.PCURVE_S1.);
#4729 = LINE('',#4730,#4731);
#4730 = CARTESIAN_POINT('',(-6.347957533925,-10.0807698249,
    8.228528513628));
#4731 = VECTOR('',#4732,1.);
#4732 = DIRECTION('',(-0.171010071663,3.015368960705E-02,0.984807753012)
  );
#4733 = PCURVE('',#4023,#4734);
#4734 = DEFINITIONAL_REPRESENTATION('',(#4735),#4739);
#4735 = LINE('',#4736,#4737);
#4736 = CARTESIAN_POINT('',(6.28318530718,-0.));
#4737 = VECTOR('',#4738,1.);
#4738 = DIRECTION('',(0.,1.));
#4739 = ( GEOMETRIC_REPRESENTATION_CONTEXT(2) 
PARAMETRIC_REPRESENTATION_CONTEXT() REPRESENTATION_CONTEXT('2D SPACE',''
  ) );
#4740 = PCURVE('',#4023,#4741);
#4741 = DEFINITIONAL_REPRESENTATION('',(#4742),#4746);
#4742 = LINE('',#4743,#4744);
#4743 = CARTESIAN_POINT('',(0.,-0.));
#4744 = VECTOR('',#4745,1.);
#4745 = DIRECTION('',(0.,1.));
#4746 = ( GEOMETRIC_REPRESENTATION_CONTEXT(2) 
PARAMETRIC_REPRESENTATION_CONTEXT() REPRESENTATION_CONTEXT('2D SPACE',''
  ) );
#4747 = ORIENTED_EDGE('',*,*,#4748,.T.);
#4748 = EDGE_CURVE('',#4726,#4726,#4749,.T.);
#4749 = SURFACE_CURVE('',#4750,(#4755,#4762),.PCURVE_S1.);
#4750 = CIRCLE('',#4751,0.85);
#4751 = AXIS2_PLACEMENT_3D('',#4752,#4753,#4754);
#4752 = CARTESIAN_POINT('',(-7.172326897759,-9.935411263988,
    8.080927562611));
#4753 = DIRECTION('',(-0.171010071663,3.015368960705E-02,0.984807753012)
  );
#4754 = DIRECTION('',(0.969846310393,-0.171010071663,0.173648177667));
#4755 = PCURVE('',#4023,#4756);
#4756 = DEFINITIONAL_REPRESENTATION('',(#4757),#4761);
#4757 = LINE('',#4758,#4759);
#4758 = CARTESIAN_POINT('',(0.,0.));
#4759 = VECTOR('',#4760,1.);
#4760 = DIRECTION('',(1.,0.));
#4761 = ( GEOMETRIC_REPRESENTATION_CONTEXT(2) 
PARAMETRIC_REPRESENTATION_CONTEXT() REPRESENTATION_CONTEXT('2D SPACE',''
  ) );
#4762 = PCURVE('',#4763,#4768);
#4763 = PLANE('',#4764);
#4764 = AXIS2_PLACEMENT_3D('',#4765,#4766,#4767);
#4765 = CARTESIAN_POINT('',(-7.172326897759,-9.935411263988,
    8.080927562611));
#4766 = DIRECTION('',(-0.171010071663,3.015368960705E-02,0.984807753012)
  );
#4767 = DIRECTION('',(0.969846310393,-0.171010071663,0.173648177667));
#4768 = DEFINITIONAL_REPRESENTATION('',(#4769),#4773);
#4769 = CIRCLE('',#4770,0.85);
#4770 = AXIS2_PLACEMENT_2D('',#4771,#4772);
#4771 = CARTESIAN_POINT('',(0.,0.));
#4772 = DIRECTION('',(1.,5.551115123126E-17));
#4773 = ( GEOMETRIC_REPRESENTATION_CONTEXT(2) 
PARAMETRIC_REPRESENTATION_CONTEXT() REPRESENTATION_CONTEXT('2D SPACE',''
  ) );
#4774 = ORIENTED_EDGE('',*,*,#4725,.T.);
#4775 = ADVANCED_FACE('',(#4776,#4822),#4075,.F.);
#4776 = FACE_BOUND('',#4777,.F.);
#4777 = EDGE_LOOP('',(#4778,#4779,#4800,#4801));
#4778 = ORIENTED_EDGE('',*,*,#4324,.F.);
#4779 = ORIENTED_EDGE('',*,*,#4780,.F.);
#4780 = EDGE_CURVE('',#4509,#4292,#4781,.T.);
#4781 = SURFACE_CURVE('',#4782,(#4786,#4793),.PCURVE_S1.);
#4782 = LINE('',#4783,#4784);
#4783 = CARTESIAN_POINT('',(-1.163646303595,-11.50261707714,
    7.242999489006));
#4784 = VECTOR('',#4785,1.);
#4785 = DIRECTION('',(-0.171010071663,3.015368960705E-02,0.984807753012)
  );
#4786 = PCURVE('',#4075,#4787);
#4787 = DEFINITIONAL_REPRESENTATION('',(#4788),#4792);
#4788 = LINE('',#4789,#4790);
#4789 = CARTESIAN_POINT('',(0.,-0.5));
#4790 = VECTOR('',#4791,1.);
#4791 = DIRECTION('',(1.,3.469446951954E-18));
#4792 = ( GEOMETRIC_REPRESENTATION_CONTEXT(2) 
PARAMETRIC_REPRESENTATION_CONTEXT() REPRESENTATION_CONTEXT('2D SPACE',''
  ) );
#4793 = PCURVE('',#4312,#4794);
#4794 = DEFINITIONAL_REPRESENTATION('',(#4795),#4799);
#4795 = LINE('',#4796,#4797);
#4796 = CARTESIAN_POINT('',(-0.,0.));
#4797 = VECTOR('',#4798,1.);
#4798 = DIRECTION('',(-0.,1.));
#4799 = ( GEOMETRIC_REPRESENTATION_CONTEXT(2) 
PARAMETRIC_REPRESENTATION_CONTEXT() REPRESENTATION_CONTEXT('2D SPACE',''
  ) );
#4800 = ORIENTED_EDGE('',*,*,#4536,.T.);
#4801 = ORIENTED_EDGE('',*,*,#4802,.T.);
#4802 = EDGE_CURVE('',#4537,#4325,#4803,.T.);
#4803 = SURFACE_CURVE('',#4804,(#4808,#4815),.PCURVE_S1.);
#4804 = LINE('',#4805,#4806);
#4805 = CARTESIAN_POINT('',(2.726072876144,10.557076590332,
    7.242999489006));
#4806 = VECTOR('',#4807,1.);
#4807 = DIRECTION('',(-0.171010071663,3.015368960705E-02,0.984807753012)
  );
#4808 = PCURVE('',#4075,#4809);
#4809 = DEFINITIONAL_REPRESENTATION('',(#4810),#4814);
#4810 = LINE('',#4811,#4812);
#4811 = CARTESIAN_POINT('',(0.,-22.9));
#4812 = VECTOR('',#4813,1.);
#4813 = DIRECTION('',(1.,3.469446951954E-18));
#4814 = ( GEOMETRIC_REPRESENTATION_CONTEXT(2) 
PARAMETRIC_REPRESENTATION_CONTEXT() REPRESENTATION_CONTEXT('2D SPACE',''
  ) );
#4815 = PCURVE('',#4364,#4816);
#4816 = DEFINITIONAL_REPRESENTATION('',(#4817),#4821);
#4817 = LINE('',#4818,#4819);
#4818 = CARTESIAN_POINT('',(0.,0.));
#4819 = VECTOR('',#4820,1.);
#4820 = DIRECTION('',(0.,1.));
#4821 = ( GEOMETRIC_REPRESENTATION_CONTEXT(2) 
PARAMETRIC_REPRESENTATION_CONTEXT() REPRESENTATION_CONTEXT('2D SPACE',''
  ) );
#4822 = FACE_BOUND('',#4823,.F.);
#4823 = EDGE_LOOP('',(#4824,#4825,#4826,#4827));
#4824 = ORIENTED_EDGE('',*,*,#4206,.F.);
#4825 = ORIENTED_EDGE('',*,*,#4159,.F.);
#4826 = ORIENTED_EDGE('',*,*,#4112,.F.);
#4827 = ORIENTED_EDGE('',*,*,#4060,.F.);
#4828 = ADVANCED_FACE('',(#4829),#4392,.F.);
#4829 = FACE_BOUND('',#4830,.F.);
#4830 = EDGE_LOOP('',(#4831,#4832,#4833,#4834));
#4831 = ORIENTED_EDGE('',*,*,#4583,.F.);
#4832 = ORIENTED_EDGE('',*,*,#4637,.T.);
#4833 = ORIENTED_EDGE('',*,*,#4376,.T.);
#4834 = ORIENTED_EDGE('',*,*,#4835,.F.);
#4835 = EDGE_CURVE('',#4560,#4348,#4836,.T.);
#4836 = SURFACE_CURVE('',#4837,(#4841,#4848),.PCURVE_S1.);
#4837 = LINE('',#4838,#4839);
#4838 = CARTESIAN_POINT('',(2.327973809781,11.13498550267,7.156175400173
    ));
#4839 = VECTOR('',#4840,1.);
#4840 = DIRECTION('',(-0.171010071663,3.015368960705E-02,0.984807753012)
  );
#4841 = PCURVE('',#4392,#4842);
#4842 = DEFINITIONAL_REPRESENTATION('',(#4843),#4847);
#4843 = LINE('',#4844,#4845);
#4844 = CARTESIAN_POINT('',(-1.942890293094E-16,1.01));
#4845 = VECTOR('',#4846,1.);
#4846 = DIRECTION('',(1.,2.775557561563E-17));
#4847 = ( GEOMETRIC_REPRESENTATION_CONTEXT(2) 
PARAMETRIC_REPRESENTATION_CONTEXT() REPRESENTATION_CONTEXT('2D SPACE',''
  ) );
#4848 = PCURVE('',#4364,#4849);
#4849 = DEFINITIONAL_REPRESENTATION('',(#4850),#4854);
#4850 = LINE('',#4851,#4852);
#4851 = CARTESIAN_POINT('',(1.570796326795,0.));
#4852 = VECTOR('',#4853,1.);
#4853 = DIRECTION('',(0.,1.));
#4854 = ( GEOMETRIC_REPRESENTATION_CONTEXT(2) 
PARAMETRIC_REPRESENTATION_CONTEXT() REPRESENTATION_CONTEXT('2D SPACE',''
  ) );
#4855 = ADVANCED_FACE('',(#4856),#4364,.F.);
#4856 = FACE_BOUND('',#4857,.F.);
#4857 = EDGE_LOOP('',(#4858,#4859,#4860,#4861));
#4858 = ORIENTED_EDGE('',*,*,#4559,.T.);
#4859 = ORIENTED_EDGE('',*,*,#4835,.T.);
#4860 = ORIENTED_EDGE('',*,*,#4347,.F.);
#4861 = ORIENTED_EDGE('',*,*,#4802,.F.);
#4862 = ADVANCED_FACE('',(#4863),#4312,.F.);
#4863 = FACE_BOUND('',#4864,.T.);
#4864 = EDGE_LOOP('',(#4865,#4866,#4887,#4888));
#4865 = ORIENTED_EDGE('',*,*,#4508,.T.);
#4866 = ORIENTED_EDGE('',*,*,#4867,.T.);
#4867 = EDGE_CURVE('',#4486,#4264,#4868,.T.);
#4868 = SURFACE_CURVE('',#4869,(#4873,#4880),.PCURVE_S1.);
#4869 = LINE('',#4870,#4871);
#4870 = CARTESIAN_POINT('',(-1.735393547625,-11.90951591781,
    7.156175400173));
#4871 = VECTOR('',#4872,1.);
#4872 = DIRECTION('',(-0.171010071663,3.015368960705E-02,0.984807753012)
  );
#4873 = PCURVE('',#4312,#4874);
#4874 = DEFINITIONAL_REPRESENTATION('',(#4875),#4879);
#4875 = LINE('',#4876,#4877);
#4876 = CARTESIAN_POINT('',(-1.570796326795,0.));
#4877 = VECTOR('',#4878,1.);
#4878 = DIRECTION('',(-0.,1.));
#4879 = ( GEOMETRIC_REPRESENTATION_CONTEXT(2) 
PARAMETRIC_REPRESENTATION_CONTEXT() REPRESENTATION_CONTEXT('2D SPACE',''
  ) );
#4880 = PCURVE('',#4279,#4881);
#4881 = DEFINITIONAL_REPRESENTATION('',(#4882),#4886);
#4882 = LINE('',#4883,#4884);
#4883 = CARTESIAN_POINT('',(-2.22044604925E-16,1.01));
#4884 = VECTOR('',#4885,1.);
#4885 = DIRECTION('',(1.,2.775557561563E-17));
#4886 = ( GEOMETRIC_REPRESENTATION_CONTEXT(2) 
PARAMETRIC_REPRESENTATION_CONTEXT() REPRESENTATION_CONTEXT('2D SPACE',''
  ) );
#4887 = ORIENTED_EDGE('',*,*,#4291,.F.);
#4888 = ORIENTED_EDGE('',*,*,#4780,.F.);
#4889 = ADVANCED_FACE('',(#4890),#4279,.T.);
#4890 = FACE_BOUND('',#4891,.T.);
#4891 = EDGE_LOOP('',(#4892,#4893,#4894,#4895));
#4892 = ORIENTED_EDGE('',*,*,#4485,.F.);
#4893 = ORIENTED_EDGE('',*,*,#4458,.T.);
#4894 = ORIENTED_EDGE('',*,*,#4263,.T.);
#4895 = ORIENTED_EDGE('',*,*,#4867,.F.);
#4896 = ADVANCED_FACE('',(#4897),#4708,.T.);
#4897 = FACE_BOUND('',#4898,.F.);
#4898 = EDGE_LOOP('',(#4899));
#4899 = ORIENTED_EDGE('',*,*,#4693,.F.);
#4900 = ADVANCED_FACE('',(#4901),#4763,.T.);
#4901 = FACE_BOUND('',#4902,.F.);
#4902 = EDGE_LOOP('',(#4903));
#4903 = ORIENTED_EDGE('',*,*,#4748,.F.);
#4904 = ( GEOMETRIC_REPRESENTATION_CONTEXT(3) 
GLOBAL_UNCERTAINTY_ASSIGNED_CONTEXT((#4908)) 
GLOBAL_UNIT_ASSIGNED_CONTEXT((#4905,#4906,#4907)) REPRESENTATION_CONTEXT
('Context #1','3D Context with UNIT and UNCERTAINTY') );
#4905 = ( LENGTH_UNIT() NAMED_UNIT(*) SI_UNIT(.MILLI.,.METRE.) );
#4906 = ( NAMED_UNIT(*) PLANE_ANGLE_UNIT() SI_UNIT($,.RADIAN.) );
#4907 = ( NAMED_UNIT(*) SI_UNIT($,.STERADIAN.) SOLID_ANGLE_UNIT() );
#4908 = UNCERTAINTY_MEASURE_WITH_UNIT(LENGTH_MEASURE(2.E-07),#4905,
  'distance_accuracy_value','confusion accuracy');
#4909 = PRODUCT_RELATED_PRODUCT_CATEGORY('part',$,(#7));
ENDSEC;
END-ISO-10303-21;
